folder,icon_id,archive_path,bytes,width,height,placeholder
0,0,0\icon00000.png,14196,128,128,1
0,1,0\icon00001.png,5285,64,64,0
0,2,0\icon00002.png,5714,64,64,0
0,3,0\icon00003.png,7070,64,64,0
0,4,0\icon00004.png,6827,64,64,0
0,5,0\icon00005.png,6384,64,64,0
0,6,0\icon00006.png,5314,64,64,0
0,7,0\icon00007.png,10349,128,128,0
0,8,0\icon00008.png,11329,128,128,0
0,9,0\icon00009.png,14396,128,128,0
0,10,0\icon00010.png,15096,128,128,0
0,11,0\icon00011.png,13810,128,128,0
0,12,0\icon00012.png,14448,128,128,0
0,13,0\icon00013.png,11389,128,128,0
0,14,0\icon00014.png,18801,128,128,0
0,15,0\icon00015.png,13118,128,128,0
0,16,0\icon00016.png,15084,128,128,0
0,17,0\icon00017.png,13971,128,128,0
0,18,0\icon00018.png,18356,128,128,0
0,19,0\icon00019.png,18792,128,128,0
0,20,0\icon00020.png,11182,128,128,0
0,21,0\icon00021.png,14779,128,128,0
0,22,0\icon00022.png,7266,128,128,0
0,23,0\icon00023.png,18160,128,128,0
0,24,0\icon00024.png,10481,128,128,0
0,25,0\icon00025.png,3056,64,64,0
0,26,0\icon00026.png,3367,64,64,0
0,27,0\icon00027.png,1436,64,64,0
0,28,0\icon00028.png,7635,80,80,0
0,29,0\icon00029.png,17277,128,128,0
0,30,0\icon00030.png,3256,64,64,0
0,31,0\icon00031.png,2519,64,64,0
0,32,0\icon00032.png,2834,64,64,0
0,33,0\icon00033.png,3366,64,64,0
0,34,0\icon00034.png,3303,64,64,0
0,35,0\icon00035.png,3121,64,64,0
0,36,0\icon00036.png,3107,64,64,0
0,37,0\icon00037.png,3120,64,64,0
0,38,0\icon00038.png,3178,64,64,0
0,39,0\icon00039.png,221,64,64,0
0,40,0\icon00040.png,6322,64,64,0
0,41,0\icon00041.png,3256,64,64,0
0,42,0\icon00042.png,2853,64,64,0
0,43,0\icon00043.png,3447,64,64,0
0,44,0\icon00044.png,1653,64,64,0
0,45,0\icon00045.png,4037,64,64,0
0,46,0\icon00046.png,3942,64,64,0
0,47,0\icon00047.png,14196,128,128,1
0,48,0\icon00048.png,14196,128,128,1
0,49,0\icon00049.png,14196,128,128,1
0,50,0\icon00050.png,14196,128,128,1
0,51,0\icon00051.png,8883,64,64,0
0,52,0\icon00052.png,6773,64,64,0
0,53,0\icon00053.png,9353,64,64,0
0,54,0\icon00054.png,7978,64,64,0
0,55,0\icon00055.png,3872,64,64,0
0,56,0\icon00056.png,3714,64,64,0
0,57,0\icon00057.png,3806,64,64,0
0,58,0\icon00058.png,3674,64,64,0
0,59,0\icon00059.png,3566,64,64,0
0,60,0\icon00060.png,4061,64,64,0
0,61,0\icon00061.png,6539,64,64,0
0,62,0\icon00062.png,4401,64,64,0
0,63,0\icon00063.png,5914,64,64,0
0,64,0\icon00064.png,4812,64,64,0
0,65,0\icon00065.png,3698,64,64,0
0,66,0\icon00066.png,3963,64,64,0
0,67,0\icon00067.png,3573,64,64,0
0,68,0\icon00068.png,2950,64,64,0
0,69,0\icon00069.png,4153,64,64,0
0,70,0\icon00070.png,4111,64,64,0
0,71,0\icon00071.png,4734,64,64,0
0,72,0\icon00072.png,4183,64,64,0
0,73,0\icon00073.png,2791,64,64,0
0,74,0\icon00074.png,3185,64,64,0
0,75,0\icon00075.png,3526,64,64,0
0,76,0\icon00076.png,3961,64,64,0
0,77,0\icon00077.png,2792,64,64,0
0,78,0\icon00078.png,3738,64,64,0
0,79,0\icon00079.png,4776,64,64,0
0,80,0\icon00080.png,3114,64,64,0
0,81,0\icon00081.png,4340,64,64,0
0,82,0\icon00082.png,3600,64,64,0
0,83,0\icon00083.png,3921,64,64,0
0,84,0\icon00084.png,3870,64,64,0
0,85,0\icon00085.png,4911,64,64,0
0,86,0\icon00086.png,3850,64,64,0
0,87,0\icon00087.png,4167,64,64,0
0,88,0\icon00088.png,3069,64,64,0
0,89,0\icon00089.png,3916,64,64,0
0,90,0\icon00090.png,3456,64,64,0
0,91,0\icon00091.png,4013,64,64,0
0,92,0\icon00092.png,3257,64,64,0
0,93,0\icon00093.png,4401,64,64,0
0,94,0\icon00094.png,3317,64,64,0
0,95,0\icon00095.png,3665,64,64,0
0,96,0\icon00096.png,3607,64,64,0
0,97,0\icon00097.png,3110,64,64,0
0,98,0\icon00098.png,4187,64,64,0
0,99,0\icon00099.png,3234,64,64,0
0,100,0\icon00100.png,3706,64,64,0
0,101,0\icon00101.png,4626,64,64,0
0,102,0\icon00102.png,4180,64,64,0
0,103,0\icon00103.png,4047,64,64,0
0,104,0\icon00104.png,2764,32,32,0
0,105,0\icon00105.png,1651,32,32,0
0,106,0\icon00106.png,2628,32,32,0
0,107,0\icon00107.png,2807,32,32,0
0,108,0\icon00108.png,2926,32,32,0
0,109,0\icon00109.png,8364,64,64,0
0,110,0\icon00110.png,5473,64,64,0
0,111,0\icon00111.png,2722,32,32,0
0,112,0\icon00112.png,1480,32,32,0
0,113,0\icon00113.png,1558,32,32,0
0,114,0\icon00114.png,1823,32,32,0
0,115,0\icon00115.png,2321,32,32,0
0,116,0\icon00116.png,2450,32,32,0
0,117,0\icon00117.png,2713,32,32,0
0,118,0\icon00118.png,1699,32,32,0
0,119,0\icon00119.png,1708,32,32,0
0,120,0\icon00120.png,2529,32,32,0
0,121,0\icon00121.png,2914,32,32,0
0,122,0\icon00122.png,3253,32,32,0
0,123,0\icon00123.png,6817,64,64,0
0,124,0\icon00124.png,7201,64,64,0
0,125,0\icon00125.png,2709,32,32,0
0,126,0\icon00126.png,2566,32,32,0
0,127,0\icon00127.png,2209,32,32,0
0,128,0\icon00128.png,20134,128,128,0
0,129,0\icon00129.png,19237,128,128,0
0,130,0\icon00130.png,20347,128,128,0
0,131,0\icon00131.png,19448,128,128,0
0,132,0\icon00132.png,14196,128,128,1
0,133,0\icon00133.png,14196,128,128,1
0,134,0\icon00134.png,21121,128,128,0
0,135,0\icon00135.png,22504,128,128,0
0,136,0\icon00136.png,19405,128,128,0
0,137,0\icon00137.png,17743,128,128,0
0,138,0\icon00138.png,14196,128,128,1
0,139,0\icon00139.png,14196,128,128,1
0,140,0\icon00140.png,14196,128,128,1
0,141,0\icon00141.png,14196,128,128,1
0,142,0\icon00142.png,14196,128,128,1
0,143,0\icon00143.png,14196,128,128,1
0,144,0\icon00144.png,14196,128,128,1
0,145,0\icon00145.png,14196,128,128,1
0,146,0\icon00146.png,14196,128,128,1
0,147,0\icon00147.png,14196,128,128,1
0,148,0\icon00148.png,14196,128,128,1
0,149,0\icon00149.png,14196,128,128,1
0,150,0\icon00150.png,20464,128,128,0
0,151,0\icon00151.png,20441,128,128,0
0,152,0\icon00152.png,22194,128,128,0
0,153,0\icon00153.png,19942,128,128,0
0,154,0\icon00154.png,14196,128,128,1
0,155,0\icon00155.png,14196,128,128,1
0,156,0\icon00156.png,14196,128,128,1
0,157,0\icon00157.png,14196,128,128,1
0,158,0\icon00158.png,14196,128,128,1
0,159,0\icon00159.png,14196,128,128,1
0,160,0\icon00160.png,14196,128,128,1
0,161,0\icon00161.png,14196,128,128,1
0,162,0\icon00162.png,21062,128,128,0
0,163,0\icon00163.png,19815,128,128,0
0,164,0\icon00164.png,21181,128,128,0
0,165,0\icon00165.png,18755,128,128,0
0,166,0\icon00166.png,22547,128,128,0
0,167,0\icon00167.png,20554,128,128,0
0,168,0\icon00168.png,21753,128,128,0
0,169,0\icon00169.png,20934,128,128,0
0,170,0\icon00170.png,14196,128,128,1
0,171,0\icon00171.png,14196,128,128,1
0,172,0\icon00172.png,14196,128,128,1
0,173,0\icon00173.png,14196,128,128,1
0,174,0\icon00174.png,14196,128,128,1
0,175,0\icon00175.png,14196,128,128,1
0,176,0\icon00176.png,14196,128,128,1
0,177,0\icon00177.png,14196,128,128,1
0,178,0\icon00178.png,14196,128,128,1
0,179,0\icon00179.png,14196,128,128,1
0,180,0\icon00180.png,14196,128,128,1
0,181,0\icon00181.png,14196,128,128,1
0,182,0\icon00182.png,14196,128,128,1
0,183,0\icon00183.png,14196,128,128,1
0,184,0\icon00184.png,14196,128,128,1
0,185,0\icon00185.png,14196,128,128,1
0,186,0\icon00186.png,23742,128,128,0
0,187,0\icon00187.png,22222,128,128,0
0,188,0\icon00188.png,22894,128,128,0
0,189,0\icon00189.png,21677,128,128,0
0,190,0\icon00190.png,14196,128,128,1
0,191,0\icon00191.png,14196,128,128,1
0,192,0\icon00192.png,14196,128,128,1
0,193,0\icon00193.png,14196,128,128,1
0,194,0\icon00194.png,21280,128,128,0
0,195,0\icon00195.png,20148,128,128,0
0,196,0\icon00196.png,21219,128,128,0
0,197,0\icon00197.png,20199,128,128,0
0,198,0\icon00198.png,2198,32,32,0
0,199,0\icon00199.png,2491,32,32,0
0,200,0\icon00200.png,2661,32,32,0
0,201,0\icon00201.png,2647,32,32,0
0,202,0\icon00202.png,2608,32,32,0
0,203,0\icon00203.png,2210,32,32,0
0,204,0\icon00204.png,2319,32,32,0
0,205,0\icon00205.png,1746,32,32,0
0,206,0\icon00206.png,2203,32,32,0
0,207,0\icon00207.png,2278,32,32,0
0,208,0\icon00208.png,2325,32,32,0
0,209,0\icon00209.png,1771,32,32,0
0,210,0\icon00210.png,2202,32,32,0
0,211,0\icon00211.png,2429,32,32,0
0,212,0\icon00212.png,1853,32,32,0
0,213,0\icon00213.png,2035,32,32,0
0,214,0\icon00214.png,1870,32,32,0
0,215,0\icon00215.png,2260,32,32,0
0,216,0\icon00216.png,2212,32,32,0
0,217,0\icon00217.png,1902,32,32,0
0,218,0\icon00218.png,1952,32,32,0
0,219,0\icon00219.png,1994,32,32,0
0,220,0\icon00220.png,2321,32,32,0
0,221,0\icon00221.png,6720,64,64,0
0,222,0\icon00222.png,2768,32,32,0
0,223,0\icon00223.png,2632,32,32,0
0,224,0\icon00224.png,2478,32,32,0
0,225,0\icon00225.png,6050,64,64,0
0,226,0\icon00226.png,6442,64,64,0
0,227,0\icon00227.png,4825,64,64,0
0,228,0\icon00228.png,4660,64,64,0
0,229,0\icon00229.png,3924,64,64,0
0,230,0\icon00230.png,1776,32,32,0
0,231,0\icon00231.png,161,64,64,0
0,232,0\icon00232.png,2680,32,32,0
0,233,0\icon00233.png,2663,32,32,0
0,234,0\icon00234.png,2580,32,32,0
0,235,0\icon00235.png,5659,64,64,0
0,236,0\icon00236.png,5362,64,64,0
0,237,0\icon00237.png,5804,64,64,0
0,238,0\icon00238.png,2285,32,32,0
0,239,0\icon00239.png,1769,32,32,0
0,240,0\icon00240.png,2813,32,32,0
0,241,0\icon00241.png,2473,32,32,0
0,242,0\icon00242.png,1556,32,32,0
0,243,0\icon00243.png,161,64,64,0
0,244,0\icon00244.png,161,64,64,0
0,245,0\icon00245.png,2748,64,64,0
0,246,0\icon00246.png,7112,64,64,0
0,247,0\icon00247.png,2238,32,32,0
0,248,0\icon00248.png,2240,32,32,0
0,249,0\icon00249.png,2304,32,32,0
0,250,0\icon00250.png,2255,32,32,0
0,251,0\icon00251.png,2585,32,32,0
0,252,0\icon00252.png,2347,32,32,0
0,253,0\icon00253.png,2465,32,32,0
0,254,0\icon00254.png,2257,32,32,0
0,255,0\icon00255.png,2245,32,32,0
0,256,0\icon00256.png,1709,32,32,0
0,257,0\icon00257.png,1930,32,32,0
0,258,0\icon00258.png,2121,32,32,0
0,259,0\icon00259.png,2225,32,32,0
0,260,0\icon00260.png,2224,32,32,0
0,261,0\icon00261.png,2255,32,32,0
0,262,0\icon00262.png,2175,32,32,0
0,263,0\icon00263.png,2008,32,32,0
0,264,0\icon00264.png,8797,64,64,0
0,265,0\icon00265.png,6707,64,64,0
0,266,0\icon00266.png,2510,32,32,0
0,267,0\icon00267.png,2658,32,32,0
0,268,0\icon00268.png,14196,128,128,1
0,269,0\icon00269.png,14196,128,128,1
0,270,0\icon00270.png,14196,128,128,1
0,271,0\icon00271.png,14196,128,128,1
0,272,0\icon00272.png,14196,128,128,1
0,273,0\icon00273.png,14196,128,128,1
0,274,0\icon00274.png,14196,128,128,1
0,275,0\icon00275.png,14196,128,128,1
0,276,0\icon00276.png,14196,128,128,1
0,277,0\icon00277.png,14196,128,128,1
0,278,0\icon00278.png,14196,128,128,1
0,279,0\icon00279.png,14196,128,128,1
0,280,0\icon00280.png,14196,128,128,1
0,281,0\icon00281.png,14196,128,128,1
0,282,0\icon00282.png,14196,128,128,1
0,283,0\icon00283.png,14196,128,128,1
0,284,0\icon00284.png,14196,128,128,1
0,285,0\icon00285.png,14196,128,128,1
0,286,0\icon00286.png,14196,128,128,1
0,287,0\icon00287.png,14196,128,128,1
0,288,0\icon00288.png,14196,128,128,1
0,289,0\icon00289.png,8754,64,64,0
0,290,0\icon00290.png,2145,32,32,0
0,291,0\icon00291.png,2651,32,32,0
0,292,0\icon00292.png,2602,32,32,0
0,293,0\icon00293.png,2559,32,32,0
0,294,0\icon00294.png,14196,128,128,1
0,295,0\icon00295.png,2765,32,32,0
0,296,0\icon00296.png,7176,64,64,0
0,297,0\icon00297.png,3803,64,64,0
0,298,0\icon00298.png,6060,64,64,0
0,299,0\icon00299.png,4063,64,64,0
0,300,0\icon00300.png,3781,64,64,0
0,301,0\icon00301.png,3926,64,64,0
0,302,0\icon00302.png,3640,64,64,0
0,303,0\icon00303.png,3944,64,64,0
0,304,0\icon00304.png,5450,64,64,0
0,305,0\icon00305.png,5430,64,64,0
0,306,0\icon00306.png,5528,64,64,0
0,307,0\icon00307.png,6092,64,64,0
0,308,0\icon00308.png,5096,64,64,0
0,309,0\icon00309.png,5114,64,64,0
0,310,0\icon00310.png,5635,64,64,0
0,311,0\icon00311.png,5642,64,64,0
0,312,0\icon00312.png,2585,32,32,0
0,313,0\icon00313.png,1882,32,32,0
0,314,0\icon00314.png,2289,32,32,0
0,315,0\icon00315.png,2990,32,32,0
0,316,0\icon00316.png,2383,32,32,0
0,317,0\icon00317.png,2568,32,32,0
0,318,0\icon00318.png,1546,32,32,0
0,319,0\icon00319.png,1798,32,32,0
0,320,0\icon00320.png,1032,32,32,0
0,321,0\icon00321.png,1453,32,32,0
0,322,0\icon00322.png,1657,32,32,0
0,323,0\icon00323.png,1613,32,32,0
0,324,0\icon00324.png,964,32,32,0
0,325,0\icon00325.png,1420,32,32,0
0,326,0\icon00326.png,1813,32,32,0
0,327,0\icon00327.png,1134,32,32,0
0,328,0\icon00328.png,1368,32,32,0
0,329,0\icon00329.png,994,32,32,0
0,330,0\icon00330.png,1456,32,32,0
0,331,0\icon00331.png,1454,32,32,0
0,332,0\icon00332.png,1183,32,32,0
0,333,0\icon00333.png,1276,32,32,0
0,334,0\icon00334.png,1304,32,32,0
0,335,0\icon00335.png,1953,32,32,0
0,336,0\icon00336.png,2033,32,32,0
0,337,0\icon00337.png,14196,128,128,1
0,338,0\icon00338.png,14196,128,128,1
0,339,0\icon00339.png,14196,128,128,1
0,340,0\icon00340.png,14196,128,128,1
0,341,0\icon00341.png,14196,128,128,1
0,342,0\icon00342.png,14196,128,128,1
0,343,0\icon00343.png,14196,128,128,1
0,344,0\icon00344.png,14196,128,128,1
0,345,0\icon00345.png,14196,128,128,1
0,346,0\icon00346.png,2919,32,32,0
0,347,0\icon00347.png,8621,64,64,0
0,348,0\icon00348.png,8264,64,64,0
0,349,0\icon00349.png,7461,64,64,0
0,350,0\icon00350.png,7988,64,64,0
0,351,0\icon00351.png,8256,64,64,0
0,352,0\icon00352.png,7467,64,64,0
0,353,0\icon00353.png,7707,64,64,0
0,354,0\icon00354.png,8173,64,64,0
0,355,0\icon00355.png,7732,64,64,0
0,356,0\icon00356.png,7644,64,64,0
0,357,0\icon00357.png,8067,64,64,0
0,358,0\icon00358.png,7884,64,64,0
0,359,0\icon00359.png,3036,64,64,0
0,360,0\icon00360.png,3646,64,64,0
0,361,0\icon00361.png,4786,64,64,0
0,362,0\icon00362.png,3632,64,64,0
0,363,0\icon00363.png,2974,64,64,0
0,364,0\icon00364.png,2417,64,64,0
0,365,0\icon00365.png,4799,64,64,0
0,366,0\icon00366.png,3739,64,64,0
0,367,0\icon00367.png,4392,64,64,0
0,368,0\icon00368.png,3699,64,64,0
0,369,0\icon00369.png,2578,64,64,0
0,370,0\icon00370.png,2538,64,64,0
0,371,0\icon00371.png,4169,64,64,0
0,372,0\icon00372.png,3314,64,64,0
0,373,0\icon00373.png,2419,64,64,0
0,374,0\icon00374.png,3035,64,64,0
0,375,0\icon00375.png,4541,64,64,0
0,376,0\icon00376.png,1556,32,32,0
0,377,0\icon00377.png,2398,32,32,0
0,378,0\icon00378.png,2186,32,32,0
0,379,0\icon00379.png,1981,32,32,0
0,380,0\icon00380.png,2277,32,32,0
0,381,0\icon00381.png,14196,128,128,1
0,382,0\icon00382.png,2790,32,32,0
0,383,0\icon00383.png,2836,32,32,0
0,384,0\icon00384.png,2795,32,32,0
0,385,0\icon00385.png,2482,32,32,0
0,386,0\icon00386.png,1996,32,32,0
0,387,0\icon00387.png,2122,64,64,0
0,388,0\icon00388.png,2271,64,64,0
0,389,0\icon00389.png,2175,64,64,0
0,390,0\icon00390.png,2574,64,64,0
0,391,0\icon00391.png,2478,64,64,0
0,392,0\icon00392.png,2528,64,64,0
0,393,0\icon00393.png,2214,64,64,0
0,394,0\icon00394.png,2766,64,64,0
0,395,0\icon00395.png,2445,64,64,0
0,396,0\icon00396.png,2575,64,64,0
0,397,0\icon00397.png,2702,64,64,0
0,398,0\icon00398.png,2969,64,64,0
0,399,0\icon00399.png,2842,64,64,0
0,400,0\icon00400.png,2766,64,64,0
0,401,0\icon00401.png,2560,64,64,0
0,402,0\icon00402.png,2606,64,64,0
0,403,0\icon00403.png,2404,64,64,0
0,404,0\icon00404.png,2439,64,64,0
0,405,0\icon00405.png,2279,64,64,0
0,406,0\icon00406.png,2977,64,64,0
0,407,0\icon00407.png,2651,64,64,0
0,408,0\icon00408.png,2935,64,64,0
0,409,0\icon00409.png,3718,64,64,0
0,410,0\icon00410.png,3004,64,64,0
0,411,0\icon00411.png,3146,64,64,0
0,412,0\icon00412.png,2859,64,64,0
0,413,0\icon00413.png,2543,64,64,0
0,414,0\icon00414.png,2571,64,64,0
0,415,0\icon00415.png,2822,64,64,0
0,416,0\icon00416.png,2633,64,64,0
0,417,0\icon00417.png,2875,64,64,0
0,418,0\icon00418.png,2823,64,64,0
0,419,0\icon00419.png,2840,64,64,0
0,420,0\icon00420.png,2904,64,64,0
0,421,0\icon00421.png,2878,64,64,0
0,422,0\icon00422.png,3142,64,64,0
0,423,0\icon00423.png,3414,64,64,0
0,424,0\icon00424.png,3449,64,64,0
0,425,0\icon00425.png,3258,64,64,0
0,426,0\icon00426.png,2588,64,64,0
0,427,0\icon00427.png,2692,64,64,0
0,428,0\icon00428.png,2508,64,64,0
0,429,0\icon00429.png,2542,64,64,0
0,430,0\icon00430.png,2675,64,64,0
0,431,0\icon00431.png,2854,64,64,0
0,432,0\icon00432.png,2738,64,64,0
0,433,0\icon00433.png,2894,64,64,0
0,434,0\icon00434.png,3301,64,64,0
0,435,0\icon00435.png,3617,64,64,0
0,436,0\icon00436.png,3967,64,64,0
0,437,0\icon00437.png,2959,64,64,0
0,438,0\icon00438.png,2626,64,64,0
0,439,0\icon00439.png,3009,64,64,0
0,440,0\icon00440.png,2542,64,64,0
0,441,0\icon00441.png,2550,64,64,0
0,442,0\icon00442.png,3090,64,64,0
0,443,0\icon00443.png,2992,64,64,0
0,444,0\icon00444.png,2949,64,64,0
0,445,0\icon00445.png,11397,216,82,0
0,446,0\icon00446.png,21853,150,120,0
0,447,0\icon00447.png,2679,32,32,0
0,448,0\icon00448.png,2565,32,32,0
0,449,0\icon00449.png,2608,32,32,0
0,450,0\icon00450.png,873,16,32,0
0,451,0\icon00451.png,865,16,32,0
0,452,0\icon00452.png,6482,64,64,0
0,453,0\icon00453.png,2690,32,32,0
0,454,0\icon00454.png,2634,32,32,0
0,455,0\icon00455.png,7056,64,64,0
0,456,0\icon00456.png,4597,64,64,0
0,457,0\icon00457.png,1816,64,64,0
0,458,0\icon00458.png,1981,64,64,0
0,459,0\icon00459.png,2155,64,64,0
0,460,0\icon00460.png,2161,64,64,0
0,461,0\icon00461.png,14196,128,128,1
0,462,0\icon00462.png,14196,128,128,1
0,463,0\icon00463.png,14196,128,128,1
0,464,0\icon00464.png,14196,128,128,1
0,465,0\icon00465.png,14196,128,128,1
0,466,0\icon00466.png,14196,128,128,1
0,467,0\icon00467.png,14196,128,128,1
0,468,0\icon00468.png,14196,128,128,1
0,469,0\icon00469.png,14196,128,128,1
0,470,0\icon00470.png,14196,128,128,1
0,471,0\icon00471.png,14196,128,128,1
0,472,0\icon00472.png,14196,128,128,1
0,473,0\icon00473.png,14196,128,128,1
0,474,0\icon00474.png,14196,128,128,1
0,475,0\icon00475.png,14196,128,128,1
0,476,0\icon00476.png,14196,128,128,1
0,477,0\icon00477.png,14196,128,128,1
0,478,0\icon00478.png,14196,128,128,1
0,479,0\icon00479.png,14196,128,128,1
0,480,0\icon00480.png,14196,128,128,1
0,481,0\icon00481.png,14196,128,128,1
0,482,0\icon00482.png,14196,128,128,1
0,483,0\icon00483.png,14196,128,128,1
0,484,0\icon00484.png,14196,128,128,1
0,485,0\icon00485.png,14196,128,128,1
0,486,0\icon00486.png,14196,128,128,1
0,487,0\icon00487.png,14196,128,128,1
0,488,0\icon00488.png,14196,128,128,1
0,489,0\icon00489.png,14196,128,128,1
0,490,0\icon00490.png,14196,128,128,1
0,491,0\icon00491.png,14196,128,128,1
0,492,0\icon00492.png,14196,128,128,1
0,493,0\icon00493.png,14196,128,128,1
0,494,0\icon00494.png,14196,128,128,1
0,495,0\icon00495.png,14196,128,128,1
0,496,0\icon00496.png,14196,128,128,1
0,497,0\icon00497.png,14196,128,128,1
0,498,0\icon00498.png,14196,128,128,1
0,499,0\icon00499.png,14196,128,128,1
0,500,0\icon00500.png,14196,128,128,1
0,501,0\icon00501.png,14196,128,128,1
0,502,0\icon00502.png,14196,128,128,1
0,503,0\icon00503.png,14196,128,128,1
0,504,0\icon00504.png,14196,128,128,1
0,505,0\icon00505.png,14196,128,128,1
0,506,0\icon00506.png,14196,128,128,1
0,507,0\icon00507.png,14196,128,128,1
0,508,0\icon00508.png,14196,128,128,1
0,509,0\icon00509.png,14196,128,128,1
0,510,0\icon00510.png,14196,128,128,1
0,511,0\icon00511.png,14196,128,128,1
0,512,0\icon00512.png,14196,128,128,1
0,513,0\icon00513.png,2224,64,64,0
0,514,0\icon00514.png,2601,64,64,0
0,515,0\icon00515.png,1741,64,64,0
0,516,0\icon00516.png,4369,64,64,0
0,517,0\icon00517.png,1580,32,32,0
0,518,0\icon00518.png,1490,32,32,0
0,519,0\icon00519.png,1971,32,32,0
0,520,0\icon00520.png,1648,32,32,0
0,521,0\icon00521.png,1801,32,32,0
0,522,0\icon00522.png,1931,32,32,0
0,523,0\icon00523.png,1922,32,32,0
0,524,0\icon00524.png,1973,32,32,0
0,525,0\icon00525.png,1714,32,32,0
0,526,0\icon00526.png,3957,64,64,0
0,527,0\icon00527.png,2564,32,32,0
0,528,0\icon00528.png,2049,32,32,0
0,529,0\icon00529.png,2278,32,32,0
0,530,0\icon00530.png,1985,32,32,0
0,531,0\icon00531.png,1932,32,32,0
0,532,0\icon00532.png,1863,32,32,0
0,533,0\icon00533.png,4848,64,64,0
0,534,0\icon00534.png,2616,32,32,0
0,535,0\icon00535.png,2389,32,32,0
0,536,0\icon00536.png,2689,32,32,0
0,537,0\icon00537.png,2811,32,32,0
0,538,0\icon00538.png,2596,32,32,0
0,539,0\icon00539.png,2452,32,32,0
0,540,0\icon00540.png,2481,32,32,0
0,541,0\icon00541.png,1845,32,32,0
0,542,0\icon00542.png,20116,200,152,0
0,543,0\icon00543.png,14522,200,152,0
0,544,0\icon00544.png,20688,432,144,0
0,545,0\icon00545.png,20167,432,144,0
0,546,0\icon00546.png,20167,432,144,0
0,547,0\icon00547.png,20167,432,144,0
0,548,0\icon00548.png,20688,432,144,0
0,549,0\icon00549.png,20688,432,144,0
0,550,0\icon00550.png,21637,432,144,0
0,551,0\icon00551.png,21050,432,144,0
0,552,0\icon00552.png,21050,432,144,0
0,553,0\icon00553.png,21036,432,144,0
0,554,0\icon00554.png,21637,432,144,0
0,555,0\icon00555.png,21637,432,144,0
0,556,0\icon00556.png,18580,432,96,0
0,557,0\icon00557.png,18110,432,96,0
0,558,0\icon00558.png,18110,432,96,0
0,559,0\icon00559.png,18110,432,96,0
0,560,0\icon00560.png,18580,432,96,0
0,561,0\icon00561.png,18580,432,96,0
0,562,0\icon00562.png,14510,180,136,0
0,563,0\icon00563.png,14510,180,136,0
0,564,0\icon00564.png,14510,180,136,0
0,565,0\icon00565.png,14510,180,136,0
0,566,0\icon00566.png,14510,180,136,0
0,567,0\icon00567.png,14510,180,136,0
0,568,0\icon00568.png,17023,220,120,0
0,569,0\icon00569.png,17023,220,120,0
0,570,0\icon00570.png,16913,220,120,0
0,571,0\icon00571.png,17026,220,120,0
0,572,0\icon00572.png,17351,220,120,0
0,573,0\icon00573.png,17351,220,120,0
0,574,0\icon00574.png,19653,392,120,0
0,575,0\icon00575.png,19653,392,120,0
0,576,0\icon00576.png,19554,392,120,0
0,577,0\icon00577.png,19469,392,120,0
0,578,0\icon00578.png,20075,392,120,0
0,579,0\icon00579.png,20075,392,120,0
0,580,0\icon00580.png,25547,220,120,0
0,581,0\icon00581.png,24562,392,120,0
0,582,0\icon00582.png,24464,392,120,0
0,583,0\icon00583.png,19292,220,120,0
0,584,0\icon00584.png,8086,432,60,0
0,585,0\icon00585.png,8086,432,60,0
0,586,0\icon00586.png,8086,432,60,0
0,587,0\icon00587.png,8088,432,60,0
0,588,0\icon00588.png,8567,432,60,0
0,589,0\icon00589.png,8567,432,60,0
0,590,0\icon00590.png,20227,220,120,0
0,591,0\icon00591.png,20327,220,120,0
0,592,0\icon00592.png,20001,220,120,0
0,593,0\icon00593.png,20150,220,120,0
0,594,0\icon00594.png,24288,220,120,0
0,595,0\icon00595.png,19937,180,136,0
0,596,0\icon00596.png,2615,32,32,0
0,597,0\icon00597.png,2462,32,32,0
0,598,0\icon00598.png,2447,32,32,0
0,599,0\icon00599.png,2408,32,32,0
0,600,0\icon00600.png,2177,32,32,0
0,601,0\icon00601.png,2384,32,32,0
0,602,0\icon00602.png,2163,32,32,0
0,603,0\icon00603.png,2379,32,32,0
0,604,0\icon00604.png,2316,32,32,0
0,605,0\icon00605.png,2427,32,32,0
0,606,0\icon00606.png,2525,32,32,0
0,607,0\icon00607.png,2303,32,32,0
0,608,0\icon00608.png,983,20,20,0
0,609,0\icon00609.png,816,20,20,0
0,610,0\icon00610.png,2309,32,32,0
0,611,0\icon00611.png,56442,180,260,0
0,612,0\icon00612.png,60409,180,260,0
0,613,0\icon00613.png,62740,180,260,0
0,614,0\icon00614.png,53650,432,168,0
0,615,0\icon00615.png,55492,432,168,0
0,616,0\icon00616.png,55964,432,168,0
0,617,0\icon00617.png,56739,432,168,0
0,618,0\icon00618.png,52259,432,168,0
0,619,0\icon00619.png,52259,432,168,0
0,620,0\icon00620.png,55969,432,168,0
0,621,0\icon00621.png,62259,432,168,0
0,622,0\icon00622.png,61290,432,168,0
0,623,0\icon00623.png,60157,432,168,0
0,624,0\icon00624.png,53583,432,168,0
0,625,0\icon00625.png,53583,432,168,0
0,626,0\icon00626.png,56680,432,168,0
0,627,0\icon00627.png,61231,432,168,0
0,628,0\icon00628.png,59201,432,168,0
0,629,0\icon00629.png,58213,432,168,0
0,630,0\icon00630.png,53806,432,168,0
0,631,0\icon00631.png,53806,432,168,0
0,632,0\icon00632.png,56242,432,168,0
0,633,0\icon00633.png,60930,432,168,0
0,634,0\icon00634.png,59856,432,168,0
0,635,0\icon00635.png,61306,432,168,0
0,636,0\icon00636.png,53615,432,168,0
0,637,0\icon00637.png,53615,432,168,0
0,638,0\icon00638.png,365,8,16,0
0,639,0\icon00639.png,957,16,16,0
0,640,0\icon00640.png,941,16,16,0
0,641,0\icon00641.png,2182,40,40,0
0,642,0\icon00642.png,2216,40,40,0
0,643,0\icon00643.png,2274,40,40,0
0,644,0\icon00644.png,2377,40,40,0
0,645,0\icon00645.png,2232,40,40,0
0,646,0\icon00646.png,2311,40,40,0
0,647,0\icon00647.png,2351,40,40,0
0,648,0\icon00648.png,2414,40,40,0
0,649,0\icon00649.png,2443,40,40,0
0,650,0\icon00650.png,2483,40,40,0
0,651,0\icon00651.png,2572,40,40,0
0,652,0\icon00652.png,2658,40,40,0
0,653,0\icon00653.png,2776,40,40,0
0,654,0\icon00654.png,2841,40,40,0
0,655,0\icon00655.png,3256,40,40,0
0,656,0\icon00656.png,3301,40,40,0
0,657,0\icon00657.png,3429,40,40,0
0,658,0\icon00658.png,3435,40,40,0
0,659,0\icon00659.png,3483,40,40,0
0,660,0\icon00660.png,3617,40,40,0
0,661,0\icon00661.png,14196,128,128,1
0,662,0\icon00662.png,14196,128,128,1
0,663,0\icon00663.png,14196,128,128,1
0,664,0\icon00664.png,14196,128,128,1
0,665,0\icon00665.png,14196,128,128,1
0,666,0\icon00666.png,14196,128,128,1
0,667,0\icon00667.png,14196,128,128,1
0,668,0\icon00668.png,14196,128,128,1
0,669,0\icon00669.png,14196,128,128,1
0,670,0\icon00670.png,14196,128,128,1
0,671,0\icon00671.png,1884,40,40,0
0,672,0\icon00672.png,1930,40,40,0
0,673,0\icon00673.png,1994,40,40,0
0,674,0\icon00674.png,2123,40,40,0
0,675,0\icon00675.png,2148,40,40,0
0,676,0\icon00676.png,2298,40,40,0
0,677,0\icon00677.png,2335,40,40,0
0,678,0\icon00678.png,2430,40,40,0
0,679,0\icon00679.png,2400,40,40,0
0,680,0\icon00680.png,2496,40,40,0
0,681,0\icon00681.png,2558,40,40,0
0,682,0\icon00682.png,2854,40,40,0
0,683,0\icon00683.png,2881,40,40,0
0,684,0\icon00684.png,2891,40,40,0
0,685,0\icon00685.png,3157,40,40,0
0,686,0\icon00686.png,3174,40,40,0
0,687,0\icon00687.png,3251,40,40,0
0,688,0\icon00688.png,3268,40,40,0
0,689,0\icon00689.png,3255,40,40,0
0,690,0\icon00690.png,3710,40,40,0
0,691,0\icon00691.png,14196,128,128,1
0,692,0\icon00692.png,14196,128,128,1
0,693,0\icon00693.png,14196,128,128,1
0,694,0\icon00694.png,14196,128,128,1
0,695,0\icon00695.png,14196,128,128,1
0,696,0\icon00696.png,14196,128,128,1
0,697,0\icon00697.png,14196,128,128,1
0,698,0\icon00698.png,14196,128,128,1
0,699,0\icon00699.png,14196,128,128,1
0,700,0\icon00700.png,14196,128,128,1
0,701,0\icon00701.png,2117,40,40,0
0,702,0\icon00702.png,2264,40,40,0
0,703,0\icon00703.png,2305,40,40,0
0,704,0\icon00704.png,2417,40,40,0
0,705,0\icon00705.png,2331,40,40,0
0,706,0\icon00706.png,2469,40,40,0
0,707,0\icon00707.png,2532,40,40,0
0,708,0\icon00708.png,2694,40,40,0
0,709,0\icon00709.png,2574,40,40,0
0,710,0\icon00710.png,2651,40,40,0
0,711,0\icon00711.png,2795,40,40,0
0,712,0\icon00712.png,3011,40,40,0
0,713,0\icon00713.png,3035,40,40,0
0,714,0\icon00714.png,3165,40,40,0
0,715,0\icon00715.png,3152,40,40,0
0,716,0\icon00716.png,3273,40,40,0
0,717,0\icon00717.png,3353,40,40,0
0,718,0\icon00718.png,3417,40,40,0
0,719,0\icon00719.png,3533,40,40,0
0,720,0\icon00720.png,3341,40,40,0
0,721,0\icon00721.png,14196,128,128,1
0,722,0\icon00722.png,14196,128,128,1
0,723,0\icon00723.png,14196,128,128,1
0,724,0\icon00724.png,14196,128,128,1
0,725,0\icon00725.png,14196,128,128,1
0,726,0\icon00726.png,14196,128,128,1
0,727,0\icon00727.png,14196,128,128,1
0,728,0\icon00728.png,14196,128,128,1
0,729,0\icon00729.png,14196,128,128,1
0,730,0\icon00730.png,14196,128,128,1
0,731,0\icon00731.png,14196,128,128,1
0,732,0\icon00732.png,14196,128,128,1
0,733,0\icon00733.png,14196,128,128,1
0,734,0\icon00734.png,14196,128,128,1
0,735,0\icon00735.png,14196,128,128,1
0,736,0\icon00736.png,14196,128,128,1
0,737,0\icon00737.png,14196,128,128,1
0,738,0\icon00738.png,14196,128,128,1
0,739,0\icon00739.png,14196,128,128,1
0,740,0\icon00740.png,14196,128,128,1
0,741,0\icon00741.png,14196,128,128,1
0,742,0\icon00742.png,14196,128,128,1
0,743,0\icon00743.png,14196,128,128,1
0,744,0\icon00744.png,14196,128,128,1
0,745,0\icon00745.png,14196,128,128,1
0,746,0\icon00746.png,14196,128,128,1
0,747,0\icon00747.png,14196,128,128,1
0,748,0\icon00748.png,14196,128,128,1
0,749,0\icon00749.png,14196,128,128,1
0,750,0\icon00750.png,14196,128,128,1
0,751,0\icon00751.png,14196,128,128,1
0,752,0\icon00752.png,14196,128,128,1
0,753,0\icon00753.png,14196,128,128,1
0,754,0\icon00754.png,14196,128,128,1
0,755,0\icon00755.png,14196,128,128,1
0,756,0\icon00756.png,14196,128,128,1
0,757,0\icon00757.png,14196,128,128,1
0,758,0\icon00758.png,14196,128,128,1
0,759,0\icon00759.png,14196,128,128,1
0,760,0\icon00760.png,14196,128,128,1
0,761,0\icon00761.png,14196,128,128,1
0,762,0\icon00762.png,14196,128,128,1
0,763,0\icon00763.png,14196,128,128,1
0,764,0\icon00764.png,14196,128,128,1
0,765,0\icon00765.png,14196,128,128,1
0,766,0\icon00766.png,14196,128,128,1
0,767,0\icon00767.png,14196,128,128,1
0,768,0\icon00768.png,14196,128,128,1
0,769,0\icon00769.png,14196,128,128,1
0,770,0\icon00770.png,14196,128,128,1
0,771,0\icon00771.png,14196,128,128,1
0,772,0\icon00772.png,14196,128,128,1
0,773,0\icon00773.png,14196,128,128,1
0,774,0\icon00774.png,14196,128,128,1
0,775,0\icon00775.png,14196,128,128,1
0,776,0\icon00776.png,14196,128,128,1
0,777,0\icon00777.png,14196,128,128,1
0,778,0\icon00778.png,14196,128,128,1
0,779,0\icon00779.png,14196,128,128,1
0,780,0\icon00780.png,14196,128,128,1
0,781,0\icon00781.png,14196,128,128,1
0,782,0\icon00782.png,14196,128,128,1
0,783,0\icon00783.png,14196,128,128,1
0,784,0\icon00784.png,14196,128,128,1
0,785,0\icon00785.png,14196,128,128,1
0,786,0\icon00786.png,14196,128,128,1
0,787,0\icon00787.png,14196,128,128,1
0,788,0\icon00788.png,14196,128,128,1
0,789,0\icon00789.png,14196,128,128,1
0,790,0\icon00790.png,14196,128,128,1
0,791,0\icon00791.png,2333,32,32,0
0,792,0\icon00792.png,1688,32,32,0
0,793,0\icon00793.png,1524,32,32,0
0,794,0\icon00794.png,2544,32,32,0
0,795,0\icon00795.png,2263,32,32,0
0,796,0\icon00796.png,1216,20,20,0
0,797,0\icon00797.png,1007,20,20,0
0,798,0\icon00798.png,8373,64,64,0
0,799,0\icon00799.png,2270,32,32,0
0,800,0\icon00800.png,1197,20,20,0
0,801,0\icon00801.png,2219,32,32,0
0,802,0\icon00802.png,2047,32,32,0
0,803,0\icon00803.png,9788,112,52,0
0,804,0\icon00804.png,19864,220,68,0
0,805,0\icon00805.png,26776,288,52,0
0,806,0\icon00806.png,11865,132,52,0
0,807,0\icon00807.png,9788,112,52,0
0,808,0\icon00808.png,8301,112,52,0
0,809,0\icon00809.png,15993,220,68,0
0,810,0\icon00810.png,21132,288,52,0
0,811,0\icon00811.png,9755,132,52,0
0,812,0\icon00812.png,8301,112,52,0
0,813,0\icon00813.png,5828,52,60,0
0,814,0\icon00814.png,3592,52,60,0
0,815,0\icon00815.png,5622,52,60,0
0,816,0\icon00816.png,5768,52,60,0
0,817,0\icon00817.png,5102,52,60,0
0,818,0\icon00818.png,5699,52,60,0
0,819,0\icon00819.png,5731,52,60,0
0,820,0\icon00820.png,4473,52,60,0
0,821,0\icon00821.png,6317,52,60,0
0,822,0\icon00822.png,5811,52,60,0
0,823,0\icon00823.png,5196,52,60,0
0,824,0\icon00824.png,3261,52,60,0
0,825,0\icon00825.png,5066,52,60,0
0,826,0\icon00826.png,5244,52,60,0
0,827,0\icon00827.png,4473,52,60,0
0,828,0\icon00828.png,5143,52,60,0
0,829,0\icon00829.png,5040,52,60,0
0,830,0\icon00830.png,4207,52,60,0
0,831,0\icon00831.png,5346,52,60,0
0,832,0\icon00832.png,5152,52,60,0
0,833,0\icon00833.png,39626,400,100,0
0,834,0\icon00834.png,45187,400,100,0
0,835,0\icon00835.png,50034,400,100,0
0,836,0\icon00836.png,415,16,16,0
0,837,0\icon00837.png,1179,32,32,0
0,838,0\icon00838.png,272,32,4,0
0,839,0\icon00839.png,7547,64,64,0
0,840,0\icon00840.png,6614,64,64,0
0,841,0\icon00841.png,7780,64,64,0
0,842,0\icon00842.png,3878,64,64,0
0,843,0\icon00843.png,8031,64,64,0
0,844,0\icon00844.png,14196,128,128,1
0,845,0\icon00845.png,14196,128,128,1
0,846,0\icon00846.png,14196,128,128,1
0,847,0\icon00847.png,5626,64,64,0
0,848,0\icon00848.png,5484,64,64,0
0,849,0\icon00849.png,6560,64,64,0
0,850,0\icon00850.png,4365,64,64,0
0,851,0\icon00851.png,4365,64,64,0
0,852,0\icon00852.png,6707,64,64,0
0,853,0\icon00853.png,7112,64,64,0
0,854,0\icon00854.png,2933,32,32,0
0,855,0\icon00855.png,3008,32,32,0
0,856,0\icon00856.png,2705,32,32,0
0,857,0\icon00857.png,2839,32,32,0
0,858,0\icon00858.png,2934,32,32,0
0,859,0\icon00859.png,3048,32,32,0
0,860,0\icon00860.png,2777,32,32,0
0,861,0\icon00861.png,2896,32,32,0
0,862,0\icon00862.png,2803,32,32,0
0,863,0\icon00863.png,2977,32,32,0
0,864,0\icon00864.png,2918,32,32,0
0,865,0\icon00865.png,2346,32,32,0
0,866,0\icon00866.png,2340,32,32,0
0,867,0\icon00867.png,2314,32,32,0
0,868,0\icon00868.png,2172,32,32,0
0,869,0\icon00869.png,2349,32,32,0
0,870,0\icon00870.png,2199,32,32,0
0,871,0\icon00871.png,2384,32,32,0
0,872,0\icon00872.png,2352,32,32,0
0,873,0\icon00873.png,2401,32,32,0
0,874,0\icon00874.png,2487,32,32,0
0,875,0\icon00875.png,2319,32,32,0
0,876,0\icon00876.png,8207,64,64,0
0,877,0\icon00877.png,1674,32,32,0
0,878,0\icon00878.png,2373,32,32,0
0,879,0\icon00879.png,2552,32,32,0
0,880,0\icon00880.png,2188,32,32,0
0,881,0\icon00881.png,2413,32,32,0
0,882,0\icon00882.png,6655,64,64,0
0,883,0\icon00883.png,5935,64,64,0
0,884,0\icon00884.png,7076,64,64,0
0,885,0\icon00885.png,7029,64,64,0
0,886,0\icon00886.png,6454,64,64,0
0,887,0\icon00887.png,7123,64,64,0
0,888,0\icon00888.png,7018,64,64,0
0,889,0\icon00889.png,7325,64,64,0
0,890,0\icon00890.png,3609,64,64,0
0,891,0\icon00891.png,7147,64,64,0
0,892,0\icon00892.png,4841,64,64,0
0,893,0\icon00893.png,6020,64,64,0
0,894,0\icon00894.png,4546,64,64,0
0,895,0\icon00895.png,4646,64,64,0
0,896,0\icon00896.png,4695,64,64,0
0,897,0\icon00897.png,6990,64,64,0
0,898,0\icon00898.png,4309,64,64,0
0,899,0\icon00899.png,5210,64,64,0
0,900,0\icon00900.png,4744,64,64,0
0,901,0\icon00901.png,6039,64,64,0
0,902,0\icon00902.png,5091,64,64,0
0,903,0\icon00903.png,6249,64,64,0
0,904,0\icon00904.png,4846,64,64,0
0,905,0\icon00905.png,6361,64,64,0
0,906,0\icon00906.png,4986,64,64,0
0,907,0\icon00907.png,6651,64,64,0
0,908,0\icon00908.png,5181,64,64,0
0,909,0\icon00909.png,5889,64,64,0
0,910,0\icon00910.png,4227,64,64,0
0,911,0\icon00911.png,5223,64,64,0
0,912,0\icon00912.png,6276,64,64,0
0,913,0\icon00913.png,4833,64,64,0
0,914,0\icon00914.png,7251,64,64,0
0,915,0\icon00915.png,5229,64,64,0
0,916,0\icon00916.png,7233,64,64,0
0,917,0\icon00917.png,4727,64,64,0
0,918,0\icon00918.png,6832,64,64,0
0,919,0\icon00919.png,5721,64,64,0
0,920,0\icon00920.png,6494,64,64,0
0,921,0\icon00921.png,6337,64,64,0
0,922,0\icon00922.png,6462,64,64,0
0,923,0\icon00923.png,7241,64,64,0
0,924,0\icon00924.png,7193,64,64,0
0,925,0\icon00925.png,6935,64,64,0
0,926,0\icon00926.png,6362,64,64,0
0,927,0\icon00927.png,6306,64,64,0
0,928,0\icon00928.png,2707,32,32,0
0,929,0\icon00929.png,2623,32,32,0
0,930,0\icon00930.png,2362,32,32,0
0,931,0\icon00931.png,2439,32,32,0
0,932,0\icon00932.png,3001,32,32,0
0,933,0\icon00933.png,2581,64,64,0
0,934,0\icon00934.png,3034,32,32,0
0,935,0\icon00935.png,2429,32,32,0
0,936,0\icon00936.png,2034,32,32,0
0,937,0\icon00937.png,1762,32,32,0
0,938,0\icon00938.png,21532,220,120,0
0,939,0\icon00939.png,2662,32,32,0
0,940,0\icon00940.png,2823,32,32,0
0,941,0\icon00941.png,2778,32,32,0
0,942,0\icon00942.png,2747,32,32,0
0,943,0\icon00943.png,2605,32,32,0
0,944,0\icon00944.png,2557,32,32,0
0,945,0\icon00945.png,2904,32,32,0
0,946,0\icon00946.png,718,24,24,0
0,947,0\icon00947.png,1654,24,24,0
0,948,0\icon00948.png,966,24,24,0
0,949,0\icon00949.png,1693,24,24,0
0,950,0\icon00950.png,838,24,24,0
0,951,0\icon00951.png,908,16,16,0
0,952,0\icon00952.png,14196,128,128,1
0,953,0\icon00953.png,2375,32,32,0
0,954,0\icon00954.png,6732,64,64,0
0,955,0\icon00955.png,6325,64,64,0
0,956,0\icon00956.png,5715,64,64,0
0,957,0\icon00957.png,4696,64,64,0
0,958,0\icon00958.png,5527,64,64,0
0,959,0\icon00959.png,4732,64,64,0
0,960,0\icon00960.png,4307,64,64,0
0,961,0\icon00961.png,4619,64,64,0
0,962,0\icon00962.png,4533,64,64,0
0,963,0\icon00963.png,4819,64,64,0
0,964,0\icon00964.png,4208,64,64,0
0,965,0\icon00965.png,4141,64,64,0
0,966,0\icon00966.png,4805,64,64,0
0,967,0\icon00967.png,7735,64,64,0
0,968,0\icon00968.png,5745,64,64,0
0,969,0\icon00969.png,4931,64,64,0
0,970,0\icon00970.png,24643,180,240,0
0,971,0\icon00971.png,687,16,16,0
0,972,0\icon00972.png,21431,220,120,0
0,973,0\icon00973.png,21563,220,120,0
0,974,0\icon00974.png,1118,20,20,0
0,975,0\icon00975.png,1255,20,20,0
0,976,0\icon00976.png,1192,20,20,0
0,977,0\icon00977.png,1191,20,20,0
0,978,0\icon00978.png,1222,20,20,0
0,979,0\icon00979.png,1228,20,20,0
0,980,0\icon00980.png,1045,20,20,0
0,981,0\icon00981.png,801,20,20,0
0,982,0\icon00982.png,1109,20,20,0
0,983,0\icon00983.png,1203,20,20,0
0,984,0\icon00984.png,266,32,4,0
0,985,0\icon00985.png,2310,32,32,0
0,986,0\icon00986.png,2321,32,32,0
0,987,0\icon00987.png,2356,32,32,0
0,988,0\icon00988.png,41212,320,128,0
0,989,0\icon00989.png,42885,320,128,0
0,990,0\icon00990.png,55861,320,128,0
0,991,0\icon00991.png,8678,100,100,0
0,992,0\icon00992.png,8329,100,100,0
0,993,0\icon00993.png,6440,100,100,0
0,994,0\icon00994.png,12995,100,100,0
0,995,0\icon00995.png,13322,100,100,0
0,996,0\icon00996.png,12428,100,100,0
0,997,0\icon00997.png,1359,24,24,0
0,998,0\icon00998.png,1470,24,24,0
0,999,0\icon00999.png,1974,44,44,0
0,1000,0\icon01000.png,4752,40,40,0
0,1001,0\icon01001.png,4572,40,40,0
0,1002,0\icon01002.png,3520,40,40,0
0,1003,0\icon01003.png,3964,40,40,0
0,1004,0\icon01004.png,1763,32,32,0
0,1005,0\icon01005.png,2106,32,32,0
0,1006,0\icon01006.png,2124,32,32,0
0,1007,0\icon01007.png,2122,32,32,0
0,1008,0\icon01008.png,3762,48,48,0
0,1009,0\icon01009.png,3722,48,48,0
0,1010,0\icon01010.png,4606,48,48,0
0,1011,0\icon01011.png,4592,48,48,0
0,1012,0\icon01012.png,4610,48,48,0
0,1013,0\icon01013.png,2495,32,32,0
0,1014,0\icon01014.png,2528,32,32,0
0,1015,0\icon01015.png,2690,32,32,0
0,1016,0\icon01016.png,2752,32,32,0
0,1017,0\icon01017.png,1937,32,32,0
0,1018,0\icon01018.png,2651,32,32,0
0,1019,0\icon01019.png,2684,32,32,0
0,1020,0\icon01020.png,2574,32,32,0
0,1021,0\icon01021.png,2658,32,32,0
0,1022,0\icon01022.png,2410,32,32,0
0,1023,0\icon01023.png,2303,32,32,0
0,1024,0\icon01024.png,919,20,20,0
0,1025,0\icon01025.png,1290,20,20,0
0,1026,0\icon01026.png,1392,20,20,0
0,1027,0\icon01027.png,1142,20,20,0
0,1028,0\icon01028.png,953,20,20,0
0,1029,0\icon01029.png,1339,20,20,0
0,1030,0\icon01030.png,1354,20,20,0
0,1031,0\icon01031.png,1144,20,20,0
0,1032,0\icon01032.png,1335,20,20,0
0,1033,0\icon01033.png,1361,20,20,0
0,1034,0\icon01034.png,839,20,20,0
0,1035,0\icon01035.png,1227,20,20,0
0,1036,0\icon01036.png,1371,20,20,0
0,1037,0\icon01037.png,1383,20,20,0
0,1038,0\icon01038.png,1371,20,20,0
0,1039,0\icon01039.png,1389,20,20,0
0,1040,0\icon01040.png,996,20,20,0
0,1041,0\icon01041.png,776,20,20,0
0,1042,0\icon01042.png,1129,20,20,0
0,1043,0\icon01043.png,941,20,20,0
0,1044,0\icon01044.png,1258,20,20,0
0,1045,0\icon01045.png,1117,20,20,0
0,1046,0\icon01046.png,1135,20,20,0
0,1047,0\icon01047.png,814,20,20,0
0,1048,0\icon01048.png,1000,20,20,0
0,1049,0\icon01049.png,967,20,20,0
0,1050,0\icon01050.png,1066,20,20,0
0,1051,0\icon01051.png,1006,20,20,0
0,1052,0\icon01052.png,792,20,20,0
0,1053,0\icon01053.png,1143,20,20,0
0,1054,0\icon01054.png,959,20,20,0
0,1055,0\icon01055.png,1273,20,20,0
0,1056,0\icon01056.png,1134,20,20,0
0,1057,0\icon01057.png,1146,20,20,0
0,1058,0\icon01058.png,834,20,20,0
0,1059,0\icon01059.png,1008,20,20,0
0,1060,0\icon01060.png,980,20,20,0
0,1061,0\icon01061.png,1084,20,20,0
0,1062,0\icon01062.png,2856,32,32,0
0,1063,0\icon01063.png,2715,32,32,0
0,1064,0\icon01064.png,130128,420,248,0
0,1065,0\icon01065.png,79564,480,152,0
0,1066,0\icon01066.png,79959,480,152,0
0,1067,0\icon01067.png,81281,480,152,0
0,1068,0\icon01068.png,80893,480,152,0
0,1069,0\icon01069.png,79576,480,152,0
0,1070,0\icon01070.png,79576,480,152,0
0,1071,0\icon01071.png,81100,480,152,0
0,1072,0\icon01072.png,81341,480,152,0
0,1073,0\icon01073.png,82187,480,152,0
0,1074,0\icon01074.png,82353,480,152,0
0,1075,0\icon01075.png,80596,480,152,0
0,1076,0\icon01076.png,80596,480,152,0
0,1077,0\icon01077.png,83989,480,152,0
0,1078,0\icon01078.png,85755,480,152,0
0,1079,0\icon01079.png,84890,480,152,0
0,1080,0\icon01080.png,84143,480,152,0
0,1081,0\icon01081.png,83331,480,152,0
0,1082,0\icon01082.png,83331,480,152,0
0,1083,0\icon01083.png,95727,420,248,0
0,1084,0\icon01084.png,53346,212,248,0
0,1085,0\icon01085.png,103608,480,248,0
0,1086,0\icon01086.png,103748,480,248,0
0,1087,0\icon01087.png,109752,480,248,0
0,1088,0\icon01088.png,104906,480,248,0
0,1089,0\icon01089.png,109863,480,248,0
0,1090,0\icon01090.png,109863,480,248,0
0,1091,0\icon01091.png,2408,32,32,0
0,1092,0\icon01092.png,18016,88,140,0
0,1093,0\icon01093.png,338917,520,392,0
0,1094,0\icon01094.png,1234,20,20,0
0,1095,0\icon01095.png,1151,20,20,0
0,1096,0\icon01096.png,1292,20,20,0
0,1097,0\icon01097.png,951,20,20,0
0,1098,0\icon01098.png,1033,20,20,0
0,1099,0\icon01099.png,282465,480,276,0
0,1100,0\icon01100.png,2273,32,32,0
0,1101,0\icon01101.png,2437,32,32,0
0,1102,0\icon01102.png,7597,64,64,0
0,1103,0\icon01103.png,16400,128,128,0
0,1104,0\icon01104.png,16853,128,128,0
0,1105,0\icon01105.png,16512,128,128,0
0,1106,0\icon01106.png,12597,128,128,0
0,1107,0\icon01107.png,2326,32,32,0
0,1108,0\icon01108.png,2404,32,32,0
0,1109,0\icon01109.png,2466,32,32,0
0,1110,0\icon01110.png,14196,128,128,1
0,1111,0\icon01111.png,14196,128,128,1
0,1112,0\icon01112.png,14196,128,128,1
0,1113,0\icon01113.png,14196,128,128,1
0,1114,0\icon01114.png,14196,128,128,1
0,1115,0\icon01115.png,14196,128,128,1
0,1116,0\icon01116.png,14196,128,128,1
0,1117,0\icon01117.png,14196,128,128,1
0,1118,0\icon01118.png,14196,128,128,1
0,1119,0\icon01119.png,14196,128,128,1
0,1120,0\icon01120.png,14196,128,128,1
0,1121,0\icon01121.png,14196,128,128,1
0,1122,0\icon01122.png,14196,128,128,1
0,1123,0\icon01123.png,14196,128,128,1
0,1124,0\icon01124.png,14196,128,128,1
0,1125,0\icon01125.png,14196,128,128,1
0,1126,0\icon01126.png,14196,128,128,1
0,1127,0\icon01127.png,14196,128,128,1
0,1128,0\icon01128.png,14196,128,128,1
0,1129,0\icon01129.png,14196,128,128,1
0,1130,0\icon01130.png,14196,128,128,1
0,1131,0\icon01131.png,14196,128,128,1
0,1132,0\icon01132.png,14196,128,128,1
0,1133,0\icon01133.png,14196,128,128,1
0,1134,0\icon01134.png,14196,128,128,1
0,1135,0\icon01135.png,14196,128,128,1
0,1136,0\icon01136.png,14196,128,128,1
0,1137,0\icon01137.png,14196,128,128,1
0,1138,0\icon01138.png,14196,128,128,1
0,1139,0\icon01139.png,14196,128,128,1
0,1140,0\icon01140.png,14196,128,128,1
0,1141,0\icon01141.png,14196,128,128,1
0,1142,0\icon01142.png,14196,128,128,1
0,1143,0\icon01143.png,14196,128,128,1
0,1144,0\icon01144.png,14196,128,128,1
0,1145,0\icon01145.png,14196,128,128,1
0,1146,0\icon01146.png,14196,128,128,1
0,1147,0\icon01147.png,14196,128,128,1
0,1148,0\icon01148.png,14196,128,128,1
0,1149,0\icon01149.png,14196,128,128,1
0,1150,0\icon01150.png,14196,128,128,1
1,10000,1\icon10000.png,14196,128,128,1
1,10001,1\icon10001.png,2001,32,32,0
1,10002,1\icon10002.png,1965,32,32,0
1,10003,1\icon10003.png,1992,32,32,0
1,10004,1\icon10004.png,2043,32,32,0
1,10005,1\icon10005.png,2019,32,32,0
1,10006,1\icon10006.png,2051,32,32,0
1,10007,1\icon10007.png,2018,32,32,0
1,10008,1\icon10008.png,2122,32,32,0
1,10009,1\icon10009.png,2052,32,32,0
1,10010,1\icon10010.png,2125,32,32,0
1,10011,1\icon10011.png,1667,32,32,0
1,10012,1\icon10012.png,1900,32,32,0
1,10013,1\icon10013.png,2238,32,32,0
1,10014,1\icon10014.png,2099,32,32,0
1,10015,1\icon10015.png,2097,32,32,0
1,10016,1\icon10016.png,2015,32,32,0
1,10017,1\icon10017.png,14196,128,128,1
1,10018,1\icon10018.png,14196,128,128,1
1,10019,1\icon10019.png,1835,32,32,0
1,10020,1\icon10020.png,2161,32,32,0
1,10021,1\icon10021.png,1937,32,32,0
1,10022,1\icon10022.png,1864,32,32,0
1,10023,1\icon10023.png,1964,32,32,0
1,10024,1\icon10024.png,14196,128,128,1
1,10025,1\icon10025.png,14196,128,128,1
1,10026,1\icon10026.png,14196,128,128,1
1,10027,1\icon10027.png,2041,32,32,0
1,10028,1\icon10028.png,2251,32,32,0
1,10029,1\icon10029.png,2266,32,32,0
1,10030,1\icon10030.png,2212,32,32,0
1,10031,1\icon10031.png,1875,32,32,0
1,10032,1\icon10032.png,1450,32,32,0
1,10033,1\icon10033.png,14196,128,128,1
1,10034,1\icon10034.png,1458,32,32,0
1,10035,1\icon10035.png,2020,32,32,0
1,10036,1\icon10036.png,14196,128,128,1
1,10037,1\icon10037.png,1989,32,32,0
1,10038,1\icon10038.png,14196,128,128,1
1,10039,1\icon10039.png,1638,32,32,0
1,10040,1\icon10040.png,2154,32,32,0
1,10041,1\icon10041.png,14196,128,128,1
1,10042,1\icon10042.png,2026,32,32,0
1,10043,1\icon10043.png,14196,128,128,1
1,10044,1\icon10044.png,2257,32,32,0
1,10045,1\icon10045.png,14196,128,128,1
1,10046,1\icon10046.png,1975,32,32,0
1,10047,1\icon10047.png,14196,128,128,1
1,10048,1\icon10048.png,2566,32,32,0
1,10049,1\icon10049.png,14196,128,128,1
1,10050,1\icon10050.png,2092,32,32,0
1,10051,1\icon10051.png,14196,128,128,1
1,10052,1\icon10052.png,14196,128,128,1
1,10053,1\icon10053.png,2009,32,32,0
1,10054,1\icon10054.png,14196,128,128,1
1,10055,1\icon10055.png,1925,32,32,0
1,10056,1\icon10056.png,14196,128,128,1
1,10057,1\icon10057.png,14196,128,128,1
1,10058,1\icon10058.png,14196,128,128,1
1,10059,1\icon10059.png,14196,128,128,1
1,10060,1\icon10060.png,1986,32,32,0
1,10061,1\icon10061.png,2567,32,32,0
1,10062,1\icon10062.png,2404,32,32,0
1,10063,1\icon10063.png,2472,32,32,0
1,10064,1\icon10064.png,2486,32,32,0
1,10065,1\icon10065.png,2317,32,32,0
1,10066,1\icon10066.png,2917,32,32,0
1,10067,1\icon10067.png,2556,32,32,0
1,10068,1\icon10068.png,1884,32,32,0
1,10069,1\icon10069.png,2754,32,32,0
1,10070,1\icon10070.png,14196,128,128,1
1,10071,1\icon10071.png,14196,128,128,1
1,10072,1\icon10072.png,2376,32,32,0
1,10073,1\icon10073.png,2400,32,32,0
1,10074,1\icon10074.png,2351,32,32,0
1,10075,1\icon10075.png,2368,32,32,0
1,10076,1\icon10076.png,2725,32,32,0
1,10077,1\icon10077.png,2667,32,32,0
1,10078,1\icon10078.png,2668,32,32,0
1,10079,1\icon10079.png,14196,128,128,1
1,10080,1\icon10080.png,2051,32,32,0
1,10081,1\icon10081.png,2051,32,32,0
1,10082,1\icon10082.png,2598,32,32,0
1,10083,1\icon10083.png,14196,128,128,1
1,10084,1\icon10084.png,1934,32,32,0
1,10085,1\icon10085.png,1980,32,32,0
1,10086,1\icon10086.png,2377,32,32,0
1,10087,1\icon10087.png,14196,128,128,1
1,10088,1\icon10088.png,14196,128,128,1
1,10089,1\icon10089.png,14196,128,128,1
1,10090,1\icon10090.png,14196,128,128,1
1,10091,1\icon10091.png,14196,128,128,1
1,10092,1\icon10092.png,14196,128,128,1
1,10093,1\icon10093.png,14196,128,128,1
1,10094,1\icon10094.png,14196,128,128,1
1,10095,1\icon10095.png,14196,128,128,1
1,10096,1\icon10096.png,14196,128,128,1
1,10097,1\icon10097.png,2130,32,32,0
1,10098,1\icon10098.png,14196,128,128,1
1,10099,1\icon10099.png,1956,32,32,0
1,10100,1\icon10100.png,2288,32,32,0
1,10101,1\icon10101.png,14196,128,128,1
1,10102,1\icon10102.png,2050,32,32,0
1,10103,1\icon10103.png,1515,32,32,0
1,10104,1\icon10104.png,2148,32,32,0
1,10105,1\icon10105.png,2311,32,32,0
1,10106,1\icon10106.png,2417,32,32,0
1,10107,1\icon10107.png,2720,32,32,0
1,10108,1\icon10108.png,2758,32,32,0
1,10109,1\icon10109.png,1521,32,32,0
1,10110,1\icon10110.png,2252,32,32,0
1,10111,1\icon10111.png,14196,128,128,1
1,10112,1\icon10112.png,1996,32,32,0
1,10113,1\icon10113.png,2126,32,32,0
1,10114,1\icon10114.png,2148,32,32,0
1,10115,1\icon10115.png,2509,32,32,0
1,10116,1\icon10116.png,2438,32,32,0
1,10117,1\icon10117.png,2762,32,32,0
1,10118,1\icon10118.png,2443,32,32,0
1,10119,1\icon10119.png,1449,32,32,0
1,10120,1\icon10120.png,2092,32,32,0
1,10121,1\icon10121.png,1802,32,32,0
1,10122,1\icon10122.png,2243,32,32,0
1,10123,1\icon10123.png,1800,32,32,0
1,10124,1\icon10124.png,1952,32,32,0
1,10125,1\icon10125.png,2016,32,32,0
1,10126,1\icon10126.png,2110,32,32,0
1,10127,1\icon10127.png,2209,32,32,0
1,10128,1\icon10128.png,1957,32,32,0
1,10129,1\icon10129.png,1718,32,32,0
1,10130,1\icon10130.png,2359,32,32,0
1,10131,1\icon10131.png,2442,32,32,0
1,10132,1\icon10132.png,2238,32,32,0
1,10133,1\icon10133.png,2397,32,32,0
1,10134,1\icon10134.png,2142,32,32,0
1,10135,1\icon10135.png,2270,32,32,0
1,10136,1\icon10136.png,2443,32,32,0
1,10137,1\icon10137.png,2436,32,32,0
1,10138,1\icon10138.png,2421,32,32,0
1,10139,1\icon10139.png,2286,32,32,0
1,10140,1\icon10140.png,2358,32,32,0
1,10141,1\icon10141.png,2363,32,32,0
1,10142,1\icon10142.png,2110,32,32,0
1,10143,1\icon10143.png,2144,32,32,0
1,10144,1\icon10144.png,2162,32,32,0
1,10145,1\icon10145.png,2315,32,32,0
1,10146,1\icon10146.png,2519,32,32,0
1,10147,1\icon10147.png,2280,32,32,0
1,10148,1\icon10148.png,2177,32,32,0
1,10149,1\icon10149.png,2149,32,32,0
1,10150,1\icon10150.png,2185,32,32,0
1,10151,1\icon10151.png,1579,32,32,0
1,10152,1\icon10152.png,2013,32,32,0
1,10153,1\icon10153.png,2377,32,32,0
1,10154,1\icon10154.png,1808,32,32,0
1,10155,1\icon10155.png,1733,32,32,0
1,10156,1\icon10156.png,2141,32,32,0
1,10157,1\icon10157.png,1868,32,32,0
1,10158,1\icon10158.png,2275,32,32,0
1,10159,1\icon10159.png,2152,32,32,0
1,10160,1\icon10160.png,2250,32,32,0
1,10161,1\icon10161.png,2201,32,32,0
1,10162,1\icon10162.png,2294,32,32,0
1,10163,1\icon10163.png,2071,32,32,0
1,10164,1\icon10164.png,2010,32,32,0
1,10165,1\icon10165.png,2483,32,32,0
1,10166,1\icon10166.png,2385,32,32,0
1,10167,1\icon10167.png,2102,32,32,0
1,10168,1\icon10168.png,1903,32,32,0
1,10169,1\icon10169.png,1998,32,32,0
1,10170,1\icon10170.png,2008,32,32,0
1,10171,1\icon10171.png,2036,32,32,0
1,10172,1\icon10172.png,2053,32,32,0
1,10173,1\icon10173.png,2076,32,32,0
1,10174,1\icon10174.png,2121,32,32,0
1,10175,1\icon10175.png,2120,32,32,0
1,10176,1\icon10176.png,1875,32,32,0
1,10177,1\icon10177.png,2095,32,32,0
1,10178,1\icon10178.png,2115,32,32,0
1,10179,1\icon10179.png,2196,32,32,0
1,10180,1\icon10180.png,1923,32,32,0
1,10181,1\icon10181.png,2012,32,32,0
1,10182,1\icon10182.png,1986,32,32,0
1,10183,1\icon10183.png,2027,32,32,0
1,10184,1\icon10184.png,2092,32,32,0
1,10185,1\icon10185.png,2347,32,32,0
1,10186,1\icon10186.png,2168,32,32,0
1,10187,1\icon10187.png,2142,32,32,0
1,10188,1\icon10188.png,1886,32,32,0
1,10189,1\icon10189.png,2123,32,32,0
1,10190,1\icon10190.png,2457,32,32,0
1,10191,1\icon10191.png,2143,32,32,0
1,10192,1\icon10192.png,2192,32,32,0
1,10193,1\icon10193.png,1974,32,32,0
1,10194,1\icon10194.png,1950,32,32,0
1,10195,1\icon10195.png,2032,32,32,0
1,10196,1\icon10196.png,1485,32,32,0
1,10197,1\icon10197.png,2620,32,32,0
1,10198,1\icon10198.png,2302,32,32,0
1,10199,1\icon10199.png,2523,32,32,0
1,10200,1\icon10200.png,2182,32,32,0
1,10201,1\icon10201.png,2113,32,32,0
1,10202,1\icon10202.png,14196,128,128,1
1,10203,1\icon10203.png,2064,32,32,0
1,10204,1\icon10204.png,2216,32,32,0
1,10205,1\icon10205.png,2364,32,32,0
1,10206,1\icon10206.png,2346,32,32,0
1,10207,1\icon10207.png,2078,32,32,0
1,10208,1\icon10208.png,2075,32,32,0
1,10209,1\icon10209.png,2066,32,32,0
1,10210,1\icon10210.png,2215,32,32,0
1,10211,1\icon10211.png,2241,32,32,0
1,10212,1\icon10212.png,2510,32,32,0
1,10213,1\icon10213.png,2548,32,32,0
1,10214,1\icon10214.png,2719,32,32,0
1,10215,1\icon10215.png,2346,32,32,0
1,10216,1\icon10216.png,2222,32,32,0
1,10217,1\icon10217.png,2065,32,32,0
1,10218,1\icon10218.png,2172,32,32,0
1,10219,1\icon10219.png,2000,32,32,0
1,10220,1\icon10220.png,2343,32,32,0
1,10221,1\icon10221.png,2934,32,32,0
1,10222,1\icon10222.png,2984,32,32,0
1,10223,1\icon10223.png,1821,32,32,0
1,10224,1\icon10224.png,1767,32,32,0
1,10225,1\icon10225.png,2016,32,32,0
1,10226,1\icon10226.png,2183,32,32,0
1,10227,1\icon10227.png,2107,32,32,0
1,10228,1\icon10228.png,2377,32,32,0
1,10229,1\icon10229.png,2406,32,32,0
1,10230,1\icon10230.png,2955,32,32,0
1,10231,1\icon10231.png,14196,128,128,1
1,10232,1\icon10232.png,14196,128,128,1
1,10233,1\icon10233.png,14196,128,128,1
1,10234,1\icon10234.png,14196,128,128,1
1,10235,1\icon10235.png,14196,128,128,1
1,10236,1\icon10236.png,14196,128,128,1
1,10237,1\icon10237.png,14196,128,128,1
1,10238,1\icon10238.png,14196,128,128,1
1,10239,1\icon10239.png,14196,128,128,1
1,10240,1\icon10240.png,14196,128,128,1
1,10241,1\icon10241.png,14196,128,128,1
1,10242,1\icon10242.png,14196,128,128,1
1,10243,1\icon10243.png,14196,128,128,1
1,10244,1\icon10244.png,14196,128,128,1
1,10245,1\icon10245.png,14196,128,128,1
1,10246,1\icon10246.png,14196,128,128,1
1,10247,1\icon10247.png,14196,128,128,1
1,10248,1\icon10248.png,14196,128,128,1
1,10249,1\icon10249.png,14196,128,128,1
1,10250,1\icon10250.png,14196,128,128,1
1,10251,1\icon10251.png,14196,128,128,1
1,10252,1\icon10252.png,14196,128,128,1
1,10253,1\icon10253.png,14196,128,128,1
1,10254,1\icon10254.png,14196,128,128,1
1,10255,1\icon10255.png,14196,128,128,1
1,10256,1\icon10256.png,14196,128,128,1
1,10257,1\icon10257.png,14196,128,128,1
1,10258,1\icon10258.png,14196,128,128,1
1,10259,1\icon10259.png,14196,128,128,1
1,10260,1\icon10260.png,14196,128,128,1
1,10261,1\icon10261.png,14196,128,128,1
1,10262,1\icon10262.png,14196,128,128,1
1,10263,1\icon10263.png,14196,128,128,1
1,10264,1\icon10264.png,14196,128,128,1
1,10265,1\icon10265.png,14196,128,128,1
1,10266,1\icon10266.png,14196,128,128,1
1,10267,1\icon10267.png,14196,128,128,1
1,10268,1\icon10268.png,14196,128,128,1
1,10269,1\icon10269.png,14196,128,128,1
1,10270,1\icon10270.png,14196,128,128,1
1,10271,1\icon10271.png,14196,128,128,1
1,10272,1\icon10272.png,14196,128,128,1
1,10273,1\icon10273.png,14196,128,128,1
1,10274,1\icon10274.png,14196,128,128,1
1,10275,1\icon10275.png,14196,128,128,1
1,10276,1\icon10276.png,14196,128,128,1
1,10277,1\icon10277.png,14196,128,128,1
1,10278,1\icon10278.png,14196,128,128,1
1,10279,1\icon10279.png,14196,128,128,1
1,10280,1\icon10280.png,14196,128,128,1
1,10281,1\icon10281.png,14196,128,128,1
1,10282,1\icon10282.png,14196,128,128,1
1,10283,1\icon10283.png,14196,128,128,1
1,10284,1\icon10284.png,14196,128,128,1
1,10285,1\icon10285.png,14196,128,128,1
1,10286,1\icon10286.png,14196,128,128,1
1,10287,1\icon10287.png,14196,128,128,1
1,10288,1\icon10288.png,14196,128,128,1
1,10289,1\icon10289.png,14196,128,128,1
1,10290,1\icon10290.png,14196,128,128,1
1,10291,1\icon10291.png,14196,128,128,1
1,10292,1\icon10292.png,14196,128,128,1
1,10293,1\icon10293.png,14196,128,128,1
1,10294,1\icon10294.png,14196,128,128,1
1,10295,1\icon10295.png,14196,128,128,1
1,10296,1\icon10296.png,14196,128,128,1
1,10297,1\icon10297.png,14196,128,128,1
1,10298,1\icon10298.png,14196,128,128,1
1,10299,1\icon10299.png,14196,128,128,1
1,10300,1\icon10300.png,14196,128,128,1
2,20000,2\icon20000.png,14196,128,128,1
2,20001,2\icon20001.png,44910,256,256,0
2,20002,2\icon20002.png,43611,256,256,0
2,20003,2\icon20003.png,44122,256,256,0
2,20004,2\icon20004.png,43539,256,256,0
2,20005,2\icon20005.png,45260,256,256,0
2,20006,2\icon20006.png,14196,128,128,1
2,20007,2\icon20007.png,14196,128,128,1
2,20008,2\icon20008.png,14196,128,128,1
2,20009,2\icon20009.png,14196,128,128,1
2,20010,2\icon20010.png,14196,128,128,1
2,20011,2\icon20011.png,1324,64,16,0
2,20012,2\icon20012.png,1007,64,16,0
2,20013,2\icon20013.png,876,64,16,0
2,20014,2\icon20014.png,1001,64,16,0
2,20015,2\icon20015.png,14196,128,128,1
2,20016,2\icon20016.png,14196,128,128,1
2,20017,2\icon20017.png,14196,128,128,1
2,20018,2\icon20018.png,14196,128,128,1
2,20019,2\icon20019.png,14196,128,128,1
2,20020,2\icon20020.png,14196,128,128,1
2,20021,2\icon20021.png,84174,256,256,0
2,20022,2\icon20022.png,82697,256,256,0
2,20023,2\icon20023.png,82891,256,256,0
2,20024,2\icon20024.png,82053,256,256,0
2,20025,2\icon20025.png,75328,256,256,0
2,20026,2\icon20026.png,76712,256,256,0
2,20027,2\icon20027.png,77230,256,256,0
2,20028,2\icon20028.png,77945,256,256,0
2,20029,2\icon20029.png,74767,256,256,0
2,20030,2\icon20030.png,74611,256,256,0
2,20031,2\icon20031.png,75918,256,256,0
2,20032,2\icon20032.png,82579,256,256,0
2,20033,2\icon20033.png,75205,256,256,0
2,20034,2\icon20034.png,78829,256,256,0
2,20035,2\icon20035.png,84011,256,256,0
2,20036,2\icon20036.png,82828,256,256,0
2,20037,2\icon20037.png,79268,256,256,0
2,20038,2\icon20038.png,73837,256,256,0
2,20039,2\icon20039.png,76918,256,256,0
2,20040,2\icon20040.png,87022,256,256,0
2,20041,2\icon20041.png,79362,256,256,0
2,20042,2\icon20042.png,83887,256,256,0
2,20043,2\icon20043.png,81140,256,256,0
2,20044,2\icon20044.png,81945,256,256,0
2,20045,2\icon20045.png,76932,256,256,0
2,20046,2\icon20046.png,79495,256,256,0
2,20047,2\icon20047.png,77842,256,256,0
2,20048,2\icon20048.png,77129,256,256,0
2,20049,2\icon20049.png,67091,256,256,0
2,20050,2\icon20050.png,78021,256,256,0
2,20051,2\icon20051.png,79436,256,256,0
2,20052,2\icon20052.png,75122,256,256,0
2,20053,2\icon20053.png,77571,256,256,0
2,20054,2\icon20054.png,79456,256,256,0
2,20055,2\icon20055.png,81048,256,256,0
2,20056,2\icon20056.png,78397,256,256,0
2,20057,2\icon20057.png,75538,256,256,0
2,20058,2\icon20058.png,83245,256,256,0
2,20059,2\icon20059.png,79331,256,256,0
2,20060,2\icon20060.png,80821,256,256,0
2,20061,2\icon20061.png,14196,128,128,1
2,20062,2\icon20062.png,14196,128,128,1
2,20063,2\icon20063.png,14196,128,128,1
2,20064,2\icon20064.png,14196,128,128,1
2,20065,2\icon20065.png,14196,128,128,1
2,20066,2\icon20066.png,14196,128,128,1
2,20067,2\icon20067.png,14196,128,128,1
2,20068,2\icon20068.png,14196,128,128,1
2,20069,2\icon20069.png,14196,128,128,1
2,20070,2\icon20070.png,14196,128,128,1
2,20071,2\icon20071.png,14196,128,128,1
2,20072,2\icon20072.png,14196,128,128,1
2,20073,2\icon20073.png,14196,128,128,1
2,20074,2\icon20074.png,14196,128,128,1
2,20075,2\icon20075.png,14196,128,128,1
2,20076,2\icon20076.png,14196,128,128,1
2,20077,2\icon20077.png,14196,128,128,1
2,20078,2\icon20078.png,14196,128,128,1
2,20079,2\icon20079.png,14196,128,128,1
2,20080,2\icon20080.png,14196,128,128,1
2,20081,2\icon20081.png,14196,128,128,1
2,20082,2\icon20082.png,14196,128,128,1
2,20083,2\icon20083.png,14196,128,128,1
2,20084,2\icon20084.png,14196,128,128,1
2,20085,2\icon20085.png,14196,128,128,1
2,20086,2\icon20086.png,14196,128,128,1
2,20087,2\icon20087.png,14196,128,128,1
2,20088,2\icon20088.png,14196,128,128,1
2,20089,2\icon20089.png,14196,128,128,1
2,20090,2\icon20090.png,14196,128,128,1
2,20091,2\icon20091.png,14196,128,128,1
2,20092,2\icon20092.png,14196,128,128,1
2,20093,2\icon20093.png,14196,128,128,1
2,20094,2\icon20094.png,14196,128,128,1
2,20095,2\icon20095.png,14196,128,128,1
2,20096,2\icon20096.png,14196,128,128,1
2,20097,2\icon20097.png,14196,128,128,1
2,20098,2\icon20098.png,14196,128,128,1
2,20099,2\icon20099.png,14196,128,128,1
2,20100,2\icon20100.png,14196,128,128,1
3,30000,3\icon30000.png,14196,128,128,1
3,30001,3\icon30001.png,4229,64,64,0
3,30002,3\icon30002.png,3999,64,64,0
3,30003,3\icon30003.png,4096,64,64,0
3,30004,3\icon30004.png,4122,64,64,0
3,30005,3\icon30005.png,3901,64,64,0
3,30006,3\icon30006.png,3901,64,64,0
3,30007,3\icon30007.png,4221,64,64,0
3,30008,3\icon30008.png,4074,64,64,0
3,30009,3\icon30009.png,3714,64,64,0
3,30010,3\icon30010.png,3843,64,64,0
3,30011,3\icon30011.png,3852,64,64,0
3,30012,3\icon30012.png,4000,64,64,0
3,30013,3\icon30013.png,4082,64,64,0
3,30014,3\icon30014.png,3976,64,64,0
3,30015,3\icon30015.png,14196,128,128,1
3,30016,3\icon30016.png,14196,128,128,1
3,30017,3\icon30017.png,4025,64,64,0
3,30018,3\icon30018.png,3985,64,64,0
3,30019,3\icon30019.png,3590,64,64,0
3,30020,3\icon30020.png,3987,64,64,0
3,30021,3\icon30021.png,3892,64,64,0
3,30022,3\icon30022.png,3987,64,64,0
3,30023,3\icon30023.png,4046,64,64,0
3,30024,3\icon30024.png,14196,128,128,1
3,30025,3\icon30025.png,14196,128,128,1
3,30026,3\icon30026.png,3935,64,64,0
3,30027,3\icon30027.png,3981,64,64,0
3,30028,3\icon30028.png,14196,128,128,1
3,30029,3\icon30029.png,3981,64,64,0
3,30030,3\icon30030.png,3830,64,64,0
3,30031,3\icon30031.png,14196,128,128,1
3,30032,3\icon30032.png,4013,64,64,0
3,30033,3\icon30033.png,3855,64,64,0
3,30034,3\icon30034.png,4196,64,64,0
3,30035,3\icon30035.png,4014,64,64,0
3,30036,3\icon30036.png,4207,64,64,0
3,30037,3\icon30037.png,4032,64,64,0
3,30038,3\icon30038.png,4163,64,64,0
3,30039,3\icon30039.png,4082,64,64,0
3,30040,3\icon30040.png,4043,64,64,0
3,30041,3\icon30041.png,4325,64,64,0
3,30042,3\icon30042.png,14196,128,128,1
3,30043,3\icon30043.png,3955,64,64,0
3,30044,3\icon30044.png,4056,64,64,0
3,30045,3\icon30045.png,4247,64,64,0
3,30046,3\icon30046.png,4236,64,64,0
3,30047,3\icon30047.png,4213,64,64,0
3,30048,3\icon30048.png,4129,64,64,0
3,30049,3\icon30049.png,3940,64,64,0
3,30050,3\icon30050.png,4190,64,64,0
3,30051,3\icon30051.png,3925,64,64,0
3,30052,3\icon30052.png,4055,64,64,0
3,30053,3\icon30053.png,4106,64,64,0
3,30054,3\icon30054.png,3975,64,64,0
3,30055,3\icon30055.png,3771,64,64,0
3,30056,3\icon30056.png,3787,64,64,0
3,30057,3\icon30057.png,4234,64,64,0
3,30058,3\icon30058.png,4083,64,64,0
3,30059,3\icon30059.png,3918,64,64,0
3,30060,3\icon30060.png,4358,64,64,0
3,30061,3\icon30061.png,3997,64,64,0
3,30062,3\icon30062.png,4305,64,64,0
3,30063,3\icon30063.png,4354,64,64,0
3,30064,3\icon30064.png,4489,64,64,0
3,30065,3\icon30065.png,4035,64,64,0
3,30066,3\icon30066.png,4104,64,64,0
3,30067,3\icon30067.png,4233,64,64,0
3,30068,3\icon30068.png,4037,64,64,0
3,30069,3\icon30069.png,4245,64,64,0
3,30070,3\icon30070.png,4026,64,64,0
3,30071,3\icon30071.png,4522,64,64,0
3,30072,3\icon30072.png,14196,128,128,1
3,30073,3\icon30073.png,14196,128,128,1
3,30074,3\icon30074.png,4117,64,64,0
3,30075,3\icon30075.png,4148,64,64,0
3,30076,3\icon30076.png,4215,64,64,0
3,30077,3\icon30077.png,4606,64,64,0
3,30078,3\icon30078.png,4255,64,64,0
3,30079,3\icon30079.png,4298,64,64,0
3,30080,3\icon30080.png,4304,64,64,0
3,30081,3\icon30081.png,4188,64,64,0
3,30082,3\icon30082.png,3905,64,64,0
3,30083,3\icon30083.png,4205,64,64,0
3,30084,3\icon30084.png,4153,64,64,0
3,30085,3\icon30085.png,3938,64,64,0
3,30086,3\icon30086.png,4359,64,64,0
3,30087,3\icon30087.png,4414,64,64,0
3,30088,3\icon30088.png,4136,64,64,0
3,30089,3\icon30089.png,4291,64,64,0
3,30090,3\icon30090.png,4150,64,64,0
3,30091,3\icon30091.png,4255,64,64,0
3,30092,3\icon30092.png,4354,64,64,0
3,30093,3\icon30093.png,4350,64,64,0
3,30094,3\icon30094.png,14196,128,128,1
3,30095,3\icon30095.png,4345,64,64,0
3,30096,3\icon30096.png,4423,64,64,0
3,30097,3\icon30097.png,14196,128,128,1
3,30098,3\icon30098.png,4065,64,64,0
3,30099,3\icon30099.png,4303,64,64,0
3,30100,3\icon30100.png,4218,64,64,0
3,30101,3\icon30101.png,4649,64,64,0
3,30102,3\icon30102.png,4114,64,64,0
3,30103,3\icon30103.png,4519,64,64,0
3,30104,3\icon30104.png,4272,64,64,0
3,30105,3\icon30105.png,4527,64,64,0
3,30106,3\icon30106.png,4158,64,64,0
3,30107,3\icon30107.png,4389,64,64,0
3,30108,3\icon30108.png,4001,64,64,0
3,30109,3\icon30109.png,4376,64,64,0
3,30110,3\icon30110.png,4425,64,64,0
3,30111,3\icon30111.png,4227,64,64,0
3,30112,3\icon30112.png,4338,64,64,0
3,30113,3\icon30113.png,4531,64,64,0
3,30114,3\icon30114.png,4490,64,64,0
3,30115,3\icon30115.png,4261,64,64,0
3,30116,3\icon30116.png,4365,64,64,0
3,30117,3\icon30117.png,4394,64,64,0
3,30118,3\icon30118.png,4455,64,64,0
3,30119,3\icon30119.png,14196,128,128,1
3,30120,3\icon30120.png,14196,128,128,1
3,30121,3\icon30121.png,4145,64,64,0
3,30122,3\icon30122.png,4198,64,64,0
3,30123,3\icon30123.png,4099,64,64,0
3,30124,3\icon30124.png,4504,64,64,0
3,30125,3\icon30125.png,4376,64,64,0
3,30126,3\icon30126.png,4178,64,64,0
3,30127,3\icon30127.png,4455,64,64,0
3,30128,3\icon30128.png,4601,64,64,0
3,30129,3\icon30129.png,4228,64,64,0
3,30130,3\icon30130.png,4539,64,64,0
3,30131,3\icon30131.png,4503,64,64,0
3,30132,3\icon30132.png,4167,64,64,0
3,30133,3\icon30133.png,4323,64,64,0
3,30134,3\icon30134.png,3793,64,64,0
3,30135,3\icon30135.png,4686,64,64,0
3,30136,3\icon30136.png,4386,64,64,0
3,30137,3\icon30137.png,4455,64,64,0
3,30138,3\icon30138.png,4390,64,64,0
3,30139,3\icon30139.png,4369,64,64,0
3,30140,3\icon30140.png,4582,64,64,0
3,30141,3\icon30141.png,4513,64,64,0
3,30142,3\icon30142.png,4373,64,64,0
3,30143,3\icon30143.png,3949,64,64,0
3,30144,3\icon30144.png,4479,64,64,0
3,30145,3\icon30145.png,3720,64,64,0
3,30146,3\icon30146.png,4453,64,64,0
3,30147,3\icon30147.png,4480,64,64,0
3,30148,3\icon30148.png,4218,64,64,0
3,30149,3\icon30149.png,3958,64,64,0
3,30150,3\icon30150.png,3952,64,64,0
3,30151,3\icon30151.png,4145,64,64,0
3,30152,3\icon30152.png,4134,64,64,0
3,30153,3\icon30153.png,4175,64,64,0
3,30154,3\icon30154.png,4338,64,64,0
3,30155,3\icon30155.png,4301,64,64,0
3,30156,3\icon30156.png,4049,64,64,0
3,30157,3\icon30157.png,4255,64,64,0
3,30158,3\icon30158.png,4198,64,64,0
3,30159,3\icon30159.png,4067,64,64,0
3,30160,3\icon30160.png,4127,64,64,0
3,30161,3\icon30161.png,4178,64,64,0
3,30162,3\icon30162.png,4194,64,64,0
3,30163,3\icon30163.png,3792,64,64,0
3,30164,3\icon30164.png,4628,64,64,0
3,30165,3\icon30165.png,14196,128,128,1
3,30166,3\icon30166.png,14196,128,128,1
3,30167,3\icon30167.png,3331,64,64,0
3,30168,3\icon30168.png,3821,64,64,0
3,30169,3\icon30169.png,4523,64,64,0
3,30170,3\icon30170.png,3727,64,64,0
3,30171,3\icon30171.png,4419,64,64,0
3,30172,3\icon30172.png,4249,64,64,0
3,30173,3\icon30173.png,4293,64,64,0
3,30174,3\icon30174.png,4113,64,64,0
3,30175,3\icon30175.png,4425,64,64,0
3,30176,3\icon30176.png,4335,64,64,0
3,30177,3\icon30177.png,4390,64,64,0
3,30178,3\icon30178.png,3469,64,64,0
3,30179,3\icon30179.png,4082,64,64,0
3,30180,3\icon30180.png,3797,64,64,0
3,30181,3\icon30181.png,4368,64,64,0
3,30182,3\icon30182.png,4262,64,64,0
3,30183,3\icon30183.png,4117,64,64,0
3,30184,3\icon30184.png,4605,64,64,0
3,30185,3\icon30185.png,4137,64,64,0
3,30186,3\icon30186.png,4382,64,64,0
3,30187,3\icon30187.png,3833,64,64,0
3,30188,3\icon30188.png,14196,128,128,1
3,30189,3\icon30189.png,14196,128,128,1
3,30190,3\icon30190.png,3552,64,64,0
3,30191,3\icon30191.png,4029,64,64,0
3,30192,3\icon30192.png,4007,64,64,0
3,30193,3\icon30193.png,4005,64,64,0
3,30194,3\icon30194.png,4072,64,64,0
3,30195,3\icon30195.png,14196,128,128,1
3,30196,3\icon30196.png,3923,64,64,0
3,30197,3\icon30197.png,4022,64,64,0
3,30198,3\icon30198.png,3860,64,64,0
3,30199,3\icon30199.png,4161,64,64,0
3,30200,3\icon30200.png,3836,64,64,0
3,30201,3\icon30201.png,3653,64,64,0
3,30202,3\icon30202.png,3780,64,64,0
3,30203,3\icon30203.png,3930,64,64,0
3,30204,3\icon30204.png,3461,64,64,0
3,30205,3\icon30205.png,4031,64,64,0
3,30206,3\icon30206.png,3895,64,64,0
3,30207,3\icon30207.png,4179,64,64,0
3,30208,3\icon30208.png,4007,64,64,0
3,30209,3\icon30209.png,4106,64,64,0
3,30210,3\icon30210.png,4044,64,64,0
3,30211,3\icon30211.png,4048,64,64,0
3,30212,3\icon30212.png,4101,64,64,0
3,30213,3\icon30213.png,4180,64,64,0
3,30214,3\icon30214.png,4684,64,64,0
3,30215,3\icon30215.png,3620,64,64,0
3,30216,3\icon30216.png,4209,64,64,0
3,30217,3\icon30217.png,4043,64,64,0
3,30218,3\icon30218.png,3705,64,64,0
3,30219,3\icon30219.png,4228,64,64,0
3,30220,3\icon30220.png,3778,64,64,0
3,30221,3\icon30221.png,4446,64,64,0
3,30222,3\icon30222.png,4167,64,64,0
3,30223,3\icon30223.png,4606,64,64,0
3,30224,3\icon30224.png,4488,64,64,0
3,30225,3\icon30225.png,3651,64,64,0
3,30226,3\icon30226.png,4359,64,64,0
3,30227,3\icon30227.png,4084,64,64,0
3,30228,3\icon30228.png,4277,64,64,0
3,30229,3\icon30229.png,4038,64,64,0
3,30230,3\icon30230.png,3904,64,64,0
3,30231,3\icon30231.png,4097,64,64,0
3,30232,3\icon30232.png,6296,64,64,0
3,30233,3\icon30233.png,4123,64,64,0
3,30234,3\icon30234.png,4108,64,64,0
3,30235,3\icon30235.png,4188,64,64,0
3,30236,3\icon30236.png,4266,64,64,0
3,30237,3\icon30237.png,4173,64,64,0
3,30238,3\icon30238.png,4303,64,64,0
3,30239,3\icon30239.png,3859,64,64,0
3,30240,3\icon30240.png,3953,64,64,0
3,30241,3\icon30241.png,14196,128,128,1
3,30242,3\icon30242.png,14196,128,128,1
3,30243,3\icon30243.png,14196,128,128,1
3,30244,3\icon30244.png,4208,64,64,0
3,30245,3\icon30245.png,4292,64,64,0
3,30246,3\icon30246.png,3982,64,64,0
3,30247,3\icon30247.png,4045,64,64,0
3,30248,3\icon30248.png,3834,64,64,0
3,30249,3\icon30249.png,4189,64,64,0
3,30250,3\icon30250.png,14196,128,128,1
3,30251,3\icon30251.png,14196,128,128,1
3,30252,3\icon30252.png,4080,64,64,0
3,30253,3\icon30253.png,4378,64,64,0
3,30254,3\icon30254.png,4258,64,64,0
3,30255,3\icon30255.png,4300,64,64,0
3,30256,3\icon30256.png,4087,64,64,0
3,30257,3\icon30257.png,4180,64,64,0
3,30258,3\icon30258.png,14196,128,128,1
3,30259,3\icon30259.png,14196,128,128,1
3,30260,3\icon30260.png,14196,128,128,1
3,30261,3\icon30261.png,4129,64,64,0
3,30262,3\icon30262.png,4118,64,64,0
3,30263,3\icon30263.png,4286,64,64,0
3,30264,3\icon30264.png,14196,128,128,1
3,30265,3\icon30265.png,14196,128,128,1
3,30266,3\icon30266.png,14196,128,128,1
3,30267,3\icon30267.png,14196,128,128,1
3,30268,3\icon30268.png,14196,128,128,1
3,30269,3\icon30269.png,14196,128,128,1
3,30270,3\icon30270.png,14196,128,128,1
3,30271,3\icon30271.png,4189,64,64,0
3,30272,3\icon30272.png,4161,64,64,0
3,30273,3\icon30273.png,4346,64,64,0
3,30274,3\icon30274.png,4114,64,64,0
3,30275,3\icon30275.png,4096,64,64,0
3,30276,3\icon30276.png,4259,64,64,0
3,30277,3\icon30277.png,14196,128,128,1
3,30278,3\icon30278.png,14196,128,128,1
3,30279,3\icon30279.png,14196,128,128,1
3,30280,3\icon30280.png,14196,128,128,1
3,30281,3\icon30281.png,4287,64,64,0
3,30282,3\icon30282.png,14196,128,128,1
3,30283,3\icon30283.png,14196,128,128,1
3,30284,3\icon30284.png,14196,128,128,1
3,30285,3\icon30285.png,4196,64,64,0
3,30286,3\icon30286.png,4245,64,64,0
3,30287,3\icon30287.png,14196,128,128,1
3,30288,3\icon30288.png,4207,64,64,0
3,30289,3\icon30289.png,4292,64,64,0
3,30290,3\icon30290.png,14196,128,128,1
3,30291,3\icon30291.png,14196,128,128,1
3,30292,3\icon30292.png,14196,128,128,1
3,30293,3\icon30293.png,4474,64,64,0
3,30294,3\icon30294.png,4456,64,64,0
3,30295,3\icon30295.png,4580,64,64,0
3,30296,3\icon30296.png,4431,64,64,0
3,30297,3\icon30297.png,4556,64,64,0
3,30298,3\icon30298.png,4486,64,64,0
3,30299,3\icon30299.png,14196,128,128,1
3,30300,3\icon30300.png,14196,128,128,1
3,30301,3\icon30301.png,14196,128,128,1
3,30302,3\icon30302.png,4105,64,64,0
3,30303,3\icon30303.png,4330,64,64,0
3,30304,3\icon30304.png,4216,64,64,0
3,30305,3\icon30305.png,4147,64,64,0
3,30306,3\icon30306.png,4121,64,64,0
3,30307,3\icon30307.png,4098,64,64,0
3,30308,3\icon30308.png,4010,64,64,0
3,30309,3\icon30309.png,4376,64,64,0
3,30310,3\icon30310.png,4156,64,64,0
3,30311,3\icon30311.png,4083,64,64,0
3,30312,3\icon30312.png,3779,64,64,0
3,30313,3\icon30313.png,4615,64,64,0
3,30314,3\icon30314.png,4362,64,64,0
3,30315,3\icon30315.png,4534,64,64,0
3,30316,3\icon30316.png,4378,64,64,0
3,30317,3\icon30317.png,4766,64,64,0
3,30318,3\icon30318.png,4764,64,64,0
3,30319,3\icon30319.png,4380,64,64,0
3,30320,3\icon30320.png,4492,64,64,0
3,30321,3\icon30321.png,4390,64,64,0
3,30322,3\icon30322.png,14196,128,128,1
3,30323,3\icon30323.png,4318,64,64,0
3,30324,3\icon30324.png,4280,64,64,0
3,30325,3\icon30325.png,4164,64,64,0
3,30326,3\icon30326.png,4347,64,64,0
3,30327,3\icon30327.png,4064,64,64,0
3,30328,3\icon30328.png,4327,64,64,0
3,30329,3\icon30329.png,4163,64,64,0
3,30330,3\icon30330.png,4520,64,64,0
3,30331,3\icon30331.png,4553,64,64,0
3,30332,3\icon30332.png,4481,64,64,0
3,30333,3\icon30333.png,4784,64,64,0
3,30334,3\icon30334.png,4485,64,64,0
3,30335,3\icon30335.png,4489,64,64,0
3,30336,3\icon30336.png,4384,64,64,0
3,30337,3\icon30337.png,4702,64,64,0
3,30338,3\icon30338.png,4303,64,64,0
3,30339,3\icon30339.png,4304,64,64,0
3,30340,3\icon30340.png,4575,64,64,0
3,30341,3\icon30341.png,4253,64,64,0
3,30342,3\icon30342.png,4250,64,64,0
3,30343,3\icon30343.png,4510,64,64,0
3,30344,3\icon30344.png,4253,64,64,0
3,30345,3\icon30345.png,4580,64,64,0
3,30346,3\icon30346.png,4429,64,64,0
3,30347,3\icon30347.png,4466,64,64,0
3,30348,3\icon30348.png,4260,64,64,0
3,30349,3\icon30349.png,14196,128,128,1
3,30350,3\icon30350.png,14196,128,128,1
3,30351,3\icon30351.png,4620,64,64,0
3,30352,3\icon30352.png,4498,64,64,0
3,30353,3\icon30353.png,4295,64,64,0
3,30354,3\icon30354.png,4334,64,64,0
3,30355,3\icon30355.png,4378,64,64,0
3,30356,3\icon30356.png,4497,64,64,0
3,30357,3\icon30357.png,4428,64,64,0
3,30358,3\icon30358.png,4786,64,64,0
3,30359,3\icon30359.png,4520,64,64,0
3,30360,3\icon30360.png,3945,64,64,0
3,30361,3\icon30361.png,3948,64,64,0
3,30362,3\icon30362.png,14196,128,128,1
3,30363,3\icon30363.png,4000,64,64,0
3,30364,3\icon30364.png,4049,64,64,0
3,30365,3\icon30365.png,14196,128,128,1
3,30366,3\icon30366.png,4404,64,64,0
3,30367,3\icon30367.png,4445,64,64,0
3,30368,3\icon30368.png,4521,64,64,0
3,30369,3\icon30369.png,4443,64,64,0
3,30370,3\icon30370.png,4553,64,64,0
3,30371,3\icon30371.png,4622,64,64,0
3,30372,3\icon30372.png,4466,64,64,0
3,30373,3\icon30373.png,4581,64,64,0
3,30374,3\icon30374.png,3955,64,64,0
3,30375,3\icon30375.png,4022,64,64,0
3,30376,3\icon30376.png,4132,64,64,0
3,30377,3\icon30377.png,14196,128,128,1
3,30378,3\icon30378.png,4189,64,64,0
3,30379,3\icon30379.png,4211,64,64,0
3,30380,3\icon30380.png,4177,64,64,0
3,30381,3\icon30381.png,4203,64,64,0
3,30382,3\icon30382.png,4295,64,64,0
3,30383,3\icon30383.png,4308,64,64,0
3,30384,3\icon30384.png,4338,64,64,0
3,30385,3\icon30385.png,4694,64,64,0
3,30386,3\icon30386.png,4441,64,64,0
3,30387,3\icon30387.png,4449,64,64,0
3,30388,3\icon30388.png,14196,128,128,1
3,30389,3\icon30389.png,3730,64,64,0
3,30390,3\icon30390.png,3782,64,64,0
3,30391,3\icon30391.png,4352,64,64,0
3,30392,3\icon30392.png,4305,64,64,0
3,30393,3\icon30393.png,14196,128,128,1
3,30394,3\icon30394.png,4678,64,64,0
3,30395,3\icon30395.png,4589,64,64,0
3,30396,3\icon30396.png,14196,128,128,1
3,30397,3\icon30397.png,4764,64,64,0
3,30398,3\icon30398.png,4677,64,64,0
3,30399,3\icon30399.png,14196,128,128,1
3,30400,3\icon30400.png,4537,64,64,0
3,30401,3\icon30401.png,4551,64,64,0
3,30402,3\icon30402.png,14196,128,128,1
3,30403,3\icon30403.png,3982,64,64,0
3,30404,3\icon30404.png,4053,64,64,0
3,30405,3\icon30405.png,14196,128,128,1
3,30406,3\icon30406.png,4474,64,64,0
3,30407,3\icon30407.png,4526,64,64,0
3,30408,3\icon30408.png,14196,128,128,1
3,30409,3\icon30409.png,3899,64,64,0
3,30410,3\icon30410.png,3962,64,64,0
3,30411,3\icon30411.png,4516,64,64,0
3,30412,3\icon30412.png,4532,64,64,0
3,30413,3\icon30413.png,4671,64,64,0
3,30414,3\icon30414.png,4757,64,64,0
3,30415,3\icon30415.png,4354,64,64,0
3,30416,3\icon30416.png,4314,64,64,0
3,30417,3\icon30417.png,4207,64,64,0
3,30418,3\icon30418.png,4149,64,64,0
3,30419,3\icon30419.png,4028,64,64,0
3,30420,3\icon30420.png,4090,64,64,0
3,30421,3\icon30421.png,4342,64,64,0
3,30422,3\icon30422.png,4305,64,64,0
3,30423,3\icon30423.png,4189,64,64,0
3,30424,3\icon30424.png,4540,64,64,0
3,30425,3\icon30425.png,4486,64,64,0
3,30426,3\icon30426.png,4246,64,64,0
3,30427,3\icon30427.png,4352,64,64,0
3,30428,3\icon30428.png,4296,64,64,0
3,30429,3\icon30429.png,4167,64,64,0
3,30430,3\icon30430.png,4224,64,64,0
3,30431,3\icon30431.png,14196,128,128,1
3,30432,3\icon30432.png,4246,64,64,0
3,30433,3\icon30433.png,4259,64,64,0
3,30434,3\icon30434.png,3980,64,64,0
3,30435,3\icon30435.png,4057,64,64,0
3,30436,3\icon30436.png,3672,64,64,0
3,30437,3\icon30437.png,3762,64,64,0
3,30438,3\icon30438.png,3435,64,64,0
3,30439,3\icon30439.png,3500,64,64,0
3,30440,3\icon30440.png,3816,64,64,0
3,30441,3\icon30441.png,3918,64,64,0
3,30442,3\icon30442.png,3865,64,64,0
3,30443,3\icon30443.png,3964,64,64,0
3,30444,3\icon30444.png,4188,64,64,0
3,30445,3\icon30445.png,4173,64,64,0
3,30446,3\icon30446.png,4211,64,64,0
3,30447,3\icon30447.png,3960,64,64,0
3,30448,3\icon30448.png,4340,64,64,0
3,30449,3\icon30449.png,4292,64,64,0
3,30450,3\icon30450.png,4169,64,64,0
3,30451,3\icon30451.png,4222,64,64,0
3,30452,3\icon30452.png,4269,64,64,0
3,30453,3\icon30453.png,4209,64,64,0
3,30454,3\icon30454.png,4347,64,64,0
3,30455,3\icon30455.png,4430,64,64,0
3,30456,3\icon30456.png,4239,64,64,0
3,30457,3\icon30457.png,4263,64,64,0
3,30458,3\icon30458.png,4375,64,64,0
3,30459,3\icon30459.png,4250,64,64,0
3,30460,3\icon30460.png,4593,64,64,0
3,30461,3\icon30461.png,4477,64,64,0
3,30462,3\icon30462.png,4634,64,64,0
3,30463,3\icon30463.png,4786,64,64,0
3,30464,3\icon30464.png,4004,64,64,0
3,30465,3\icon30465.png,4201,64,64,0
3,30466,3\icon30466.png,4279,64,64,0
3,30467,3\icon30467.png,4209,64,64,0
3,30468,3\icon30468.png,3867,64,64,0
3,30469,3\icon30469.png,4205,64,64,0
3,30470,3\icon30470.png,3922,64,64,0
3,30471,3\icon30471.png,3842,64,64,0
3,30472,3\icon30472.png,4213,64,64,0
3,30473,3\icon30473.png,3949,64,64,0
3,30474,3\icon30474.png,4091,64,64,0
3,30475,3\icon30475.png,4048,64,64,0
3,30476,3\icon30476.png,4234,64,64,0
3,30477,3\icon30477.png,4358,64,64,0
3,30478,3\icon30478.png,3974,64,64,0
3,30479,3\icon30479.png,4354,64,64,0
3,30480,3\icon30480.png,3862,64,64,0
3,30481,3\icon30481.png,4611,64,64,0
3,30482,3\icon30482.png,4336,64,64,0
3,30483,3\icon30483.png,4511,64,64,0
3,30484,3\icon30484.png,4461,64,64,0
3,30485,3\icon30485.png,4618,64,64,0
3,30486,3\icon30486.png,4208,64,64,0
3,30487,3\icon30487.png,4374,64,64,0
3,30488,3\icon30488.png,4158,64,64,0
3,30489,3\icon30489.png,4027,64,64,0
3,30490,3\icon30490.png,4440,64,64,0
3,30491,3\icon30491.png,3888,64,64,0
3,30492,3\icon30492.png,4431,64,64,0
3,30493,3\icon30493.png,4581,64,64,0
3,30494,3\icon30494.png,4043,64,64,0
3,30495,3\icon30495.png,4201,64,64,0
3,30496,3\icon30496.png,4183,64,64,0
3,30497,3\icon30497.png,4228,64,64,0
3,30498,3\icon30498.png,4361,64,64,0
3,30499,3\icon30499.png,4406,64,64,0
3,30500,3\icon30500.png,4431,64,64,0
3,30501,3\icon30501.png,4491,64,64,0
3,30502,3\icon30502.png,4465,64,64,0
3,30503,3\icon30503.png,4020,64,64,0
3,30504,3\icon30504.png,4098,64,64,0
3,30505,3\icon30505.png,4448,64,64,0
3,30506,3\icon30506.png,4098,64,64,0
3,30507,3\icon30507.png,4444,64,64,0
3,30508,3\icon30508.png,4651,64,64,0
3,30509,3\icon30509.png,4361,64,64,0
3,30510,3\icon30510.png,4076,64,64,0
3,30511,3\icon30511.png,4122,64,64,0
3,30512,3\icon30512.png,4150,64,64,0
3,30513,3\icon30513.png,4360,64,64,0
3,30514,3\icon30514.png,4334,64,64,0
3,30515,3\icon30515.png,4523,64,64,0
3,30516,3\icon30516.png,4225,64,64,0
3,30517,3\icon30517.png,4850,64,64,0
3,30518,3\icon30518.png,4192,64,64,0
3,30519,3\icon30519.png,4393,64,64,0
3,30520,3\icon30520.png,4504,64,64,0
3,30521,3\icon30521.png,4541,64,64,0
3,30522,3\icon30522.png,4690,64,64,0
3,30523,3\icon30523.png,4825,64,64,0
3,30524,3\icon30524.png,4373,64,64,0
3,30525,3\icon30525.png,4723,64,64,0
3,30526,3\icon30526.png,4675,64,64,0
3,30527,3\icon30527.png,4512,64,64,0
3,30528,3\icon30528.png,4632,64,64,0
3,30529,3\icon30529.png,4572,64,64,0
3,30530,3\icon30530.png,4842,64,64,0
3,30531,3\icon30531.png,4798,64,64,0
3,30532,3\icon30532.png,4529,64,64,0
3,30533,3\icon30533.png,4266,64,64,0
3,30534,3\icon30534.png,4108,64,64,0
3,30535,3\icon30535.png,4095,64,64,0
3,30536,3\icon30536.png,4757,64,64,0
3,30537,3\icon30537.png,4512,64,64,0
3,30538,3\icon30538.png,14196,128,128,1
3,30539,3\icon30539.png,14196,128,128,1
3,30540,3\icon30540.png,14196,128,128,1
3,30541,3\icon30541.png,14196,128,128,1
3,30542,3\icon30542.png,14196,128,128,1
3,30543,3\icon30543.png,14196,128,128,1
3,30544,3\icon30544.png,14196,128,128,1
3,30545,3\icon30545.png,14196,128,128,1
3,30546,3\icon30546.png,14196,128,128,1
3,30547,3\icon30547.png,14196,128,128,1
3,30548,3\icon30548.png,14196,128,128,1
3,30549,3\icon30549.png,14196,128,128,1
3,30550,3\icon30550.png,14196,128,128,1
3,30551,3\icon30551.png,14196,128,128,1
3,30552,3\icon30552.png,14196,128,128,1
3,30553,3\icon30553.png,14196,128,128,1
3,30554,3\icon30554.png,14196,128,128,1
3,30555,3\icon30555.png,14196,128,128,1
3,30556,3\icon30556.png,14196,128,128,1
3,30557,3\icon30557.png,14196,128,128,1
3,30558,3\icon30558.png,14196,128,128,1
3,30559,3\icon30559.png,14196,128,128,1
3,30560,3\icon30560.png,14196,128,128,1
3,30561,3\icon30561.png,14196,128,128,1
3,30562,3\icon30562.png,14196,128,128,1
3,30563,3\icon30563.png,14196,128,128,1
3,30564,3\icon30564.png,14196,128,128,1
3,30565,3\icon30565.png,14196,128,128,1
3,30566,3\icon30566.png,14196,128,128,1
3,30567,3\icon30567.png,14196,128,128,1
3,30568,3\icon30568.png,14196,128,128,1
3,30569,3\icon30569.png,14196,128,128,1
3,30570,3\icon30570.png,14196,128,128,1
3,30571,3\icon30571.png,14196,128,128,1
3,30572,3\icon30572.png,14196,128,128,1
3,30573,3\icon30573.png,14196,128,128,1
3,30574,3\icon30574.png,14196,128,128,1
3,30575,3\icon30575.png,14196,128,128,1
3,30576,3\icon30576.png,14196,128,128,1
3,30577,3\icon30577.png,14196,128,128,1
3,30578,3\icon30578.png,14196,128,128,1
3,30579,3\icon30579.png,14196,128,128,1
3,30580,3\icon30580.png,14196,128,128,1
3,30581,3\icon30581.png,14196,128,128,1
3,30582,3\icon30582.png,14196,128,128,1
3,30583,3\icon30583.png,14196,128,128,1
3,30584,3\icon30584.png,14196,128,128,1
3,30585,3\icon30585.png,14196,128,128,1
3,30586,3\icon30586.png,14196,128,128,1
3,30587,3\icon30587.png,14196,128,128,1
3,30588,3\icon30588.png,14196,128,128,1
3,30589,3\icon30589.png,14196,128,128,1
3,30590,3\icon30590.png,14196,128,128,1
3,30591,3\icon30591.png,14196,128,128,1
3,30592,3\icon30592.png,14196,128,128,1
3,30593,3\icon30593.png,14196,128,128,1
3,30594,3\icon30594.png,14196,128,128,1
3,30595,3\icon30595.png,14196,128,128,1
3,30596,3\icon30596.png,14196,128,128,1
3,30597,3\icon30597.png,14196,128,128,1
3,30598,3\icon30598.png,14196,128,128,1
3,30599,3\icon30599.png,14196,128,128,1
3,30600,3\icon30600.png,14196,128,128,1
4,40000,4\icon40000.png,14196,128,128,1
4,40001,4\icon40001.png,2217,64,64,0
4,40002,4\icon40002.png,2118,64,64,0
4,40003,4\icon40003.png,2106,64,64,0
4,40004,4\icon40004.png,2093,64,64,0
4,40005,4\icon40005.png,1947,64,64,0
4,40006,4\icon40006.png,2098,64,64,0
4,40007,4\icon40007.png,1904,64,64,0
4,40008,4\icon40008.png,14196,128,128,1
4,40009,4\icon40009.png,14196,128,128,1
4,40010,4\icon40010.png,14196,128,128,1
4,40011,4\icon40011.png,2331,64,64,0
4,40012,4\icon40012.png,2320,64,64,0
4,40013,4\icon40013.png,2327,64,64,0
4,40014,4\icon40014.png,2324,64,64,0
4,40015,4\icon40015.png,2321,64,64,0
4,40016,4\icon40016.png,2211,64,64,0
4,40017,4\icon40017.png,2221,64,64,0
4,40018,4\icon40018.png,2207,64,64,0
4,40019,4\icon40019.png,2219,64,64,0
4,40020,4\icon40020.png,2199,64,64,0
4,40021,4\icon40021.png,2196,64,64,0
4,40022,4\icon40022.png,2181,64,64,0
4,40023,4\icon40023.png,2040,64,64,0
4,40024,4\icon40024.png,2187,64,64,0
4,40025,4\icon40025.png,2008,64,64,0
4,40026,4\icon40026.png,2198,64,64,0
4,40027,4\icon40027.png,2193,64,64,0
4,40028,4\icon40028.png,2044,64,64,0
4,40029,4\icon40029.png,2198,64,64,0
4,40030,4\icon40030.png,2017,64,64,0
4,40031,4\icon40031.png,2839,64,64,0
4,40032,4\icon40032.png,2784,64,64,0
4,40033,4\icon40033.png,2695,64,64,0
4,40034,4\icon40034.png,2792,64,64,0
4,40035,4\icon40035.png,2685,64,64,0
4,40036,4\icon40036.png,2700,64,64,0
4,40037,4\icon40037.png,2842,64,64,0
4,40038,4\icon40038.png,2542,64,64,0
4,40039,4\icon40039.png,2841,64,64,0
4,40040,4\icon40040.png,2632,64,64,0
4,40041,4\icon40041.png,2553,64,64,0
4,40042,4\icon40042.png,2544,64,64,0
4,40043,4\icon40043.png,2427,64,64,0
4,40044,4\icon40044.png,2529,64,64,0
4,40045,4\icon40045.png,2377,64,64,0
4,40046,4\icon40046.png,2509,64,64,0
4,40047,4\icon40047.png,2563,64,64,0
4,40048,4\icon40048.png,2317,64,64,0
4,40049,4\icon40049.png,2558,64,64,0
4,40050,4\icon40050.png,2346,64,64,0
4,40051,4\icon40051.png,2616,64,64,0
4,40052,4\icon40052.png,2602,64,64,0
4,40053,4\icon40053.png,2577,64,64,0
4,40054,4\icon40054.png,2590,64,64,0
4,40055,4\icon40055.png,2575,64,64,0
4,40056,4\icon40056.png,2433,64,64,0
4,40057,4\icon40057.png,2482,64,64,0
4,40058,4\icon40058.png,2411,64,64,0
4,40059,4\icon40059.png,2476,64,64,0
4,40060,4\icon40060.png,2448,64,64,0
4,40061,4\icon40061.png,2234,64,64,0
4,40062,4\icon40062.png,2244,64,64,0
4,40063,4\icon40063.png,2130,64,64,0
4,40064,4\icon40064.png,2245,64,64,0
4,40065,4\icon40065.png,2053,64,64,0
4,40066,4\icon40066.png,2225,64,64,0
4,40067,4\icon40067.png,2245,64,64,0
4,40068,4\icon40068.png,2130,64,64,0
4,40069,4\icon40069.png,2244,64,64,0
4,40070,4\icon40070.png,2047,64,64,0
4,40071,4\icon40071.png,3147,64,64,0
4,40072,4\icon40072.png,3122,64,64,0
4,40073,4\icon40073.png,3142,64,64,0
4,40074,4\icon40074.png,3105,64,64,0
4,40075,4\icon40075.png,3136,64,64,0
4,40076,4\icon40076.png,2885,64,64,0
4,40077,4\icon40077.png,3075,64,64,0
4,40078,4\icon40078.png,2860,64,64,0
4,40079,4\icon40079.png,3003,64,64,0
4,40080,4\icon40080.png,2984,64,64,0
4,40081,4\icon40081.png,2173,64,64,0
4,40082,4\icon40082.png,2163,64,64,0
4,40083,4\icon40083.png,2067,64,64,0
4,40084,4\icon40084.png,2179,64,64,0
4,40085,4\icon40085.png,2076,64,64,0
4,40086,4\icon40086.png,2195,64,64,0
4,40087,4\icon40087.png,2133,64,64,0
4,40088,4\icon40088.png,2030,64,64,0
4,40089,4\icon40089.png,2159,64,64,0
4,40090,4\icon40090.png,2042,64,64,0
4,40091,4\icon40091.png,2347,64,64,0
4,40092,4\icon40092.png,2350,64,64,0
4,40093,4\icon40093.png,2265,64,64,0
4,40094,4\icon40094.png,2344,64,64,0
4,40095,4\icon40095.png,2285,64,64,0
4,40096,4\icon40096.png,2358,64,64,0
4,40097,4\icon40097.png,2335,64,64,0
4,40098,4\icon40098.png,2183,64,64,0
4,40099,4\icon40099.png,2349,64,64,0
4,40100,4\icon40100.png,2236,64,64,0
4,40101,4\icon40101.png,2642,64,64,0
4,40102,4\icon40102.png,2660,64,64,0
4,40103,4\icon40103.png,2554,64,64,0
4,40104,4\icon40104.png,2679,64,64,0
4,40105,4\icon40105.png,2595,64,64,0
4,40106,4\icon40106.png,2558,64,64,0
4,40107,4\icon40107.png,2615,64,64,0
4,40108,4\icon40108.png,2391,64,64,0
4,40109,4\icon40109.png,2596,64,64,0
4,40110,4\icon40110.png,2499,64,64,0
4,40111,4\icon40111.png,3248,64,64,0
4,40112,4\icon40112.png,3251,64,64,0
4,40113,4\icon40113.png,3154,64,64,0
4,40114,4\icon40114.png,3285,64,64,0
4,40115,4\icon40115.png,3262,64,64,0
4,40116,4\icon40116.png,3030,64,64,0
4,40117,4\icon40117.png,3189,64,64,0
4,40118,4\icon40118.png,2902,64,64,0
4,40119,4\icon40119.png,3222,64,64,0
4,40120,4\icon40120.png,3147,64,64,0
4,40121,4\icon40121.png,2816,64,64,0
4,40122,4\icon40122.png,2845,64,64,0
4,40123,4\icon40123.png,2745,64,64,0
4,40124,4\icon40124.png,2834,64,64,0
4,40125,4\icon40125.png,2747,64,64,0
4,40126,4\icon40126.png,2679,64,64,0
4,40127,4\icon40127.png,2776,64,64,0
4,40128,4\icon40128.png,2537,64,64,0
4,40129,4\icon40129.png,2750,64,64,0
4,40130,4\icon40130.png,2628,64,64,0
4,40131,4\icon40131.png,2688,64,64,0
4,40132,4\icon40132.png,2756,64,64,0
4,40133,4\icon40133.png,2669,64,64,0
4,40134,4\icon40134.png,2818,64,64,0
4,40135,4\icon40135.png,2680,64,64,0
4,40136,4\icon40136.png,2599,64,64,0
4,40137,4\icon40137.png,2750,64,64,0
4,40138,4\icon40138.png,2490,64,64,0
4,40139,4\icon40139.png,2744,64,64,0
4,40140,4\icon40140.png,2592,64,64,0
4,40141,4\icon40141.png,2224,64,64,0
4,40142,4\icon40142.png,2252,64,64,0
4,40143,4\icon40143.png,2149,64,64,0
4,40144,4\icon40144.png,2257,64,64,0
4,40145,4\icon40145.png,2147,64,64,0
4,40146,4\icon40146.png,2219,64,64,0
4,40147,4\icon40147.png,2196,64,64,0
4,40148,4\icon40148.png,2128,64,64,0
4,40149,4\icon40149.png,2199,64,64,0
4,40150,4\icon40150.png,2128,64,64,0
4,40151,4\icon40151.png,2365,64,64,0
4,40152,4\icon40152.png,2395,64,64,0
4,40153,4\icon40153.png,2271,64,64,0
4,40154,4\icon40154.png,2402,64,64,0
4,40155,4\icon40155.png,2258,64,64,0
4,40156,4\icon40156.png,2395,64,64,0
4,40157,4\icon40157.png,2380,64,64,0
4,40158,4\icon40158.png,2274,64,64,0
4,40159,4\icon40159.png,2383,64,64,0
4,40160,4\icon40160.png,2238,64,64,0
4,40161,4\icon40161.png,2359,64,64,0
4,40162,4\icon40162.png,2362,64,64,0
4,40163,4\icon40163.png,2351,64,64,0
4,40164,4\icon40164.png,2361,64,64,0
4,40165,4\icon40165.png,2359,64,64,0
4,40166,4\icon40166.png,2252,64,64,0
4,40167,4\icon40167.png,2259,64,64,0
4,40168,4\icon40168.png,2235,64,64,0
4,40169,4\icon40169.png,2258,64,64,0
4,40170,4\icon40170.png,2249,64,64,0
4,40171,4\icon40171.png,2499,64,64,0
4,40172,4\icon40172.png,2483,64,64,0
4,40173,4\icon40173.png,2359,64,64,0
4,40174,4\icon40174.png,2498,64,64,0
4,40175,4\icon40175.png,2325,64,64,0
4,40176,4\icon40176.png,2444,64,64,0
4,40177,4\icon40177.png,2485,64,64,0
4,40178,4\icon40178.png,2297,64,64,0
4,40179,4\icon40179.png,2501,64,64,0
4,40180,4\icon40180.png,2313,64,64,0
4,40181,4\icon40181.png,2464,64,64,0
4,40182,4\icon40182.png,2466,64,64,0
4,40183,4\icon40183.png,2391,64,64,0
4,40184,4\icon40184.png,2438,64,64,0
4,40185,4\icon40185.png,2313,64,64,0
4,40186,4\icon40186.png,2408,64,64,0
4,40187,4\icon40187.png,2448,64,64,0
4,40188,4\icon40188.png,2294,64,64,0
4,40189,4\icon40189.png,2428,64,64,0
4,40190,4\icon40190.png,2326,64,64,0
4,40191,4\icon40191.png,2329,64,64,0
4,40192,4\icon40192.png,2338,64,64,0
4,40193,4\icon40193.png,2312,64,64,0
4,40194,4\icon40194.png,2351,64,64,0
4,40195,4\icon40195.png,2290,64,64,0
4,40196,4\icon40196.png,2315,64,64,0
4,40197,4\icon40197.png,2365,64,64,0
4,40198,4\icon40198.png,2264,64,64,0
4,40199,4\icon40199.png,2358,64,64,0
4,40200,4\icon40200.png,2275,64,64,0
4,40201,4\icon40201.png,2278,64,64,0
4,40202,4\icon40202.png,2269,64,64,0
4,40203,4\icon40203.png,2179,64,64,0
4,40204,4\icon40204.png,2267,64,64,0
4,40205,4\icon40205.png,2138,64,64,0
4,40206,4\icon40206.png,2206,64,64,0
4,40207,4\icon40207.png,2235,64,64,0
4,40208,4\icon40208.png,2132,64,64,0
4,40209,4\icon40209.png,2202,64,64,0
4,40210,4\icon40210.png,2113,64,64,0
4,40211,4\icon40211.png,2816,64,64,0
4,40212,4\icon40212.png,2806,64,64,0
4,40213,4\icon40213.png,2883,64,64,0
4,40214,4\icon40214.png,2889,64,64,0
4,40215,4\icon40215.png,2742,64,64,0
4,40216,4\icon40216.png,2791,64,64,0
4,40217,4\icon40217.png,2795,64,64,0
4,40218,4\icon40218.png,2702,64,64,0
4,40219,4\icon40219.png,2803,64,64,0
4,40220,4\icon40220.png,2710,64,64,0
4,40221,4\icon40221.png,4449,64,64,0
4,40222,4\icon40222.png,4386,64,64,0
4,40223,4\icon40223.png,4422,64,64,0
4,40224,4\icon40224.png,4552,64,64,0
4,40225,4\icon40225.png,4534,64,64,0
4,40226,4\icon40226.png,4038,64,64,0
4,40227,4\icon40227.png,4581,64,64,0
4,40228,4\icon40228.png,3893,64,64,0
4,40229,4\icon40229.png,4564,64,64,0
4,40230,4\icon40230.png,4327,64,64,0
4,40231,4\icon40231.png,3216,64,64,0
4,40232,4\icon40232.png,3248,64,64,0
4,40233,4\icon40233.png,3075,64,64,0
4,40234,4\icon40234.png,3177,64,64,0
4,40235,4\icon40235.png,3085,64,64,0
4,40236,4\icon40236.png,3008,64,64,0
4,40237,4\icon40237.png,3116,64,64,0
4,40238,4\icon40238.png,2868,64,64,0
4,40239,4\icon40239.png,3204,64,64,0
4,40240,4\icon40240.png,3066,64,64,0
4,40241,4\icon40241.png,3540,64,64,0
4,40242,4\icon40242.png,3526,64,64,0
4,40243,4\icon40243.png,3441,64,64,0
4,40244,4\icon40244.png,3513,64,64,0
4,40245,4\icon40245.png,3445,64,64,0
4,40246,4\icon40246.png,3353,64,64,0
4,40247,4\icon40247.png,3562,64,64,0
4,40248,4\icon40248.png,3117,64,64,0
4,40249,4\icon40249.png,3569,64,64,0
4,40250,4\icon40250.png,3303,64,64,0
4,40251,4\icon40251.png,3193,64,64,0
4,40252,4\icon40252.png,3207,64,64,0
4,40253,4\icon40253.png,3208,64,64,0
4,40254,4\icon40254.png,3283,64,64,0
4,40255,4\icon40255.png,3272,64,64,0
4,40256,4\icon40256.png,2955,64,64,0
4,40257,4\icon40257.png,3122,64,64,0
4,40258,4\icon40258.png,2893,64,64,0
4,40259,4\icon40259.png,3240,64,64,0
4,40260,4\icon40260.png,3072,64,64,0
4,40261,4\icon40261.png,2692,64,64,0
4,40262,4\icon40262.png,2687,64,64,0
4,40263,4\icon40263.png,2561,64,64,0
4,40264,4\icon40264.png,2755,64,64,0
4,40265,4\icon40265.png,2552,64,64,0
4,40266,4\icon40266.png,2617,64,64,0
4,40267,4\icon40267.png,2668,64,64,0
4,40268,4\icon40268.png,2455,64,64,0
4,40269,4\icon40269.png,2765,64,64,0
4,40270,4\icon40270.png,2513,64,64,0
4,40271,4\icon40271.png,2530,64,64,0
4,40272,4\icon40272.png,2592,64,64,0
4,40273,4\icon40273.png,2463,64,64,0
4,40274,4\icon40274.png,2571,64,64,0
4,40275,4\icon40275.png,2438,64,64,0
4,40276,4\icon40276.png,2496,64,64,0
4,40277,4\icon40277.png,2595,64,64,0
4,40278,4\icon40278.png,2366,64,64,0
4,40279,4\icon40279.png,2584,64,64,0
4,40280,4\icon40280.png,2400,64,64,0
4,40281,4\icon40281.png,2851,64,64,0
4,40282,4\icon40282.png,2831,64,64,0
4,40283,4\icon40283.png,2771,64,64,0
4,40284,4\icon40284.png,2885,64,64,0
4,40285,4\icon40285.png,2815,64,64,0
4,40286,4\icon40286.png,2734,64,64,0
4,40287,4\icon40287.png,2711,64,64,0
4,40288,4\icon40288.png,2658,64,64,0
4,40289,4\icon40289.png,2778,64,64,0
4,40290,4\icon40290.png,2738,64,64,0
4,40291,4\icon40291.png,2553,64,64,0
4,40292,4\icon40292.png,2530,64,64,0
4,40293,4\icon40293.png,2403,64,64,0
4,40294,4\icon40294.png,2569,64,64,0
4,40295,4\icon40295.png,2381,64,64,0
4,40296,4\icon40296.png,2526,64,64,0
4,40297,4\icon40297.png,2531,64,64,0
4,40298,4\icon40298.png,2396,64,64,0
4,40299,4\icon40299.png,2541,64,64,0
4,40300,4\icon40300.png,2361,64,64,0
4,40301,4\icon40301.png,3015,64,64,0
4,40302,4\icon40302.png,2915,64,64,0
4,40303,4\icon40303.png,2772,64,64,0
4,40304,4\icon40304.png,2944,64,64,0
4,40305,4\icon40305.png,2742,64,64,0
4,40306,4\icon40306.png,2841,64,64,0
4,40307,4\icon40307.png,2963,64,64,0
4,40308,4\icon40308.png,2632,64,64,0
4,40309,4\icon40309.png,2962,64,64,0
4,40310,4\icon40310.png,2776,64,64,0
4,40311,4\icon40311.png,2691,64,64,0
4,40312,4\icon40312.png,2581,64,64,0
4,40313,4\icon40313.png,2551,64,64,0
4,40314,4\icon40314.png,2716,64,64,0
4,40315,4\icon40315.png,2520,64,64,0
4,40316,4\icon40316.png,2618,64,64,0
4,40317,4\icon40317.png,2662,64,64,0
4,40318,4\icon40318.png,2410,64,64,0
4,40319,4\icon40319.png,2583,64,64,0
4,40320,4\icon40320.png,2532,64,64,0
4,40321,4\icon40321.png,2962,64,64,0
4,40322,4\icon40322.png,2864,64,64,0
4,40323,4\icon40323.png,2867,64,64,0
4,40324,4\icon40324.png,3037,64,64,0
4,40325,4\icon40325.png,2711,64,64,0
4,40326,4\icon40326.png,2831,64,64,0
4,40327,4\icon40327.png,2760,64,64,0
4,40328,4\icon40328.png,2609,64,64,0
4,40329,4\icon40329.png,2726,64,64,0
4,40330,4\icon40330.png,2725,64,64,0
4,40331,4\icon40331.png,2999,64,64,0
4,40332,4\icon40332.png,2888,64,64,0
4,40333,4\icon40333.png,2802,64,64,0
4,40334,4\icon40334.png,2943,64,64,0
4,40335,4\icon40335.png,2755,64,64,0
4,40336,4\icon40336.png,2924,64,64,0
4,40337,4\icon40337.png,2943,64,64,0
4,40338,4\icon40338.png,2667,64,64,0
4,40339,4\icon40339.png,2971,64,64,0
4,40340,4\icon40340.png,2780,64,64,0
4,40341,4\icon40341.png,3062,64,64,0
4,40342,4\icon40342.png,3131,64,64,0
4,40343,4\icon40343.png,3039,64,64,0
4,40344,4\icon40344.png,3137,64,64,0
4,40345,4\icon40345.png,2999,64,64,0
4,40346,4\icon40346.png,2961,64,64,0
4,40347,4\icon40347.png,3181,64,64,0
4,40348,4\icon40348.png,2786,64,64,0
4,40349,4\icon40349.png,3143,64,64,0
4,40350,4\icon40350.png,2913,64,64,0
4,40351,4\icon40351.png,3398,64,64,0
4,40352,4\icon40352.png,3401,64,64,0
4,40353,4\icon40353.png,3372,64,64,0
4,40354,4\icon40354.png,3348,64,64,0
4,40355,4\icon40355.png,3452,64,64,0
4,40356,4\icon40356.png,3129,64,64,0
4,40357,4\icon40357.png,3332,64,64,0
4,40358,4\icon40358.png,3069,64,64,0
4,40359,4\icon40359.png,3346,64,64,0
4,40360,4\icon40360.png,3292,64,64,0
4,40361,4\icon40361.png,4068,64,64,0
4,40362,4\icon40362.png,4055,64,64,0
4,40363,4\icon40363.png,4119,64,64,0
4,40364,4\icon40364.png,4152,64,64,0
4,40365,4\icon40365.png,4130,64,64,0
4,40366,4\icon40366.png,3680,64,64,0
4,40367,4\icon40367.png,4119,64,64,0
4,40368,4\icon40368.png,3540,64,64,0
4,40369,4\icon40369.png,4160,64,64,0
4,40370,4\icon40370.png,3910,64,64,0
4,40371,4\icon40371.png,4268,64,64,0
4,40372,4\icon40372.png,4254,64,64,0
4,40373,4\icon40373.png,4145,64,64,0
4,40374,4\icon40374.png,4307,64,64,0
4,40375,4\icon40375.png,4269,64,64,0
4,40376,4\icon40376.png,3894,64,64,0
4,40377,4\icon40377.png,4521,64,64,0
4,40378,4\icon40378.png,3652,64,64,0
4,40379,4\icon40379.png,4403,64,64,0
4,40380,4\icon40380.png,3997,64,64,0
4,40381,4\icon40381.png,3353,64,64,0
4,40382,4\icon40382.png,3412,64,64,0
4,40383,4\icon40383.png,3340,64,64,0
4,40384,4\icon40384.png,3462,64,64,0
4,40385,4\icon40385.png,3367,64,64,0
4,40386,4\icon40386.png,3149,64,64,0
4,40387,4\icon40387.png,3358,64,64,0
4,40388,4\icon40388.png,3041,64,64,0
4,40389,4\icon40389.png,3383,64,64,0
4,40390,4\icon40390.png,3237,64,64,0
4,40391,4\icon40391.png,2695,64,64,0
4,40392,4\icon40392.png,2699,64,64,0
4,40393,4\icon40393.png,2586,64,64,0
4,40394,4\icon40394.png,2733,64,64,0
4,40395,4\icon40395.png,2562,64,64,0
4,40396,4\icon40396.png,2582,64,64,0
4,40397,4\icon40397.png,2718,64,64,0
4,40398,4\icon40398.png,2427,64,64,0
4,40399,4\icon40399.png,2743,64,64,0
4,40400,4\icon40400.png,2508,64,64,0
4,40401,4\icon40401.png,2820,64,64,0
4,40402,4\icon40402.png,2781,64,64,0
4,40403,4\icon40403.png,2827,64,64,0
4,40404,4\icon40404.png,2843,64,64,0
4,40405,4\icon40405.png,2849,64,64,0
4,40406,4\icon40406.png,2647,64,64,0
4,40407,4\icon40407.png,2753,64,64,0
4,40408,4\icon40408.png,2580,64,64,0
4,40409,4\icon40409.png,2764,64,64,0
4,40410,4\icon40410.png,2673,64,64,0
4,40411,4\icon40411.png,2579,64,64,0
4,40412,4\icon40412.png,2576,64,64,0
4,40413,4\icon40413.png,2449,64,64,0
4,40414,4\icon40414.png,2605,64,64,0
4,40415,4\icon40415.png,2443,64,64,0
4,40416,4\icon40416.png,2499,64,64,0
4,40417,4\icon40417.png,2612,64,64,0
4,40418,4\icon40418.png,2355,64,64,0
4,40419,4\icon40419.png,2590,64,64,0
4,40420,4\icon40420.png,2396,64,64,0
4,40421,4\icon40421.png,2582,64,64,0
4,40422,4\icon40422.png,2567,64,64,0
4,40423,4\icon40423.png,2473,64,64,0
4,40424,4\icon40424.png,2633,64,64,0
4,40425,4\icon40425.png,2432,64,64,0
4,40426,4\icon40426.png,2521,64,64,0
4,40427,4\icon40427.png,2580,64,64,0
4,40428,4\icon40428.png,2392,64,64,0
4,40429,4\icon40429.png,2645,64,64,0
4,40430,4\icon40430.png,2410,64,64,0
4,40431,4\icon40431.png,2786,64,64,0
4,40432,4\icon40432.png,2751,64,64,0
4,40433,4\icon40433.png,2765,64,64,0
4,40434,4\icon40434.png,2799,64,64,0
4,40435,4\icon40435.png,2763,64,64,0
4,40436,4\icon40436.png,2604,64,64,0
4,40437,4\icon40437.png,2706,64,64,0
4,40438,4\icon40438.png,2560,64,64,0
4,40439,4\icon40439.png,2715,64,64,0
4,40440,4\icon40440.png,2624,64,64,0
4,40441,4\icon40441.png,3164,64,64,0
4,40442,4\icon40442.png,3205,64,64,0
4,40443,4\icon40443.png,3030,64,64,0
4,40444,4\icon40444.png,3208,64,64,0
4,40445,4\icon40445.png,3249,64,64,0
4,40446,4\icon40446.png,2975,64,64,0
4,40447,4\icon40447.png,3226,64,64,0
4,40448,4\icon40448.png,2851,64,64,0
4,40449,4\icon40449.png,3187,64,64,0
4,40450,4\icon40450.png,3028,64,64,0
4,40451,4\icon40451.png,3080,64,64,0
4,40452,4\icon40452.png,3026,64,64,0
4,40453,4\icon40453.png,2980,64,64,0
4,40454,4\icon40454.png,3061,64,64,0
4,40455,4\icon40455.png,2904,64,64,0
4,40456,4\icon40456.png,2891,64,64,0
4,40457,4\icon40457.png,3055,64,64,0
4,40458,4\icon40458.png,2792,64,64,0
4,40459,4\icon40459.png,3015,64,64,0
4,40460,4\icon40460.png,2852,64,64,0
4,40461,4\icon40461.png,3028,64,64,0
4,40462,4\icon40462.png,3074,64,64,0
4,40463,4\icon40463.png,2913,64,64,0
4,40464,4\icon40464.png,3114,64,64,0
4,40465,4\icon40465.png,2946,64,64,0
4,40466,4\icon40466.png,2903,64,64,0
4,40467,4\icon40467.png,3100,64,64,0
4,40468,4\icon40468.png,2762,64,64,0
4,40469,4\icon40469.png,3062,64,64,0
4,40470,4\icon40470.png,2901,64,64,0
4,40471,4\icon40471.png,3505,64,64,0
4,40472,4\icon40472.png,3556,64,64,0
4,40473,4\icon40473.png,3489,64,64,0
4,40474,4\icon40474.png,3573,64,64,0
4,40475,4\icon40475.png,3545,64,64,0
4,40476,4\icon40476.png,3288,64,64,0
4,40477,4\icon40477.png,3497,64,64,0
4,40478,4\icon40478.png,3188,64,64,0
4,40479,4\icon40479.png,3521,64,64,0
4,40480,4\icon40480.png,3413,64,64,0
4,40481,4\icon40481.png,4466,64,64,0
4,40482,4\icon40482.png,4434,64,64,0
4,40483,4\icon40483.png,4269,64,64,0
4,40484,4\icon40484.png,4527,64,64,0
4,40485,4\icon40485.png,4413,64,64,0
4,40486,4\icon40486.png,3963,64,64,0
4,40487,4\icon40487.png,4558,64,64,0
4,40488,4\icon40488.png,3789,64,64,0
4,40489,4\icon40489.png,4594,64,64,0
4,40490,4\icon40490.png,4222,64,64,0
4,40491,4\icon40491.png,4880,64,64,0
4,40492,4\icon40492.png,4981,64,64,0
4,40493,4\icon40493.png,4883,64,64,0
4,40494,4\icon40494.png,4975,64,64,0
4,40495,4\icon40495.png,5064,64,64,0
4,40496,4\icon40496.png,4398,64,64,0
4,40497,4\icon40497.png,5120,64,64,0
4,40498,4\icon40498.png,4234,64,64,0
4,40499,4\icon40499.png,5110,64,64,0
4,40500,4\icon40500.png,4718,64,64,0
4,40501,4\icon40501.png,3095,64,64,0
4,40502,4\icon40502.png,3095,64,64,0
4,40503,4\icon40503.png,3055,64,64,0
4,40504,4\icon40504.png,3124,64,64,0
4,40505,4\icon40505.png,3092,64,64,0
4,40506,4\icon40506.png,2868,64,64,0
4,40507,4\icon40507.png,3015,64,64,0
4,40508,4\icon40508.png,2780,64,64,0
4,40509,4\icon40509.png,3001,64,64,0
4,40510,4\icon40510.png,2926,64,64,0
4,40511,4\icon40511.png,2688,64,64,0
4,40512,4\icon40512.png,2728,64,64,0
4,40513,4\icon40513.png,2605,64,64,0
4,40514,4\icon40514.png,2774,64,64,0
4,40515,4\icon40515.png,2738,64,64,0
4,40516,4\icon40516.png,2552,64,64,0
4,40517,4\icon40517.png,2688,64,64,0
4,40518,4\icon40518.png,2507,64,64,0
4,40519,4\icon40519.png,2682,64,64,0
4,40520,4\icon40520.png,2584,64,64,0
4,40521,4\icon40521.png,3295,64,64,0
4,40522,4\icon40522.png,3273,64,64,0
4,40523,4\icon40523.png,3168,64,64,0
4,40524,4\icon40524.png,3257,64,64,0
4,40525,4\icon40525.png,3281,64,64,0
4,40526,4\icon40526.png,3138,64,64,0
4,40527,4\icon40527.png,3328,64,64,0
4,40528,4\icon40528.png,2952,64,64,0
4,40529,4\icon40529.png,3292,64,64,0
4,40530,4\icon40530.png,3128,64,64,0
4,40531,4\icon40531.png,2560,64,64,0
4,40532,4\icon40532.png,2559,64,64,0
4,40533,4\icon40533.png,2447,64,64,0
4,40534,4\icon40534.png,2583,64,64,0
4,40535,4\icon40535.png,2381,64,64,0
4,40536,4\icon40536.png,2507,64,64,0
4,40537,4\icon40537.png,2594,64,64,0
4,40538,4\icon40538.png,2378,64,64,0
4,40539,4\icon40539.png,2572,64,64,0
4,40540,4\icon40540.png,2379,64,64,0
4,40541,4\icon40541.png,2762,64,64,0
4,40542,4\icon40542.png,2751,64,64,0
4,40543,4\icon40543.png,2704,64,64,0
4,40544,4\icon40544.png,2773,64,64,0
4,40545,4\icon40545.png,2635,64,64,0
4,40546,4\icon40546.png,2632,64,64,0
4,40547,4\icon40547.png,2764,64,64,0
4,40548,4\icon40548.png,2563,64,64,0
4,40549,4\icon40549.png,2719,64,64,0
4,40550,4\icon40550.png,2570,64,64,0
4,40551,4\icon40551.png,2879,64,64,0
4,40552,4\icon40552.png,2897,64,64,0
4,40553,4\icon40553.png,2749,64,64,0
4,40554,4\icon40554.png,2916,64,64,0
4,40555,4\icon40555.png,2733,64,64,0
4,40556,4\icon40556.png,2792,64,64,0
4,40557,4\icon40557.png,2893,64,64,0
4,40558,4\icon40558.png,2662,64,64,0
4,40559,4\icon40559.png,2856,64,64,0
4,40560,4\icon40560.png,2720,64,64,0
4,40561,4\icon40561.png,2636,64,64,0
4,40562,4\icon40562.png,2675,64,64,0
4,40563,4\icon40563.png,2604,64,64,0
4,40564,4\icon40564.png,2656,64,64,0
4,40565,4\icon40565.png,2573,64,64,0
4,40566,4\icon40566.png,2554,64,64,0
4,40567,4\icon40567.png,2616,64,64,0
4,40568,4\icon40568.png,2455,64,64,0
4,40569,4\icon40569.png,2592,64,64,0
4,40570,4\icon40570.png,2517,64,64,0
4,40571,4\icon40571.png,2733,64,64,0
4,40572,4\icon40572.png,2752,64,64,0
4,40573,4\icon40573.png,2668,64,64,0
4,40574,4\icon40574.png,2776,64,64,0
4,40575,4\icon40575.png,2628,64,64,0
4,40576,4\icon40576.png,2685,64,64,0
4,40577,4\icon40577.png,2749,64,64,0
4,40578,4\icon40578.png,2587,64,64,0
4,40579,4\icon40579.png,2729,64,64,0
4,40580,4\icon40580.png,2613,64,64,0
4,40581,4\icon40581.png,14196,128,128,1
4,40582,4\icon40582.png,14196,128,128,1
4,40583,4\icon40583.png,14196,128,128,1
4,40584,4\icon40584.png,14196,128,128,1
4,40585,4\icon40585.png,14196,128,128,1
4,40586,4\icon40586.png,14196,128,128,1
4,40587,4\icon40587.png,14196,128,128,1
4,40588,4\icon40588.png,14196,128,128,1
4,40589,4\icon40589.png,14196,128,128,1
4,40590,4\icon40590.png,14196,128,128,1
4,40591,4\icon40591.png,14196,128,128,1
4,40592,4\icon40592.png,14196,128,128,1
4,40593,4\icon40593.png,14196,128,128,1
4,40594,4\icon40594.png,14196,128,128,1
4,40595,4\icon40595.png,14196,128,128,1
4,40596,4\icon40596.png,14196,128,128,1
4,40597,4\icon40597.png,14196,128,128,1
4,40598,4\icon40598.png,14196,128,128,1
4,40599,4\icon40599.png,14196,128,128,1
4,40600,4\icon40600.png,14196,128,128,1
4,40601,4\icon40601.png,14196,128,128,1
4,40602,4\icon40602.png,14196,128,128,1
4,40603,4\icon40603.png,14196,128,128,1
4,40604,4\icon40604.png,14196,128,128,1
4,40605,4\icon40605.png,14196,128,128,1
4,40606,4\icon40606.png,14196,128,128,1
4,40607,4\icon40607.png,14196,128,128,1
4,40608,4\icon40608.png,14196,128,128,1
4,40609,4\icon40609.png,14196,128,128,1
4,40610,4\icon40610.png,14196,128,128,1
4,40611,4\icon40611.png,14196,128,128,1
4,40612,4\icon40612.png,14196,128,128,1
4,40613,4\icon40613.png,14196,128,128,1
4,40614,4\icon40614.png,14196,128,128,1
4,40615,4\icon40615.png,14196,128,128,1
4,40616,4\icon40616.png,14196,128,128,1
4,40617,4\icon40617.png,14196,128,128,1
4,40618,4\icon40618.png,14196,128,128,1
4,40619,4\icon40619.png,14196,128,128,1
4,40620,4\icon40620.png,14196,128,128,1
4,40621,4\icon40621.png,14196,128,128,1
4,40622,4\icon40622.png,14196,128,128,1
4,40623,4\icon40623.png,14196,128,128,1
4,40624,4\icon40624.png,14196,128,128,1
4,40625,4\icon40625.png,14196,128,128,1
4,40626,4\icon40626.png,14196,128,128,1
4,40627,4\icon40627.png,14196,128,128,1
4,40628,4\icon40628.png,14196,128,128,1
4,40629,4\icon40629.png,14196,128,128,1
4,40630,4\icon40630.png,14196,128,128,1
4,40631,4\icon40631.png,14196,128,128,1
4,40632,4\icon40632.png,14196,128,128,1
4,40633,4\icon40633.png,14196,128,128,1
4,40634,4\icon40634.png,14196,128,128,1
4,40635,4\icon40635.png,14196,128,128,1
4,40636,4\icon40636.png,14196,128,128,1
4,40637,4\icon40637.png,14196,128,128,1
4,40638,4\icon40638.png,14196,128,128,1
4,40639,4\icon40639.png,14196,128,128,1
4,40640,4\icon40640.png,14196,128,128,1
4,40641,4\icon40641.png,14196,128,128,1
4,40642,4\icon40642.png,14196,128,128,1
4,40643,4\icon40643.png,14196,128,128,1
4,40644,4\icon40644.png,14196,128,128,1
4,40645,4\icon40645.png,14196,128,128,1
4,40646,4\icon40646.png,14196,128,128,1
4,40647,4\icon40647.png,14196,128,128,1
4,40648,4\icon40648.png,14196,128,128,1
4,40649,4\icon40649.png,14196,128,128,1
4,40650,4\icon40650.png,14196,128,128,1
4,40651,4\icon40651.png,14196,128,128,1
4,40652,4\icon40652.png,14196,128,128,1
4,40653,4\icon40653.png,14196,128,128,1
4,40654,4\icon40654.png,14196,128,128,1
4,40655,4\icon40655.png,14196,128,128,1
4,40656,4\icon40656.png,14196,128,128,1
4,40657,4\icon40657.png,14196,128,128,1
4,40658,4\icon40658.png,14196,128,128,1
4,40659,4\icon40659.png,14196,128,128,1
4,40660,4\icon40660.png,14196,128,128,1
4,40661,4\icon40661.png,14196,128,128,1
4,40662,4\icon40662.png,14196,128,128,1
4,40663,4\icon40663.png,14196,128,128,1
4,40664,4\icon40664.png,14196,128,128,1
4,40665,4\icon40665.png,14196,128,128,1
4,40666,4\icon40666.png,14196,128,128,1
4,40667,4\icon40667.png,14196,128,128,1
4,40668,4\icon40668.png,14196,128,128,1
4,40669,4\icon40669.png,14196,128,128,1
4,40670,4\icon40670.png,14196,128,128,1
4,40671,4\icon40671.png,14196,128,128,1
4,40672,4\icon40672.png,14196,128,128,1
4,40673,4\icon40673.png,14196,128,128,1
4,40674,4\icon40674.png,14196,128,128,1
4,40675,4\icon40675.png,14196,128,128,1
4,40676,4\icon40676.png,14196,128,128,1
4,40677,4\icon40677.png,14196,128,128,1
4,40678,4\icon40678.png,14196,128,128,1
4,40679,4\icon40679.png,14196,128,128,1
4,40680,4\icon40680.png,14196,128,128,1
4,40681,4\icon40681.png,14196,128,128,1
4,40682,4\icon40682.png,14196,128,128,1
4,40683,4\icon40683.png,14196,128,128,1
4,40684,4\icon40684.png,14196,128,128,1
4,40685,4\icon40685.png,14196,128,128,1
4,40686,4\icon40686.png,14196,128,128,1
4,40687,4\icon40687.png,14196,128,128,1
4,40688,4\icon40688.png,14196,128,128,1
4,40689,4\icon40689.png,14196,128,128,1
4,40690,4\icon40690.png,14196,128,128,1
4,40691,4\icon40691.png,14196,128,128,1
4,40692,4\icon40692.png,14196,128,128,1
4,40693,4\icon40693.png,14196,128,128,1
4,40694,4\icon40694.png,14196,128,128,1
4,40695,4\icon40695.png,14196,128,128,1
4,40696,4\icon40696.png,14196,128,128,1
4,40697,4\icon40697.png,14196,128,128,1
4,40698,4\icon40698.png,14196,128,128,1
4,40699,4\icon40699.png,14196,128,128,1
4,40700,4\icon40700.png,14196,128,128,1
4,40701,4\icon40701.png,14196,128,128,1
4,40702,4\icon40702.png,14196,128,128,1
4,40703,4\icon40703.png,14196,128,128,1
4,40704,4\icon40704.png,14196,128,128,1
4,40705,4\icon40705.png,14196,128,128,1
4,40706,4\icon40706.png,14196,128,128,1
4,40707,4\icon40707.png,14196,128,128,1
4,40708,4\icon40708.png,14196,128,128,1
4,40709,4\icon40709.png,14196,128,128,1
4,40710,4\icon40710.png,14196,128,128,1
4,40711,4\icon40711.png,14196,128,128,1
4,40712,4\icon40712.png,14196,128,128,1
4,40713,4\icon40713.png,14196,128,128,1
4,40714,4\icon40714.png,14196,128,128,1
4,40715,4\icon40715.png,14196,128,128,1
4,40716,4\icon40716.png,14196,128,128,1
4,40717,4\icon40717.png,14196,128,128,1
4,40718,4\icon40718.png,14196,128,128,1
4,40719,4\icon40719.png,14196,128,128,1
4,40720,4\icon40720.png,14196,128,128,1
4,40721,4\icon40721.png,14196,128,128,1
4,40722,4\icon40722.png,14196,128,128,1
4,40723,4\icon40723.png,14196,128,128,1
4,40724,4\icon40724.png,14196,128,128,1
4,40725,4\icon40725.png,14196,128,128,1
4,40726,4\icon40726.png,14196,128,128,1
4,40727,4\icon40727.png,14196,128,128,1
4,40728,4\icon40728.png,14196,128,128,1
4,40729,4\icon40729.png,14196,128,128,1
4,40730,4\icon40730.png,14196,128,128,1
4,40731,4\icon40731.png,14196,128,128,1
4,40732,4\icon40732.png,14196,128,128,1
4,40733,4\icon40733.png,14196,128,128,1
4,40734,4\icon40734.png,14196,128,128,1
4,40735,4\icon40735.png,14196,128,128,1
4,40736,4\icon40736.png,14196,128,128,1
4,40737,4\icon40737.png,14196,128,128,1
4,40738,4\icon40738.png,14196,128,128,1
4,40739,4\icon40739.png,14196,128,128,1
4,40740,4\icon40740.png,14196,128,128,1
4,40741,4\icon40741.png,14196,128,128,1
4,40742,4\icon40742.png,14196,128,128,1
4,40743,4\icon40743.png,14196,128,128,1
4,40744,4\icon40744.png,14196,128,128,1
4,40745,4\icon40745.png,14196,128,128,1
4,40746,4\icon40746.png,14196,128,128,1
4,40747,4\icon40747.png,14196,128,128,1
4,40748,4\icon40748.png,14196,128,128,1
4,40749,4\icon40749.png,14196,128,128,1
4,40750,4\icon40750.png,14196,128,128,1
4,40751,4\icon40751.png,14196,128,128,1
4,40752,4\icon40752.png,14196,128,128,1
4,40753,4\icon40753.png,14196,128,128,1
4,40754,4\icon40754.png,14196,128,128,1
4,40755,4\icon40755.png,14196,128,128,1
4,40756,4\icon40756.png,14196,128,128,1
4,40757,4\icon40757.png,14196,128,128,1
4,40758,4\icon40758.png,14196,128,128,1
4,40759,4\icon40759.png,14196,128,128,1
4,40760,4\icon40760.png,14196,128,128,1
4,40761,4\icon40761.png,14196,128,128,1
4,40762,4\icon40762.png,14196,128,128,1
4,40763,4\icon40763.png,14196,128,128,1
4,40764,4\icon40764.png,14196,128,128,1
4,40765,4\icon40765.png,14196,128,128,1
4,40766,4\icon40766.png,14196,128,128,1
4,40767,4\icon40767.png,14196,128,128,1
4,40768,4\icon40768.png,14196,128,128,1
4,40769,4\icon40769.png,14196,128,128,1
4,40770,4\icon40770.png,14196,128,128,1
4,40771,4\icon40771.png,14196,128,128,1
4,40772,4\icon40772.png,14196,128,128,1
4,40773,4\icon40773.png,14196,128,128,1
4,40774,4\icon40774.png,14196,128,128,1
4,40775,4\icon40775.png,14196,128,128,1
4,40776,4\icon40776.png,14196,128,128,1
4,40777,4\icon40777.png,14196,128,128,1
4,40778,4\icon40778.png,14196,128,128,1
4,40779,4\icon40779.png,14196,128,128,1
4,40780,4\icon40780.png,14196,128,128,1
4,40781,4\icon40781.png,14196,128,128,1
4,40782,4\icon40782.png,14196,128,128,1
4,40783,4\icon40783.png,14196,128,128,1
4,40784,4\icon40784.png,14196,128,128,1
4,40785,4\icon40785.png,14196,128,128,1
4,40786,4\icon40786.png,14196,128,128,1
4,40787,4\icon40787.png,14196,128,128,1
4,40788,4\icon40788.png,14196,128,128,1
4,40789,4\icon40789.png,14196,128,128,1
4,40790,4\icon40790.png,14196,128,128,1
4,40791,4\icon40791.png,14196,128,128,1
4,40792,4\icon40792.png,14196,128,128,1
4,40793,4\icon40793.png,14196,128,128,1
4,40794,4\icon40794.png,14196,128,128,1
4,40795,4\icon40795.png,14196,128,128,1
4,40796,4\icon40796.png,14196,128,128,1
4,40797,4\icon40797.png,14196,128,128,1
4,40798,4\icon40798.png,14196,128,128,1
4,40799,4\icon40799.png,14196,128,128,1
4,40800,4\icon40800.png,14196,128,128,1
4,40801,4\icon40801.png,14196,128,128,1
4,40802,4\icon40802.png,14196,128,128,1
4,40803,4\icon40803.png,14196,128,128,1
4,40804,4\icon40804.png,14196,128,128,1
4,40805,4\icon40805.png,14196,128,128,1
4,40806,4\icon40806.png,14196,128,128,1
4,40807,4\icon40807.png,14196,128,128,1
4,40808,4\icon40808.png,14196,128,128,1
4,40809,4\icon40809.png,14196,128,128,1
4,40810,4\icon40810.png,14196,128,128,1
4,40811,4\icon40811.png,14196,128,128,1
4,40812,4\icon40812.png,14196,128,128,1
4,40813,4\icon40813.png,14196,128,128,1
4,40814,4\icon40814.png,14196,128,128,1
4,40815,4\icon40815.png,14196,128,128,1
4,40816,4\icon40816.png,14196,128,128,1
4,40817,4\icon40817.png,14196,128,128,1
4,40818,4\icon40818.png,14196,128,128,1
4,40819,4\icon40819.png,14196,128,128,1
4,40820,4\icon40820.png,14196,128,128,1
4,40821,4\icon40821.png,14196,128,128,1
4,40822,4\icon40822.png,14196,128,128,1
4,40823,4\icon40823.png,14196,128,128,1
4,40824,4\icon40824.png,14196,128,128,1
4,40825,4\icon40825.png,14196,128,128,1
4,40826,4\icon40826.png,14196,128,128,1
4,40827,4\icon40827.png,14196,128,128,1
4,40828,4\icon40828.png,14196,128,128,1
4,40829,4\icon40829.png,14196,128,128,1
4,40830,4\icon40830.png,14196,128,128,1
4,40831,4\icon40831.png,14196,128,128,1
4,40832,4\icon40832.png,14196,128,128,1
4,40833,4\icon40833.png,14196,128,128,1
4,40834,4\icon40834.png,14196,128,128,1
4,40835,4\icon40835.png,14196,128,128,1
4,40836,4\icon40836.png,14196,128,128,1
4,40837,4\icon40837.png,14196,128,128,1
4,40838,4\icon40838.png,14196,128,128,1
4,40839,4\icon40839.png,14196,128,128,1
4,40840,4\icon40840.png,14196,128,128,1
4,40841,4\icon40841.png,14196,128,128,1
4,40842,4\icon40842.png,14196,128,128,1
4,40843,4\icon40843.png,14196,128,128,1
4,40844,4\icon40844.png,14196,128,128,1
4,40845,4\icon40845.png,14196,128,128,1
4,40846,4\icon40846.png,14196,128,128,1
4,40847,4\icon40847.png,14196,128,128,1
4,40848,4\icon40848.png,14196,128,128,1
4,40849,4\icon40849.png,14196,128,128,1
4,40850,4\icon40850.png,14196,128,128,1
4,40851,4\icon40851.png,14196,128,128,1
4,40852,4\icon40852.png,14196,128,128,1
4,40853,4\icon40853.png,14196,128,128,1
4,40854,4\icon40854.png,14196,128,128,1
4,40855,4\icon40855.png,14196,128,128,1
4,40856,4\icon40856.png,14196,128,128,1
4,40857,4\icon40857.png,14196,128,128,1
4,40858,4\icon40858.png,14196,128,128,1
4,40859,4\icon40859.png,14196,128,128,1
4,40860,4\icon40860.png,14196,128,128,1
4,40861,4\icon40861.png,14196,128,128,1
4,40862,4\icon40862.png,14196,128,128,1
4,40863,4\icon40863.png,14196,128,128,1
4,40864,4\icon40864.png,14196,128,128,1
4,40865,4\icon40865.png,14196,128,128,1
4,40866,4\icon40866.png,14196,128,128,1
4,40867,4\icon40867.png,14196,128,128,1
4,40868,4\icon40868.png,14196,128,128,1
4,40869,4\icon40869.png,14196,128,128,1
4,40870,4\icon40870.png,14196,128,128,1
4,40871,4\icon40871.png,14196,128,128,1
4,40872,4\icon40872.png,14196,128,128,1
4,40873,4\icon40873.png,14196,128,128,1
4,40874,4\icon40874.png,14196,128,128,1
4,40875,4\icon40875.png,14196,128,128,1
4,40876,4\icon40876.png,14196,128,128,1
4,40877,4\icon40877.png,14196,128,128,1
4,40878,4\icon40878.png,14196,128,128,1
4,40879,4\icon40879.png,14196,128,128,1
4,40880,4\icon40880.png,14196,128,128,1
4,40881,4\icon40881.png,14196,128,128,1
4,40882,4\icon40882.png,14196,128,128,1
4,40883,4\icon40883.png,14196,128,128,1
4,40884,4\icon40884.png,14196,128,128,1
4,40885,4\icon40885.png,14196,128,128,1
4,40886,4\icon40886.png,14196,128,128,1
4,40887,4\icon40887.png,14196,128,128,1
4,40888,4\icon40888.png,14196,128,128,1
4,40889,4\icon40889.png,14196,128,128,1
4,40890,4\icon40890.png,14196,128,128,1
4,40891,4\icon40891.png,14196,128,128,1
4,40892,4\icon40892.png,14196,128,128,1
4,40893,4\icon40893.png,14196,128,128,1
4,40894,4\icon40894.png,14196,128,128,1
4,40895,4\icon40895.png,14196,128,128,1
4,40896,4\icon40896.png,14196,128,128,1
4,40897,4\icon40897.png,14196,128,128,1
4,40898,4\icon40898.png,14196,128,128,1
4,40899,4\icon40899.png,14196,128,128,1
4,40900,4\icon40900.png,14196,128,128,1
4,40901,4\icon40901.png,14196,128,128,1
4,40902,4\icon40902.png,14196,128,128,1
4,40903,4\icon40903.png,14196,128,128,1
4,40904,4\icon40904.png,14196,128,128,1
4,40905,4\icon40905.png,14196,128,128,1
4,40906,4\icon40906.png,14196,128,128,1
4,40907,4\icon40907.png,14196,128,128,1
4,40908,4\icon40908.png,14196,128,128,1
4,40909,4\icon40909.png,14196,128,128,1
4,40910,4\icon40910.png,14196,128,128,1
4,40911,4\icon40911.png,14196,128,128,1
4,40912,4\icon40912.png,14196,128,128,1
4,40913,4\icon40913.png,14196,128,128,1
4,40914,4\icon40914.png,14196,128,128,1
4,40915,4\icon40915.png,14196,128,128,1
4,40916,4\icon40916.png,14196,128,128,1
4,40917,4\icon40917.png,14196,128,128,1
4,40918,4\icon40918.png,14196,128,128,1
4,40919,4\icon40919.png,14196,128,128,1
4,40920,4\icon40920.png,14196,128,128,1
4,40921,4\icon40921.png,14196,128,128,1
4,40922,4\icon40922.png,14196,128,128,1
4,40923,4\icon40923.png,14196,128,128,1
4,40924,4\icon40924.png,14196,128,128,1
4,40925,4\icon40925.png,14196,128,128,1
4,40926,4\icon40926.png,14196,128,128,1
4,40927,4\icon40927.png,14196,128,128,1
4,40928,4\icon40928.png,14196,128,128,1
4,40929,4\icon40929.png,14196,128,128,1
4,40930,4\icon40930.png,14196,128,128,1
4,40931,4\icon40931.png,14196,128,128,1
4,40932,4\icon40932.png,14196,128,128,1
4,40933,4\icon40933.png,14196,128,128,1
4,40934,4\icon40934.png,14196,128,128,1
4,40935,4\icon40935.png,14196,128,128,1
4,40936,4\icon40936.png,14196,128,128,1
4,40937,4\icon40937.png,14196,128,128,1
4,40938,4\icon40938.png,14196,128,128,1
4,40939,4\icon40939.png,14196,128,128,1
4,40940,4\icon40940.png,14196,128,128,1
4,40941,4\icon40941.png,14196,128,128,1
4,40942,4\icon40942.png,14196,128,128,1
4,40943,4\icon40943.png,14196,128,128,1
4,40944,4\icon40944.png,14196,128,128,1
4,40945,4\icon40945.png,14196,128,128,1
4,40946,4\icon40946.png,14196,128,128,1
4,40947,4\icon40947.png,14196,128,128,1
4,40948,4\icon40948.png,14196,128,128,1
4,40949,4\icon40949.png,14196,128,128,1
4,40950,4\icon40950.png,14196,128,128,1
4,40951,4\icon40951.png,14196,128,128,1
4,40952,4\icon40952.png,14196,128,128,1
4,40953,4\icon40953.png,14196,128,128,1
4,40954,4\icon40954.png,14196,128,128,1
4,40955,4\icon40955.png,14196,128,128,1
4,40956,4\icon40956.png,14196,128,128,1
4,40957,4\icon40957.png,14196,128,128,1
4,40958,4\icon40958.png,14196,128,128,1
4,40959,4\icon40959.png,14196,128,128,1
4,40960,4\icon40960.png,14196,128,128,1
4,40961,4\icon40961.png,14196,128,128,1
4,40962,4\icon40962.png,14196,128,128,1
4,40963,4\icon40963.png,14196,128,128,1
4,40964,4\icon40964.png,14196,128,128,1
4,40965,4\icon40965.png,14196,128,128,1
4,40966,4\icon40966.png,14196,128,128,1
4,40967,4\icon40967.png,14196,128,128,1
4,40968,4\icon40968.png,14196,128,128,1
4,40969,4\icon40969.png,14196,128,128,1
4,40970,4\icon40970.png,14196,128,128,1
4,40971,4\icon40971.png,14196,128,128,1
4,40972,4\icon40972.png,14196,128,128,1
4,40973,4\icon40973.png,14196,128,128,1
4,40974,4\icon40974.png,14196,128,128,1
4,40975,4\icon40975.png,14196,128,128,1
4,40976,4\icon40976.png,14196,128,128,1
4,40977,4\icon40977.png,14196,128,128,1
4,40978,4\icon40978.png,14196,128,128,1
4,40979,4\icon40979.png,14196,128,128,1
4,40980,4\icon40980.png,14196,128,128,1
4,40981,4\icon40981.png,14196,128,128,1
4,40982,4\icon40982.png,14196,128,128,1
4,40983,4\icon40983.png,14196,128,128,1
4,40984,4\icon40984.png,14196,128,128,1
4,40985,4\icon40985.png,14196,128,128,1
4,40986,4\icon40986.png,14196,128,128,1
4,40987,4\icon40987.png,14196,128,128,1
4,40988,4\icon40988.png,14196,128,128,1
4,40989,4\icon40989.png,14196,128,128,1
4,40990,4\icon40990.png,14196,128,128,1
4,40991,4\icon40991.png,14196,128,128,1
4,40992,4\icon40992.png,14196,128,128,1
4,40993,4\icon40993.png,14196,128,128,1
4,40994,4\icon40994.png,14196,128,128,1
4,40995,4\icon40995.png,14196,128,128,1
4,40996,4\icon40996.png,14196,128,128,1
4,40997,4\icon40997.png,14196,128,128,1
4,40998,4\icon40998.png,14196,128,128,1
4,40999,4\icon40999.png,14196,128,128,1
4,41000,4\icon41000.png,14196,128,128,1
4,41001,4\icon41001.png,7325,64,64,0
4,41002,4\icon41002.png,6643,64,64,0
4,41003,4\icon41003.png,5886,64,64,0
4,41004,4\icon41004.png,5531,64,64,0
4,41005,4\icon41005.png,4088,64,64,0
4,41006,4\icon41006.png,7612,64,64,0
4,41007,4\icon41007.png,5857,64,64,0
4,41008,4\icon41008.png,6085,64,64,0
4,41009,4\icon41009.png,5841,64,64,0
4,41010,4\icon41010.png,7176,64,64,0
4,41011,4\icon41011.png,3803,64,64,0
4,41012,4\icon41012.png,6060,64,64,0
4,41013,4\icon41013.png,4063,64,64,0
4,41014,4\icon41014.png,3781,64,64,0
4,41015,4\icon41015.png,3926,64,64,0
4,41016,4\icon41016.png,3640,64,64,0
4,41017,4\icon41017.png,3944,64,64,0
4,41018,4\icon41018.png,5450,64,64,0
4,41019,4\icon41019.png,5430,64,64,0
4,41020,4\icon41020.png,5528,64,64,0
4,41021,4\icon41021.png,6092,64,64,0
4,41022,4\icon41022.png,5096,64,64,0
4,41023,4\icon41023.png,5114,64,64,0
4,41024,4\icon41024.png,5635,64,64,0
4,41025,4\icon41025.png,5642,64,64,0
4,41026,4\icon41026.png,4545,64,64,0
4,41027,4\icon41027.png,5935,64,64,0
4,41028,4\icon41028.png,5684,64,64,0
4,41029,4\icon41029.png,5434,64,64,0
4,41030,4\icon41030.png,5395,64,64,0
4,41031,4\icon41031.png,5700,64,64,0
4,41032,4\icon41032.png,5806,64,64,0
4,41033,4\icon41033.png,5802,64,64,0
4,41034,4\icon41034.png,5823,64,64,0
4,41035,4\icon41035.png,5916,64,64,0
4,41036,4\icon41036.png,6225,64,64,0
4,41037,4\icon41037.png,5720,64,64,0
4,41038,4\icon41038.png,5838,64,64,0
4,41039,4\icon41039.png,6579,64,64,0
4,41040,4\icon41040.png,6317,64,64,0
4,41041,4\icon41041.png,6309,64,64,0
4,41042,4\icon41042.png,5888,64,64,0
4,41043,4\icon41043.png,5188,64,64,0
4,41044,4\icon41044.png,5964,64,64,0
4,41045,4\icon41045.png,7076,64,64,0
4,41046,4\icon41046.png,6993,64,64,0
4,41047,4\icon41047.png,7029,64,64,0
4,41048,4\icon41048.png,7115,64,64,0
4,41049,4\icon41049.png,5732,64,64,0
4,41050,4\icon41050.png,5734,64,64,0
4,41051,4\icon41051.png,5114,64,64,0
4,41052,4\icon41052.png,5272,64,64,0
4,41053,4\icon41053.png,6093,64,64,0
4,41054,4\icon41054.png,5841,64,64,0
4,41055,4\icon41055.png,7094,64,64,0
4,41056,4\icon41056.png,6093,64,64,0
4,41057,4\icon41057.png,6090,64,64,0
4,41058,4\icon41058.png,5695,64,64,0
4,41059,4\icon41059.png,5222,64,64,0
4,41060,4\icon41060.png,4352,64,64,0
4,41061,4\icon41061.png,5165,64,64,0
4,41062,4\icon41062.png,4273,64,64,0
4,41063,4\icon41063.png,8429,64,64,0
4,41064,4\icon41064.png,7458,64,64,0
4,41065,4\icon41065.png,5220,64,64,0
4,41066,4\icon41066.png,5243,64,64,0
4,41067,4\icon41067.png,5809,64,64,0
4,41068,4\icon41068.png,4310,64,64,0
4,41069,4\icon41069.png,7112,64,64,0
4,41070,4\icon41070.png,7977,64,64,0
4,41071,4\icon41071.png,6223,64,64,0
4,41072,4\icon41072.png,7222,64,64,0
4,41073,4\icon41073.png,7736,64,64,0
4,41074,4\icon41074.png,6176,64,64,0
4,41075,4\icon41075.png,6043,64,64,0
4,41076,4\icon41076.png,4751,64,64,0
4,41077,4\icon41077.png,9137,64,64,0
4,41078,4\icon41078.png,9491,64,64,0
4,41079,4\icon41079.png,8312,64,64,0
4,41080,4\icon41080.png,6812,64,64,0
4,41081,4\icon41081.png,7561,64,64,0
4,41082,4\icon41082.png,7236,64,64,0
4,41083,4\icon41083.png,8143,64,64,0
4,41084,4\icon41084.png,5691,64,64,0
4,41085,4\icon41085.png,7391,64,64,0
4,41086,4\icon41086.png,4286,64,64,0
4,41087,4\icon41087.png,3307,64,64,0
4,41088,4\icon41088.png,8216,64,64,0
4,41089,4\icon41089.png,8217,64,64,0
4,41090,4\icon41090.png,7130,64,64,0
4,41091,4\icon41091.png,7237,64,64,0
4,41092,4\icon41092.png,7294,64,64,0
4,41093,4\icon41093.png,7298,64,64,0
4,41094,4\icon41094.png,8807,64,64,0
4,41095,4\icon41095.png,7102,64,64,0
4,41096,4\icon41096.png,6596,64,64,0
4,41097,4\icon41097.png,6962,64,64,0
4,41098,4\icon41098.png,7594,64,64,0
4,41099,4\icon41099.png,7058,64,64,0
4,41100,4\icon41100.png,6835,64,64,0
4,41101,4\icon41101.png,3665,44,44,0
4,41102,4\icon41102.png,3527,44,44,0
4,41103,4\icon41103.png,3907,44,44,0
4,41104,4\icon41104.png,3741,44,44,0
4,41105,4\icon41105.png,3804,44,44,0
4,41106,4\icon41106.png,3794,44,44,0
4,41107,4\icon41107.png,4197,44,44,0
4,41108,4\icon41108.png,3992,44,44,0
4,41109,4\icon41109.png,4099,44,44,0
4,41110,4\icon41110.png,4016,44,44,0
4,41111,4\icon41111.png,4049,44,44,0
4,41112,4\icon41112.png,4012,44,44,0
4,41113,4\icon41113.png,4253,44,44,0
4,41114,4\icon41114.png,4245,44,44,0
4,41115,4\icon41115.png,4044,44,44,0
4,41116,4\icon41116.png,3702,44,44,0
4,41117,4\icon41117.png,3851,44,44,0
4,41118,4\icon41118.png,3920,44,44,0
4,41119,4\icon41119.png,3922,44,44,0
4,41120,4\icon41120.png,3926,44,44,0
4,41121,4\icon41121.png,3697,44,44,0
4,41122,4\icon41122.png,4167,44,44,0
4,41123,4\icon41123.png,3929,44,44,0
4,41124,4\icon41124.png,3844,44,44,0
4,41125,4\icon41125.png,4063,44,44,0
4,41126,4\icon41126.png,3915,44,44,0
4,41127,4\icon41127.png,3998,44,44,0
4,41128,4\icon41128.png,3980,44,44,0
4,41129,4\icon41129.png,4020,44,44,0
4,41130,4\icon41130.png,3961,44,44,0
4,41131,4\icon41131.png,3838,44,44,0
4,41132,4\icon41132.png,3905,44,44,0
4,41133,4\icon41133.png,3609,44,44,0
4,41134,4\icon41134.png,4039,44,44,0
4,41135,4\icon41135.png,4093,44,44,0
4,41136,4\icon41136.png,3790,44,44,0
4,41137,4\icon41137.png,3976,44,44,0
4,41138,4\icon41138.png,3930,44,44,0
4,41139,4\icon41139.png,3873,44,44,0
4,41140,4\icon41140.png,4013,44,44,0
4,41141,4\icon41141.png,3999,44,44,0
4,41142,4\icon41142.png,3800,44,44,0
4,41143,4\icon41143.png,4073,44,44,0
4,41144,4\icon41144.png,4297,44,44,0
4,41145,4\icon41145.png,4403,44,44,0
4,41146,4\icon41146.png,3837,44,44,0
4,41147,4\icon41147.png,3994,44,44,0
4,41148,4\icon41148.png,3560,44,44,0
4,41149,4\icon41149.png,3714,44,44,0
4,41150,4\icon41150.png,3667,44,44,0
4,41151,4\icon41151.png,3737,44,44,0
4,41152,4\icon41152.png,3634,44,44,0
4,41153,4\icon41153.png,4230,44,44,0
4,41154,4\icon41154.png,4236,44,44,0
4,41155,4\icon41155.png,3917,44,44,0
4,41156,4\icon41156.png,4140,44,44,0
4,41157,4\icon41157.png,4538,44,44,0
4,41158,4\icon41158.png,4076,44,44,0
4,41159,4\icon41159.png,4040,44,44,0
4,41160,4\icon41160.png,3992,44,44,0
4,41161,4\icon41161.png,3733,44,44,0
4,41162,4\icon41162.png,3870,44,44,0
4,41163,4\icon41163.png,4041,44,44,0
4,41164,4\icon41164.png,4068,44,44,0
4,41165,4\icon41165.png,4115,44,44,0
4,41166,4\icon41166.png,3777,44,44,0
4,41167,4\icon41167.png,4074,44,44,0
4,41168,4\icon41168.png,4205,44,44,0
4,41169,4\icon41169.png,4290,44,44,0
4,41170,4\icon41170.png,3992,44,44,0
4,41171,4\icon41171.png,4178,44,44,0
4,41172,4\icon41172.png,4159,44,44,0
4,41173,4\icon41173.png,4176,44,44,0
4,41174,4\icon41174.png,4238,44,44,0
4,41175,4\icon41175.png,4254,44,44,0
4,41176,4\icon41176.png,4258,44,44,0
4,41177,4\icon41177.png,4048,44,44,0
4,41178,4\icon41178.png,4271,44,44,0
4,41179,4\icon41179.png,4105,44,44,0
4,41180,4\icon41180.png,3783,44,44,0
4,41181,4\icon41181.png,4029,44,44,0
4,41182,4\icon41182.png,4203,44,44,0
4,41183,4\icon41183.png,3756,44,44,0
4,41184,4\icon41184.png,4252,44,44,0
4,41185,4\icon41185.png,4360,44,44,0
4,41186,4\icon41186.png,4275,44,44,0
4,41187,4\icon41187.png,4201,44,44,0
4,41188,4\icon41188.png,4338,44,44,0
4,41189,4\icon41189.png,4279,44,44,0
4,41190,4\icon41190.png,4252,44,44,0
4,41191,4\icon41191.png,4342,44,44,0
4,41192,4\icon41192.png,4088,44,44,0
4,41193,4\icon41193.png,4126,44,44,0
4,41194,4\icon41194.png,3728,44,44,0
4,41195,4\icon41195.png,3988,44,44,0
4,41196,4\icon41196.png,3993,44,44,0
4,41197,4\icon41197.png,4017,44,44,0
4,41198,4\icon41198.png,4124,44,44,0
4,41199,4\icon41199.png,4429,44,44,0
4,41200,4\icon41200.png,3772,44,44,0
4,41201,4\icon41201.png,3998,44,44,0
4,41202,4\icon41202.png,4044,44,44,0
4,41203,4\icon41203.png,3817,44,44,0
4,41204,4\icon41204.png,3921,44,44,0
4,41205,4\icon41205.png,4272,44,44,0
4,41206,4\icon41206.png,4214,44,44,0
4,41207,4\icon41207.png,3687,44,44,0
4,41208,4\icon41208.png,4087,44,44,0
4,41209,4\icon41209.png,4167,44,44,0
4,41210,4\icon41210.png,4105,44,44,0
4,41211,4\icon41211.png,4154,44,44,0
4,41212,4\icon41212.png,4135,44,44,0
4,41213,4\icon41213.png,4196,44,44,0
4,41214,4\icon41214.png,4136,44,44,0
4,41215,4\icon41215.png,4012,44,44,0
4,41216,4\icon41216.png,4089,44,44,0
4,41217,4\icon41217.png,3825,44,44,0
4,41218,4\icon41218.png,3934,44,44,0
4,41219,4\icon41219.png,3609,44,44,0
4,41220,4\icon41220.png,3782,44,44,0
4,41221,4\icon41221.png,4220,44,44,0
4,41222,4\icon41222.png,4230,44,44,0
4,41223,4\icon41223.png,4227,44,44,0
4,41224,4\icon41224.png,4209,44,44,0
4,41225,4\icon41225.png,4214,44,44,0
4,41226,4\icon41226.png,4248,44,44,0
4,41227,4\icon41227.png,3694,44,44,0
4,41228,4\icon41228.png,3926,44,44,0
4,41229,4\icon41229.png,4001,44,44,0
4,41230,4\icon41230.png,3793,44,44,0
4,41231,4\icon41231.png,3898,44,44,0
4,41232,4\icon41232.png,4215,44,44,0
4,41233,4\icon41233.png,3794,44,44,0
4,41234,4\icon41234.png,3896,44,44,0
4,41235,4\icon41235.png,4020,44,44,0
4,41236,4\icon41236.png,3840,44,44,0
4,41237,4\icon41237.png,4029,44,44,0
4,41238,4\icon41238.png,4015,44,44,0
4,41239,4\icon41239.png,3996,44,44,0
4,41240,4\icon41240.png,3949,44,44,0
4,41241,4\icon41241.png,3923,44,44,0
4,41242,4\icon41242.png,4284,44,44,0
4,41243,4\icon41243.png,3992,44,44,0
4,41244,4\icon41244.png,4389,44,44,0
4,41245,4\icon41245.png,4176,44,44,0
4,41246,4\icon41246.png,4363,44,44,0
4,41247,4\icon41247.png,4233,44,44,0
4,41248,4\icon41248.png,4272,44,44,0
4,41249,4\icon41249.png,4484,44,44,0
4,41250,4\icon41250.png,3950,44,44,0
4,41251,4\icon41251.png,3905,44,44,0
4,41252,4\icon41252.png,4001,44,44,0
4,41253,4\icon41253.png,4011,44,44,0
4,41254,4\icon41254.png,4584,44,44,0
4,41255,4\icon41255.png,4143,44,44,0
4,41256,4\icon41256.png,4287,44,44,0
4,41257,4\icon41257.png,4440,44,44,0
4,41258,4\icon41258.png,4478,44,44,0
4,41259,4\icon41259.png,4579,44,44,0
4,41260,4\icon41260.png,4465,44,44,0
4,41261,4\icon41261.png,4055,44,44,0
4,41262,4\icon41262.png,4588,44,44,0
4,41263,4\icon41263.png,4466,44,44,0
4,41264,4\icon41264.png,4376,44,44,0
4,41265,4\icon41265.png,4059,44,44,0
4,41266,4\icon41266.png,4474,44,44,0
4,41267,4\icon41267.png,4315,44,44,0
4,41268,4\icon41268.png,4202,44,44,0
4,41269,4\icon41269.png,3804,44,44,0
4,41270,4\icon41270.png,4277,44,44,0
4,41271,4\icon41271.png,4288,44,44,0
4,41272,4\icon41272.png,3754,44,44,0
4,41273,4\icon41273.png,4358,44,44,0
4,41274,4\icon41274.png,4223,44,44,0
4,41275,4\icon41275.png,3362,64,64,0
4,41276,4\icon41276.png,3331,64,64,0
4,41277,4\icon41277.png,3697,64,64,0
4,41278,4\icon41278.png,2624,64,64,0
4,41279,4\icon41279.png,3419,64,64,0
4,41280,4\icon41280.png,4235,64,64,0
4,41281,4\icon41281.png,4238,64,64,0
4,41282,4\icon41282.png,2671,64,64,0
4,41283,4\icon41283.png,2417,64,64,0
4,41284,4\icon41284.png,3315,64,64,0
4,41285,4\icon41285.png,3385,64,64,0
4,41286,4\icon41286.png,3554,64,64,0
4,41287,4\icon41287.png,3453,64,64,0
4,41288,4\icon41288.png,3582,64,64,0
4,41289,4\icon41289.png,2506,64,64,0
4,41290,4\icon41290.png,2881,64,64,0
4,41291,4\icon41291.png,3265,64,64,0
4,41292,4\icon41292.png,2920,64,64,0
4,41293,4\icon41293.png,4307,64,64,0
4,41294,4\icon41294.png,4619,64,64,0
4,41295,4\icon41295.png,4533,64,64,0
4,41296,4\icon41296.png,4819,64,64,0
4,41297,4\icon41297.png,4208,64,64,0
4,41298,4\icon41298.png,4141,64,64,0
4,41299,4\icon41299.png,4805,64,64,0
4,41300,4\icon41300.png,14196,128,128,1
4,41301,4\icon41301.png,14196,128,128,1
4,41302,4\icon41302.png,14196,128,128,1
4,41303,4\icon41303.png,14196,128,128,1
4,41304,4\icon41304.png,14196,128,128,1
4,41305,4\icon41305.png,14196,128,128,1
4,41306,4\icon41306.png,14196,128,128,1
4,41307,4\icon41307.png,14196,128,128,1
4,41308,4\icon41308.png,14196,128,128,1
4,41309,4\icon41309.png,14196,128,128,1
4,41310,4\icon41310.png,14196,128,128,1
4,41311,4\icon41311.png,14196,128,128,1
4,41312,4\icon41312.png,14196,128,128,1
4,41313,4\icon41313.png,14196,128,128,1
4,41314,4\icon41314.png,14196,128,128,1
4,41315,4\icon41315.png,14196,128,128,1
4,41316,4\icon41316.png,14196,128,128,1
4,41317,4\icon41317.png,14196,128,128,1
4,41318,4\icon41318.png,14196,128,128,1
4,41319,4\icon41319.png,14196,128,128,1
4,41320,4\icon41320.png,14196,128,128,1
4,41321,4\icon41321.png,14196,128,128,1
4,41322,4\icon41322.png,14196,128,128,1
4,41323,4\icon41323.png,14196,128,128,1
4,41324,4\icon41324.png,14196,128,128,1
4,41325,4\icon41325.png,14196,128,128,1
4,41326,4\icon41326.png,14196,128,128,1
4,41327,4\icon41327.png,14196,128,128,1
4,41328,4\icon41328.png,14196,128,128,1
4,41329,4\icon41329.png,14196,128,128,1
4,41330,4\icon41330.png,14196,128,128,1
4,41331,4\icon41331.png,14196,128,128,1
4,41332,4\icon41332.png,14196,128,128,1
4,41333,4\icon41333.png,14196,128,128,1
4,41334,4\icon41334.png,14196,128,128,1
4,41335,4\icon41335.png,14196,128,128,1
4,41336,4\icon41336.png,14196,128,128,1
4,41337,4\icon41337.png,14196,128,128,1
4,41338,4\icon41338.png,14196,128,128,1
4,41339,4\icon41339.png,14196,128,128,1
4,41340,4\icon41340.png,14196,128,128,1
4,41341,4\icon41341.png,14196,128,128,1
4,41342,4\icon41342.png,14196,128,128,1
4,41343,4\icon41343.png,14196,128,128,1
4,41344,4\icon41344.png,14196,128,128,1
4,41345,4\icon41345.png,14196,128,128,1
4,41346,4\icon41346.png,14196,128,128,1
4,41347,4\icon41347.png,14196,128,128,1
4,41348,4\icon41348.png,14196,128,128,1
4,41349,4\icon41349.png,14196,128,128,1
4,41350,4\icon41350.png,14196,128,128,1
4,41351,4\icon41351.png,14196,128,128,1
4,41352,4\icon41352.png,14196,128,128,1
4,41353,4\icon41353.png,14196,128,128,1
4,41354,4\icon41354.png,14196,128,128,1
4,41355,4\icon41355.png,14196,128,128,1
4,41356,4\icon41356.png,14196,128,128,1
4,41357,4\icon41357.png,14196,128,128,1
4,41358,4\icon41358.png,14196,128,128,1
4,41359,4\icon41359.png,14196,128,128,1
4,41360,4\icon41360.png,14196,128,128,1
4,41361,4\icon41361.png,14196,128,128,1
4,41362,4\icon41362.png,14196,128,128,1
4,41363,4\icon41363.png,14196,128,128,1
4,41364,4\icon41364.png,14196,128,128,1
4,41365,4\icon41365.png,14196,128,128,1
4,41366,4\icon41366.png,14196,128,128,1
4,41367,4\icon41367.png,14196,128,128,1
4,41368,4\icon41368.png,14196,128,128,1
4,41369,4\icon41369.png,14196,128,128,1
4,41370,4\icon41370.png,14196,128,128,1
4,41371,4\icon41371.png,14196,128,128,1
4,41372,4\icon41372.png,14196,128,128,1
4,41373,4\icon41373.png,14196,128,128,1
4,41374,4\icon41374.png,14196,128,128,1
4,41375,4\icon41375.png,14196,128,128,1
4,41376,4\icon41376.png,14196,128,128,1
4,41377,4\icon41377.png,14196,128,128,1
4,41378,4\icon41378.png,14196,128,128,1
4,41379,4\icon41379.png,14196,128,128,1
4,41380,4\icon41380.png,14196,128,128,1
4,41381,4\icon41381.png,14196,128,128,1
4,41382,4\icon41382.png,14196,128,128,1
4,41383,4\icon41383.png,14196,128,128,1
4,41384,4\icon41384.png,14196,128,128,1
4,41385,4\icon41385.png,14196,128,128,1
4,41386,4\icon41386.png,14196,128,128,1
4,41387,4\icon41387.png,14196,128,128,1
4,41388,4\icon41388.png,14196,128,128,1
4,41389,4\icon41389.png,14196,128,128,1
4,41390,4\icon41390.png,14196,128,128,1
4,41391,4\icon41391.png,14196,128,128,1
4,41392,4\icon41392.png,14196,128,128,1
4,41393,4\icon41393.png,14196,128,128,1
4,41394,4\icon41394.png,14196,128,128,1
4,41395,4\icon41395.png,14196,128,128,1
4,41396,4\icon41396.png,14196,128,128,1
4,41397,4\icon41397.png,14196,128,128,1
4,41398,4\icon41398.png,14196,128,128,1
4,41399,4\icon41399.png,14196,128,128,1
4,41400,4\icon41400.png,14196,128,128,1
4,41401,4\icon41401.png,14196,128,128,1
4,41402,4\icon41402.png,14196,128,128,1
4,41403,4\icon41403.png,14196,128,128,1
4,41404,4\icon41404.png,14196,128,128,1
4,41405,4\icon41405.png,14196,128,128,1
4,41406,4\icon41406.png,14196,128,128,1
4,41407,4\icon41407.png,14196,128,128,1
4,41408,4\icon41408.png,14196,128,128,1
4,41409,4\icon41409.png,14196,128,128,1
4,41410,4\icon41410.png,14196,128,128,1
4,41411,4\icon41411.png,14196,128,128,1
4,41412,4\icon41412.png,14196,128,128,1
4,41413,4\icon41413.png,14196,128,128,1
4,41414,4\icon41414.png,14196,128,128,1
4,41415,4\icon41415.png,14196,128,128,1
4,41416,4\icon41416.png,14196,128,128,1
4,41417,4\icon41417.png,14196,128,128,1
4,41418,4\icon41418.png,14196,128,128,1
4,41419,4\icon41419.png,14196,128,128,1
4,41420,4\icon41420.png,14196,128,128,1
4,41421,4\icon41421.png,14196,128,128,1
4,41422,4\icon41422.png,14196,128,128,1
4,41423,4\icon41423.png,14196,128,128,1
4,41424,4\icon41424.png,14196,128,128,1
4,41425,4\icon41425.png,14196,128,128,1
4,41426,4\icon41426.png,14196,128,128,1
4,41427,4\icon41427.png,14196,128,128,1
4,41428,4\icon41428.png,14196,128,128,1
4,41429,4\icon41429.png,14196,128,128,1
4,41430,4\icon41430.png,14196,128,128,1
4,41431,4\icon41431.png,14196,128,128,1
4,41432,4\icon41432.png,14196,128,128,1
4,41433,4\icon41433.png,14196,128,128,1
4,41434,4\icon41434.png,14196,128,128,1
4,41435,4\icon41435.png,14196,128,128,1
4,41436,4\icon41436.png,14196,128,128,1
4,41437,4\icon41437.png,14196,128,128,1
4,41438,4\icon41438.png,14196,128,128,1
4,41439,4\icon41439.png,14196,128,128,1
4,41440,4\icon41440.png,14196,128,128,1
4,41441,4\icon41441.png,14196,128,128,1
4,41442,4\icon41442.png,14196,128,128,1
4,41443,4\icon41443.png,14196,128,128,1
4,41444,4\icon41444.png,14196,128,128,1
4,41445,4\icon41445.png,14196,128,128,1
4,41446,4\icon41446.png,14196,128,128,1
4,41447,4\icon41447.png,14196,128,128,1
4,41448,4\icon41448.png,14196,128,128,1
4,41449,4\icon41449.png,14196,128,128,1
4,41450,4\icon41450.png,14196,128,128,1
4,41451,4\icon41451.png,14196,128,128,1
4,41452,4\icon41452.png,14196,128,128,1
4,41453,4\icon41453.png,14196,128,128,1
4,41454,4\icon41454.png,14196,128,128,1
4,41455,4\icon41455.png,14196,128,128,1
4,41456,4\icon41456.png,14196,128,128,1
4,41457,4\icon41457.png,14196,128,128,1
4,41458,4\icon41458.png,14196,128,128,1
4,41459,4\icon41459.png,14196,128,128,1
4,41460,4\icon41460.png,14196,128,128,1
4,41461,4\icon41461.png,14196,128,128,1
4,41462,4\icon41462.png,14196,128,128,1
4,41463,4\icon41463.png,14196,128,128,1
4,41464,4\icon41464.png,14196,128,128,1
4,41465,4\icon41465.png,14196,128,128,1
4,41466,4\icon41466.png,14196,128,128,1
4,41467,4\icon41467.png,14196,128,128,1
4,41468,4\icon41468.png,14196,128,128,1
4,41469,4\icon41469.png,14196,128,128,1
4,41470,4\icon41470.png,14196,128,128,1
4,41471,4\icon41471.png,14196,128,128,1
4,41472,4\icon41472.png,14196,128,128,1
4,41473,4\icon41473.png,14196,128,128,1
4,41474,4\icon41474.png,14196,128,128,1
4,41475,4\icon41475.png,14196,128,128,1
4,41476,4\icon41476.png,14196,128,128,1
4,41477,4\icon41477.png,14196,128,128,1
4,41478,4\icon41478.png,14196,128,128,1
4,41479,4\icon41479.png,14196,128,128,1
4,41480,4\icon41480.png,14196,128,128,1
4,41481,4\icon41481.png,14196,128,128,1
4,41482,4\icon41482.png,14196,128,128,1
4,41483,4\icon41483.png,14196,128,128,1
4,41484,4\icon41484.png,14196,128,128,1
4,41485,4\icon41485.png,14196,128,128,1
4,41486,4\icon41486.png,14196,128,128,1
4,41487,4\icon41487.png,14196,128,128,1
4,41488,4\icon41488.png,14196,128,128,1
4,41489,4\icon41489.png,14196,128,128,1
4,41490,4\icon41490.png,14196,128,128,1
4,41491,4\icon41491.png,14196,128,128,1
4,41492,4\icon41492.png,14196,128,128,1
4,41493,4\icon41493.png,14196,128,128,1
4,41494,4\icon41494.png,14196,128,128,1
4,41495,4\icon41495.png,14196,128,128,1
4,41496,4\icon41496.png,14196,128,128,1
4,41497,4\icon41497.png,14196,128,128,1
4,41498,4\icon41498.png,14196,128,128,1
4,41499,4\icon41499.png,14196,128,128,1
4,41500,4\icon41500.png,14196,128,128,1
4,41501,4\icon41501.png,14196,128,128,1
4,41502,4\icon41502.png,14196,128,128,1
4,41503,4\icon41503.png,14196,128,128,1
4,41504,4\icon41504.png,14196,128,128,1
4,41505,4\icon41505.png,14196,128,128,1
4,41506,4\icon41506.png,14196,128,128,1
4,41507,4\icon41507.png,14196,128,128,1
4,41508,4\icon41508.png,14196,128,128,1
4,41509,4\icon41509.png,14196,128,128,1
4,41510,4\icon41510.png,14196,128,128,1
4,41511,4\icon41511.png,14196,128,128,1
4,41512,4\icon41512.png,14196,128,128,1
4,41513,4\icon41513.png,14196,128,128,1
4,41514,4\icon41514.png,14196,128,128,1
4,41515,4\icon41515.png,14196,128,128,1
4,41516,4\icon41516.png,14196,128,128,1
4,41517,4\icon41517.png,14196,128,128,1
4,41518,4\icon41518.png,14196,128,128,1
4,41519,4\icon41519.png,14196,128,128,1
4,41520,4\icon41520.png,14196,128,128,1
4,41521,4\icon41521.png,14196,128,128,1
4,41522,4\icon41522.png,14196,128,128,1
4,41523,4\icon41523.png,14196,128,128,1
4,41524,4\icon41524.png,14196,128,128,1
4,41525,4\icon41525.png,14196,128,128,1
4,41526,4\icon41526.png,14196,128,128,1
4,41527,4\icon41527.png,14196,128,128,1
4,41528,4\icon41528.png,14196,128,128,1
4,41529,4\icon41529.png,14196,128,128,1
4,41530,4\icon41530.png,14196,128,128,1
4,41531,4\icon41531.png,14196,128,128,1
4,41532,4\icon41532.png,14196,128,128,1
4,41533,4\icon41533.png,14196,128,128,1
4,41534,4\icon41534.png,14196,128,128,1
4,41535,4\icon41535.png,14196,128,128,1
4,41536,4\icon41536.png,14196,128,128,1
4,41537,4\icon41537.png,14196,128,128,1
4,41538,4\icon41538.png,14196,128,128,1
4,41539,4\icon41539.png,14196,128,128,1
4,41540,4\icon41540.png,14196,128,128,1
4,41541,4\icon41541.png,14196,128,128,1
4,41542,4\icon41542.png,14196,128,128,1
4,41543,4\icon41543.png,14196,128,128,1
4,41544,4\icon41544.png,14196,128,128,1
4,41545,4\icon41545.png,14196,128,128,1
4,41546,4\icon41546.png,14196,128,128,1
4,41547,4\icon41547.png,14196,128,128,1
4,41548,4\icon41548.png,14196,128,128,1
4,41549,4\icon41549.png,14196,128,128,1
4,41550,4\icon41550.png,14196,128,128,1
4,41551,4\icon41551.png,14196,128,128,1
4,41552,4\icon41552.png,14196,128,128,1
4,41553,4\icon41553.png,14196,128,128,1
4,41554,4\icon41554.png,14196,128,128,1
4,41555,4\icon41555.png,14196,128,128,1
4,41556,4\icon41556.png,14196,128,128,1
4,41557,4\icon41557.png,14196,128,128,1
4,41558,4\icon41558.png,14196,128,128,1
4,41559,4\icon41559.png,14196,128,128,1
4,41560,4\icon41560.png,14196,128,128,1
4,41561,4\icon41561.png,14196,128,128,1
4,41562,4\icon41562.png,14196,128,128,1
4,41563,4\icon41563.png,14196,128,128,1
4,41564,4\icon41564.png,14196,128,128,1
4,41565,4\icon41565.png,14196,128,128,1
4,41566,4\icon41566.png,14196,128,128,1
4,41567,4\icon41567.png,14196,128,128,1
4,41568,4\icon41568.png,14196,128,128,1
4,41569,4\icon41569.png,14196,128,128,1
4,41570,4\icon41570.png,14196,128,128,1
4,41571,4\icon41571.png,14196,128,128,1
4,41572,4\icon41572.png,14196,128,128,1
4,41573,4\icon41573.png,14196,128,128,1
4,41574,4\icon41574.png,14196,128,128,1
4,41575,4\icon41575.png,14196,128,128,1
4,41576,4\icon41576.png,14196,128,128,1
4,41577,4\icon41577.png,14196,128,128,1
4,41578,4\icon41578.png,14196,128,128,1
4,41579,4\icon41579.png,14196,128,128,1
4,41580,4\icon41580.png,14196,128,128,1
4,41581,4\icon41581.png,14196,128,128,1
4,41582,4\icon41582.png,14196,128,128,1
4,41583,4\icon41583.png,14196,128,128,1
4,41584,4\icon41584.png,14196,128,128,1
4,41585,4\icon41585.png,14196,128,128,1
4,41586,4\icon41586.png,14196,128,128,1
4,41587,4\icon41587.png,14196,128,128,1
4,41588,4\icon41588.png,14196,128,128,1
4,41589,4\icon41589.png,14196,128,128,1
4,41590,4\icon41590.png,14196,128,128,1
4,41591,4\icon41591.png,14196,128,128,1
4,41592,4\icon41592.png,14196,128,128,1
4,41593,4\icon41593.png,14196,128,128,1
4,41594,4\icon41594.png,14196,128,128,1
4,41595,4\icon41595.png,14196,128,128,1
4,41596,4\icon41596.png,14196,128,128,1
4,41597,4\icon41597.png,14196,128,128,1
4,41598,4\icon41598.png,14196,128,128,1
4,41599,4\icon41599.png,14196,128,128,1
4,41600,4\icon41600.png,14196,128,128,1
4,41601,4\icon41601.png,14196,128,128,1
4,41602,4\icon41602.png,14196,128,128,1
4,41603,4\icon41603.png,14196,128,128,1
4,41604,4\icon41604.png,14196,128,128,1
4,41605,4\icon41605.png,14196,128,128,1
4,41606,4\icon41606.png,14196,128,128,1
4,41607,4\icon41607.png,14196,128,128,1
4,41608,4\icon41608.png,14196,128,128,1
4,41609,4\icon41609.png,14196,128,128,1
4,41610,4\icon41610.png,14196,128,128,1
4,41611,4\icon41611.png,14196,128,128,1
4,41612,4\icon41612.png,14196,128,128,1
4,41613,4\icon41613.png,14196,128,128,1
4,41614,4\icon41614.png,14196,128,128,1
4,41615,4\icon41615.png,14196,128,128,1
4,41616,4\icon41616.png,14196,128,128,1
4,41617,4\icon41617.png,14196,128,128,1
4,41618,4\icon41618.png,14196,128,128,1
4,41619,4\icon41619.png,14196,128,128,1
4,41620,4\icon41620.png,14196,128,128,1
4,41621,4\icon41621.png,14196,128,128,1
4,41622,4\icon41622.png,14196,128,128,1
4,41623,4\icon41623.png,14196,128,128,1
4,41624,4\icon41624.png,14196,128,128,1
4,41625,4\icon41625.png,14196,128,128,1
4,41626,4\icon41626.png,14196,128,128,1
4,41627,4\icon41627.png,14196,128,128,1
4,41628,4\icon41628.png,14196,128,128,1
4,41629,4\icon41629.png,14196,128,128,1
4,41630,4\icon41630.png,14196,128,128,1
4,41631,4\icon41631.png,14196,128,128,1
4,41632,4\icon41632.png,14196,128,128,1
4,41633,4\icon41633.png,14196,128,128,1
4,41634,4\icon41634.png,14196,128,128,1
4,41635,4\icon41635.png,14196,128,128,1
4,41636,4\icon41636.png,14196,128,128,1
4,41637,4\icon41637.png,14196,128,128,1
4,41638,4\icon41638.png,14196,128,128,1
4,41639,4\icon41639.png,14196,128,128,1
4,41640,4\icon41640.png,14196,128,128,1
4,41641,4\icon41641.png,14196,128,128,1
4,41642,4\icon41642.png,14196,128,128,1
4,41643,4\icon41643.png,14196,128,128,1
4,41644,4\icon41644.png,14196,128,128,1
4,41645,4\icon41645.png,14196,128,128,1
4,41646,4\icon41646.png,14196,128,128,1
4,41647,4\icon41647.png,14196,128,128,1
4,41648,4\icon41648.png,14196,128,128,1
4,41649,4\icon41649.png,14196,128,128,1
4,41650,4\icon41650.png,14196,128,128,1
4,41651,4\icon41651.png,14196,128,128,1
4,41652,4\icon41652.png,14196,128,128,1
4,41653,4\icon41653.png,14196,128,128,1
4,41654,4\icon41654.png,14196,128,128,1
4,41655,4\icon41655.png,14196,128,128,1
4,41656,4\icon41656.png,14196,128,128,1
4,41657,4\icon41657.png,14196,128,128,1
4,41658,4\icon41658.png,14196,128,128,1
4,41659,4\icon41659.png,14196,128,128,1
4,41660,4\icon41660.png,14196,128,128,1
4,41661,4\icon41661.png,14196,128,128,1
4,41662,4\icon41662.png,14196,128,128,1
4,41663,4\icon41663.png,14196,128,128,1
4,41664,4\icon41664.png,14196,128,128,1
4,41665,4\icon41665.png,14196,128,128,1
4,41666,4\icon41666.png,14196,128,128,1
4,41667,4\icon41667.png,14196,128,128,1
4,41668,4\icon41668.png,14196,128,128,1
4,41669,4\icon41669.png,14196,128,128,1
4,41670,4\icon41670.png,14196,128,128,1
4,41671,4\icon41671.png,14196,128,128,1
4,41672,4\icon41672.png,14196,128,128,1
4,41673,4\icon41673.png,14196,128,128,1
4,41674,4\icon41674.png,14196,128,128,1
4,41675,4\icon41675.png,14196,128,128,1
4,41676,4\icon41676.png,14196,128,128,1
4,41677,4\icon41677.png,14196,128,128,1
4,41678,4\icon41678.png,14196,128,128,1
4,41679,4\icon41679.png,14196,128,128,1
4,41680,4\icon41680.png,14196,128,128,1
4,41681,4\icon41681.png,14196,128,128,1
4,41682,4\icon41682.png,14196,128,128,1
4,41683,4\icon41683.png,14196,128,128,1
4,41684,4\icon41684.png,14196,128,128,1
4,41685,4\icon41685.png,14196,128,128,1
4,41686,4\icon41686.png,14196,128,128,1
4,41687,4\icon41687.png,14196,128,128,1
4,41688,4\icon41688.png,14196,128,128,1
4,41689,4\icon41689.png,14196,128,128,1
4,41690,4\icon41690.png,14196,128,128,1
4,41691,4\icon41691.png,14196,128,128,1
4,41692,4\icon41692.png,14196,128,128,1
4,41693,4\icon41693.png,14196,128,128,1
4,41694,4\icon41694.png,14196,128,128,1
4,41695,4\icon41695.png,14196,128,128,1
4,41696,4\icon41696.png,14196,128,128,1
4,41697,4\icon41697.png,14196,128,128,1
4,41698,4\icon41698.png,14196,128,128,1
4,41699,4\icon41699.png,14196,128,128,1
4,41700,4\icon41700.png,14196,128,128,1
4,41701,4\icon41701.png,14196,128,128,1
4,41702,4\icon41702.png,14196,128,128,1
4,41703,4\icon41703.png,14196,128,128,1
4,41704,4\icon41704.png,14196,128,128,1
4,41705,4\icon41705.png,14196,128,128,1
4,41706,4\icon41706.png,14196,128,128,1
4,41707,4\icon41707.png,14196,128,128,1
4,41708,4\icon41708.png,14196,128,128,1
4,41709,4\icon41709.png,14196,128,128,1
4,41710,4\icon41710.png,14196,128,128,1
4,41711,4\icon41711.png,14196,128,128,1
4,41712,4\icon41712.png,14196,128,128,1
4,41713,4\icon41713.png,14196,128,128,1
4,41714,4\icon41714.png,14196,128,128,1
4,41715,4\icon41715.png,14196,128,128,1
4,41716,4\icon41716.png,14196,128,128,1
4,41717,4\icon41717.png,14196,128,128,1
4,41718,4\icon41718.png,14196,128,128,1
4,41719,4\icon41719.png,14196,128,128,1
4,41720,4\icon41720.png,14196,128,128,1
4,41721,4\icon41721.png,14196,128,128,1
4,41722,4\icon41722.png,14196,128,128,1
4,41723,4\icon41723.png,14196,128,128,1
4,41724,4\icon41724.png,14196,128,128,1
4,41725,4\icon41725.png,14196,128,128,1
4,41726,4\icon41726.png,14196,128,128,1
4,41727,4\icon41727.png,14196,128,128,1
4,41728,4\icon41728.png,14196,128,128,1
4,41729,4\icon41729.png,14196,128,128,1
4,41730,4\icon41730.png,14196,128,128,1
4,41731,4\icon41731.png,14196,128,128,1
4,41732,4\icon41732.png,14196,128,128,1
4,41733,4\icon41733.png,14196,128,128,1
4,41734,4\icon41734.png,14196,128,128,1
4,41735,4\icon41735.png,14196,128,128,1
4,41736,4\icon41736.png,14196,128,128,1
4,41737,4\icon41737.png,14196,128,128,1
4,41738,4\icon41738.png,14196,128,128,1
4,41739,4\icon41739.png,14196,128,128,1
4,41740,4\icon41740.png,14196,128,128,1
4,41741,4\icon41741.png,14196,128,128,1
4,41742,4\icon41742.png,14196,128,128,1
4,41743,4\icon41743.png,14196,128,128,1
4,41744,4\icon41744.png,14196,128,128,1
4,41745,4\icon41745.png,14196,128,128,1
4,41746,4\icon41746.png,14196,128,128,1
4,41747,4\icon41747.png,14196,128,128,1
4,41748,4\icon41748.png,14196,128,128,1
4,41749,4\icon41749.png,14196,128,128,1
4,41750,4\icon41750.png,14196,128,128,1
4,41751,4\icon41751.png,14196,128,128,1
4,41752,4\icon41752.png,14196,128,128,1
4,41753,4\icon41753.png,14196,128,128,1
4,41754,4\icon41754.png,14196,128,128,1
4,41755,4\icon41755.png,14196,128,128,1
4,41756,4\icon41756.png,14196,128,128,1
4,41757,4\icon41757.png,14196,128,128,1
4,41758,4\icon41758.png,14196,128,128,1
4,41759,4\icon41759.png,14196,128,128,1
4,41760,4\icon41760.png,14196,128,128,1
4,41761,4\icon41761.png,14196,128,128,1
4,41762,4\icon41762.png,14196,128,128,1
4,41763,4\icon41763.png,14196,128,128,1
4,41764,4\icon41764.png,14196,128,128,1
4,41765,4\icon41765.png,14196,128,128,1
4,41766,4\icon41766.png,14196,128,128,1
4,41767,4\icon41767.png,14196,128,128,1
4,41768,4\icon41768.png,14196,128,128,1
4,41769,4\icon41769.png,14196,128,128,1
4,41770,4\icon41770.png,14196,128,128,1
4,41771,4\icon41771.png,14196,128,128,1
4,41772,4\icon41772.png,14196,128,128,1
4,41773,4\icon41773.png,14196,128,128,1
4,41774,4\icon41774.png,14196,128,128,1
4,41775,4\icon41775.png,14196,128,128,1
4,41776,4\icon41776.png,14196,128,128,1
4,41777,4\icon41777.png,14196,128,128,1
4,41778,4\icon41778.png,14196,128,128,1
4,41779,4\icon41779.png,14196,128,128,1
4,41780,4\icon41780.png,14196,128,128,1
4,41781,4\icon41781.png,14196,128,128,1
4,41782,4\icon41782.png,14196,128,128,1
4,41783,4\icon41783.png,14196,128,128,1
4,41784,4\icon41784.png,14196,128,128,1
4,41785,4\icon41785.png,14196,128,128,1
4,41786,4\icon41786.png,14196,128,128,1
4,41787,4\icon41787.png,14196,128,128,1
4,41788,4\icon41788.png,14196,128,128,1
4,41789,4\icon41789.png,14196,128,128,1
4,41790,4\icon41790.png,14196,128,128,1
4,41791,4\icon41791.png,14196,128,128,1
4,41792,4\icon41792.png,14196,128,128,1
4,41793,4\icon41793.png,14196,128,128,1
4,41794,4\icon41794.png,14196,128,128,1
4,41795,4\icon41795.png,14196,128,128,1
4,41796,4\icon41796.png,14196,128,128,1
4,41797,4\icon41797.png,14196,128,128,1
4,41798,4\icon41798.png,14196,128,128,1
4,41799,4\icon41799.png,14196,128,128,1
4,41800,4\icon41800.png,14196,128,128,1
4,41801,4\icon41801.png,14196,128,128,1
4,41802,4\icon41802.png,14196,128,128,1
4,41803,4\icon41803.png,14196,128,128,1
4,41804,4\icon41804.png,14196,128,128,1
4,41805,4\icon41805.png,14196,128,128,1
4,41806,4\icon41806.png,14196,128,128,1
4,41807,4\icon41807.png,14196,128,128,1
4,41808,4\icon41808.png,14196,128,128,1
4,41809,4\icon41809.png,14196,128,128,1
4,41810,4\icon41810.png,14196,128,128,1
4,41811,4\icon41811.png,14196,128,128,1
4,41812,4\icon41812.png,14196,128,128,1
4,41813,4\icon41813.png,14196,128,128,1
4,41814,4\icon41814.png,14196,128,128,1
4,41815,4\icon41815.png,14196,128,128,1
4,41816,4\icon41816.png,14196,128,128,1
4,41817,4\icon41817.png,14196,128,128,1
4,41818,4\icon41818.png,14196,128,128,1
4,41819,4\icon41819.png,14196,128,128,1
4,41820,4\icon41820.png,14196,128,128,1
4,41821,4\icon41821.png,14196,128,128,1
4,41822,4\icon41822.png,14196,128,128,1
4,41823,4\icon41823.png,14196,128,128,1
4,41824,4\icon41824.png,14196,128,128,1
4,41825,4\icon41825.png,14196,128,128,1
4,41826,4\icon41826.png,14196,128,128,1
4,41827,4\icon41827.png,14196,128,128,1
4,41828,4\icon41828.png,14196,128,128,1
4,41829,4\icon41829.png,14196,128,128,1
4,41830,4\icon41830.png,14196,128,128,1
4,41831,4\icon41831.png,14196,128,128,1
4,41832,4\icon41832.png,14196,128,128,1
4,41833,4\icon41833.png,14196,128,128,1
4,41834,4\icon41834.png,14196,128,128,1
4,41835,4\icon41835.png,14196,128,128,1
4,41836,4\icon41836.png,14196,128,128,1
4,41837,4\icon41837.png,14196,128,128,1
4,41838,4\icon41838.png,14196,128,128,1
4,41839,4\icon41839.png,14196,128,128,1
4,41840,4\icon41840.png,14196,128,128,1
4,41841,4\icon41841.png,14196,128,128,1
4,41842,4\icon41842.png,14196,128,128,1
4,41843,4\icon41843.png,14196,128,128,1
4,41844,4\icon41844.png,14196,128,128,1
4,41845,4\icon41845.png,14196,128,128,1
4,41846,4\icon41846.png,14196,128,128,1
4,41847,4\icon41847.png,14196,128,128,1
4,41848,4\icon41848.png,14196,128,128,1
4,41849,4\icon41849.png,14196,128,128,1
4,41850,4\icon41850.png,14196,128,128,1
4,41851,4\icon41851.png,14196,128,128,1
4,41852,4\icon41852.png,14196,128,128,1
4,41853,4\icon41853.png,14196,128,128,1
4,41854,4\icon41854.png,14196,128,128,1
4,41855,4\icon41855.png,14196,128,128,1
4,41856,4\icon41856.png,14196,128,128,1
4,41857,4\icon41857.png,14196,128,128,1
4,41858,4\icon41858.png,14196,128,128,1
4,41859,4\icon41859.png,14196,128,128,1
4,41860,4\icon41860.png,14196,128,128,1
4,41861,4\icon41861.png,14196,128,128,1
4,41862,4\icon41862.png,14196,128,128,1
4,41863,4\icon41863.png,14196,128,128,1
4,41864,4\icon41864.png,14196,128,128,1
4,41865,4\icon41865.png,14196,128,128,1
4,41866,4\icon41866.png,14196,128,128,1
4,41867,4\icon41867.png,14196,128,128,1
4,41868,4\icon41868.png,14196,128,128,1
4,41869,4\icon41869.png,14196,128,128,1
4,41870,4\icon41870.png,14196,128,128,1
4,41871,4\icon41871.png,14196,128,128,1
4,41872,4\icon41872.png,14196,128,128,1
4,41873,4\icon41873.png,14196,128,128,1
4,41874,4\icon41874.png,14196,128,128,1
4,41875,4\icon41875.png,14196,128,128,1
4,41876,4\icon41876.png,14196,128,128,1
4,41877,4\icon41877.png,14196,128,128,1
4,41878,4\icon41878.png,14196,128,128,1
4,41879,4\icon41879.png,14196,128,128,1
4,41880,4\icon41880.png,14196,128,128,1
4,41881,4\icon41881.png,14196,128,128,1
4,41882,4\icon41882.png,14196,128,128,1
4,41883,4\icon41883.png,14196,128,128,1
4,41884,4\icon41884.png,14196,128,128,1
4,41885,4\icon41885.png,14196,128,128,1
4,41886,4\icon41886.png,14196,128,128,1
4,41887,4\icon41887.png,14196,128,128,1
4,41888,4\icon41888.png,14196,128,128,1
4,41889,4\icon41889.png,14196,128,128,1
4,41890,4\icon41890.png,14196,128,128,1
4,41891,4\icon41891.png,14196,128,128,1
4,41892,4\icon41892.png,14196,128,128,1
4,41893,4\icon41893.png,14196,128,128,1
4,41894,4\icon41894.png,14196,128,128,1
4,41895,4\icon41895.png,14196,128,128,1
4,41896,4\icon41896.png,14196,128,128,1
4,41897,4\icon41897.png,14196,128,128,1
4,41898,4\icon41898.png,14196,128,128,1
4,41899,4\icon41899.png,14196,128,128,1
4,41900,4\icon41900.png,14196,128,128,1
4,41901,4\icon41901.png,14196,128,128,1
4,41902,4\icon41902.png,14196,128,128,1
4,41903,4\icon41903.png,14196,128,128,1
4,41904,4\icon41904.png,14196,128,128,1
4,41905,4\icon41905.png,14196,128,128,1
4,41906,4\icon41906.png,14196,128,128,1
4,41907,4\icon41907.png,14196,128,128,1
4,41908,4\icon41908.png,14196,128,128,1
4,41909,4\icon41909.png,14196,128,128,1
4,41910,4\icon41910.png,14196,128,128,1
4,41911,4\icon41911.png,14196,128,128,1
4,41912,4\icon41912.png,14196,128,128,1
4,41913,4\icon41913.png,14196,128,128,1
4,41914,4\icon41914.png,14196,128,128,1
4,41915,4\icon41915.png,14196,128,128,1
4,41916,4\icon41916.png,14196,128,128,1
4,41917,4\icon41917.png,14196,128,128,1
4,41918,4\icon41918.png,14196,128,128,1
4,41919,4\icon41919.png,14196,128,128,1
4,41920,4\icon41920.png,14196,128,128,1
4,41921,4\icon41921.png,14196,128,128,1
4,41922,4\icon41922.png,14196,128,128,1
4,41923,4\icon41923.png,14196,128,128,1
4,41924,4\icon41924.png,14196,128,128,1
4,41925,4\icon41925.png,14196,128,128,1
4,41926,4\icon41926.png,14196,128,128,1
4,41927,4\icon41927.png,14196,128,128,1
4,41928,4\icon41928.png,14196,128,128,1
4,41929,4\icon41929.png,14196,128,128,1
4,41930,4\icon41930.png,14196,128,128,1
4,41931,4\icon41931.png,14196,128,128,1
4,41932,4\icon41932.png,14196,128,128,1
4,41933,4\icon41933.png,14196,128,128,1
4,41934,4\icon41934.png,14196,128,128,1
4,41935,4\icon41935.png,14196,128,128,1
4,41936,4\icon41936.png,14196,128,128,1
4,41937,4\icon41937.png,14196,128,128,1
4,41938,4\icon41938.png,14196,128,128,1
4,41939,4\icon41939.png,14196,128,128,1
4,41940,4\icon41940.png,14196,128,128,1
4,41941,4\icon41941.png,14196,128,128,1
4,41942,4\icon41942.png,14196,128,128,1
4,41943,4\icon41943.png,14196,128,128,1
4,41944,4\icon41944.png,14196,128,128,1
4,41945,4\icon41945.png,14196,128,128,1
4,41946,4\icon41946.png,14196,128,128,1
4,41947,4\icon41947.png,14196,128,128,1
4,41948,4\icon41948.png,14196,128,128,1
4,41949,4\icon41949.png,14196,128,128,1
4,41950,4\icon41950.png,14196,128,128,1
4,41951,4\icon41951.png,14196,128,128,1
4,41952,4\icon41952.png,14196,128,128,1
4,41953,4\icon41953.png,14196,128,128,1
4,41954,4\icon41954.png,14196,128,128,1
4,41955,4\icon41955.png,14196,128,128,1
4,41956,4\icon41956.png,14196,128,128,1
4,41957,4\icon41957.png,14196,128,128,1
4,41958,4\icon41958.png,14196,128,128,1
4,41959,4\icon41959.png,14196,128,128,1
4,41960,4\icon41960.png,14196,128,128,1
4,41961,4\icon41961.png,14196,128,128,1
4,41962,4\icon41962.png,14196,128,128,1
4,41963,4\icon41963.png,14196,128,128,1
4,41964,4\icon41964.png,14196,128,128,1
4,41965,4\icon41965.png,14196,128,128,1
4,41966,4\icon41966.png,14196,128,128,1
4,41967,4\icon41967.png,14196,128,128,1
4,41968,4\icon41968.png,14196,128,128,1
4,41969,4\icon41969.png,14196,128,128,1
4,41970,4\icon41970.png,14196,128,128,1
4,41971,4\icon41971.png,14196,128,128,1
4,41972,4\icon41972.png,14196,128,128,1
4,41973,4\icon41973.png,14196,128,128,1
4,41974,4\icon41974.png,14196,128,128,1
4,41975,4\icon41975.png,14196,128,128,1
4,41976,4\icon41976.png,14196,128,128,1
4,41977,4\icon41977.png,14196,128,128,1
4,41978,4\icon41978.png,14196,128,128,1
4,41979,4\icon41979.png,14196,128,128,1
4,41980,4\icon41980.png,14196,128,128,1
4,41981,4\icon41981.png,14196,128,128,1
4,41982,4\icon41982.png,14196,128,128,1
4,41983,4\icon41983.png,14196,128,128,1
4,41984,4\icon41984.png,14196,128,128,1
4,41985,4\icon41985.png,14196,128,128,1
4,41986,4\icon41986.png,14196,128,128,1
4,41987,4\icon41987.png,14196,128,128,1
4,41988,4\icon41988.png,14196,128,128,1
4,41989,4\icon41989.png,14196,128,128,1
4,41990,4\icon41990.png,14196,128,128,1
4,41991,4\icon41991.png,14196,128,128,1
4,41992,4\icon41992.png,14196,128,128,1
4,41993,4\icon41993.png,14196,128,128,1
4,41994,4\icon41994.png,14196,128,128,1
4,41995,4\icon41995.png,14196,128,128,1
4,41996,4\icon41996.png,14196,128,128,1
4,41997,4\icon41997.png,14196,128,128,1
4,41998,4\icon41998.png,14196,128,128,1
4,41999,4\icon41999.png,14196,128,128,1
4,42000,4\icon42000.png,14196,128,128,1
5,50000,5\icon50000.png,14196,128,128,1
6,60000,6\icon60000.png,14196,128,128,1
6,60001,6\icon60001.png,3404,64,64,0
6,60002,6\icon60002.png,3434,64,64,0
6,60003,6\icon60003.png,3416,64,64,0
6,60004,6\icon60004.png,3376,64,64,0
6,60005,6\icon60005.png,3291,64,64,0
6,60006,6\icon60006.png,3410,64,64,0
6,60007,6\icon60007.png,3323,64,64,0
6,60008,6\icon60008.png,3349,64,64,0
6,60009,6\icon60009.png,3382,64,64,0
6,60010,6\icon60010.png,3391,64,64,0
6,60011,6\icon60011.png,3335,64,64,0
6,60012,6\icon60012.png,3340,64,64,0
6,60013,6\icon60013.png,4746,64,64,0
6,60014,6\icon60014.png,4708,64,64,0
6,60015,6\icon60015.png,4784,64,64,0
6,60016,6\icon60016.png,4771,64,64,0
6,60017,6\icon60017.png,4696,64,64,0
6,60018,6\icon60018.png,4798,64,64,0
6,60019,6\icon60019.png,3328,64,64,0
6,60020,6\icon60020.png,3300,64,64,0
6,60021,6\icon60021.png,3363,64,64,0
6,60022,6\icon60022.png,3396,64,64,0
6,60023,6\icon60023.png,3111,64,64,0
6,60024,6\icon60024.png,3109,64,64,0
6,60025,6\icon60025.png,3164,64,64,0
6,60026,6\icon60026.png,3231,64,64,0
6,60027,6\icon60027.png,2814,64,64,0
6,60028,6\icon60028.png,2789,64,64,0
6,60029,6\icon60029.png,14196,128,128,1
6,60030,6\icon60030.png,4065,64,64,0
6,60031,6\icon60031.png,4018,64,64,0
6,60032,6\icon60032.png,4048,64,64,0
6,60033,6\icon60033.png,3307,64,64,0
6,60034,6\icon60034.png,3195,64,64,0
6,60035,6\icon60035.png,3344,64,64,0
6,60036,6\icon60036.png,3145,64,64,0
6,60037,6\icon60037.png,3043,64,64,0
6,60038,6\icon60038.png,3296,64,64,0
6,60039,6\icon60039.png,3730,64,64,0
6,60040,6\icon60040.png,3653,64,64,0
6,60041,6\icon60041.png,3763,64,64,0
6,60042,6\icon60042.png,3859,64,64,0
6,60043,6\icon60043.png,3718,64,64,0
6,60044,6\icon60044.png,3683,64,64,0
6,60045,6\icon60045.png,4757,64,64,0
6,60046,6\icon60046.png,4161,64,64,0
6,60047,6\icon60047.png,4258,64,64,0
6,60048,6\icon60048.png,4030,64,64,0
6,60049,6\icon60049.png,4160,64,64,0
6,60050,6\icon60050.png,3976,64,64,0
6,60051,6\icon60051.png,3514,64,64,0
6,60052,6\icon60052.png,3581,64,64,0
6,60053,6\icon60053.png,3673,64,64,0
6,60054,6\icon60054.png,3481,64,64,0
6,60055,6\icon60055.png,3722,64,64,0
6,60056,6\icon60056.png,3841,64,64,0
6,60057,6\icon60057.png,3813,64,64,0
6,60058,6\icon60058.png,3651,64,64,0
6,60059,6\icon60059.png,3677,64,64,0
6,60060,6\icon60060.png,4236,64,64,0
6,60061,6\icon60061.png,4112,64,64,0
6,60062,6\icon60062.png,4069,64,64,0
6,60063,6\icon60063.png,3987,64,64,0
6,60064,6\icon60064.png,4112,64,64,0
6,60065,6\icon60065.png,3484,64,64,0
6,60066,6\icon60066.png,3687,64,64,0
6,60067,6\icon60067.png,3647,64,64,0
6,60068,6\icon60068.png,3515,64,64,0
6,60069,6\icon60069.png,4378,64,64,0
6,60070,6\icon60070.png,4392,64,64,0
6,60071,6\icon60071.png,4365,64,64,0
6,60072,6\icon60072.png,4223,64,64,0
6,60073,6\icon60073.png,14196,128,128,1
6,60074,6\icon60074.png,14196,128,128,1
6,60075,6\icon60075.png,14196,128,128,1
6,60076,6\icon60076.png,5289,64,64,0
6,60077,6\icon60077.png,14196,128,128,1
6,60078,6\icon60078.png,14196,128,128,1
6,60079,6\icon60079.png,14196,128,128,1
6,60080,6\icon60080.png,14196,128,128,1
6,60081,6\icon60081.png,4303,64,64,0
6,60082,6\icon60082.png,4582,64,64,0
6,60083,6\icon60083.png,4303,64,64,0
6,60084,6\icon60084.png,4429,64,64,0
6,60085,6\icon60085.png,4325,64,64,0
6,60086,6\icon60086.png,4552,64,64,0
6,60087,6\icon60087.png,4441,64,64,0
6,60088,6\icon60088.png,4457,64,64,0
6,60089,6\icon60089.png,4520,64,64,0
6,60090,6\icon60090.png,4576,64,64,0
6,60091,6\icon60091.png,4791,64,64,0
6,60092,6\icon60092.png,4767,64,64,0
6,60093,6\icon60093.png,4652,64,64,0
6,60094,6\icon60094.png,4795,64,64,0
6,60095,6\icon60095.png,4642,64,64,0
6,60096,6\icon60096.png,4813,64,64,0
6,60097,6\icon60097.png,3702,64,64,0
6,60098,6\icon60098.png,3635,64,64,0
6,60099,6\icon60099.png,3581,64,64,0
6,60100,6\icon60100.png,3743,64,64,0
6,60101,6\icon60101.png,3733,64,64,0
6,60102,6\icon60102.png,3721,64,64,0
6,60103,6\icon60103.png,3688,64,64,0
6,60104,6\icon60104.png,3701,64,64,0
6,60105,6\icon60105.png,3636,64,64,0
6,60106,6\icon60106.png,3836,64,64,0
6,60107,6\icon60107.png,3748,64,64,0
6,60108,6\icon60108.png,3658,64,64,0
6,60109,6\icon60109.png,3747,64,64,0
6,60110,6\icon60110.png,3773,64,64,0
6,60111,6\icon60111.png,3712,64,64,0
6,60112,6\icon60112.png,3664,64,64,0
6,60113,6\icon60113.png,3646,64,64,0
6,60114,6\icon60114.png,3803,64,64,0
6,60115,6\icon60115.png,4229,64,64,0
6,60116,6\icon60116.png,4092,64,64,0
6,60117,6\icon60117.png,4167,64,64,0
6,60118,6\icon60118.png,4155,64,64,0
6,60119,6\icon60119.png,4143,64,64,0
6,60120,6\icon60120.png,4170,64,64,0
6,60121,6\icon60121.png,4072,64,64,0
6,60122,6\icon60122.png,4304,64,64,0
6,60123,6\icon60123.png,4132,64,64,0
6,60124,6\icon60124.png,3794,64,64,0
6,60125,6\icon60125.png,3559,64,64,0
6,60126,6\icon60126.png,3807,64,64,0
6,60127,6\icon60127.png,3744,64,64,0
6,60128,6\icon60128.png,3714,64,64,0
6,60129,6\icon60129.png,3764,64,64,0
6,60130,6\icon60130.png,3791,64,64,0
6,60131,6\icon60131.png,3795,64,64,0
6,60132,6\icon60132.png,3805,64,64,0
6,60133,6\icon60133.png,4290,64,64,0
6,60134,6\icon60134.png,14196,128,128,1
6,60135,6\icon60135.png,4684,64,64,0
6,60136,6\icon60136.png,4686,64,64,0
6,60137,6\icon60137.png,4745,64,64,0
6,60138,6\icon60138.png,4717,64,64,0
6,60139,6\icon60139.png,4685,64,64,0
6,60140,6\icon60140.png,4664,64,64,0
6,60141,6\icon60141.png,5106,64,64,0
6,60142,6\icon60142.png,4920,64,64,0
6,60143,6\icon60143.png,4392,64,64,0
6,60144,6\icon60144.png,4174,64,64,0
6,60145,6\icon60145.png,4967,64,64,0
6,60146,6\icon60146.png,3333,64,64,0
6,60147,6\icon60147.png,3263,64,64,0
6,60148,6\icon60148.png,3269,64,64,0
6,60149,6\icon60149.png,3442,64,64,0
6,60150,6\icon60150.png,3378,64,64,0
6,60151,6\icon60151.png,3302,64,64,0
6,60152,6\icon60152.png,3074,64,64,0
6,60153,6\icon60153.png,3204,64,64,0
6,60154,6\icon60154.png,4300,64,64,0
6,60155,6\icon60155.png,4249,64,64,0
6,60156,6\icon60156.png,4351,64,64,0
6,60157,6\icon60157.png,4277,64,64,0
6,60158,6\icon60158.png,4308,64,64,0
6,60159,6\icon60159.png,4161,64,64,0
6,60160,6\icon60160.png,4311,64,64,0
6,60161,6\icon60161.png,4711,64,64,0
6,60162,6\icon60162.png,4569,64,64,0
6,60163,6\icon60163.png,4746,64,64,0
6,60164,6\icon60164.png,4200,64,64,0
6,60165,6\icon60165.png,5391,64,64,0
6,60166,6\icon60166.png,5495,64,64,0
6,60167,6\icon60167.png,5341,64,64,0
6,60168,6\icon60168.png,5258,64,64,0
6,60169,6\icon60169.png,5407,64,64,0
6,60170,6\icon60170.png,5419,64,64,0
6,60171,6\icon60171.png,5114,64,64,0
6,60172,6\icon60172.png,5224,64,64,0
6,60173,6\icon60173.png,4283,64,64,0
6,60174,6\icon60174.png,4165,64,64,0
6,60175,6\icon60175.png,3850,64,64,0
6,60176,6\icon60176.png,3813,64,64,0
6,60177,6\icon60177.png,3912,64,64,0
6,60178,6\icon60178.png,3393,64,64,0
6,60179,6\icon60179.png,3677,64,64,0
6,60180,6\icon60180.png,4393,64,64,0
6,60181,6\icon60181.png,4065,64,64,0
6,60182,6\icon60182.png,4096,64,64,0
6,60183,6\icon60183.png,3982,64,64,0
6,60184,6\icon60184.png,4150,64,64,0
6,60185,6\icon60185.png,3810,64,64,0
6,60186,6\icon60186.png,4345,64,64,0
6,60187,6\icon60187.png,4193,64,64,0
6,60188,6\icon60188.png,4363,64,64,0
6,60189,6\icon60189.png,4309,64,64,0
6,60190,6\icon60190.png,3524,64,64,0
6,60191,6\icon60191.png,4085,64,64,0
6,60192,6\icon60192.png,3639,64,64,0
6,60193,6\icon60193.png,3590,64,64,0
6,60194,6\icon60194.png,4468,64,64,0
6,60195,6\icon60195.png,3410,64,64,0
6,60196,6\icon60196.png,4254,64,64,0
6,60197,6\icon60197.png,4157,64,64,0
6,60198,6\icon60198.png,4143,64,64,0
6,60199,6\icon60199.png,4002,64,64,0
6,60200,6\icon60200.png,3535,64,64,0
6,60201,6\icon60201.png,3367,64,64,0
6,60202,6\icon60202.png,3778,64,64,0
6,60203,6\icon60203.png,3840,64,64,0
6,60204,6\icon60204.png,3505,64,64,0
6,60205,6\icon60205.png,3828,64,64,0
6,60206,6\icon60206.png,3359,64,64,0
6,60207,6\icon60207.png,3739,64,64,0
6,60208,6\icon60208.png,3869,64,64,0
6,60209,6\icon60209.png,3545,64,64,0
6,60210,6\icon60210.png,3857,64,64,0
6,60211,6\icon60211.png,3238,64,64,0
6,60212,6\icon60212.png,3223,64,64,0
6,60213,6\icon60213.png,3740,64,64,0
6,60214,6\icon60214.png,3499,64,64,0
6,60215,6\icon60215.png,3387,64,64,0
6,60216,6\icon60216.png,3852,64,64,0
6,60217,6\icon60217.png,3450,64,64,0
6,60218,6\icon60218.png,3981,64,64,0
6,60219,6\icon60219.png,3869,64,64,0
6,60220,6\icon60220.png,3349,64,64,0
6,60221,6\icon60221.png,3365,64,64,0
6,60222,6\icon60222.png,3625,64,64,0
6,60223,6\icon60223.png,3850,64,64,0
6,60224,6\icon60224.png,3309,64,64,0
6,60225,6\icon60225.png,3380,64,64,0
6,60226,6\icon60226.png,3542,64,64,0
6,60227,6\icon60227.png,3792,64,64,0
6,60228,6\icon60228.png,3739,64,64,0
6,60229,6\icon60229.png,3614,64,64,0
6,60230,6\icon60230.png,3416,64,64,0
6,60231,6\icon60231.png,3614,64,64,0
6,60232,6\icon60232.png,3398,64,64,0
6,60233,6\icon60233.png,4014,64,64,0
6,60234,6\icon60234.png,3545,64,64,0
6,60235,6\icon60235.png,3694,64,64,0
6,60236,6\icon60236.png,3993,64,64,0
6,60237,6\icon60237.png,3662,64,64,0
6,60238,6\icon60238.png,3992,64,64,0
6,60239,6\icon60239.png,3554,64,64,0
6,60240,6\icon60240.png,3825,64,64,0
6,60241,6\icon60241.png,3728,64,64,0
6,60242,6\icon60242.png,3567,64,64,0
6,60243,6\icon60243.png,3895,64,64,0
6,60244,6\icon60244.png,3313,64,64,0
6,60245,6\icon60245.png,3450,64,64,0
6,60246,6\icon60246.png,4593,64,64,0
6,60247,6\icon60247.png,4704,64,64,0
6,60248,6\icon60248.png,4661,64,64,0
6,60249,6\icon60249.png,5614,64,64,0
6,60250,6\icon60250.png,5584,64,64,0
6,60251,6\icon60251.png,5638,64,64,0
6,60252,6\icon60252.png,3966,64,64,0
6,60253,6\icon60253.png,3930,64,64,0
6,60254,6\icon60254.png,4014,64,64,0
6,60255,6\icon60255.png,4028,64,64,0
6,60256,6\icon60256.png,3940,64,64,0
6,60257,6\icon60257.png,3940,64,64,0
6,60258,6\icon60258.png,3913,64,64,0
6,60259,6\icon60259.png,3576,64,64,0
6,60260,6\icon60260.png,3602,64,64,0
6,60261,6\icon60261.png,3557,64,64,0
6,60262,6\icon60262.png,3764,64,64,0
6,60263,6\icon60263.png,3486,64,64,0
6,60264,6\icon60264.png,3504,64,64,0
6,60265,6\icon60265.png,2789,64,64,0
6,60266,6\icon60266.png,2878,64,64,0
6,60267,6\icon60267.png,2515,64,64,0
6,60268,6\icon60268.png,3263,64,64,0
6,60269,6\icon60269.png,3127,64,64,0
6,60270,6\icon60270.png,2827,64,64,0
6,60271,6\icon60271.png,3042,64,64,0
6,60272,6\icon60272.png,2686,64,64,0
6,60273,6\icon60273.png,2739,64,64,0
6,60274,6\icon60274.png,3380,64,64,0
6,60275,6\icon60275.png,3513,64,64,0
6,60276,6\icon60276.png,3952,64,64,0
6,60277,6\icon60277.png,14196,128,128,1
6,60278,6\icon60278.png,4071,64,64,0
6,60279,6\icon60279.png,4170,64,64,0
6,60280,6\icon60280.png,4090,64,64,0
6,60281,6\icon60281.png,4236,64,64,0
6,60282,6\icon60282.png,4248,64,64,0
6,60283,6\icon60283.png,4291,64,64,0
6,60284,6\icon60284.png,4015,64,64,0
6,60285,6\icon60285.png,4050,64,64,0
6,60286,6\icon60286.png,3991,64,64,0
6,60287,6\icon60287.png,4755,64,64,0
6,60288,6\icon60288.png,5289,64,64,0
6,60289,6\icon60289.png,5105,64,64,0
6,60290,6\icon60290.png,4956,64,64,0
6,60291,6\icon60291.png,5148,64,64,0
6,60292,6\icon60292.png,5043,64,64,0
6,60293,6\icon60293.png,5284,64,64,0
6,60294,6\icon60294.png,4368,64,64,0
6,60295,6\icon60295.png,4291,64,64,0
6,60296,6\icon60296.png,14196,128,128,1
6,60297,6\icon60297.png,4682,64,64,0
6,60298,6\icon60298.png,14196,128,128,1
6,60299,6\icon60299.png,4331,64,64,0
6,60300,6\icon60300.png,14196,128,128,1
6,60301,6\icon60301.png,14196,128,128,1
6,60302,6\icon60302.png,14196,128,128,1
6,60303,6\icon60303.png,5127,64,64,0
6,60304,6\icon60304.png,14196,128,128,1
6,60305,6\icon60305.png,5358,64,64,0
6,60306,6\icon60306.png,14196,128,128,1
6,60307,6\icon60307.png,5297,64,64,0
6,60308,6\icon60308.png,14196,128,128,1
6,60309,6\icon60309.png,5143,64,64,0
6,60310,6\icon60310.png,5329,64,64,0
6,60311,6\icon60311.png,5077,64,64,0
6,60312,6\icon60312.png,5348,64,64,0
6,60313,6\icon60313.png,4813,64,64,0
6,60314,6\icon60314.png,5273,64,64,0
6,60315,6\icon60315.png,5044,64,64,0
6,60316,6\icon60316.png,5016,64,64,0
6,60317,6\icon60317.png,5319,64,64,0
6,60318,6\icon60318.png,5240,64,64,0
6,60319,6\icon60319.png,4609,64,64,0
6,60320,6\icon60320.png,4309,64,64,0
6,60321,6\icon60321.png,5339,64,64,0
6,60322,6\icon60322.png,4938,64,64,0
6,60323,6\icon60323.png,5245,64,64,0
6,60324,6\icon60324.png,4443,64,64,0
6,60325,6\icon60325.png,4367,64,64,0
6,60326,6\icon60326.png,5589,64,64,0
6,60327,6\icon60327.png,4236,64,64,0
6,60328,6\icon60328.png,4490,64,64,0
6,60329,6\icon60329.png,4385,64,64,0
6,60330,6\icon60330.png,4838,64,64,0
6,60331,6\icon60331.png,5505,64,64,0
6,60332,6\icon60332.png,4405,64,64,0
6,60333,6\icon60333.png,14196,128,128,1
6,60334,6\icon60334.png,4889,64,64,0
6,60335,6\icon60335.png,4501,64,64,0
6,60336,6\icon60336.png,14196,128,128,1
6,60337,6\icon60337.png,5150,64,64,0
6,60338,6\icon60338.png,14196,128,128,1
6,60339,6\icon60339.png,5084,64,64,0
6,60340,6\icon60340.png,4968,64,64,0
6,60341,6\icon60341.png,5938,64,64,0
6,60342,6\icon60342.png,5332,64,64,0
6,60343,6\icon60343.png,4641,64,64,0
6,60344,6\icon60344.png,4198,64,64,0
6,60345,6\icon60345.png,4198,64,64,0
6,60346,6\icon60346.png,5053,64,64,0
6,60347,6\icon60347.png,5885,64,64,0
6,60348,6\icon60348.png,5919,64,64,0
6,60349,6\icon60349.png,5006,64,64,0
6,60350,6\icon60350.png,6093,64,64,0
6,60351,6\icon60351.png,5531,64,64,0
6,60352,6\icon60352.png,14196,128,128,1
6,60353,6\icon60353.png,5106,64,64,0
6,60354,6\icon60354.png,14196,128,128,1
6,60355,6\icon60355.png,5059,64,64,0
6,60356,6\icon60356.png,4743,64,64,0
6,60357,6\icon60357.png,4453,64,64,0
6,60358,6\icon60358.png,14196,128,128,1
6,60359,6\icon60359.png,5463,64,64,0
6,60360,6\icon60360.png,5399,64,64,0
6,60361,6\icon60361.png,14196,128,128,1
6,60362,6\icon60362.png,5345,64,64,0
6,60363,6\icon60363.png,5476,64,64,0
6,60364,6\icon60364.png,4310,64,64,0
6,60365,6\icon60365.png,4436,64,64,0
6,60366,6\icon60366.png,4052,64,64,0
6,60367,6\icon60367.png,4843,64,64,0
6,60368,6\icon60368.png,4330,64,64,0
6,60369,6\icon60369.png,4340,64,64,0
6,60370,6\icon60370.png,3413,64,64,0
6,60371,6\icon60371.png,2712,64,64,0
6,60372,6\icon60372.png,4192,64,64,0
6,60373,6\icon60373.png,4130,64,64,0
6,60374,6\icon60374.png,4755,64,64,0
6,60375,6\icon60375.png,3589,64,64,0
6,60376,6\icon60376.png,3329,64,64,0
6,60377,6\icon60377.png,3930,64,64,0
6,60378,6\icon60378.png,4860,64,64,0
6,60379,6\icon60379.png,4517,64,64,0
6,60380,6\icon60380.png,5051,64,64,0
6,60381,6\icon60381.png,5079,64,64,0
6,60382,6\icon60382.png,2965,64,64,0
6,60383,6\icon60383.png,2782,64,64,0
6,60384,6\icon60384.png,2364,64,64,0
6,60385,6\icon60385.png,3462,64,64,0
6,60386,6\icon60386.png,1952,64,64,0
6,60387,6\icon60387.png,3052,64,64,0
6,60388,6\icon60388.png,3429,64,64,0
6,60389,6\icon60389.png,2090,64,64,0
6,60390,6\icon60390.png,2022,64,64,0
6,60391,6\icon60391.png,4042,64,64,0
6,60392,6\icon60392.png,4113,64,64,0
6,60393,6\icon60393.png,4181,64,64,0
6,60394,6\icon60394.png,4111,64,64,0
6,60395,6\icon60395.png,4428,64,64,0
6,60396,6\icon60396.png,4279,64,64,0
6,60397,6\icon60397.png,4455,64,64,0
6,60398,6\icon60398.png,4331,64,64,0
6,60399,6\icon60399.png,4389,64,64,0
6,60400,6\icon60400.png,4261,64,64,0
6,60401,6\icon60401.png,4377,64,64,0
6,60402,6\icon60402.png,4552,64,64,0
6,60403,6\icon60403.png,4491,64,64,0
6,60404,6\icon60404.png,4401,64,64,0
6,60405,6\icon60405.png,4331,64,64,0
6,60406,6\icon60406.png,4366,64,64,0
6,60407,6\icon60407.png,4452,64,64,0
6,60408,6\icon60408.png,4644,64,64,0
6,60409,6\icon60409.png,4474,64,64,0
6,60410,6\icon60410.png,4280,64,64,0
6,60411,6\icon60411.png,1457,64,64,0
6,60412,6\icon60412.png,3070,64,64,0
6,60413,6\icon60413.png,3245,64,64,0
6,60414,6\icon60414.png,4053,64,64,0
6,60415,6\icon60415.png,3823,64,64,0
6,60416,6\icon60416.png,3854,64,64,0
6,60417,6\icon60417.png,3939,64,64,0
6,60418,6\icon60418.png,4076,64,64,0
6,60419,6\icon60419.png,4018,64,64,0
6,60420,6\icon60420.png,4251,64,64,0
6,60421,6\icon60421.png,3961,64,64,0
6,60422,6\icon60422.png,3862,64,64,0
6,60423,6\icon60423.png,3945,64,64,0
6,60424,6\icon60424.png,3820,64,64,0
6,60425,6\icon60425.png,3823,64,64,0
6,60426,6\icon60426.png,3760,64,64,0
6,60427,6\icon60427.png,3661,64,64,0
6,60428,6\icon60428.png,3411,64,64,0
6,60429,6\icon60429.png,3382,64,64,0
6,60430,6\icon60430.png,3490,64,64,0
6,60431,6\icon60431.png,3496,64,64,0
6,60432,6\icon60432.png,3431,64,64,0
6,60433,6\icon60433.png,3479,64,64,0
6,60434,6\icon60434.png,3638,64,64,0
6,60435,6\icon60435.png,3650,64,64,0
6,60436,6\icon60436.png,3673,64,64,0
6,60437,6\icon60437.png,3372,64,64,0
6,60438,6\icon60438.png,3275,64,64,0
6,60439,6\icon60439.png,4241,64,64,0
6,60440,6\icon60440.png,14196,128,128,1
6,60441,6\icon60441.png,4176,64,64,0
6,60442,6\icon60442.png,4360,64,64,0
6,60443,6\icon60443.png,4449,64,64,0
6,60444,6\icon60444.png,3447,64,64,0
6,60445,6\icon60445.png,3393,64,64,0
6,60446,6\icon60446.png,1992,64,64,0
6,60447,6\icon60447.png,3761,64,64,0
6,60448,6\icon60448.png,4351,64,64,0
6,60449,6\icon60449.png,3626,64,64,0
6,60450,6\icon60450.png,2815,64,64,0
6,60451,6\icon60451.png,3946,64,64,0
6,60452,6\icon60452.png,4220,64,64,0
6,60453,6\icon60453.png,1957,64,64,0
6,60454,6\icon60454.png,1155,64,64,0
6,60455,6\icon60455.png,1451,64,64,0
6,60456,6\icon60456.png,4144,64,64,0
6,60457,6\icon60457.png,3907,64,64,0
6,60458,6\icon60458.png,4611,64,64,0
6,60459,6\icon60459.png,3952,64,64,0
6,60460,6\icon60460.png,3675,64,64,0
6,60461,6\icon60461.png,5248,64,64,0
6,60462,6\icon60462.png,2668,64,64,0
6,60463,6\icon60463.png,4424,64,64,0
6,60464,6\icon60464.png,2316,64,64,0
6,60465,6\icon60465.png,4103,64,64,0
6,60466,6\icon60466.png,3087,64,64,0
6,60467,6\icon60467.png,2978,64,64,0
6,60468,6\icon60468.png,5412,64,64,0
6,60469,6\icon60469.png,2438,64,64,0
6,60470,6\icon60470.png,5382,64,64,0
6,60471,6\icon60471.png,2223,64,64,0
6,60472,6\icon60472.png,3453,64,64,0
6,60473,6\icon60473.png,4320,64,64,0
6,60474,6\icon60474.png,4273,64,64,0
6,60475,6\icon60475.png,4122,64,64,0
6,60476,6\icon60476.png,4363,64,64,0
6,60477,6\icon60477.png,4735,64,64,0
6,60478,6\icon60478.png,4158,64,64,0
6,60479,6\icon60479.png,4594,64,64,0
6,60480,6\icon60480.png,14196,128,128,1
6,60481,6\icon60481.png,14196,128,128,1
6,60482,6\icon60482.png,14196,128,128,1
6,60483,6\icon60483.png,14196,128,128,1
6,60484,6\icon60484.png,4117,64,64,0
6,60485,6\icon60485.png,4040,64,64,0
6,60486,6\icon60486.png,4634,64,64,0
6,60487,6\icon60487.png,3692,64,64,0
6,60488,6\icon60488.png,4785,64,64,0
6,60489,6\icon60489.png,5292,64,64,0
6,60490,6\icon60490.png,4636,64,64,0
6,60491,6\icon60491.png,5521,64,64,0
6,60492,6\icon60492.png,5456,64,64,0
6,60493,6\icon60493.png,5027,64,64,0
6,60494,6\icon60494.png,4324,64,64,0
6,60495,6\icon60495.png,4584,64,64,0
6,60496,6\icon60496.png,5029,64,64,0
6,60497,6\icon60497.png,4818,64,64,0
6,60498,6\icon60498.png,4854,64,64,0
6,60499,6\icon60499.png,4828,64,64,0
6,60500,6\icon60500.png,5111,64,64,0
6,60501,6\icon60501.png,5123,64,64,0
6,60502,6\icon60502.png,5099,64,64,0
6,60503,6\icon60503.png,5292,64,64,0
6,60504,6\icon60504.png,5129,64,64,0
6,60505,6\icon60505.png,6010,64,64,0
6,60506,6\icon60506.png,5810,64,64,0
6,60507,6\icon60507.png,14196,128,128,1
6,60508,6\icon60508.png,5051,64,64,0
6,60509,6\icon60509.png,5075,64,64,0
6,60510,6\icon60510.png,5486,64,64,0
6,60511,6\icon60511.png,3102,64,64,0
6,60512,6\icon60512.png,5501,64,64,0
6,60513,6\icon60513.png,5036,64,64,0
6,60514,6\icon60514.png,5204,64,64,0
6,60515,6\icon60515.png,5560,64,64,0
6,60516,6\icon60516.png,5281,64,64,0
6,60517,6\icon60517.png,14196,128,128,1
6,60518,6\icon60518.png,14196,128,128,1
6,60519,6\icon60519.png,2989,64,64,0
6,60520,6\icon60520.png,3200,64,64,0
6,60521,6\icon60521.png,5393,64,64,0
6,60522,6\icon60522.png,5351,64,64,0
6,60523,6\icon60523.png,5716,64,64,0
6,60524,6\icon60524.png,6127,64,64,0
6,60525,6\icon60525.png,5475,64,64,0
6,60526,6\icon60526.png,6052,64,64,0
6,60527,6\icon60527.png,5620,64,64,0
6,60528,6\icon60528.png,3011,64,64,0
6,60529,6\icon60529.png,3099,64,64,0
6,60530,6\icon60530.png,5873,64,64,0
6,60531,6\icon60531.png,4557,64,64,0
6,60532,6\icon60532.png,5722,64,64,0
6,60533,6\icon60533.png,4908,64,64,0
6,60534,6\icon60534.png,14196,128,128,1
6,60535,6\icon60535.png,14196,128,128,1
6,60536,6\icon60536.png,5872,64,64,0
6,60537,6\icon60537.png,5614,64,64,0
6,60538,6\icon60538.png,14196,128,128,1
6,60539,6\icon60539.png,4551,64,64,0
6,60540,6\icon60540.png,4437,64,64,0
6,60541,6\icon60541.png,4532,64,64,0
6,60542,6\icon60542.png,4514,64,64,0
6,60543,6\icon60543.png,4280,64,64,0
6,60544,6\icon60544.png,4293,64,64,0
6,60545,6\icon60545.png,4487,64,64,0
6,60546,6\icon60546.png,14196,128,128,1
6,60547,6\icon60547.png,4009,64,64,0
6,60548,6\icon60548.png,14196,128,128,1
6,60549,6\icon60549.png,14196,128,128,1
6,60550,6\icon60550.png,5487,64,64,0
6,60551,6\icon60551.png,5716,64,64,0
6,60552,6\icon60552.png,5248,64,64,0
6,60553,6\icon60553.png,5216,64,64,0
6,60554,6\icon60554.png,5679,64,64,0
6,60555,6\icon60555.png,6017,64,64,0
6,60556,6\icon60556.png,5688,64,64,0
6,60557,6\icon60557.png,5560,64,64,0
6,60558,6\icon60558.png,5603,64,64,0
6,60559,6\icon60559.png,6143,64,64,0
6,60560,6\icon60560.png,5516,64,64,0
6,60561,6\icon60561.png,5313,64,64,0
6,60562,6\icon60562.png,5010,64,64,0
6,60563,6\icon60563.png,14196,128,128,1
6,60564,6\icon60564.png,14196,128,128,1
6,60565,6\icon60565.png,4111,64,64,0
6,60566,6\icon60566.png,4326,64,64,0
6,60567,6\icon60567.png,4128,64,64,0
6,60568,6\icon60568.png,4089,64,64,0
6,60569,6\icon60569.png,3870,64,64,0
6,60570,6\icon60570.png,5517,64,64,0
6,60571,6\icon60571.png,5887,64,64,0
6,60572,6\icon60572.png,5285,64,64,0
6,60573,6\icon60573.png,5199,64,64,0
6,60574,6\icon60574.png,5335,64,64,0
6,60575,6\icon60575.png,14196,128,128,1
6,60576,6\icon60576.png,4859,64,64,0
6,60577,6\icon60577.png,4225,64,64,0
6,60578,6\icon60578.png,4612,64,64,0
6,60579,6\icon60579.png,4702,64,64,0
6,60580,6\icon60580.png,3923,64,64,0
6,60581,6\icon60581.png,4424,64,64,0
6,60582,6\icon60582.png,4701,64,64,0
6,60583,6\icon60583.png,4177,64,64,0
6,60584,6\icon60584.png,4159,64,64,0
6,60585,6\icon60585.png,4402,64,64,0
6,60586,6\icon60586.png,3456,64,64,0
6,60587,6\icon60587.png,4088,64,64,0
6,60588,6\icon60588.png,3850,64,64,0
6,60589,6\icon60589.png,4645,64,64,0
6,60590,6\icon60590.png,3656,64,64,0
6,60591,6\icon60591.png,4677,64,64,0
6,60592,6\icon60592.png,3970,64,64,0
6,60593,6\icon60593.png,5175,64,64,0
6,60594,6\icon60594.png,4156,64,64,0
6,60595,6\icon60595.png,4520,64,64,0
6,60596,6\icon60596.png,3218,64,64,0
6,60597,6\icon60597.png,4300,64,64,0
6,60598,6\icon60598.png,5550,64,64,0
6,60599,6\icon60599.png,4561,64,64,0
6,60600,6\icon60600.png,4272,64,64,0
6,60601,6\icon60601.png,4226,64,64,0
6,60602,6\icon60602.png,4542,64,64,0
6,60603,6\icon60603.png,4812,64,64,0
6,60604,6\icon60604.png,4649,64,64,0
6,60605,6\icon60605.png,3253,64,64,0
6,60606,6\icon60606.png,4037,64,64,0
6,60607,6\icon60607.png,4244,64,64,0
6,60608,6\icon60608.png,4240,64,64,0
6,60609,6\icon60609.png,3850,64,64,0
6,60610,6\icon60610.png,4023,64,64,0
6,60611,6\icon60611.png,4719,64,64,0
6,60612,6\icon60612.png,5055,64,64,0
6,60613,6\icon60613.png,3777,64,64,0
6,60614,6\icon60614.png,3089,64,64,0
6,60615,6\icon60615.png,3877,64,64,0
6,60616,6\icon60616.png,3701,64,64,0
6,60617,6\icon60617.png,3217,64,64,0
6,60618,6\icon60618.png,4434,64,64,0
6,60619,6\icon60619.png,1990,64,64,0
6,60620,6\icon60620.png,3477,64,64,0
6,60621,6\icon60621.png,3882,64,64,0
6,60622,6\icon60622.png,4753,64,64,0
6,60623,6\icon60623.png,5031,64,64,0
6,60624,6\icon60624.png,4768,64,64,0
6,60625,6\icon60625.png,3826,64,64,0
6,60626,6\icon60626.png,4735,64,64,0
6,60627,6\icon60627.png,4518,64,64,0
6,60628,6\icon60628.png,5055,64,64,0
6,60629,6\icon60629.png,4810,64,64,0
6,60630,6\icon60630.png,4913,64,64,0
6,60631,6\icon60631.png,4073,64,64,0
6,60632,6\icon60632.png,3288,64,64,0
6,60633,6\icon60633.png,14196,128,128,1
6,60634,6\icon60634.png,14196,128,128,1
6,60635,6\icon60635.png,4086,64,64,0
6,60636,6\icon60636.png,14196,128,128,1
6,60637,6\icon60637.png,4726,64,64,0
6,60638,6\icon60638.png,14196,128,128,1
6,60639,6\icon60639.png,14196,128,128,1
6,60640,6\icon60640.png,5604,64,64,0
6,60641,6\icon60641.png,14196,128,128,1
6,60642,6\icon60642.png,3835,64,64,0
6,60643,6\icon60643.png,3190,64,64,0
6,60644,6\icon60644.png,3622,64,64,0
6,60645,6\icon60645.png,2858,64,64,0
6,60646,6\icon60646.png,4701,64,64,0
6,60647,6\icon60647.png,5387,64,64,0
6,60648,6\icon60648.png,5436,64,64,0
6,60649,6\icon60649.png,4020,64,64,0
6,60650,6\icon60650.png,4832,64,64,0
6,60651,6\icon60651.png,4306,64,64,0
6,60652,6\icon60652.png,4111,64,64,0
6,60653,6\icon60653.png,4247,64,64,0
6,60654,6\icon60654.png,4168,64,64,0
6,60655,6\icon60655.png,4085,64,64,0
6,60656,6\icon60656.png,4285,64,64,0
6,60657,6\icon60657.png,4023,64,64,0
6,60658,6\icon60658.png,3228,64,64,0
6,60659,6\icon60659.png,3709,64,64,0
6,60660,6\icon60660.png,14196,128,128,1
6,60661,6\icon60661.png,4616,64,64,0
6,60662,6\icon60662.png,3579,64,64,0
6,60663,6\icon60663.png,3193,64,64,0
6,60664,6\icon60664.png,3997,64,64,0
6,60665,6\icon60665.png,5770,64,64,0
6,60666,6\icon60666.png,5943,64,64,0
6,60667,6\icon60667.png,5897,64,64,0
6,60668,6\icon60668.png,3855,64,64,0
6,60669,6\icon60669.png,3963,64,64,0
6,60670,6\icon60670.png,4797,64,64,0
6,60671,6\icon60671.png,2889,64,64,0
6,60672,6\icon60672.png,2918,64,64,0
6,60673,6\icon60673.png,4960,64,64,0
6,60674,6\icon60674.png,4004,64,64,0
6,60675,6\icon60675.png,2758,64,64,0
6,60676,6\icon60676.png,4022,64,64,0
6,60677,6\icon60677.png,4738,64,64,0
6,60678,6\icon60678.png,4566,64,64,0
6,60679,6\icon60679.png,4527,64,64,0
6,60680,6\icon60680.png,4990,64,64,0
6,60681,6\icon60681.png,5229,64,64,0
6,60682,6\icon60682.png,4897,64,64,0
6,60683,6\icon60683.png,4885,64,64,0
6,60684,6\icon60684.png,4470,64,64,0
6,60685,6\icon60685.png,4697,64,64,0
6,60686,6\icon60686.png,4601,64,64,0
6,60687,6\icon60687.png,4970,64,64,0
6,60688,6\icon60688.png,4607,64,64,0
6,60689,6\icon60689.png,2596,64,64,0
6,60690,6\icon60690.png,4807,64,64,0
6,60691,6\icon60691.png,5541,64,64,0
6,60692,6\icon60692.png,3992,64,64,0
6,60693,6\icon60693.png,4103,64,64,0
6,60694,6\icon60694.png,4281,64,64,0
6,60695,6\icon60695.png,2877,64,64,0
6,60696,6\icon60696.png,3158,64,64,0
6,60697,6\icon60697.png,3867,64,64,0
6,60698,6\icon60698.png,4859,64,64,0
6,60699,6\icon60699.png,3642,64,64,0
6,60700,6\icon60700.png,4156,64,64,0
6,60701,6\icon60701.png,4271,64,64,0
6,60702,6\icon60702.png,3445,64,64,0
6,60703,6\icon60703.png,4236,64,64,0
6,60704,6\icon60704.png,4930,64,64,0
6,60705,6\icon60705.png,4603,64,64,0
6,60706,6\icon60706.png,5552,64,64,0
6,60707,6\icon60707.png,4230,64,64,0
6,60708,6\icon60708.png,6496,64,64,0
6,60709,6\icon60709.png,4260,64,64,0
6,60710,6\icon60710.png,2813,64,64,0
6,60711,6\icon60711.png,4526,64,64,0
6,60712,6\icon60712.png,5313,64,64,0
6,60713,6\icon60713.png,4031,64,64,0
6,60714,6\icon60714.png,4079,64,64,0
6,60715,6\icon60715.png,3225,64,64,0
6,60716,6\icon60716.png,4692,64,64,0
6,60717,6\icon60717.png,4484,64,64,0
6,60718,6\icon60718.png,5083,64,64,0
6,60719,6\icon60719.png,4184,64,64,0
6,60720,6\icon60720.png,3499,64,64,0
6,60721,6\icon60721.png,5450,64,64,0
6,60722,6\icon60722.png,4029,64,64,0
6,60723,6\icon60723.png,4076,64,64,0
6,60724,6\icon60724.png,4992,64,64,0
6,60725,6\icon60725.png,3852,64,64,0
6,60726,6\icon60726.png,4976,64,64,0
6,60727,6\icon60727.png,4542,64,64,0
6,60728,6\icon60728.png,4819,64,64,0
6,60729,6\icon60729.png,2569,64,64,0
6,60730,6\icon60730.png,5227,64,64,0
6,60731,6\icon60731.png,2346,64,64,0
6,60732,6\icon60732.png,2351,64,64,0
6,60733,6\icon60733.png,2396,64,64,0
6,60734,6\icon60734.png,3714,64,64,0
6,60735,6\icon60735.png,4735,64,64,0
6,60736,6\icon60736.png,4315,64,64,0
6,60737,6\icon60737.png,5894,64,64,0
6,60738,6\icon60738.png,5261,64,64,0
6,60739,6\icon60739.png,5234,64,64,0
6,60740,6\icon60740.png,5071,64,64,0
6,60741,6\icon60741.png,5295,64,64,0
6,60742,6\icon60742.png,3690,64,64,0
6,60743,6\icon60743.png,3530,64,64,0
6,60744,6\icon60744.png,5824,64,64,0
6,60745,6\icon60745.png,5430,64,64,0
6,60746,6\icon60746.png,6054,64,64,0
6,60747,6\icon60747.png,4018,64,64,0
6,60748,6\icon60748.png,5463,64,64,0
6,60749,6\icon60749.png,5270,64,64,0
6,60750,6\icon60750.png,4867,64,64,0
6,60751,6\icon60751.png,4132,64,64,0
6,60752,6\icon60752.png,2003,64,64,0
6,60753,6\icon60753.png,1904,64,64,0
6,60754,6\icon60754.png,2174,64,64,0
6,60755,6\icon60755.png,6177,64,64,0
6,60756,6\icon60756.png,2684,64,64,0
6,60757,6\icon60757.png,14196,128,128,1
6,60758,6\icon60758.png,4715,64,64,0
6,60759,6\icon60759.png,5119,64,64,0
6,60760,6\icon60760.png,4931,64,64,0
6,60761,6\icon60761.png,4180,64,64,0
6,60762,6\icon60762.png,3879,64,64,0
6,60763,6\icon60763.png,3878,64,64,0
6,60764,6\icon60764.png,3879,64,64,0
6,60765,6\icon60765.png,3937,64,64,0
6,60766,6\icon60766.png,4396,64,64,0
6,60767,6\icon60767.png,3865,64,64,0
6,60768,6\icon60768.png,2910,64,64,0
6,60769,6\icon60769.png,2666,64,64,0
6,60770,6\icon60770.png,2837,64,64,0
6,60771,6\icon60771.png,3023,64,64,0
6,60772,6\icon60772.png,2793,64,64,0
6,60773,6\icon60773.png,3285,64,64,0
6,60774,6\icon60774.png,3036,64,64,0
6,60775,6\icon60775.png,3334,64,64,0
6,60776,6\icon60776.png,2896,64,64,0
6,60777,6\icon60777.png,2958,64,64,0
6,60778,6\icon60778.png,14196,128,128,1
6,60779,6\icon60779.png,14196,128,128,1
6,60780,6\icon60780.png,2917,64,64,0
6,60781,6\icon60781.png,3579,64,64,0
6,60782,6\icon60782.png,4069,64,64,0
6,60783,6\icon60783.png,2198,64,64,0
6,60784,6\icon60784.png,3638,64,64,0
6,60785,6\icon60785.png,3592,64,64,0
6,60786,6\icon60786.png,3456,64,64,0
6,60787,6\icon60787.png,3628,64,64,0
6,60788,6\icon60788.png,3657,64,64,0
6,60789,6\icon60789.png,14196,128,128,1
6,60790,6\icon60790.png,14196,128,128,1
6,60791,6\icon60791.png,14196,128,128,1
6,60792,6\icon60792.png,14196,128,128,1
6,60793,6\icon60793.png,14196,128,128,1
6,60794,6\icon60794.png,4047,64,64,0
6,60795,6\icon60795.png,4103,64,64,0
6,60796,6\icon60796.png,4053,64,64,0
6,60797,6\icon60797.png,4127,64,64,0
6,60798,6\icon60798.png,4294,64,64,0
6,60799,6\icon60799.png,4125,64,64,0
6,60800,6\icon60800.png,14196,128,128,1
6,60801,6\icon60801.png,14196,128,128,1
6,60802,6\icon60802.png,14196,128,128,1
6,60803,6\icon60803.png,14196,128,128,1
6,60804,6\icon60804.png,14196,128,128,1
6,60805,6\icon60805.png,14196,128,128,1
6,60806,6\icon60806.png,4217,64,64,0
6,60807,6\icon60807.png,4139,64,64,0
6,60808,6\icon60808.png,4206,64,64,0
6,60809,6\icon60809.png,4162,64,64,0
6,60810,6\icon60810.png,4072,64,64,0
6,60811,6\icon60811.png,4147,64,64,0
6,60812,6\icon60812.png,4166,64,64,0
6,60813,6\icon60813.png,4098,64,64,0
6,60814,6\icon60814.png,4045,64,64,0
6,60815,6\icon60815.png,3879,64,64,0
6,60816,6\icon60816.png,3829,64,64,0
6,60817,6\icon60817.png,3787,64,64,0
6,60818,6\icon60818.png,3851,64,64,0
6,60819,6\icon60819.png,3794,64,64,0
6,60820,6\icon60820.png,4749,64,64,0
6,60821,6\icon60821.png,4358,64,64,0
6,60822,6\icon60822.png,14196,128,128,1
6,60823,6\icon60823.png,14196,128,128,1
6,60824,6\icon60824.png,14196,128,128,1
6,60825,6\icon60825.png,1453,64,64,0
6,60826,6\icon60826.png,1430,64,64,0
6,60827,6\icon60827.png,1385,64,64,0
6,60828,6\icon60828.png,1521,64,64,0
6,60829,6\icon60829.png,1418,64,64,0
6,60830,6\icon60830.png,1396,64,64,0
6,60831,6\icon60831.png,1503,64,64,0
6,60832,6\icon60832.png,1452,64,64,0
6,60833,6\icon60833.png,1496,64,64,0
6,60834,6\icon60834.png,1501,64,64,0
6,60835,6\icon60835.png,1355,64,64,0
6,60836,6\icon60836.png,1351,64,64,0
6,60837,6\icon60837.png,1359,64,64,0
6,60838,6\icon60838.png,1339,64,64,0
6,60839,6\icon60839.png,1346,64,64,0
6,60840,6\icon60840.png,1338,64,64,0
6,60841,6\icon60841.png,1374,64,64,0
6,60842,6\icon60842.png,1379,64,64,0
6,60843,6\icon60843.png,1298,64,64,0
6,60844,6\icon60844.png,1286,64,64,0
6,60845,6\icon60845.png,1329,64,64,0
6,60846,6\icon60846.png,1327,64,64,0
6,60847,6\icon60847.png,1316,64,64,0
6,60848,6\icon60848.png,1332,64,64,0
6,60849,6\icon60849.png,1320,64,64,0
6,60850,6\icon60850.png,1328,64,64,0
6,60851,6\icon60851.png,1340,64,64,0
6,60852,6\icon60852.png,1338,64,64,0
6,60853,6\icon60853.png,14196,128,128,1
6,60854,6\icon60854.png,14196,128,128,1
6,60855,6\icon60855.png,961,64,64,0
6,60856,6\icon60856.png,954,64,64,0
6,60857,6\icon60857.png,975,64,64,0
6,60858,6\icon60858.png,1025,64,64,0
6,60859,6\icon60859.png,1047,64,64,0
6,60860,6\icon60860.png,950,64,64,0
6,60861,6\icon60861.png,974,64,64,0
6,60862,6\icon60862.png,1029,64,64,0
6,60863,6\icon60863.png,1214,64,64,0
6,60864,6\icon60864.png,1176,64,64,0
6,60865,6\icon60865.png,1180,64,64,0
6,60866,6\icon60866.png,1140,64,64,0
6,60867,6\icon60867.png,1220,64,64,0
6,60868,6\icon60868.png,1192,64,64,0
6,60869,6\icon60869.png,1272,64,64,0
6,60870,6\icon60870.png,1189,64,64,0
6,60871,6\icon60871.png,1746,64,64,0
6,60872,6\icon60872.png,1780,64,64,0
6,60873,6\icon60873.png,14196,128,128,1
6,60874,6\icon60874.png,14196,128,128,1
6,60875,6\icon60875.png,2617,64,64,0
6,60876,6\icon60876.png,2438,64,64,0
6,60877,6\icon60877.png,3219,64,64,0
6,60878,6\icon60878.png,3021,64,64,0
6,60879,6\icon60879.png,2779,64,64,0
6,60880,6\icon60880.png,2666,64,64,0
6,60881,6\icon60881.png,2577,64,64,0
6,60882,6\icon60882.png,2674,64,64,0
6,60883,6\icon60883.png,14196,128,128,1
6,60884,6\icon60884.png,4009,64,64,0
6,60885,6\icon60885.png,3955,64,64,0
6,60886,6\icon60886.png,3968,64,64,0
6,60887,6\icon60887.png,3837,64,64,0
6,60888,6\icon60888.png,3676,64,64,0
6,60889,6\icon60889.png,3694,64,64,0
6,60890,6\icon60890.png,4489,64,64,0
6,60891,6\icon60891.png,4508,64,64,0
6,60892,6\icon60892.png,4117,64,64,0
6,60893,6\icon60893.png,4205,64,64,0
6,60894,6\icon60894.png,4426,64,64,0
6,60895,6\icon60895.png,4450,64,64,0
6,60896,6\icon60896.png,3827,64,64,0
6,60897,6\icon60897.png,3832,64,64,0
6,60898,6\icon60898.png,3932,64,64,0
6,60899,6\icon60899.png,4542,64,64,0
6,60900,6\icon60900.png,4451,64,64,0
6,60901,6\icon60901.png,4720,64,64,0
6,60902,6\icon60902.png,5868,64,64,0
6,60903,6\icon60903.png,5573,64,64,0
6,60904,6\icon60904.png,5913,64,64,0
6,60905,6\icon60905.png,5470,64,64,0
6,60906,6\icon60906.png,5400,64,64,0
6,60907,6\icon60907.png,5505,64,64,0
6,60908,6\icon60908.png,5374,64,64,0
6,60909,6\icon60909.png,5384,64,64,0
6,60910,6\icon60910.png,5669,64,64,0
6,60911,6\icon60911.png,5584,64,64,0
6,60912,6\icon60912.png,5687,64,64,0
6,60913,6\icon60913.png,5749,64,64,0
6,60914,6\icon60914.png,5630,64,64,0
6,60915,6\icon60915.png,3698,64,64,0
6,60916,6\icon60916.png,3889,64,64,0
6,60917,6\icon60917.png,3767,64,64,0
6,60918,6\icon60918.png,3799,64,64,0
6,60919,6\icon60919.png,3788,64,64,0
6,60920,6\icon60920.png,3845,64,64,0
6,60921,6\icon60921.png,3814,64,64,0
6,60922,6\icon60922.png,3848,64,64,0
6,60923,6\icon60923.png,14196,128,128,1
6,60924,6\icon60924.png,3914,64,64,0
6,60925,6\icon60925.png,3730,64,64,0
6,60926,6\icon60926.png,3836,64,64,0
6,60927,6\icon60927.png,3902,64,64,0
6,60928,6\icon60928.png,3838,64,64,0
6,60929,6\icon60929.png,3788,64,64,0
6,60930,6\icon60930.png,3829,64,64,0
6,60931,6\icon60931.png,3848,64,64,0
6,60932,6\icon60932.png,3844,64,64,0
6,60933,6\icon60933.png,3879,64,64,0
6,60934,6\icon60934.png,3890,64,64,0
6,60935,6\icon60935.png,3871,64,64,0
6,60936,6\icon60936.png,3740,64,64,0
6,60937,6\icon60937.png,3809,64,64,0
6,60938,6\icon60938.png,3809,64,64,0
6,60939,6\icon60939.png,3818,64,64,0
6,60940,6\icon60940.png,3849,64,64,0
6,60941,6\icon60941.png,3774,64,64,0
6,60942,6\icon60942.png,3844,64,64,0
6,60943,6\icon60943.png,3853,64,64,0
6,60944,6\icon60944.png,3833,64,64,0
6,60945,6\icon60945.png,3835,64,64,0
6,60946,6\icon60946.png,3835,64,64,0
6,60947,6\icon60947.png,3809,64,64,0
6,60948,6\icon60948.png,3799,64,64,0
6,60949,6\icon60949.png,3825,64,64,0
6,60950,6\icon60950.png,3749,64,64,0
6,60951,6\icon60951.png,3706,64,64,0
6,60952,6\icon60952.png,3794,64,64,0
6,60953,6\icon60953.png,3837,64,64,0
6,60954,6\icon60954.png,3811,64,64,0
6,60955,6\icon60955.png,3831,64,64,0
6,60956,6\icon60956.png,3757,64,64,0
6,60957,6\icon60957.png,3810,64,64,0
6,60958,6\icon60958.png,3864,64,64,0
6,60959,6\icon60959.png,3850,64,64,0
6,60960,6\icon60960.png,3357,64,64,0
6,60961,6\icon60961.png,3311,64,64,0
6,60962,6\icon60962.png,14196,128,128,1
6,60963,6\icon60963.png,3346,64,64,0
6,60964,6\icon60964.png,3399,64,64,0
6,60965,6\icon60965.png,14196,128,128,1
6,60966,6\icon60966.png,14196,128,128,1
6,60967,6\icon60967.png,14196,128,128,1
6,60968,6\icon60968.png,14196,128,128,1
6,60969,6\icon60969.png,14196,128,128,1
6,60970,6\icon60970.png,14196,128,128,1
6,60971,6\icon60971.png,14196,128,128,1
6,60972,6\icon60972.png,14196,128,128,1
6,60973,6\icon60973.png,14196,128,128,1
6,60974,6\icon60974.png,2825,64,64,0
6,60975,6\icon60975.png,2804,64,64,0
6,60976,6\icon60976.png,2853,64,64,0
6,60977,6\icon60977.png,2789,64,64,0
6,60978,6\icon60978.png,2844,64,64,0
6,60979,6\icon60979.png,2780,64,64,0
6,60980,6\icon60980.png,2820,64,64,0
6,60981,6\icon60981.png,2810,64,64,0
6,60982,6\icon60982.png,14196,128,128,1
6,60983,6\icon60983.png,2888,64,64,0
6,60984,6\icon60984.png,2781,64,64,0
6,60985,6\icon60985.png,2484,64,64,0
6,60986,6\icon60986.png,2574,64,64,0
6,60987,6\icon60987.png,2474,64,64,0
6,60988,6\icon60988.png,2570,64,64,0
6,60989,6\icon60989.png,2650,64,64,0
6,60990,6\icon60990.png,2586,64,64,0
6,60991,6\icon60991.png,2494,64,64,0
6,60992,6\icon60992.png,2542,64,64,0
6,60993,6\icon60993.png,2545,64,64,0
6,60994,6\icon60994.png,2621,64,64,0
6,60995,6\icon60995.png,2527,64,64,0
6,60996,6\icon60996.png,2627,64,64,0
6,60997,6\icon60997.png,2700,64,64,0
6,60998,6\icon60998.png,2625,64,64,0
6,60999,6\icon60999.png,2568,64,64,0
6,61000,6\icon61000.png,2623,64,64,0
6,61001,6\icon61001.png,2541,64,64,0
6,61002,6\icon61002.png,2607,64,64,0
6,61003,6\icon61003.png,2534,64,64,0
6,61004,6\icon61004.png,2625,64,64,0
6,61005,6\icon61005.png,2716,64,64,0
6,61006,6\icon61006.png,2612,64,64,0
6,61007,6\icon61007.png,2522,64,64,0
6,61008,6\icon61008.png,2620,64,64,0
6,61009,6\icon61009.png,2531,64,64,0
6,61010,6\icon61010.png,2625,64,64,0
6,61011,6\icon61011.png,2708,64,64,0
6,61012,6\icon61012.png,2613,64,64,0
6,61013,6\icon61013.png,2553,64,64,0
6,61014,6\icon61014.png,2612,64,64,0
6,61015,6\icon61015.png,2561,64,64,0
6,61016,6\icon61016.png,2603,64,64,0
6,61017,6\icon61017.png,2514,64,64,0
6,61018,6\icon61018.png,2585,64,64,0
6,61019,6\icon61019.png,2083,64,64,0
6,61020,6\icon61020.png,2160,64,64,0
6,61021,6\icon61021.png,2122,64,64,0
6,61022,6\icon61022.png,2135,64,64,0
6,61023,6\icon61023.png,14196,128,128,1
6,61024,6\icon61024.png,14196,128,128,1
6,61025,6\icon61025.png,14196,128,128,1
6,61026,6\icon61026.png,14196,128,128,1
6,61027,6\icon61027.png,14196,128,128,1
6,61028,6\icon61028.png,14196,128,128,1
6,61029,6\icon61029.png,14196,128,128,1
6,61030,6\icon61030.png,14196,128,128,1
6,61031,6\icon61031.png,14196,128,128,1
6,61032,6\icon61032.png,3036,64,64,0
6,61033,6\icon61033.png,3128,64,64,0
6,61034,6\icon61034.png,3162,64,64,0
6,61035,6\icon61035.png,3063,64,64,0
6,61036,6\icon61036.png,3066,64,64,0
6,61037,6\icon61037.png,3151,64,64,0
6,61038,6\icon61038.png,3162,64,64,0
6,61039,6\icon61039.png,3011,64,64,0
6,61040,6\icon61040.png,14196,128,128,1
6,61041,6\icon61041.png,3168,64,64,0
6,61042,6\icon61042.png,2998,64,64,0
6,61043,6\icon61043.png,3301,64,64,0
6,61044,6\icon61044.png,3338,64,64,0
6,61045,6\icon61045.png,3354,64,64,0
6,61046,6\icon61046.png,3312,64,64,0
6,61047,6\icon61047.png,3316,64,64,0
6,61048,6\icon61048.png,3348,64,64,0
6,61049,6\icon61049.png,3292,64,64,0
6,61050,6\icon61050.png,3304,64,64,0
6,61051,6\icon61051.png,3359,64,64,0
6,61052,6\icon61052.png,3363,64,64,0
6,61053,6\icon61053.png,3394,64,64,0
6,61054,6\icon61054.png,3336,64,64,0
6,61055,6\icon61055.png,3335,64,64,0
6,61056,6\icon61056.png,3376,64,64,0
6,61057,6\icon61057.png,3278,64,64,0
6,61058,6\icon61058.png,3309,64,64,0
6,61059,6\icon61059.png,3441,64,64,0
6,61060,6\icon61060.png,3430,64,64,0
6,61061,6\icon61061.png,3417,64,64,0
6,61062,6\icon61062.png,3470,64,64,0
6,61063,6\icon61063.png,3471,64,64,0
6,61064,6\icon61064.png,3446,64,64,0
6,61065,6\icon61065.png,3311,64,64,0
6,61066,6\icon61066.png,3338,64,64,0
6,61067,6\icon61067.png,3339,64,64,0
6,61068,6\icon61068.png,3300,64,64,0
6,61069,6\icon61069.png,3319,64,64,0
6,61070,6\icon61070.png,3320,64,64,0
6,61071,6\icon61071.png,3423,64,64,0
6,61072,6\icon61072.png,3421,64,64,0
6,61073,6\icon61073.png,3301,64,64,0
6,61074,6\icon61074.png,3254,64,64,0
6,61075,6\icon61075.png,3413,64,64,0
6,61076,6\icon61076.png,3371,64,64,0
6,61077,6\icon61077.png,2650,64,64,0
6,61078,6\icon61078.png,2501,64,64,0
6,61079,6\icon61079.png,14196,128,128,1
6,61080,6\icon61080.png,2611,64,64,0
6,61081,6\icon61081.png,2621,64,64,0
6,61082,6\icon61082.png,14196,128,128,1
6,61083,6\icon61083.png,14196,128,128,1
6,61084,6\icon61084.png,14196,128,128,1
6,61085,6\icon61085.png,14196,128,128,1
6,61086,6\icon61086.png,14196,128,128,1
6,61087,6\icon61087.png,14196,128,128,1
6,61088,6\icon61088.png,14196,128,128,1
6,61089,6\icon61089.png,14196,128,128,1
6,61090,6\icon61090.png,14196,128,128,1
6,61091,6\icon61091.png,14196,128,128,1
6,61092,6\icon61092.png,14196,128,128,1
6,61093,6\icon61093.png,14196,128,128,1
6,61094,6\icon61094.png,14196,128,128,1
6,61095,6\icon61095.png,14196,128,128,1
6,61096,6\icon61096.png,14196,128,128,1
6,61097,6\icon61097.png,3279,64,64,0
6,61098,6\icon61098.png,14196,128,128,1
6,61099,6\icon61099.png,14196,128,128,1
6,61100,6\icon61100.png,3416,64,64,0
6,61101,6\icon61101.png,14196,128,128,1
6,61102,6\icon61102.png,14196,128,128,1
6,61103,6\icon61103.png,3448,64,64,0
6,61104,6\icon61104.png,14196,128,128,1
6,61105,6\icon61105.png,14196,128,128,1
6,61106,6\icon61106.png,2801,64,64,0
6,61107,6\icon61107.png,2860,64,64,0
6,61108,6\icon61108.png,2805,64,64,0
6,61109,6\icon61109.png,2828,64,64,0
6,61110,6\icon61110.png,2753,64,64,0
6,61111,6\icon61111.png,2915,64,64,0
6,61112,6\icon61112.png,2919,64,64,0
6,61113,6\icon61113.png,2843,64,64,0
6,61114,6\icon61114.png,14196,128,128,1
6,61115,6\icon61115.png,2846,64,64,0
6,61116,6\icon61116.png,2737,64,64,0
6,61117,6\icon61117.png,4176,64,64,0
6,61118,6\icon61118.png,4153,64,64,0
6,61119,6\icon61119.png,4187,64,64,0
6,61120,6\icon61120.png,4170,64,64,0
6,61121,6\icon61121.png,4224,64,64,0
6,61122,6\icon61122.png,4113,64,64,0
6,61123,6\icon61123.png,4191,64,64,0
6,61124,6\icon61124.png,4116,64,64,0
6,61125,6\icon61125.png,4164,64,64,0
6,61126,6\icon61126.png,4205,64,64,0
6,61127,6\icon61127.png,4190,64,64,0
6,61128,6\icon61128.png,4254,64,64,0
6,61129,6\icon61129.png,4263,64,64,0
6,61130,6\icon61130.png,4104,64,64,0
6,61131,6\icon61131.png,4252,64,64,0
6,61132,6\icon61132.png,4130,64,64,0
6,61133,6\icon61133.png,4211,64,64,0
6,61134,6\icon61134.png,4132,64,64,0
6,61135,6\icon61135.png,4100,64,64,0
6,61136,6\icon61136.png,4117,64,64,0
6,61137,6\icon61137.png,4204,64,64,0
6,61138,6\icon61138.png,4122,64,64,0
6,61139,6\icon61139.png,4206,64,64,0
6,61140,6\icon61140.png,4178,64,64,0
6,61141,6\icon61141.png,4240,64,64,0
6,61142,6\icon61142.png,4193,64,64,0
6,61143,6\icon61143.png,4234,64,64,0
6,61144,6\icon61144.png,4143,64,64,0
6,61145,6\icon61145.png,4199,64,64,0
6,61146,6\icon61146.png,4095,64,64,0
6,61147,6\icon61147.png,4234,64,64,0
6,61148,6\icon61148.png,4147,64,64,0
6,61149,6\icon61149.png,4330,64,64,0
6,61150,6\icon61150.png,4342,64,64,0
6,61151,6\icon61151.png,4080,64,64,0
6,61152,6\icon61152.png,3837,64,64,0
6,61153,6\icon61153.png,3856,64,64,0
6,61154,6\icon61154.png,3851,64,64,0
6,61155,6\icon61155.png,3756,64,64,0
6,61156,6\icon61156.png,3797,64,64,0
6,61157,6\icon61157.png,3826,64,64,0
6,61158,6\icon61158.png,3828,64,64,0
6,61159,6\icon61159.png,3804,64,64,0
6,61160,6\icon61160.png,3849,64,64,0
6,61161,6\icon61161.png,3965,64,64,0
6,61162,6\icon61162.png,3949,64,64,0
6,61163,6\icon61163.png,3947,64,64,0
6,61164,6\icon61164.png,4010,64,64,0
6,61165,6\icon61165.png,3997,64,64,0
6,61166,6\icon61166.png,4012,64,64,0
6,61167,6\icon61167.png,4000,64,64,0
6,61168,6\icon61168.png,4009,64,64,0
6,61169,6\icon61169.png,4068,64,64,0
6,61170,6\icon61170.png,3977,64,64,0
6,61171,6\icon61171.png,4074,64,64,0
6,61172,6\icon61172.png,2953,64,64,0
6,61173,6\icon61173.png,3091,64,64,0
6,61174,6\icon61174.png,3087,64,64,0
6,61175,6\icon61175.png,2936,64,64,0
6,61176,6\icon61176.png,3116,64,64,0
6,61177,6\icon61177.png,2793,64,64,0
6,61178,6\icon61178.png,2996,64,64,0
6,61179,6\icon61179.png,14196,128,128,1
6,61180,6\icon61180.png,14196,128,128,1
6,61181,6\icon61181.png,14196,128,128,1
6,61182,6\icon61182.png,14196,128,128,1
6,61183,6\icon61183.png,14196,128,128,1
6,61184,6\icon61184.png,14196,128,128,1
6,61185,6\icon61185.png,14196,128,128,1
6,61186,6\icon61186.png,14196,128,128,1
6,61187,6\icon61187.png,14196,128,128,1
6,61188,6\icon61188.png,14196,128,128,1
6,61189,6\icon61189.png,14196,128,128,1
6,61190,6\icon61190.png,3187,64,64,0
6,61191,6\icon61191.png,3299,64,64,0
6,61192,6\icon61192.png,3241,64,64,0
6,61193,6\icon61193.png,14196,128,128,1
6,61194,6\icon61194.png,14196,128,128,1
6,61195,6\icon61195.png,14196,128,128,1
6,61196,6\icon61196.png,14196,128,128,1
6,61197,6\icon61197.png,14196,128,128,1
6,61198,6\icon61198.png,14196,128,128,1
6,61199,6\icon61199.png,14196,128,128,1
6,61200,6\icon61200.png,14196,128,128,1
6,61201,6\icon61201.png,14196,128,128,1
6,61202,6\icon61202.png,14196,128,128,1
6,61203,6\icon61203.png,14196,128,128,1
6,61204,6\icon61204.png,14196,128,128,1
6,61205,6\icon61205.png,14196,128,128,1
6,61206,6\icon61206.png,2742,64,64,0
6,61207,6\icon61207.png,2782,64,64,0
6,61208,6\icon61208.png,14196,128,128,1
6,61209,6\icon61209.png,14196,128,128,1
6,61210,6\icon61210.png,14196,128,128,1
6,61211,6\icon61211.png,14196,128,128,1
6,61212,6\icon61212.png,4608,64,64,0
6,61213,6\icon61213.png,4636,64,64,0
6,61214,6\icon61214.png,4599,64,64,0
6,61215,6\icon61215.png,4516,64,64,0
6,61216,6\icon61216.png,4504,64,64,0
6,61217,6\icon61217.png,4595,64,64,0
6,61218,6\icon61218.png,4675,64,64,0
6,61219,6\icon61219.png,14196,128,128,1
6,61220,6\icon61220.png,14196,128,128,1
6,61221,6\icon61221.png,14196,128,128,1
6,61222,6\icon61222.png,14196,128,128,1
6,61223,6\icon61223.png,14196,128,128,1
6,61224,6\icon61224.png,14196,128,128,1
6,61225,6\icon61225.png,14196,128,128,1
6,61226,6\icon61226.png,14196,128,128,1
6,61227,6\icon61227.png,14196,128,128,1
6,61228,6\icon61228.png,14196,128,128,1
6,61229,6\icon61229.png,14196,128,128,1
6,61230,6\icon61230.png,4131,64,64,0
6,61231,6\icon61231.png,14196,128,128,1
6,61232,6\icon61232.png,14196,128,128,1
6,61233,6\icon61233.png,14196,128,128,1
6,61234,6\icon61234.png,14196,128,128,1
6,61235,6\icon61235.png,14196,128,128,1
6,61236,6\icon61236.png,3555,64,64,0
6,61237,6\icon61237.png,3582,64,64,0
6,61238,6\icon61238.png,3584,64,64,0
6,61239,6\icon61239.png,3584,64,64,0
6,61240,6\icon61240.png,3681,64,64,0
6,61241,6\icon61241.png,3599,64,64,0
6,61242,6\icon61242.png,3761,64,64,0
6,61243,6\icon61243.png,3553,64,64,0
6,61244,6\icon61244.png,3510,64,64,0
6,61245,6\icon61245.png,3547,64,64,0
6,61246,6\icon61246.png,3535,64,64,0
6,61247,6\icon61247.png,3508,64,64,0
6,61248,6\icon61248.png,3584,64,64,0
6,61249,6\icon61249.png,3589,64,64,0
6,61250,6\icon61250.png,3659,64,64,0
6,61251,6\icon61251.png,3518,64,64,0
6,61252,6\icon61252.png,3413,64,64,0
6,61253,6\icon61253.png,3606,64,64,0
6,61254,6\icon61254.png,3722,64,64,0
6,61255,6\icon61255.png,3512,64,64,0
6,61256,6\icon61256.png,3531,64,64,0
6,61257,6\icon61257.png,3642,64,64,0
6,61258,6\icon61258.png,3545,64,64,0
6,61259,6\icon61259.png,3645,64,64,0
6,61260,6\icon61260.png,3685,64,64,0
6,61261,6\icon61261.png,3657,64,64,0
6,61262,6\icon61262.png,4137,64,64,0
6,61263,6\icon61263.png,4237,64,64,0
6,61264,6\icon61264.png,4091,64,64,0
6,61265,6\icon61265.png,14196,128,128,1
6,61266,6\icon61266.png,3851,64,64,0
6,61267,6\icon61267.png,4793,64,64,0
6,61268,6\icon61268.png,14196,128,128,1
6,61269,6\icon61269.png,14196,128,128,1
6,61270,6\icon61270.png,2974,64,64,0
6,61271,6\icon61271.png,14196,128,128,1
6,61272,6\icon61272.png,14196,128,128,1
6,61273,6\icon61273.png,14196,128,128,1
6,61274,6\icon61274.png,14196,128,128,1
6,61275,6\icon61275.png,14196,128,128,1
6,61276,6\icon61276.png,14196,128,128,1
6,61277,6\icon61277.png,14196,128,128,1
6,61278,6\icon61278.png,14196,128,128,1
6,61279,6\icon61279.png,14196,128,128,1
6,61280,6\icon61280.png,14196,128,128,1
6,61281,6\icon61281.png,14196,128,128,1
6,61282,6\icon61282.png,14196,128,128,1
6,61283,6\icon61283.png,14196,128,128,1
6,61284,6\icon61284.png,14196,128,128,1
6,61285,6\icon61285.png,14196,128,128,1
6,61286,6\icon61286.png,14196,128,128,1
6,61287,6\icon61287.png,14196,128,128,1
6,61288,6\icon61288.png,14196,128,128,1
6,61289,6\icon61289.png,14196,128,128,1
6,61290,6\icon61290.png,14196,128,128,1
6,61291,6\icon61291.png,14196,128,128,1
6,61292,6\icon61292.png,14196,128,128,1
6,61293,6\icon61293.png,14196,128,128,1
6,61294,6\icon61294.png,14196,128,128,1
6,61295,6\icon61295.png,14196,128,128,1
6,61296,6\icon61296.png,14196,128,128,1
6,61297,6\icon61297.png,14196,128,128,1
6,61298,6\icon61298.png,14196,128,128,1
6,61299,6\icon61299.png,14196,128,128,1
6,61300,6\icon61300.png,14196,128,128,1
6,61301,6\icon61301.png,14196,128,128,1
6,61302,6\icon61302.png,14196,128,128,1
6,61303,6\icon61303.png,14196,128,128,1
6,61304,6\icon61304.png,14196,128,128,1
6,61305,6\icon61305.png,14196,128,128,1
6,61306,6\icon61306.png,14196,128,128,1
6,61307,6\icon61307.png,14196,128,128,1
6,61308,6\icon61308.png,14196,128,128,1
6,61309,6\icon61309.png,14196,128,128,1
6,61310,6\icon61310.png,14196,128,128,1
6,61311,6\icon61311.png,14196,128,128,1
6,61312,6\icon61312.png,14196,128,128,1
6,61313,6\icon61313.png,14196,128,128,1
6,61314,6\icon61314.png,3747,64,64,0
6,61315,6\icon61315.png,14196,128,128,1
6,61316,6\icon61316.png,14196,128,128,1
6,61317,6\icon61317.png,3875,64,64,0
6,61318,6\icon61318.png,4437,64,64,0
6,61319,6\icon61319.png,3966,64,64,0
6,61320,6\icon61320.png,3874,64,64,0
6,61321,6\icon61321.png,3962,64,64,0
6,61322,6\icon61322.png,3461,64,64,0
6,61323,6\icon61323.png,3495,64,64,0
6,61324,6\icon61324.png,3633,64,64,0
6,61325,6\icon61325.png,5166,64,64,0
6,61326,6\icon61326.png,4647,64,64,0
6,61327,6\icon61327.png,4714,64,64,0
6,61328,6\icon61328.png,1468,64,64,0
6,61329,6\icon61329.png,1438,64,64,0
6,61330,6\icon61330.png,1493,64,64,0
6,61331,6\icon61331.png,1438,64,64,0
6,61332,6\icon61332.png,1468,64,64,0
6,61333,6\icon61333.png,1493,64,64,0
6,61334,6\icon61334.png,5178,64,64,0
6,61335,6\icon61335.png,5250,64,64,0
6,61336,6\icon61336.png,3881,64,64,0
6,61337,6\icon61337.png,4060,64,64,0
6,61338,6\icon61338.png,4198,64,64,0
6,61339,6\icon61339.png,3803,64,64,0
6,61340,6\icon61340.png,14196,128,128,1
6,61341,6\icon61341.png,5479,64,64,0
6,61342,6\icon61342.png,14196,128,128,1
6,61343,6\icon61343.png,5545,64,64,0
6,61344,6\icon61344.png,4235,64,64,0
6,61345,6\icon61345.png,6248,64,64,0
6,61346,6\icon61346.png,5532,64,64,0
6,61347,6\icon61347.png,14196,128,128,1
6,61348,6\icon61348.png,14196,128,128,1
6,61349,6\icon61349.png,5354,64,64,0
6,61350,6\icon61350.png,4261,64,64,0
6,61351,6\icon61351.png,2912,64,64,0
6,61352,6\icon61352.png,4306,64,64,0
6,61353,6\icon61353.png,3368,64,64,0
6,61354,6\icon61354.png,14196,128,128,1
6,61355,6\icon61355.png,4369,64,64,0
6,61356,6\icon61356.png,2413,64,64,0
6,61357,6\icon61357.png,5866,64,64,0
6,61358,6\icon61358.png,3249,64,64,0
6,61359,6\icon61359.png,5555,64,64,0
6,61360,6\icon61360.png,4758,64,64,0
6,61361,6\icon61361.png,14196,128,128,1
6,61362,6\icon61362.png,4708,64,64,0
6,61363,6\icon61363.png,14196,128,128,1
6,61364,6\icon61364.png,4894,64,64,0
6,61365,6\icon61365.png,3903,64,64,0
6,61366,6\icon61366.png,14196,128,128,1
6,61367,6\icon61367.png,5154,64,64,0
6,61368,6\icon61368.png,4299,64,64,0
6,61369,6\icon61369.png,2399,64,64,0
6,61370,6\icon61370.png,4601,64,64,0
6,61371,6\icon61371.png,6028,64,64,0
6,61372,6\icon61372.png,4164,64,64,0
6,61373,6\icon61373.png,14196,128,128,1
6,61374,6\icon61374.png,14196,128,128,1
6,61375,6\icon61375.png,5022,64,64,0
6,61376,6\icon61376.png,4974,64,64,0
6,61377,6\icon61377.png,14196,128,128,1
6,61378,6\icon61378.png,14196,128,128,1
6,61379,6\icon61379.png,14196,128,128,1
6,61380,6\icon61380.png,14196,128,128,1
6,61381,6\icon61381.png,14196,128,128,1
6,61382,6\icon61382.png,14196,128,128,1
6,61383,6\icon61383.png,5225,64,64,0
6,61384,6\icon61384.png,3625,64,64,0
6,61385,6\icon61385.png,5398,64,64,0
6,61386,6\icon61386.png,5463,64,64,0
6,61387,6\icon61387.png,5501,64,64,0
6,61388,6\icon61388.png,5556,64,64,0
6,61389,6\icon61389.png,5581,64,64,0
6,61390,6\icon61390.png,1396,64,64,0
6,61391,6\icon61391.png,1462,64,64,0
6,61392,6\icon61392.png,1492,64,64,0
6,61393,6\icon61393.png,4196,64,64,0
6,61394,6\icon61394.png,14196,128,128,1
6,61395,6\icon61395.png,14196,128,128,1
6,61396,6\icon61396.png,14196,128,128,1
6,61397,6\icon61397.png,14196,128,128,1
6,61398,6\icon61398.png,14196,128,128,1
6,61399,6\icon61399.png,14196,128,128,1
6,61400,6\icon61400.png,4202,64,64,0
6,61401,6\icon61401.png,4299,64,64,0
6,61402,6\icon61402.png,4430,64,64,0
6,61403,6\icon61403.png,4314,64,64,0
6,61404,6\icon61404.png,4576,64,64,0
6,61405,6\icon61405.png,4336,64,64,0
6,61406,6\icon61406.png,3162,64,64,0
6,61407,6\icon61407.png,1879,64,64,0
6,61408,6\icon61408.png,2117,64,64,0
6,61409,6\icon61409.png,3119,64,64,0
6,61410,6\icon61410.png,4777,64,64,0
6,61411,6\icon61411.png,4804,64,64,0
6,61412,6\icon61412.png,5378,64,64,0
6,61413,6\icon61413.png,5492,64,64,0
6,61414,6\icon61414.png,3102,64,64,0
6,61415,6\icon61415.png,3073,64,64,0
6,61416,6\icon61416.png,3038,64,64,0
6,61417,6\icon61417.png,3209,64,64,0
6,61418,6\icon61418.png,3187,64,64,0
6,61419,6\icon61419.png,3312,64,64,0
6,61420,6\icon61420.png,3363,64,64,0
6,61421,6\icon61421.png,4062,64,64,0
6,61422,6\icon61422.png,4437,64,64,0
6,61423,6\icon61423.png,2710,64,64,0
6,61424,6\icon61424.png,14196,128,128,1
6,61425,6\icon61425.png,14196,128,128,1
6,61426,6\icon61426.png,4175,64,64,0
6,61427,6\icon61427.png,4439,64,64,0
6,61428,6\icon61428.png,14196,128,128,1
6,61429,6\icon61429.png,3152,64,64,0
6,61430,6\icon61430.png,4444,64,64,0
6,61431,6\icon61431.png,3910,64,64,0
6,61432,6\icon61432.png,14196,128,128,1
6,61433,6\icon61433.png,1655,64,64,0
6,61434,6\icon61434.png,14196,128,128,1
6,61435,6\icon61435.png,14196,128,128,1
6,61436,6\icon61436.png,14196,128,128,1
6,61437,6\icon61437.png,14196,128,128,1
6,61438,6\icon61438.png,14196,128,128,1
6,61439,6\icon61439.png,14196,128,128,1
6,61440,6\icon61440.png,14196,128,128,1
6,61441,6\icon61441.png,14196,128,128,1
6,61442,6\icon61442.png,14196,128,128,1
6,61443,6\icon61443.png,14196,128,128,1
6,61444,6\icon61444.png,14196,128,128,1
6,61445,6\icon61445.png,14196,128,128,1
6,61446,6\icon61446.png,5341,64,64,0
6,61447,6\icon61447.png,3740,64,64,0
6,61448,6\icon61448.png,4722,64,64,0
6,61449,6\icon61449.png,4946,64,64,0
6,61450,6\icon61450.png,4787,64,64,0
6,61451,6\icon61451.png,4052,64,64,0
6,61452,6\icon61452.png,5019,64,64,0
6,61453,6\icon61453.png,4532,64,64,0
6,61454,6\icon61454.png,4559,64,64,0
6,61455,6\icon61455.png,4845,64,64,0
6,61456,6\icon61456.png,1870,64,64,0
6,61457,6\icon61457.png,3694,64,64,0
6,61458,6\icon61458.png,3784,64,64,0
6,61459,6\icon61459.png,3586,64,64,0
6,61460,6\icon61460.png,5500,64,64,0
6,61461,6\icon61461.png,5303,64,64,0
6,61462,6\icon61462.png,4756,64,64,0
6,61463,6\icon61463.png,5453,64,64,0
6,61464,6\icon61464.png,5405,64,64,0
6,61465,6\icon61465.png,4918,64,64,0
6,61466,6\icon61466.png,5602,64,64,0
6,61467,6\icon61467.png,4900,64,64,0
6,61468,6\icon61468.png,3650,64,64,0
6,61469,6\icon61469.png,4393,64,64,0
6,61470,6\icon61470.png,3376,64,64,0
6,61471,6\icon61471.png,4323,64,64,0
6,61472,6\icon61472.png,4492,64,64,0
6,61473,6\icon61473.png,3954,64,64,0
6,61474,6\icon61474.png,5597,64,64,0
6,61475,6\icon61475.png,5919,64,64,0
6,61476,6\icon61476.png,5896,64,64,0
6,61477,6\icon61477.png,5682,64,64,0
6,61478,6\icon61478.png,5427,64,64,0
6,61479,6\icon61479.png,5788,64,64,0
6,61480,6\icon61480.png,4740,64,64,0
6,61481,6\icon61481.png,4551,64,64,0
6,61482,6\icon61482.png,4766,64,64,0
6,61483,6\icon61483.png,5980,64,64,0
6,61484,6\icon61484.png,5979,64,64,0
6,61485,6\icon61485.png,5698,64,64,0
6,61486,6\icon61486.png,5238,64,64,0
6,61487,6\icon61487.png,5263,64,64,0
6,61488,6\icon61488.png,4574,64,64,0
6,61489,6\icon61489.png,3325,64,64,0
6,61490,6\icon61490.png,3861,64,64,0
6,61491,6\icon61491.png,5509,64,64,0
6,61492,6\icon61492.png,5435,64,64,0
6,61493,6\icon61493.png,3262,64,64,0
6,61494,6\icon61494.png,6076,64,64,0
6,61495,6\icon61495.png,5218,64,64,0
6,61496,6\icon61496.png,5272,64,64,0
6,61497,6\icon61497.png,5516,64,64,0
6,61498,6\icon61498.png,3801,64,64,0
6,61499,6\icon61499.png,3573,64,64,0
6,61500,6\icon61500.png,3537,64,64,0
6,61501,6\icon61501.png,3985,64,64,0
6,61502,6\icon61502.png,3658,64,64,0
6,61503,6\icon61503.png,4012,64,64,0
6,61504,6\icon61504.png,3514,64,64,0
6,61505,6\icon61505.png,4080,64,64,0
6,61506,6\icon61506.png,4083,64,64,0
6,61507,6\icon61507.png,3743,64,64,0
6,61508,6\icon61508.png,3909,64,64,0
6,61509,6\icon61509.png,3186,64,64,0
6,61510,6\icon61510.png,3459,64,64,0
6,61511,6\icon61511.png,4063,64,64,0
6,61512,6\icon61512.png,3233,64,64,0
6,61513,6\icon61513.png,3411,64,64,0
6,61514,6\icon61514.png,4182,64,64,0
6,61515,6\icon61515.png,3630,64,64,0
6,61516,6\icon61516.png,4042,64,64,0
6,61517,6\icon61517.png,4016,64,64,0
6,61518,6\icon61518.png,3305,64,64,0
6,61519,6\icon61519.png,3490,64,64,0
6,61520,6\icon61520.png,3696,64,64,0
6,61521,6\icon61521.png,4133,64,64,0
6,61522,6\icon61522.png,3474,64,64,0
6,61523,6\icon61523.png,3640,64,64,0
6,61524,6\icon61524.png,3279,64,64,0
6,61525,6\icon61525.png,3935,64,64,0
6,61526,6\icon61526.png,4520,64,64,0
6,61527,6\icon61527.png,4374,64,64,0
6,61528,6\icon61528.png,4212,64,64,0
6,61529,6\icon61529.png,4399,64,64,0
6,61530,6\icon61530.png,4176,64,64,0
6,61531,6\icon61531.png,4451,64,64,0
6,61532,6\icon61532.png,4367,64,64,0
6,61533,6\icon61533.png,4393,64,64,0
6,61534,6\icon61534.png,4231,64,64,0
6,61535,6\icon61535.png,4318,64,64,0
6,61536,6\icon61536.png,4322,64,64,0
6,61537,6\icon61537.png,4312,64,64,0
6,61538,6\icon61538.png,4222,64,64,0
6,61539,6\icon61539.png,4427,64,64,0
6,61540,6\icon61540.png,4252,64,64,0
6,61541,6\icon61541.png,4250,64,64,0
6,61542,6\icon61542.png,4570,64,64,0
6,61543,6\icon61543.png,4383,64,64,0
6,61544,6\icon61544.png,4606,64,64,0
6,61545,6\icon61545.png,2529,64,64,0
6,61546,6\icon61546.png,4899,64,64,0
6,61547,6\icon61547.png,2501,64,64,0
6,61548,6\icon61548.png,2539,64,64,0
6,61549,6\icon61549.png,2530,64,64,0
6,61550,6\icon61550.png,2513,64,64,0
6,61551,6\icon61551.png,5528,64,64,0
6,61552,6\icon61552.png,5595,64,64,0
6,61553,6\icon61553.png,4263,64,64,0
6,61554,6\icon61554.png,4169,64,64,0
6,61555,6\icon61555.png,4308,64,64,0
6,61556,6\icon61556.png,3303,64,64,0
6,61557,6\icon61557.png,3257,64,64,0
6,61558,6\icon61558.png,3272,64,64,0
6,61559,6\icon61559.png,3552,64,64,0
6,61560,6\icon61560.png,5263,64,64,0
6,61561,6\icon61561.png,5031,64,64,0
6,61562,6\icon61562.png,4559,64,64,0
6,61563,6\icon61563.png,5251,64,64,0
6,61564,6\icon61564.png,3932,64,64,0
6,61565,6\icon61565.png,4402,64,64,0
6,61566,6\icon61566.png,4909,64,64,0
6,61567,6\icon61567.png,3886,64,64,0
6,61568,6\icon61568.png,3746,64,64,0
6,61569,6\icon61569.png,4236,64,64,0
6,61570,6\icon61570.png,4527,64,64,0
6,61571,6\icon61571.png,4762,64,64,0
6,61572,6\icon61572.png,4509,64,64,0
6,61573,6\icon61573.png,4388,64,64,0
6,61574,6\icon61574.png,4518,64,64,0
6,61575,6\icon61575.png,4511,64,64,0
6,61576,6\icon61576.png,4607,64,64,0
6,61577,6\icon61577.png,4593,64,64,0
6,61578,6\icon61578.png,4405,64,64,0
6,61579,6\icon61579.png,4260,64,64,0
6,61580,6\icon61580.png,4527,64,64,0
6,61581,6\icon61581.png,4203,64,64,0
6,61582,6\icon61582.png,4312,64,64,0
6,61583,6\icon61583.png,4421,64,64,0
6,61584,6\icon61584.png,4632,64,64,0
6,61585,6\icon61585.png,3766,64,64,0
6,61586,6\icon61586.png,3597,64,64,0
6,61587,6\icon61587.png,3388,64,64,0
6,61588,6\icon61588.png,3701,64,64,0
6,61589,6\icon61589.png,3598,64,64,0
6,61590,6\icon61590.png,3711,64,64,0
6,61591,6\icon61591.png,3483,64,64,0
6,61592,6\icon61592.png,3685,64,64,0
6,61593,6\icon61593.png,3247,64,64,0
6,61594,6\icon61594.png,3635,64,64,0
6,61595,6\icon61595.png,3750,64,64,0
6,61596,6\icon61596.png,3615,64,64,0
6,61597,6\icon61597.png,4833,64,64,0
6,61598,6\icon61598.png,4944,64,64,0
6,61599,6\icon61599.png,3133,64,64,0
6,61600,6\icon61600.png,3026,64,64,0
6,61601,6\icon61601.png,5550,64,64,0
6,61602,6\icon61602.png,5793,64,64,0
6,61603,6\icon61603.png,5753,64,64,0
6,61604,6\icon61604.png,4758,64,64,0
6,61605,6\icon61605.png,5166,64,64,0
6,61606,6\icon61606.png,5156,64,64,0
6,61607,6\icon61607.png,5138,64,64,0
6,61608,6\icon61608.png,4945,64,64,0
6,61609,6\icon61609.png,2854,64,64,0
6,61610,6\icon61610.png,4366,64,64,0
6,61611,6\icon61611.png,4342,64,64,0
6,61612,6\icon61612.png,4400,64,64,0
6,61613,6\icon61613.png,4226,64,64,0
6,61614,6\icon61614.png,4306,64,64,0
6,61615,6\icon61615.png,4193,64,64,0
6,61616,6\icon61616.png,4901,64,64,0
6,61617,6\icon61617.png,3705,64,64,0
6,61618,6\icon61618.png,5461,64,64,0
6,61619,6\icon61619.png,4697,64,64,0
6,61620,6\icon61620.png,4744,64,64,0
6,61621,6\icon61621.png,4881,64,64,0
6,61622,6\icon61622.png,4101,64,64,0
6,61623,6\icon61623.png,4246,64,64,0
6,61624,6\icon61624.png,4778,64,64,0
6,61625,6\icon61625.png,4803,64,64,0
6,61626,6\icon61626.png,4097,64,64,0
6,61627,6\icon61627.png,4072,64,64,0
6,61628,6\icon61628.png,4674,64,64,0
6,61629,6\icon61629.png,4726,64,64,0
6,61630,6\icon61630.png,3972,64,64,0
6,61631,6\icon61631.png,4118,64,64,0
6,61632,6\icon61632.png,4747,64,64,0
6,61633,6\icon61633.png,4711,64,64,0
6,61634,6\icon61634.png,4144,64,64,0
6,61635,6\icon61635.png,4087,64,64,0
6,61636,6\icon61636.png,4703,64,64,0
6,61637,6\icon61637.png,4745,64,64,0
6,61638,6\icon61638.png,4045,64,64,0
6,61639,6\icon61639.png,4272,64,64,0
6,61640,6\icon61640.png,4824,64,64,0
6,61641,6\icon61641.png,4784,64,64,0
6,61642,6\icon61642.png,3985,64,64,0
6,61643,6\icon61643.png,4259,64,64,0
6,61644,6\icon61644.png,4795,64,64,0
6,61645,6\icon61645.png,4845,64,64,0
6,61646,6\icon61646.png,4043,64,64,0
6,61647,6\icon61647.png,4197,64,64,0
6,61648,6\icon61648.png,4842,64,64,0
6,61649,6\icon61649.png,4596,64,64,0
6,61650,6\icon61650.png,3979,64,64,0
6,61651,6\icon61651.png,4271,64,64,0
6,61652,6\icon61652.png,4891,64,64,0
6,61653,6\icon61653.png,5041,64,64,0
6,61654,6\icon61654.png,4034,64,64,0
6,61655,6\icon61655.png,4106,64,64,0
6,61656,6\icon61656.png,4940,64,64,0
6,61657,6\icon61657.png,4894,64,64,0
6,61658,6\icon61658.png,4022,64,64,0
6,61659,6\icon61659.png,4141,64,64,0
6,61660,6\icon61660.png,5739,64,64,0
6,61661,6\icon61661.png,4494,64,64,0
6,61662,6\icon61662.png,4729,64,64,0
6,61663,6\icon61663.png,5059,64,64,0
6,61664,6\icon61664.png,5037,64,64,0
6,61665,6\icon61665.png,5115,64,64,0
6,61666,6\icon61666.png,4977,64,64,0
6,61667,6\icon61667.png,5119,64,64,0
6,61668,6\icon61668.png,5039,64,64,0
6,61669,6\icon61669.png,4961,64,64,0
6,61670,6\icon61670.png,5167,64,64,0
6,61671,6\icon61671.png,4985,64,64,0
6,61672,6\icon61672.png,4895,64,64,0
6,61673,6\icon61673.png,4574,64,64,0
6,61674,6\icon61674.png,4028,64,64,0
6,61675,6\icon61675.png,4194,64,64,0
6,61676,6\icon61676.png,4178,64,64,0
6,61677,6\icon61677.png,12658,128,128,0
6,61678,6\icon61678.png,13080,128,128,0
6,61679,6\icon61679.png,13091,128,128,0
6,61680,6\icon61680.png,14317,128,128,0
6,61681,6\icon61681.png,13633,128,128,0
6,61682,6\icon61682.png,13385,128,128,0
6,61683,6\icon61683.png,14471,128,128,0
6,61684,6\icon61684.png,13455,128,128,0
6,61685,6\icon61685.png,11111,128,128,0
6,61686,6\icon61686.png,12619,128,128,0
6,61687,6\icon61687.png,12689,128,128,0
6,61688,6\icon61688.png,12565,128,128,0
6,61689,6\icon61689.png,13368,128,128,0
6,61690,6\icon61690.png,12273,128,128,0
6,61691,6\icon61691.png,11505,128,128,0
6,61692,6\icon61692.png,11069,128,128,0
6,61693,6\icon61693.png,15116,128,128,0
6,61694,6\icon61694.png,12832,128,128,0
6,61695,6\icon61695.png,13879,128,128,0
6,61696,6\icon61696.png,13477,128,128,0
6,61697,6\icon61697.png,13751,128,128,0
6,61698,6\icon61698.png,11862,128,128,0
6,61699,6\icon61699.png,11484,128,128,0
6,61700,6\icon61700.png,16951,128,128,0
6,61701,6\icon61701.png,19212,128,128,0
6,61702,6\icon61702.png,17048,128,128,0
6,61703,6\icon61703.png,16019,128,128,0
6,61704,6\icon61704.png,18267,128,128,0
6,61705,6\icon61705.png,18921,128,128,0
6,61706,6\icon61706.png,18550,128,128,0
6,61707,6\icon61707.png,17096,128,128,0
6,61708,6\icon61708.png,16982,128,128,0
6,61709,6\icon61709.png,5031,128,128,0
6,61710,6\icon61710.png,15412,128,128,0
6,61711,6\icon61711.png,11678,128,128,0
6,61712,6\icon61712.png,15619,128,128,0
6,61713,6\icon61713.png,16015,128,128,0
6,61714,6\icon61714.png,16059,128,128,0
6,61715,6\icon61715.png,16336,128,128,0
6,61716,6\icon61716.png,20191,128,128,0
6,61717,6\icon61717.png,19599,128,128,0
6,61718,6\icon61718.png,20799,128,128,0
6,61719,6\icon61719.png,20271,128,128,0
6,61720,6\icon61720.png,19398,128,128,0
6,61721,6\icon61721.png,21399,128,128,0
6,61722,6\icon61722.png,20294,128,128,0
6,61723,6\icon61723.png,8829,128,128,0
6,61724,6\icon61724.png,11734,128,128,0
6,61725,6\icon61725.png,14908,128,128,0
6,61726,6\icon61726.png,10961,128,128,0
6,61727,6\icon61727.png,11944,128,128,0
6,61728,6\icon61728.png,11466,128,128,0
6,61729,6\icon61729.png,11519,128,128,0
6,61730,6\icon61730.png,11536,128,128,0
6,61731,6\icon61731.png,11922,128,128,0
6,61732,6\icon61732.png,11654,128,128,0
6,61733,6\icon61733.png,11921,128,128,0
6,61734,6\icon61734.png,11776,128,128,0
6,61735,6\icon61735.png,11771,128,128,0
6,61736,6\icon61736.png,11734,128,128,0
6,61737,6\icon61737.png,11952,128,128,0
6,61738,6\icon61738.png,11926,128,128,0
6,61739,6\icon61739.png,8750,128,128,0
6,61740,6\icon61740.png,10360,128,128,0
6,61741,6\icon61741.png,14837,128,128,0
6,61742,6\icon61742.png,14196,128,128,1
6,61743,6\icon61743.png,14196,128,128,1
6,61744,6\icon61744.png,14196,128,128,1
6,61745,6\icon61745.png,14196,128,128,1
6,61746,6\icon61746.png,14196,128,128,1
6,61747,6\icon61747.png,14196,128,128,1
6,61748,6\icon61748.png,14196,128,128,1
6,61749,6\icon61749.png,14196,128,128,1
6,61750,6\icon61750.png,14196,128,128,1
6,61751,6\icon61751.png,14196,128,128,1
6,61752,6\icon61752.png,14196,128,128,1
6,61753,6\icon61753.png,14196,128,128,1
6,61754,6\icon61754.png,14196,128,128,1
6,61755,6\icon61755.png,14196,128,128,1
6,61756,6\icon61756.png,14196,128,128,1
6,61757,6\icon61757.png,14196,128,128,1
6,61758,6\icon61758.png,14196,128,128,1
6,61759,6\icon61759.png,14196,128,128,1
6,61760,6\icon61760.png,14196,128,128,1
6,61761,6\icon61761.png,14196,128,128,1
6,61762,6\icon61762.png,14196,128,128,1
6,61763,6\icon61763.png,14196,128,128,1
6,61764,6\icon61764.png,14196,128,128,1
6,61765,6\icon61765.png,14196,128,128,1
6,61766,6\icon61766.png,14196,128,128,1
6,61767,6\icon61767.png,14196,128,128,1
6,61768,6\icon61768.png,14196,128,128,1
6,61769,6\icon61769.png,14196,128,128,1
6,61770,6\icon61770.png,14196,128,128,1
6,61771,6\icon61771.png,14196,128,128,1
6,61772,6\icon61772.png,14196,128,128,1
6,61773,6\icon61773.png,14196,128,128,1
6,61774,6\icon61774.png,14196,128,128,1
6,61775,6\icon61775.png,14196,128,128,1
6,61776,6\icon61776.png,14196,128,128,1
6,61777,6\icon61777.png,14196,128,128,1
6,61778,6\icon61778.png,14196,128,128,1
6,61779,6\icon61779.png,14196,128,128,1
6,61780,6\icon61780.png,14196,128,128,1
6,61781,6\icon61781.png,14196,128,128,1
6,61782,6\icon61782.png,14196,128,128,1
6,61783,6\icon61783.png,14196,128,128,1
6,61784,6\icon61784.png,14196,128,128,1
6,61785,6\icon61785.png,14196,128,128,1
6,61786,6\icon61786.png,14196,128,128,1
6,61787,6\icon61787.png,14196,128,128,1
6,61788,6\icon61788.png,14196,128,128,1
6,61789,6\icon61789.png,14196,128,128,1
6,61790,6\icon61790.png,14196,128,128,1
6,61791,6\icon61791.png,14196,128,128,1
6,61792,6\icon61792.png,14196,128,128,1
6,61793,6\icon61793.png,14196,128,128,1
6,61794,6\icon61794.png,14196,128,128,1
6,61795,6\icon61795.png,14196,128,128,1
6,61796,6\icon61796.png,14196,128,128,1
6,61797,6\icon61797.png,14196,128,128,1
6,61798,6\icon61798.png,14196,128,128,1
6,61799,6\icon61799.png,14196,128,128,1
6,61800,6\icon61800.png,14196,128,128,1
6,61801,6\icon61801.png,14196,128,128,1
6,61802,6\icon61802.png,14196,128,128,1
6,61803,6\icon61803.png,14196,128,128,1
6,61804,6\icon61804.png,14196,128,128,1
6,61805,6\icon61805.png,14196,128,128,1
6,61806,6\icon61806.png,14196,128,128,1
6,61807,6\icon61807.png,14196,128,128,1
6,61808,6\icon61808.png,14196,128,128,1
6,61809,6\icon61809.png,14196,128,128,1
6,61810,6\icon61810.png,14196,128,128,1
6,61811,6\icon61811.png,14196,128,128,1
6,61812,6\icon61812.png,14196,128,128,1
6,61813,6\icon61813.png,14196,128,128,1
6,61814,6\icon61814.png,14196,128,128,1
6,61815,6\icon61815.png,14196,128,128,1
6,61816,6\icon61816.png,14196,128,128,1
6,61817,6\icon61817.png,14196,128,128,1
6,61818,6\icon61818.png,14196,128,128,1
6,61819,6\icon61819.png,14196,128,128,1
6,61820,6\icon61820.png,14196,128,128,1
6,61821,6\icon61821.png,14196,128,128,1
6,61822,6\icon61822.png,14196,128,128,1
6,61823,6\icon61823.png,14196,128,128,1
6,61824,6\icon61824.png,14196,128,128,1
6,61825,6\icon61825.png,14196,128,128,1
6,61826,6\icon61826.png,14196,128,128,1
6,61827,6\icon61827.png,14196,128,128,1
6,61828,6\icon61828.png,14196,128,128,1
6,61829,6\icon61829.png,14196,128,128,1
6,61830,6\icon61830.png,14196,128,128,1
6,61831,6\icon61831.png,14196,128,128,1
6,61832,6\icon61832.png,14196,128,128,1
6,61833,6\icon61833.png,14196,128,128,1
6,61834,6\icon61834.png,14196,128,128,1
6,61835,6\icon61835.png,14196,128,128,1
6,61836,6\icon61836.png,14196,128,128,1
6,61837,6\icon61837.png,14196,128,128,1
6,61838,6\icon61838.png,14196,128,128,1
6,61839,6\icon61839.png,14196,128,128,1
6,61840,6\icon61840.png,14196,128,128,1
6,61841,6\icon61841.png,14196,128,128,1
6,61842,6\icon61842.png,14196,128,128,1
6,61843,6\icon61843.png,14196,128,128,1
6,61844,6\icon61844.png,14196,128,128,1
6,61845,6\icon61845.png,14196,128,128,1
6,61846,6\icon61846.png,14196,128,128,1
6,61847,6\icon61847.png,14196,128,128,1
6,61848,6\icon61848.png,14196,128,128,1
6,61849,6\icon61849.png,14196,128,128,1
6,61850,6\icon61850.png,14196,128,128,1
6,61851,6\icon61851.png,14196,128,128,1
6,61852,6\icon61852.png,14196,128,128,1
6,61853,6\icon61853.png,14196,128,128,1
6,61854,6\icon61854.png,14196,128,128,1
6,61855,6\icon61855.png,14196,128,128,1
6,61856,6\icon61856.png,14196,128,128,1
6,61857,6\icon61857.png,14196,128,128,1
6,61858,6\icon61858.png,14196,128,128,1
6,61859,6\icon61859.png,14196,128,128,1
6,61860,6\icon61860.png,14196,128,128,1
6,61861,6\icon61861.png,14196,128,128,1
6,61862,6\icon61862.png,14196,128,128,1
6,61863,6\icon61863.png,14196,128,128,1
6,61864,6\icon61864.png,14196,128,128,1
6,61865,6\icon61865.png,14196,128,128,1
6,61866,6\icon61866.png,14196,128,128,1
6,61867,6\icon61867.png,14196,128,128,1
6,61868,6\icon61868.png,14196,128,128,1
6,61869,6\icon61869.png,14196,128,128,1
6,61870,6\icon61870.png,14196,128,128,1
6,61871,6\icon61871.png,14196,128,128,1
6,61872,6\icon61872.png,14196,128,128,1
6,61873,6\icon61873.png,14196,128,128,1
6,61874,6\icon61874.png,14196,128,128,1
6,61875,6\icon61875.png,14196,128,128,1
6,61876,6\icon61876.png,14196,128,128,1
6,61877,6\icon61877.png,14196,128,128,1
6,61878,6\icon61878.png,14196,128,128,1
6,61879,6\icon61879.png,14196,128,128,1
6,61880,6\icon61880.png,14196,128,128,1
6,61881,6\icon61881.png,14196,128,128,1
6,61882,6\icon61882.png,14196,128,128,1
6,61883,6\icon61883.png,14196,128,128,1
6,61884,6\icon61884.png,14196,128,128,1
6,61885,6\icon61885.png,14196,128,128,1
6,61886,6\icon61886.png,14196,128,128,1
6,61887,6\icon61887.png,14196,128,128,1
6,61888,6\icon61888.png,14196,128,128,1
6,61889,6\icon61889.png,14196,128,128,1
6,61890,6\icon61890.png,14196,128,128,1
6,61891,6\icon61891.png,14196,128,128,1
6,61892,6\icon61892.png,14196,128,128,1
6,61893,6\icon61893.png,14196,128,128,1
6,61894,6\icon61894.png,14196,128,128,1
6,61895,6\icon61895.png,14196,128,128,1
6,61896,6\icon61896.png,14196,128,128,1
6,61897,6\icon61897.png,14196,128,128,1
6,61898,6\icon61898.png,14196,128,128,1
6,61899,6\icon61899.png,14196,128,128,1
6,61900,6\icon61900.png,14196,128,128,1
6,61901,6\icon61901.png,14196,128,128,1
6,61902,6\icon61902.png,14196,128,128,1
6,61903,6\icon61903.png,14196,128,128,1
6,61904,6\icon61904.png,14196,128,128,1
6,61905,6\icon61905.png,14196,128,128,1
6,61906,6\icon61906.png,14196,128,128,1
6,61907,6\icon61907.png,14196,128,128,1
6,61908,6\icon61908.png,14196,128,128,1
6,61909,6\icon61909.png,14196,128,128,1
6,61910,6\icon61910.png,14196,128,128,1
6,61911,6\icon61911.png,14196,128,128,1
6,61912,6\icon61912.png,14196,128,128,1
6,61913,6\icon61913.png,14196,128,128,1
6,61914,6\icon61914.png,14196,128,128,1
6,61915,6\icon61915.png,14196,128,128,1
6,61916,6\icon61916.png,14196,128,128,1
6,61917,6\icon61917.png,14196,128,128,1
6,61918,6\icon61918.png,14196,128,128,1
6,61919,6\icon61919.png,14196,128,128,1
6,61920,6\icon61920.png,14196,128,128,1
6,61921,6\icon61921.png,14196,128,128,1
6,61922,6\icon61922.png,14196,128,128,1
6,61923,6\icon61923.png,14196,128,128,1
6,61924,6\icon61924.png,14196,128,128,1
6,61925,6\icon61925.png,14196,128,128,1
6,61926,6\icon61926.png,14196,128,128,1
6,61927,6\icon61927.png,14196,128,128,1
6,61928,6\icon61928.png,14196,128,128,1
6,61929,6\icon61929.png,14196,128,128,1
6,61930,6\icon61930.png,14196,128,128,1
6,61931,6\icon61931.png,14196,128,128,1
6,61932,6\icon61932.png,14196,128,128,1
6,61933,6\icon61933.png,14196,128,128,1
6,61934,6\icon61934.png,14196,128,128,1
6,61935,6\icon61935.png,14196,128,128,1
6,61936,6\icon61936.png,14196,128,128,1
6,61937,6\icon61937.png,14196,128,128,1
6,61938,6\icon61938.png,14196,128,128,1
6,61939,6\icon61939.png,14196,128,128,1
6,61940,6\icon61940.png,14196,128,128,1
6,61941,6\icon61941.png,14196,128,128,1
6,61942,6\icon61942.png,14196,128,128,1
6,61943,6\icon61943.png,14196,128,128,1
6,61944,6\icon61944.png,14196,128,128,1
6,61945,6\icon61945.png,14196,128,128,1
6,61946,6\icon61946.png,14196,128,128,1
6,61947,6\icon61947.png,14196,128,128,1
6,61948,6\icon61948.png,14196,128,128,1
6,61949,6\icon61949.png,14196,128,128,1
6,61950,6\icon61950.png,14196,128,128,1
6,61951,6\icon61951.png,14196,128,128,1
6,61952,6\icon61952.png,14196,128,128,1
6,61953,6\icon61953.png,14196,128,128,1
6,61954,6\icon61954.png,14196,128,128,1
6,61955,6\icon61955.png,14196,128,128,1
6,61956,6\icon61956.png,14196,128,128,1
6,61957,6\icon61957.png,14196,128,128,1
6,61958,6\icon61958.png,14196,128,128,1
6,61959,6\icon61959.png,14196,128,128,1
6,61960,6\icon61960.png,14196,128,128,1
6,61961,6\icon61961.png,14196,128,128,1
6,61962,6\icon61962.png,14196,128,128,1
6,61963,6\icon61963.png,14196,128,128,1
6,61964,6\icon61964.png,14196,128,128,1
6,61965,6\icon61965.png,14196,128,128,1
6,61966,6\icon61966.png,14196,128,128,1
6,61967,6\icon61967.png,14196,128,128,1
6,61968,6\icon61968.png,14196,128,128,1
6,61969,6\icon61969.png,14196,128,128,1
6,61970,6\icon61970.png,14196,128,128,1
6,61971,6\icon61971.png,14196,128,128,1
6,61972,6\icon61972.png,14196,128,128,1
6,61973,6\icon61973.png,14196,128,128,1
6,61974,6\icon61974.png,14196,128,128,1
6,61975,6\icon61975.png,14196,128,128,1
6,61976,6\icon61976.png,14196,128,128,1
6,61977,6\icon61977.png,14196,128,128,1
6,61978,6\icon61978.png,14196,128,128,1
6,61979,6\icon61979.png,14196,128,128,1
6,61980,6\icon61980.png,14196,128,128,1
6,61981,6\icon61981.png,14196,128,128,1
6,61982,6\icon61982.png,14196,128,128,1
6,61983,6\icon61983.png,14196,128,128,1
6,61984,6\icon61984.png,14196,128,128,1
6,61985,6\icon61985.png,14196,128,128,1
6,61986,6\icon61986.png,14196,128,128,1
6,61987,6\icon61987.png,14196,128,128,1
6,61988,6\icon61988.png,14196,128,128,1
6,61989,6\icon61989.png,14196,128,128,1
6,61990,6\icon61990.png,14196,128,128,1
6,61991,6\icon61991.png,14196,128,128,1
6,61992,6\icon61992.png,14196,128,128,1
6,61993,6\icon61993.png,14196,128,128,1
6,61994,6\icon61994.png,14196,128,128,1
6,61995,6\icon61995.png,14196,128,128,1
6,61996,6\icon61996.png,14196,128,128,1
6,61997,6\icon61997.png,14196,128,128,1
6,61998,6\icon61998.png,14196,128,128,1
6,61999,6\icon61999.png,14196,128,128,1
6,62000,6\icon62000.png,14196,128,128,1
7,70000,7\icon70000.png,14196,128,128,1
7,70001,7\icon70001.png,6448,64,64,0
7,70002,7\icon70002.png,6213,64,64,0
7,70003,7\icon70003.png,3910,64,64,0
7,70004,7\icon70004.png,6371,64,64,0
7,70005,7\icon70005.png,6863,64,64,0
7,70006,7\icon70006.png,7303,64,64,0
7,70007,7\icon70007.png,3766,64,64,0
7,70008,7\icon70008.png,3357,64,64,0
7,70009,7\icon70009.png,3939,64,64,0
7,70010,7\icon70010.png,4011,64,64,0
7,70011,7\icon70011.png,3990,64,64,0
7,70012,7\icon70012.png,4079,64,64,0
7,70013,7\icon70013.png,2405,64,64,0
7,70014,7\icon70014.png,2490,64,64,0
7,70015,7\icon70015.png,2415,64,64,0
7,70016,7\icon70016.png,2972,64,64,0
7,70017,7\icon70017.png,2498,64,64,0
7,70018,7\icon70018.png,2408,64,64,0
7,70019,7\icon70019.png,2479,64,64,0
7,70020,7\icon70020.png,2378,64,64,0
7,70021,7\icon70021.png,1818,64,64,0
7,70022,7\icon70022.png,1764,64,64,0
7,70023,7\icon70023.png,1735,64,64,0
7,70024,7\icon70024.png,2017,64,64,0
7,70025,7\icon70025.png,1920,64,64,0
7,70026,7\icon70026.png,1987,64,64,0
7,70027,7\icon70027.png,1885,64,64,0
7,70028,7\icon70028.png,1607,64,64,0
7,70029,7\icon70029.png,1662,64,64,0
7,70030,7\icon70030.png,1275,64,64,0
7,70031,7\icon70031.png,1232,64,64,0
7,70032,7\icon70032.png,1185,64,64,0
7,70033,7\icon70033.png,1499,64,64,0
7,70034,7\icon70034.png,1481,64,64,0
7,70035,7\icon70035.png,1478,64,64,0
7,70036,7\icon70036.png,1426,64,64,0
7,70037,7\icon70037.png,1529,64,64,0
7,70038,7\icon70038.png,2306,64,64,0
7,70039,7\icon70039.png,2165,64,64,0
7,70040,7\icon70040.png,2183,64,64,0
7,70041,7\icon70041.png,1710,64,64,0
7,70042,7\icon70042.png,1592,64,64,0
7,70043,7\icon70043.png,1552,64,64,0
7,70044,7\icon70044.png,1681,64,64,0
7,70045,7\icon70045.png,1699,64,64,0
7,70046,7\icon70046.png,14196,128,128,1
7,70047,7\icon70047.png,14196,128,128,1
7,70048,7\icon70048.png,14196,128,128,1
7,70049,7\icon70049.png,14196,128,128,1
7,70050,7\icon70050.png,14196,128,128,1
7,70051,7\icon70051.png,14196,128,128,1
7,70052,7\icon70052.png,14196,128,128,1
7,70053,7\icon70053.png,14196,128,128,1
7,70054,7\icon70054.png,14196,128,128,1
7,70055,7\icon70055.png,14196,128,128,1
7,70056,7\icon70056.png,14196,128,128,1
7,70057,7\icon70057.png,14196,128,128,1
7,70058,7\icon70058.png,14196,128,128,1
7,70059,7\icon70059.png,14196,128,128,1
7,70060,7\icon70060.png,2182,64,64,0
7,70061,7\icon70061.png,2378,64,64,0
7,70062,7\icon70062.png,2623,64,64,0
7,70063,7\icon70063.png,2323,64,64,0
7,70064,7\icon70064.png,2544,64,64,0
7,70065,7\icon70065.png,2727,64,64,0
7,70066,7\icon70066.png,2466,64,64,0
7,70067,7\icon70067.png,1420,64,64,0
7,70068,7\icon70068.png,1443,64,64,0
7,70069,7\icon70069.png,1691,64,64,0
7,70070,7\icon70070.png,1483,64,64,0
7,70071,7\icon70071.png,1651,64,64,0
7,70072,7\icon70072.png,1637,64,64,0
7,70073,7\icon70073.png,2300,64,64,0
7,70074,7\icon70074.png,2317,64,64,0
7,70075,7\icon70075.png,2337,64,64,0
7,70076,7\icon70076.png,2354,64,64,0
7,70077,7\icon70077.png,2369,64,64,0
7,70078,7\icon70078.png,2224,64,64,0
7,70079,7\icon70079.png,1604,64,64,0
7,70080,7\icon70080.png,1584,64,64,0
7,70081,7\icon70081.png,1627,64,64,0
7,70082,7\icon70082.png,1598,64,64,0
7,70083,7\icon70083.png,1581,64,64,0
7,70084,7\icon70084.png,1665,64,64,0
7,70085,7\icon70085.png,1718,64,64,0
7,70086,7\icon70086.png,4343,64,64,0
7,70087,7\icon70087.png,3773,64,64,0
7,70088,7\icon70088.png,4188,64,64,0
7,70089,7\icon70089.png,3545,64,64,0
7,70090,7\icon70090.png,4346,64,64,0
7,70091,7\icon70091.png,4130,64,64,0
7,70092,7\icon70092.png,3853,64,64,0
7,70093,7\icon70093.png,3928,64,64,0
7,70094,7\icon70094.png,4129,64,64,0
7,70095,7\icon70095.png,2737,64,64,0
7,70096,7\icon70096.png,2714,64,64,0
7,70097,7\icon70097.png,2512,64,64,0
7,70098,7\icon70098.png,2289,64,64,0
7,70099,7\icon70099.png,2334,64,64,0
7,70100,7\icon70100.png,1757,64,64,0
7,70101,7\icon70101.png,2309,64,64,0
7,70102,7\icon70102.png,2112,64,64,0
7,70103,7\icon70103.png,1346,64,64,0
7,70104,7\icon70104.png,1594,64,64,0
7,70105,7\icon70105.png,2426,64,64,0
7,70106,7\icon70106.png,2329,64,64,0
7,70107,7\icon70107.png,2534,64,64,0
7,70108,7\icon70108.png,2029,64,64,0
7,70109,7\icon70109.png,2040,64,64,0
7,70110,7\icon70110.png,2119,64,64,0
7,70111,7\icon70111.png,2015,64,64,0
7,70112,7\icon70112.png,2241,64,64,0
7,70113,7\icon70113.png,2282,64,64,0
7,70114,7\icon70114.png,2160,64,64,0
7,70115,7\icon70115.png,1680,64,64,0
7,70116,7\icon70116.png,1626,64,64,0
7,70117,7\icon70117.png,1761,64,64,0
7,70118,7\icon70118.png,2008,64,64,0
7,70119,7\icon70119.png,1789,64,64,0
7,70120,7\icon70120.png,2141,64,64,0
7,70121,7\icon70121.png,1746,64,64,0
7,70122,7\icon70122.png,1690,64,64,0
7,70123,7\icon70123.png,1998,64,64,0
7,70124,7\icon70124.png,1676,64,64,0
7,70125,7\icon70125.png,1778,64,64,0
7,70126,7\icon70126.png,1700,64,64,0
7,70127,7\icon70127.png,1802,64,64,0
7,70128,7\icon70128.png,1559,64,64,0
7,70129,7\icon70129.png,1572,64,64,0
7,70130,7\icon70130.png,1594,64,64,0
7,70131,7\icon70131.png,1463,64,64,0
7,70132,7\icon70132.png,1541,64,64,0
7,70133,7\icon70133.png,1597,64,64,0
7,70134,7\icon70134.png,3041,64,64,0
7,70135,7\icon70135.png,2886,64,64,0
7,70136,7\icon70136.png,2890,64,64,0
7,70137,7\icon70137.png,3002,64,64,0
7,70138,7\icon70138.png,2873,64,64,0
7,70139,7\icon70139.png,3007,64,64,0
7,70140,7\icon70140.png,2691,64,64,0
7,70141,7\icon70141.png,2898,64,64,0
7,70142,7\icon70142.png,6535,64,64,0
7,70143,7\icon70143.png,6768,64,64,0
7,70144,7\icon70144.png,2866,64,64,0
7,70145,7\icon70145.png,3344,64,64,0
7,70146,7\icon70146.png,6100,64,64,0
7,70147,7\icon70147.png,2923,64,64,0
7,70148,7\icon70148.png,4956,64,64,0
7,70149,7\icon70149.png,3431,64,64,0
7,70150,7\icon70150.png,5089,64,64,0
7,70151,7\icon70151.png,3443,64,64,0
7,70152,7\icon70152.png,3182,64,64,0
7,70153,7\icon70153.png,3479,64,64,0
7,70154,7\icon70154.png,3650,64,64,0
7,70155,7\icon70155.png,5282,64,64,0
7,70156,7\icon70156.png,4485,64,64,0
7,70157,7\icon70157.png,5911,64,64,0
7,70158,7\icon70158.png,4649,64,64,0
7,70159,7\icon70159.png,5879,64,64,0
7,70160,7\icon70160.png,1962,64,64,0
7,70161,7\icon70161.png,1362,64,64,0
7,70162,7\icon70162.png,1443,64,64,0
7,70163,7\icon70163.png,1411,64,64,0
7,70164,7\icon70164.png,1349,64,64,0
7,70165,7\icon70165.png,2556,64,64,0
7,70166,7\icon70166.png,2564,64,64,0
7,70167,7\icon70167.png,1352,64,64,0
7,70168,7\icon70168.png,1375,64,64,0
7,70169,7\icon70169.png,1632,64,64,0
7,70170,7\icon70170.png,1518,64,64,0
7,70171,7\icon70171.png,1349,64,64,0
7,70172,7\icon70172.png,1506,64,64,0
7,70173,7\icon70173.png,1485,64,64,0
7,70174,7\icon70174.png,1946,64,64,0
7,70175,7\icon70175.png,1895,64,64,0
7,70176,7\icon70176.png,2330,64,64,0
7,70177,7\icon70177.png,2299,64,64,0
7,70178,7\icon70178.png,2347,64,64,0
7,70179,7\icon70179.png,2232,64,64,0
7,70180,7\icon70180.png,2256,64,64,0
7,70181,7\icon70181.png,2245,64,64,0
7,70182,7\icon70182.png,1484,64,64,0
7,70183,7\icon70183.png,1396,64,64,0
7,70184,7\icon70184.png,1481,64,64,0
7,70185,7\icon70185.png,1458,64,64,0
7,70186,7\icon70186.png,1502,64,64,0
7,70187,7\icon70187.png,1232,64,64,0
7,70188,7\icon70188.png,1348,64,64,0
7,70189,7\icon70189.png,2353,64,64,0
7,70190,7\icon70190.png,2654,64,64,0
7,70191,7\icon70191.png,2415,64,64,0
7,70192,7\icon70192.png,2366,64,64,0
7,70193,7\icon70193.png,2391,64,64,0
7,70194,7\icon70194.png,2371,64,64,0
7,70195,7\icon70195.png,2614,64,64,0
7,70196,7\icon70196.png,1890,64,64,0
7,70197,7\icon70197.png,1901,64,64,0
7,70198,7\icon70198.png,2162,64,64,0
7,70199,7\icon70199.png,2087,64,64,0
7,70200,7\icon70200.png,2126,64,64,0
7,70201,7\icon70201.png,2088,64,64,0
7,70202,7\icon70202.png,2042,64,64,0
7,70203,7\icon70203.png,2038,64,64,0
7,70204,7\icon70204.png,2073,64,64,0
7,70205,7\icon70205.png,2011,64,64,0
7,70206,7\icon70206.png,1683,64,64,0
7,70207,7\icon70207.png,1758,64,64,0
7,70208,7\icon70208.png,1754,64,64,0
7,70209,7\icon70209.png,1798,64,64,0
7,70210,7\icon70210.png,1805,64,64,0
7,70211,7\icon70211.png,3340,64,64,0
7,70212,7\icon70212.png,3380,64,64,0
7,70213,7\icon70213.png,1936,64,64,0
7,70214,7\icon70214.png,1848,64,64,0
7,70215,7\icon70215.png,2132,64,64,0
7,70216,7\icon70216.png,2028,64,64,0
7,70217,7\icon70217.png,2056,64,64,0
7,70218,7\icon70218.png,2208,64,64,0
7,70219,7\icon70219.png,2056,64,64,0
7,70220,7\icon70220.png,2096,64,64,0
7,70221,7\icon70221.png,3518,64,64,0
7,70222,7\icon70222.png,3529,64,64,0
7,70223,7\icon70223.png,3853,64,64,0
7,70224,7\icon70224.png,3873,64,64,0
7,70225,7\icon70225.png,3875,64,64,0
7,70226,7\icon70226.png,3526,64,64,0
7,70227,7\icon70227.png,3797,64,64,0
7,70228,7\icon70228.png,3726,64,64,0
7,70229,7\icon70229.png,3077,64,64,0
7,70230,7\icon70230.png,3168,64,64,0
7,70231,7\icon70231.png,3163,64,64,0
7,70232,7\icon70232.png,3494,64,64,0
7,70233,7\icon70233.png,3126,64,64,0
7,70234,7\icon70234.png,3370,64,64,0
7,70235,7\icon70235.png,2483,64,64,0
7,70236,7\icon70236.png,2426,64,64,0
7,70237,7\icon70237.png,2849,64,64,0
7,70238,7\icon70238.png,2826,64,64,0
7,70239,7\icon70239.png,2877,64,64,0
7,70240,7\icon70240.png,2723,64,64,0
7,70241,7\icon70241.png,3266,64,64,0
7,70242,7\icon70242.png,3698,64,64,0
7,70243,7\icon70243.png,1683,64,64,0
7,70244,7\icon70244.png,1669,64,64,0
7,70245,7\icon70245.png,1644,64,64,0
7,70246,7\icon70246.png,1795,64,64,0
7,70247,7\icon70247.png,1727,64,64,0
7,70248,7\icon70248.png,1553,64,64,0
7,70249,7\icon70249.png,1443,64,64,0
7,70250,7\icon70250.png,1506,64,64,0
7,70251,7\icon70251.png,1578,64,64,0
7,70252,7\icon70252.png,1720,64,64,0
7,70253,7\icon70253.png,1717,64,64,0
7,70254,7\icon70254.png,1367,64,64,0
7,70255,7\icon70255.png,1369,64,64,0
7,70256,7\icon70256.png,1339,64,64,0
7,70257,7\icon70257.png,1278,64,64,0
7,70258,7\icon70258.png,1259,64,64,0
7,70259,7\icon70259.png,1319,64,64,0
7,70260,7\icon70260.png,1358,64,64,0
7,70261,7\icon70261.png,1179,64,64,0
7,70262,7\icon70262.png,1430,64,64,0
7,70263,7\icon70263.png,1472,64,64,0
7,70264,7\icon70264.png,3232,64,64,0
7,70265,7\icon70265.png,3035,64,64,0
7,70266,7\icon70266.png,3002,64,64,0
7,70267,7\icon70267.png,3177,64,64,0
7,70268,7\icon70268.png,1693,64,64,0
7,70269,7\icon70269.png,1766,64,64,0
7,70270,7\icon70270.png,1665,64,64,0
7,70271,7\icon70271.png,1698,64,64,0
7,70272,7\icon70272.png,1330,64,64,0
7,70273,7\icon70273.png,1340,64,64,0
7,70274,7\icon70274.png,1327,64,64,0
7,70275,7\icon70275.png,1315,64,64,0
7,70276,7\icon70276.png,1586,64,64,0
7,70277,7\icon70277.png,1651,64,64,0
7,70278,7\icon70278.png,1696,64,64,0
7,70279,7\icon70279.png,2392,64,64,0
7,70280,7\icon70280.png,1633,64,64,0
7,70281,7\icon70281.png,1696,64,64,0
7,70282,7\icon70282.png,5964,64,64,0
7,70283,7\icon70283.png,6040,64,64,0
7,70284,7\icon70284.png,2849,64,64,0
7,70285,7\icon70285.png,6200,64,64,0
7,70286,7\icon70286.png,5363,64,64,0
7,70287,7\icon70287.png,5562,64,64,0
7,70288,7\icon70288.png,1360,64,64,0
7,70289,7\icon70289.png,1368,64,64,0
7,70290,7\icon70290.png,1336,64,64,0
7,70291,7\icon70291.png,1564,64,64,0
7,70292,7\icon70292.png,2302,64,64,0
7,70293,7\icon70293.png,1369,64,64,0
7,70294,7\icon70294.png,3501,64,64,0
7,70295,7\icon70295.png,1543,64,64,0
7,70296,7\icon70296.png,1314,64,64,0
7,70297,7\icon70297.png,1322,64,64,0
7,70298,7\icon70298.png,3143,64,64,0
7,70299,7\icon70299.png,2803,64,64,0
7,70300,7\icon70300.png,6261,64,64,0
7,70301,7\icon70301.png,7015,64,64,0
7,70302,7\icon70302.png,6298,64,64,0
7,70303,7\icon70303.png,2686,64,64,0
7,70304,7\icon70304.png,2942,64,64,0
7,70305,7\icon70305.png,2689,64,64,0
7,70306,7\icon70306.png,6138,64,64,0
7,70307,7\icon70307.png,6207,64,64,0
7,70308,7\icon70308.png,7957,64,64,0
7,70309,7\icon70309.png,5366,64,64,0
7,70310,7\icon70310.png,6236,64,64,0
7,70311,7\icon70311.png,2076,64,64,0
7,70312,7\icon70312.png,4487,64,64,0
7,70313,7\icon70313.png,4441,64,64,0
7,70314,7\icon70314.png,3601,64,64,0
7,70315,7\icon70315.png,4172,64,64,0
7,70316,7\icon70316.png,3299,64,64,0
7,70317,7\icon70317.png,2298,64,64,0
7,70318,7\icon70318.png,2716,64,64,0
7,70319,7\icon70319.png,2165,64,64,0
7,70320,7\icon70320.png,2024,64,64,0
7,70321,7\icon70321.png,2522,64,64,0
7,70322,7\icon70322.png,2700,64,64,0
7,70323,7\icon70323.png,1712,64,64,0
7,70324,7\icon70324.png,1572,64,64,0
7,70325,7\icon70325.png,1735,64,64,0
7,70326,7\icon70326.png,1600,64,64,0
7,70327,7\icon70327.png,1546,64,64,0
7,70328,7\icon70328.png,1650,64,64,0
7,70329,7\icon70329.png,1679,64,64,0
7,70330,7\icon70330.png,1687,64,64,0
7,70331,7\icon70331.png,14196,128,128,1
7,70332,7\icon70332.png,14196,128,128,1
7,70333,7\icon70333.png,2330,64,64,0
7,70334,7\icon70334.png,2038,64,64,0
7,70335,7\icon70335.png,2218,64,64,0
7,70336,7\icon70336.png,2242,64,64,0
7,70337,7\icon70337.png,2435,64,64,0
7,70338,7\icon70338.png,2350,64,64,0
7,70339,7\icon70339.png,1417,64,64,0
7,70340,7\icon70340.png,1456,64,64,0
7,70341,7\icon70341.png,1314,64,64,0
7,70342,7\icon70342.png,1281,64,64,0
7,70343,7\icon70343.png,1239,64,64,0
7,70344,7\icon70344.png,1326,64,64,0
7,70345,7\icon70345.png,1137,64,64,0
7,70346,7\icon70346.png,1471,64,64,0
7,70347,7\icon70347.png,1482,64,64,0
7,70348,7\icon70348.png,1131,64,64,0
7,70349,7\icon70349.png,1151,64,64,0
7,70350,7\icon70350.png,1167,64,64,0
7,70351,7\icon70351.png,1415,64,64,0
7,70352,7\icon70352.png,1343,64,64,0
7,70353,7\icon70353.png,1526,64,64,0
7,70354,7\icon70354.png,1818,64,64,0
7,70355,7\icon70355.png,1723,64,64,0
7,70356,7\icon70356.png,2091,64,64,0
7,70357,7\icon70357.png,2072,64,64,0
7,70358,7\icon70358.png,2105,64,64,0
7,70359,7\icon70359.png,2063,64,64,0
7,70360,7\icon70360.png,2056,64,64,0
7,70361,7\icon70361.png,2092,64,64,0
7,70362,7\icon70362.png,1662,64,64,0
7,70363,7\icon70363.png,2399,64,64,0
7,70364,7\icon70364.png,1145,64,64,0
7,70365,7\icon70365.png,898,64,64,0
7,70366,7\icon70366.png,1705,64,64,0
7,70367,7\icon70367.png,1480,64,64,0
7,70368,7\icon70368.png,1489,64,64,0
7,70369,7\icon70369.png,1571,64,64,0
7,70370,7\icon70370.png,1353,64,64,0
7,70371,7\icon70371.png,1377,64,64,0
7,70372,7\icon70372.png,1373,64,64,0
7,70373,7\icon70373.png,1410,64,64,0
7,70374,7\icon70374.png,1433,64,64,0
7,70375,7\icon70375.png,1411,64,64,0
7,70376,7\icon70376.png,1455,64,64,0
7,70377,7\icon70377.png,1649,64,64,0
7,70378,7\icon70378.png,1703,64,64,0
7,70379,7\icon70379.png,1925,64,64,0
7,70380,7\icon70380.png,1461,64,64,0
7,70381,7\icon70381.png,1425,64,64,0
7,70382,7\icon70382.png,2195,64,64,0
7,70383,7\icon70383.png,2241,64,64,0
7,70384,7\icon70384.png,1617,64,64,0
7,70385,7\icon70385.png,1951,64,64,0
7,70386,7\icon70386.png,1914,64,64,0
7,70387,7\icon70387.png,1927,64,64,0
7,70388,7\icon70388.png,2359,64,64,0
7,70389,7\icon70389.png,2367,64,64,0
7,70390,7\icon70390.png,3473,64,64,0
7,70391,7\icon70391.png,1981,64,64,0
7,70392,7\icon70392.png,2020,64,64,0
7,70393,7\icon70393.png,3222,64,64,0
7,70394,7\icon70394.png,3860,64,64,0
7,70395,7\icon70395.png,3871,64,64,0
7,70396,7\icon70396.png,4177,64,64,0
7,70397,7\icon70397.png,3191,64,64,0
7,70398,7\icon70398.png,3506,64,64,0
7,70399,7\icon70399.png,3198,64,64,0
7,70400,7\icon70400.png,2990,64,64,0
7,70401,7\icon70401.png,2705,64,64,0
7,70402,7\icon70402.png,4176,64,64,0
7,70403,7\icon70403.png,1701,64,64,0
7,70404,7\icon70404.png,1802,64,64,0
7,70405,7\icon70405.png,1034,64,64,0
7,70406,7\icon70406.png,1096,64,64,0
7,70407,7\icon70407.png,1135,64,64,0
7,70408,7\icon70408.png,2054,64,64,0
7,70409,7\icon70409.png,1886,64,64,0
7,70410,7\icon70410.png,14196,128,128,1
7,70411,7\icon70411.png,1747,64,64,0
7,70412,7\icon70412.png,2347,64,64,0
7,70413,7\icon70413.png,2689,64,64,0
7,70414,7\icon70414.png,1699,64,64,0
7,70415,7\icon70415.png,14196,128,128,1
7,70416,7\icon70416.png,1794,64,64,0
7,70417,7\icon70417.png,14196,128,128,1
7,70418,7\icon70418.png,1174,64,64,0
7,70419,7\icon70419.png,1224,64,64,0
7,70420,7\icon70420.png,2057,64,64,0
7,70421,7\icon70421.png,2225,64,64,0
7,70422,7\icon70422.png,1509,64,64,0
7,70423,7\icon70423.png,4035,64,64,0
7,70424,7\icon70424.png,2717,64,64,0
7,70425,7\icon70425.png,3031,64,64,0
7,70426,7\icon70426.png,6860,64,64,0
7,70427,7\icon70427.png,1815,64,64,0
7,70428,7\icon70428.png,2117,64,64,0
7,70429,7\icon70429.png,2395,64,64,0
7,70430,7\icon70430.png,1316,64,64,0
7,70431,7\icon70431.png,2430,64,64,0
7,70432,7\icon70432.png,4031,64,64,0
7,70433,7\icon70433.png,3079,64,64,0
7,70434,7\icon70434.png,3360,64,64,0
7,70435,7\icon70435.png,3453,64,64,0
7,70436,7\icon70436.png,2276,64,64,0
7,70437,7\icon70437.png,1815,64,64,0
7,70438,7\icon70438.png,1455,64,64,0
7,70439,7\icon70439.png,1467,64,64,0
7,70440,7\icon70440.png,1926,64,64,0
7,70441,7\icon70441.png,1980,64,64,0
7,70442,7\icon70442.png,1963,64,64,0
7,70443,7\icon70443.png,2307,64,64,0
7,70444,7\icon70444.png,2253,64,64,0
7,70445,7\icon70445.png,2172,64,64,0
7,70446,7\icon70446.png,1644,64,64,0
7,70447,7\icon70447.png,1868,64,64,0
7,70448,7\icon70448.png,1224,64,64,0
7,70449,7\icon70449.png,1359,64,64,0
7,70450,7\icon70450.png,1257,64,64,0
7,70451,7\icon70451.png,1550,64,64,0
7,70452,7\icon70452.png,1494,64,64,0
7,70453,7\icon70453.png,1896,64,64,0
7,70454,7\icon70454.png,1500,64,64,0
7,70455,7\icon70455.png,2579,64,64,0
7,70456,7\icon70456.png,3345,64,64,0
7,70457,7\icon70457.png,2639,64,64,0
7,70458,7\icon70458.png,2617,64,64,0
7,70459,7\icon70459.png,1856,64,64,0
7,70460,7\icon70460.png,2212,64,64,0
7,70461,7\icon70461.png,2328,64,64,0
7,70462,7\icon70462.png,1706,64,64,0
7,70463,7\icon70463.png,1697,64,64,0
7,70464,7\icon70464.png,2061,64,64,0
7,70465,7\icon70465.png,2121,64,64,0
7,70466,7\icon70466.png,2070,64,64,0
7,70467,7\icon70467.png,1757,64,64,0
7,70468,7\icon70468.png,1938,64,64,0
7,70469,7\icon70469.png,3366,64,64,0
7,70470,7\icon70470.png,2095,64,64,0
7,70471,7\icon70471.png,2046,64,64,0
7,70472,7\icon70472.png,2347,64,64,0
7,70473,7\icon70473.png,2233,64,64,0
7,70474,7\icon70474.png,3916,64,64,0
7,70475,7\icon70475.png,3304,64,64,0
7,70476,7\icon70476.png,2522,64,64,0
7,70477,7\icon70477.png,3396,64,64,0
7,70478,7\icon70478.png,2879,64,64,0
7,70479,7\icon70479.png,1686,64,64,0
7,70480,7\icon70480.png,1755,64,64,0
7,70481,7\icon70481.png,1786,64,64,0
7,70482,7\icon70482.png,1883,64,64,0
7,70483,7\icon70483.png,1792,64,64,0
7,70484,7\icon70484.png,1621,64,64,0
7,70485,7\icon70485.png,1808,64,64,0
7,70486,7\icon70486.png,1323,64,64,0
7,70487,7\icon70487.png,1248,64,64,0
7,70488,7\icon70488.png,1431,64,64,0
7,70489,7\icon70489.png,5286,64,64,0
7,70490,7\icon70490.png,2572,64,64,0
7,70491,7\icon70491.png,2391,64,64,0
7,70492,7\icon70492.png,1500,64,64,0
7,70493,7\icon70493.png,2253,64,64,0
7,70494,7\icon70494.png,1679,64,64,0
7,70495,7\icon70495.png,2823,64,64,0
7,70496,7\icon70496.png,11138,128,128,0
7,70497,7\icon70497.png,6440,128,128,0
7,70498,7\icon70498.png,7523,128,128,0
7,70499,7\icon70499.png,4703,128,128,0
7,70500,7\icon70500.png,5442,128,128,0
7,70501,7\icon70501.png,4814,128,128,0
7,70502,7\icon70502.png,5844,128,128,0
7,70503,7\icon70503.png,7408,128,128,0
7,70504,7\icon70504.png,7213,128,128,0
7,70505,7\icon70505.png,7167,128,128,0
7,70506,7\icon70506.png,6266,128,128,0
7,70507,7\icon70507.png,6205,128,128,0
7,70508,7\icon70508.png,14248,128,128,0
7,70509,7\icon70509.png,11531,128,128,0
7,70510,7\icon70510.png,11653,128,128,0
7,70511,7\icon70511.png,5410,128,128,0
7,70512,7\icon70512.png,5869,128,128,0
7,70513,7\icon70513.png,3827,128,128,0
7,70514,7\icon70514.png,5989,128,128,0
7,70515,7\icon70515.png,9808,128,128,0
7,70516,7\icon70516.png,5521,128,128,0
7,70517,7\icon70517.png,4033,128,128,0
7,70518,7\icon70518.png,8244,128,128,0
7,70519,7\icon70519.png,11354,128,128,0
7,70520,7\icon70520.png,5962,128,128,0
7,70521,7\icon70521.png,4169,128,128,0
7,70522,7\icon70522.png,21577,128,128,0
7,70523,7\icon70523.png,19996,128,128,0
7,70524,7\icon70524.png,21171,128,128,0
7,70525,7\icon70525.png,19695,128,128,0
7,70526,7\icon70526.png,13338,128,128,0
7,70527,7\icon70527.png,22137,128,128,0
7,70528,7\icon70528.png,10467,128,128,0
7,70529,7\icon70529.png,9257,128,128,0
7,70530,7\icon70530.png,8858,128,128,0
7,70531,7\icon70531.png,6208,128,128,0
7,70532,7\icon70532.png,11792,128,128,0
7,70533,7\icon70533.png,6919,128,128,0
7,70534,7\icon70534.png,4680,128,128,0
7,70535,7\icon70535.png,4175,128,128,0
7,70536,7\icon70536.png,12350,128,128,0
7,70537,7\icon70537.png,6636,128,128,0
7,70538,7\icon70538.png,7588,128,128,0
7,70539,7\icon70539.png,4926,128,128,0
7,70540,7\icon70540.png,6819,128,128,0
7,70541,7\icon70541.png,5148,128,128,0
7,70542,7\icon70542.png,11666,128,128,0
7,70543,7\icon70543.png,17879,128,128,0
7,70544,7\icon70544.png,6923,128,128,0
7,70545,7\icon70545.png,7425,128,128,0
7,70546,7\icon70546.png,4911,128,128,0
7,70547,7\icon70547.png,5866,128,128,0
7,70548,7\icon70548.png,5104,128,128,0
7,70549,7\icon70549.png,4391,128,128,0
7,70550,7\icon70550.png,5757,128,128,0
7,70551,7\icon70551.png,4956,128,128,0
7,70552,7\icon70552.png,5996,128,128,0
7,70553,7\icon70553.png,11267,128,128,0
7,70554,7\icon70554.png,13155,128,128,0
7,70555,7\icon70555.png,8039,128,128,0
7,70556,7\icon70556.png,5051,128,128,0
7,70557,7\icon70557.png,4163,128,128,0
7,70558,7\icon70558.png,3792,128,128,0
7,70559,7\icon70559.png,5054,128,128,0
7,70560,7\icon70560.png,10588,128,128,0
7,70561,7\icon70561.png,12518,128,128,0
7,70562,7\icon70562.png,10780,128,128,0
7,70563,7\icon70563.png,7116,128,128,0
7,70564,7\icon70564.png,7446,128,128,0
7,70565,7\icon70565.png,5716,128,128,0
7,70566,7\icon70566.png,4059,128,128,0
7,70567,7\icon70567.png,4093,128,128,0
7,70568,7\icon70568.png,4046,128,128,0
7,70569,7\icon70569.png,9566,128,128,0
7,70570,7\icon70570.png,7072,128,128,0
7,70571,7\icon70571.png,9655,128,128,0
7,70572,7\icon70572.png,6015,128,128,0
7,70573,7\icon70573.png,5215,128,128,0
7,70574,7\icon70574.png,6048,128,128,0
7,70575,7\icon70575.png,4862,128,128,0
7,70576,7\icon70576.png,4727,128,128,0
7,70577,7\icon70577.png,5108,128,128,0
7,70578,7\icon70578.png,17227,128,128,0
7,70579,7\icon70579.png,21261,128,128,0
7,70580,7\icon70580.png,10575,128,128,0
7,70581,7\icon70581.png,6470,128,128,0
7,70582,7\icon70582.png,5805,128,128,0
7,70583,7\icon70583.png,5100,128,128,0
7,70584,7\icon70584.png,4793,128,128,0
7,70585,7\icon70585.png,4616,128,128,0
7,70586,7\icon70586.png,7533,128,128,0
7,70587,7\icon70587.png,7656,128,128,0
7,70588,7\icon70588.png,8641,128,128,0
7,70589,7\icon70589.png,6090,128,128,0
7,70590,7\icon70590.png,11620,128,128,0
7,70591,7\icon70591.png,6710,128,128,0
7,70592,7\icon70592.png,8655,128,128,0
7,70593,7\icon70593.png,4559,128,128,0
7,70594,7\icon70594.png,7183,128,128,0
7,70595,7\icon70595.png,9273,128,128,0
7,70596,7\icon70596.png,5374,128,128,0
7,70597,7\icon70597.png,12921,128,128,0
7,70598,7\icon70598.png,5203,128,128,0
7,70599,7\icon70599.png,5571,128,128,0
7,70600,7\icon70600.png,4184,128,128,0
7,70601,7\icon70601.png,6210,128,128,0
7,70602,7\icon70602.png,6625,128,128,0
7,70603,7\icon70603.png,6450,128,128,0
7,70604,7\icon70604.png,12970,128,128,0
7,70605,7\icon70605.png,8104,128,128,0
7,70606,7\icon70606.png,7991,128,128,0
7,70607,7\icon70607.png,4174,128,128,0
7,70608,7\icon70608.png,7005,128,128,0
7,70609,7\icon70609.png,7716,128,128,0
7,70610,7\icon70610.png,7703,128,128,0
7,70611,7\icon70611.png,8262,128,128,0
7,70612,7\icon70612.png,13067,128,128,0
7,70613,7\icon70613.png,13090,128,128,0
7,70614,7\icon70614.png,7582,128,128,0
7,70615,7\icon70615.png,4298,128,128,0
7,70616,7\icon70616.png,7750,128,128,0
7,70617,7\icon70617.png,4894,128,128,0
7,70618,7\icon70618.png,5723,128,128,0
7,70619,7\icon70619.png,12278,128,128,0
7,70620,7\icon70620.png,6894,128,128,0
7,70621,7\icon70621.png,6755,128,128,0
7,70622,7\icon70622.png,4340,128,128,0
7,70623,7\icon70623.png,7443,128,128,0
7,70624,7\icon70624.png,4631,128,128,0
7,70625,7\icon70625.png,5643,128,128,0
7,70626,7\icon70626.png,6785,128,128,0
7,70627,7\icon70627.png,10664,128,128,0
7,70628,7\icon70628.png,7965,128,128,0
7,70629,7\icon70629.png,4309,128,128,0
7,70630,7\icon70630.png,5975,128,128,0
7,70631,7\icon70631.png,5174,128,128,0
7,70632,7\icon70632.png,4597,128,128,0
7,70633,7\icon70633.png,14196,128,128,1
7,70634,7\icon70634.png,14196,128,128,1
7,70635,7\icon70635.png,14196,128,128,1
7,70636,7\icon70636.png,14196,128,128,1
7,70637,7\icon70637.png,14196,128,128,1
7,70638,7\icon70638.png,14196,128,128,1
7,70639,7\icon70639.png,14196,128,128,1
7,70640,7\icon70640.png,14196,128,128,1
7,70641,7\icon70641.png,14196,128,128,1
7,70642,7\icon70642.png,14196,128,128,1
7,70643,7\icon70643.png,14196,128,128,1
7,70644,7\icon70644.png,14196,128,128,1
7,70645,7\icon70645.png,14196,128,128,1
7,70646,7\icon70646.png,14196,128,128,1
7,70647,7\icon70647.png,14196,128,128,1
7,70648,7\icon70648.png,14196,128,128,1
7,70649,7\icon70649.png,14196,128,128,1
7,70650,7\icon70650.png,14196,128,128,1
7,70651,7\icon70651.png,14196,128,128,1
7,70652,7\icon70652.png,14196,128,128,1
7,70653,7\icon70653.png,14196,128,128,1
7,70654,7\icon70654.png,14196,128,128,1
7,70655,7\icon70655.png,14196,128,128,1
7,70656,7\icon70656.png,14196,128,128,1
7,70657,7\icon70657.png,14196,128,128,1
7,70658,7\icon70658.png,14196,128,128,1
7,70659,7\icon70659.png,14196,128,128,1
7,70660,7\icon70660.png,14196,128,128,1
7,70661,7\icon70661.png,14196,128,128,1
7,70662,7\icon70662.png,14196,128,128,1
7,70663,7\icon70663.png,14196,128,128,1
7,70664,7\icon70664.png,14196,128,128,1
7,70665,7\icon70665.png,14196,128,128,1
7,70666,7\icon70666.png,14196,128,128,1
7,70667,7\icon70667.png,14196,128,128,1
7,70668,7\icon70668.png,14196,128,128,1
7,70669,7\icon70669.png,14196,128,128,1
7,70670,7\icon70670.png,14196,128,128,1
7,70671,7\icon70671.png,14196,128,128,1
7,70672,7\icon70672.png,14196,128,128,1
7,70673,7\icon70673.png,14196,128,128,1
7,70674,7\icon70674.png,14196,128,128,1
7,70675,7\icon70675.png,14196,128,128,1
7,70676,7\icon70676.png,14196,128,128,1
7,70677,7\icon70677.png,14196,128,128,1
7,70678,7\icon70678.png,14196,128,128,1
7,70679,7\icon70679.png,14196,128,128,1
7,70680,7\icon70680.png,14196,128,128,1
7,70681,7\icon70681.png,14196,128,128,1
7,70682,7\icon70682.png,14196,128,128,1
7,70683,7\icon70683.png,14196,128,128,1
7,70684,7\icon70684.png,14196,128,128,1
7,70685,7\icon70685.png,14196,128,128,1
7,70686,7\icon70686.png,14196,128,128,1
7,70687,7\icon70687.png,14196,128,128,1
7,70688,7\icon70688.png,14196,128,128,1
7,70689,7\icon70689.png,14196,128,128,1
7,70690,7\icon70690.png,14196,128,128,1
7,70691,7\icon70691.png,14196,128,128,1
7,70692,7\icon70692.png,14196,128,128,1
7,70693,7\icon70693.png,14196,128,128,1
7,70694,7\icon70694.png,14196,128,128,1
7,70695,7\icon70695.png,14196,128,128,1
7,70696,7\icon70696.png,14196,128,128,1
7,70697,7\icon70697.png,14196,128,128,1
7,70698,7\icon70698.png,14196,128,128,1
7,70699,7\icon70699.png,14196,128,128,1
7,70700,7\icon70700.png,14196,128,128,1
7,70701,7\icon70701.png,14196,128,128,1
7,70702,7\icon70702.png,14196,128,128,1
7,70703,7\icon70703.png,14196,128,128,1
7,70704,7\icon70704.png,14196,128,128,1
7,70705,7\icon70705.png,14196,128,128,1
7,70706,7\icon70706.png,14196,128,128,1
7,70707,7\icon70707.png,14196,128,128,1
7,70708,7\icon70708.png,14196,128,128,1
7,70709,7\icon70709.png,14196,128,128,1
7,70710,7\icon70710.png,14196,128,128,1
7,70711,7\icon70711.png,14196,128,128,1
7,70712,7\icon70712.png,14196,128,128,1
7,70713,7\icon70713.png,14196,128,128,1
7,70714,7\icon70714.png,14196,128,128,1
7,70715,7\icon70715.png,14196,128,128,1
7,70716,7\icon70716.png,14196,128,128,1
7,70717,7\icon70717.png,14196,128,128,1
7,70718,7\icon70718.png,14196,128,128,1
7,70719,7\icon70719.png,14196,128,128,1
7,70720,7\icon70720.png,14196,128,128,1
7,70721,7\icon70721.png,14196,128,128,1
7,70722,7\icon70722.png,14196,128,128,1
7,70723,7\icon70723.png,14196,128,128,1
7,70724,7\icon70724.png,14196,128,128,1
7,70725,7\icon70725.png,14196,128,128,1
7,70726,7\icon70726.png,14196,128,128,1
7,70727,7\icon70727.png,14196,128,128,1
7,70728,7\icon70728.png,14196,128,128,1
7,70729,7\icon70729.png,14196,128,128,1
7,70730,7\icon70730.png,14196,128,128,1
7,70731,7\icon70731.png,14196,128,128,1
7,70732,7\icon70732.png,14196,128,128,1
7,70733,7\icon70733.png,14196,128,128,1
7,70734,7\icon70734.png,14196,128,128,1
7,70735,7\icon70735.png,14196,128,128,1
7,70736,7\icon70736.png,14196,128,128,1
7,70737,7\icon70737.png,14196,128,128,1
7,70738,7\icon70738.png,14196,128,128,1
7,70739,7\icon70739.png,14196,128,128,1
7,70740,7\icon70740.png,14196,128,128,1
7,70741,7\icon70741.png,14196,128,128,1
7,70742,7\icon70742.png,14196,128,128,1
7,70743,7\icon70743.png,14196,128,128,1
7,70744,7\icon70744.png,14196,128,128,1
7,70745,7\icon70745.png,14196,128,128,1
7,70746,7\icon70746.png,14196,128,128,1
7,70747,7\icon70747.png,14196,128,128,1
7,70748,7\icon70748.png,14196,128,128,1
7,70749,7\icon70749.png,14196,128,128,1
7,70750,7\icon70750.png,14196,128,128,1
7,70751,7\icon70751.png,14196,128,128,1
7,70752,7\icon70752.png,14196,128,128,1
7,70753,7\icon70753.png,14196,128,128,1
7,70754,7\icon70754.png,14196,128,128,1
7,70755,7\icon70755.png,14196,128,128,1
7,70756,7\icon70756.png,14196,128,128,1
7,70757,7\icon70757.png,14196,128,128,1
7,70758,7\icon70758.png,14196,128,128,1
7,70759,7\icon70759.png,14196,128,128,1
7,70760,7\icon70760.png,14196,128,128,1
7,70761,7\icon70761.png,14196,128,128,1
7,70762,7\icon70762.png,14196,128,128,1
7,70763,7\icon70763.png,14196,128,128,1
7,70764,7\icon70764.png,14196,128,128,1
7,70765,7\icon70765.png,14196,128,128,1
7,70766,7\icon70766.png,14196,128,128,1
7,70767,7\icon70767.png,14196,128,128,1
7,70768,7\icon70768.png,14196,128,128,1
7,70769,7\icon70769.png,14196,128,128,1
7,70770,7\icon70770.png,14196,128,128,1
7,70771,7\icon70771.png,14196,128,128,1
7,70772,7\icon70772.png,14196,128,128,1
7,70773,7\icon70773.png,14196,128,128,1
7,70774,7\icon70774.png,14196,128,128,1
7,70775,7\icon70775.png,14196,128,128,1
7,70776,7\icon70776.png,14196,128,128,1
7,70777,7\icon70777.png,14196,128,128,1
7,70778,7\icon70778.png,14196,128,128,1
7,70779,7\icon70779.png,14196,128,128,1
7,70780,7\icon70780.png,14196,128,128,1
7,70781,7\icon70781.png,14196,128,128,1
7,70782,7\icon70782.png,14196,128,128,1
7,70783,7\icon70783.png,14196,128,128,1
7,70784,7\icon70784.png,14196,128,128,1
7,70785,7\icon70785.png,14196,128,128,1
7,70786,7\icon70786.png,14196,128,128,1
7,70787,7\icon70787.png,14196,128,128,1
7,70788,7\icon70788.png,14196,128,128,1
7,70789,7\icon70789.png,14196,128,128,1
7,70790,7\icon70790.png,14196,128,128,1
7,70791,7\icon70791.png,14196,128,128,1
7,70792,7\icon70792.png,14196,128,128,1
7,70793,7\icon70793.png,14196,128,128,1
7,70794,7\icon70794.png,14196,128,128,1
7,70795,7\icon70795.png,14196,128,128,1
7,70796,7\icon70796.png,14196,128,128,1
7,70797,7\icon70797.png,14196,128,128,1
7,70798,7\icon70798.png,14196,128,128,1
7,70799,7\icon70799.png,14196,128,128,1
7,70800,7\icon70800.png,14196,128,128,1
8,80000,8\icon80000.png,14196,128,128,1
8,80001,8\icon80001.png,4054,64,64,0
8,80002,8\icon80002.png,14196,128,128,1
8,80003,8\icon80003.png,4053,64,64,0
8,80004,8\icon80004.png,4283,64,64,0
8,80005,8\icon80005.png,4291,64,64,0
8,80006,8\icon80006.png,4397,64,64,0
8,80007,8\icon80007.png,4132,64,64,0
8,80008,8\icon80008.png,4513,64,64,0
8,80009,8\icon80009.png,4099,64,64,0
8,80010,8\icon80010.png,4076,64,64,0
8,80011,8\icon80011.png,14196,128,128,1
8,80012,8\icon80012.png,3983,64,64,0
8,80013,8\icon80013.png,4244,64,64,0
8,80014,8\icon80014.png,4358,64,64,0
8,80015,8\icon80015.png,4331,64,64,0
8,80016,8\icon80016.png,4006,64,64,0
8,80017,8\icon80017.png,4288,64,64,0
8,80018,8\icon80018.png,4116,64,64,0
8,80019,8\icon80019.png,5334,64,64,0
8,80020,8\icon80020.png,5285,64,64,0
8,80021,8\icon80021.png,5352,64,64,0
8,80022,8\icon80022.png,5345,64,64,0
8,80023,8\icon80023.png,5403,64,64,0
8,80024,8\icon80024.png,5332,64,64,0
8,80025,8\icon80025.png,5509,64,64,0
8,80026,8\icon80026.png,5436,64,64,0
8,80027,8\icon80027.png,5413,64,64,0
8,80028,8\icon80028.png,5410,64,64,0
8,80029,8\icon80029.png,4929,64,64,0
8,80030,8\icon80030.png,4997,64,64,0
8,80031,8\icon80031.png,5038,64,64,0
8,80032,8\icon80032.png,4944,64,64,0
8,80033,8\icon80033.png,4929,64,64,0
8,80034,8\icon80034.png,5715,64,64,0
8,80035,8\icon80035.png,5382,64,64,0
8,80036,8\icon80036.png,5840,64,64,0
8,80037,8\icon80037.png,5684,64,64,0
8,80038,8\icon80038.png,5660,64,64,0
8,80039,8\icon80039.png,5477,64,64,0
8,80040,8\icon80040.png,5586,64,64,0
8,80041,8\icon80041.png,5568,64,64,0
8,80042,8\icon80042.png,5405,64,64,0
8,80043,8\icon80043.png,5649,64,64,0
8,80044,8\icon80044.png,5270,64,64,0
8,80045,8\icon80045.png,5197,64,64,0
8,80046,8\icon80046.png,5309,64,64,0
8,80047,8\icon80047.png,5401,64,64,0
8,80048,8\icon80048.png,5275,64,64,0
8,80049,8\icon80049.png,4998,64,64,0
8,80050,8\icon80050.png,5063,64,64,0
8,80051,8\icon80051.png,5093,64,64,0
8,80052,8\icon80052.png,4996,64,64,0
8,80053,8\icon80053.png,5004,64,64,0
8,80054,8\icon80054.png,5471,64,64,0
8,80055,8\icon80055.png,5912,64,64,0
8,80056,8\icon80056.png,4971,64,64,0
8,80057,8\icon80057.png,4933,64,64,0
8,80058,8\icon80058.png,5503,64,64,0
8,80059,8\icon80059.png,5458,64,64,0
8,80060,8\icon80060.png,5985,64,64,0
8,80061,8\icon80061.png,5934,64,64,0
8,80062,8\icon80062.png,5955,64,64,0
8,80063,8\icon80063.png,5198,64,64,0
8,80064,8\icon80064.png,4934,64,64,0
8,80065,8\icon80065.png,4899,64,64,0
8,80066,8\icon80066.png,5135,64,64,0
8,80067,8\icon80067.png,5080,64,64,0
8,80068,8\icon80068.png,5149,64,64,0
8,80069,8\icon80069.png,5115,64,64,0
8,80070,8\icon80070.png,4983,64,64,0
8,80071,8\icon80071.png,5029,64,64,0
8,80072,8\icon80072.png,4997,64,64,0
8,80073,8\icon80073.png,5186,64,64,0
8,80074,8\icon80074.png,5194,64,64,0
8,80075,8\icon80075.png,5095,64,64,0
8,80076,8\icon80076.png,5133,64,64,0
8,80077,8\icon80077.png,5882,64,64,0
8,80078,8\icon80078.png,5946,64,64,0
8,80079,8\icon80079.png,6093,64,64,0
8,80080,8\icon80080.png,5757,64,64,0
8,80081,8\icon80081.png,5942,64,64,0
8,80082,8\icon80082.png,5963,64,64,0
8,80083,8\icon80083.png,6000,64,64,0
8,80084,8\icon80084.png,5979,64,64,0
8,80085,8\icon80085.png,6091,64,64,0
8,80086,8\icon80086.png,5937,64,64,0
8,80087,8\icon80087.png,6036,64,64,0
8,80088,8\icon80088.png,6090,64,64,0
8,80089,8\icon80089.png,5937,64,64,0
8,80090,8\icon80090.png,5927,64,64,0
8,80091,8\icon80091.png,4290,64,64,0
8,80092,8\icon80092.png,4161,64,64,0
8,80093,8\icon80093.png,4055,64,64,0
8,80094,8\icon80094.png,4384,64,64,0
8,80095,8\icon80095.png,4385,64,64,0
8,80096,8\icon80096.png,4149,64,64,0
8,80097,8\icon80097.png,4376,64,64,0
8,80098,8\icon80098.png,4210,64,64,0
8,80099,8\icon80099.png,4361,64,64,0
8,80100,8\icon80100.png,4434,64,64,0
8,80101,8\icon80101.png,4255,64,64,0
8,80102,8\icon80102.png,4485,64,64,0
8,80103,8\icon80103.png,4207,64,64,0
8,80104,8\icon80104.png,4140,64,64,0
8,80105,8\icon80105.png,3577,64,64,0
8,80106,8\icon80106.png,3299,64,64,0
8,80107,8\icon80107.png,3218,64,64,0
8,80108,8\icon80108.png,3453,64,64,0
8,80109,8\icon80109.png,3413,64,64,0
8,80110,8\icon80110.png,3240,64,64,0
8,80111,8\icon80111.png,3224,64,64,0
8,80112,8\icon80112.png,3176,64,64,0
8,80113,8\icon80113.png,3194,64,64,0
8,80114,8\icon80114.png,3208,64,64,0
8,80115,8\icon80115.png,3138,64,64,0
8,80116,8\icon80116.png,3173,64,64,0
8,80117,8\icon80117.png,3205,64,64,0
8,80118,8\icon80118.png,3152,64,64,0
8,80119,8\icon80119.png,3224,64,64,0
8,80120,8\icon80120.png,3125,64,64,0
8,80121,8\icon80121.png,3078,64,64,0
8,80122,8\icon80122.png,3192,64,64,0
8,80123,8\icon80123.png,3398,64,64,0
8,80124,8\icon80124.png,3159,64,64,0
8,80125,8\icon80125.png,4888,64,64,0
8,80126,8\icon80126.png,5442,64,64,0
8,80127,8\icon80127.png,4750,64,64,0
8,80128,8\icon80128.png,4790,64,64,0
8,80129,8\icon80129.png,4814,64,64,0
8,80130,8\icon80130.png,5119,64,64,0
8,80131,8\icon80131.png,5138,64,64,0
8,80132,8\icon80132.png,5019,64,64,0
8,80133,8\icon80133.png,5054,64,64,0
8,80134,8\icon80134.png,4920,64,64,0
8,80135,8\icon80135.png,5170,64,64,0
8,80136,8\icon80136.png,5055,64,64,0
8,80137,8\icon80137.png,4924,64,64,0
8,80138,8\icon80138.png,4978,64,64,0
8,80139,8\icon80139.png,4938,64,64,0
8,80140,8\icon80140.png,5044,64,64,0
8,80141,8\icon80141.png,4985,64,64,0
8,80142,8\icon80142.png,4877,64,64,0
8,80143,8\icon80143.png,4967,64,64,0
8,80144,8\icon80144.png,4887,64,64,0
8,80145,8\icon80145.png,4841,64,64,0
8,80146,8\icon80146.png,5023,64,64,0
8,80147,8\icon80147.png,4990,64,64,0
8,80148,8\icon80148.png,5056,64,64,0
8,80149,8\icon80149.png,5415,64,64,0
8,80150,8\icon80150.png,4923,64,64,0
8,80151,8\icon80151.png,14196,128,128,1
8,80152,8\icon80152.png,5136,64,64,0
8,80153,8\icon80153.png,5199,64,64,0
8,80154,8\icon80154.png,5177,64,64,0
8,80155,8\icon80155.png,5190,64,64,0
8,80156,8\icon80156.png,4795,64,64,0
8,80157,8\icon80157.png,5183,64,64,0
8,80158,8\icon80158.png,4940,64,64,0
8,80159,8\icon80159.png,3537,64,64,0
8,80160,8\icon80160.png,3271,64,64,0
8,80161,8\icon80161.png,3283,64,64,0
8,80162,8\icon80162.png,3565,64,64,0
8,80163,8\icon80163.png,3571,64,64,0
8,80164,8\icon80164.png,3443,64,64,0
8,80165,8\icon80165.png,3633,64,64,0
8,80166,8\icon80166.png,3440,64,64,0
8,80167,8\icon80167.png,3618,64,64,0
8,80168,8\icon80168.png,3579,64,64,0
8,80169,8\icon80169.png,3444,64,64,0
8,80170,8\icon80170.png,3569,64,64,0
8,80171,8\icon80171.png,3348,64,64,0
8,80172,8\icon80172.png,3334,64,64,0
8,80173,8\icon80173.png,3509,64,64,0
8,80174,8\icon80174.png,3410,64,64,0
8,80175,8\icon80175.png,3376,64,64,0
8,80176,8\icon80176.png,3346,64,64,0
8,80177,8\icon80177.png,3589,64,64,0
8,80178,8\icon80178.png,3526,64,64,0
8,80179,8\icon80179.png,3428,64,64,0
8,80180,8\icon80180.png,3602,64,64,0
8,80181,8\icon80181.png,3434,64,64,0
8,80182,8\icon80182.png,3565,64,64,0
8,80183,8\icon80183.png,3584,64,64,0
8,80184,8\icon80184.png,3353,64,64,0
8,80185,8\icon80185.png,3414,64,64,0
8,80186,8\icon80186.png,3568,64,64,0
8,80187,8\icon80187.png,3522,64,64,0
8,80188,8\icon80188.png,3644,64,64,0
8,80189,8\icon80189.png,3423,64,64,0
8,80190,8\icon80190.png,3400,64,64,0
8,80191,8\icon80191.png,3535,64,64,0
8,80192,8\icon80192.png,3353,64,64,0
8,80193,8\icon80193.png,3358,64,64,0
8,80194,8\icon80194.png,3086,64,64,0
8,80195,8\icon80195.png,3240,64,64,0
8,80196,8\icon80196.png,3406,64,64,0
8,80197,8\icon80197.png,3512,64,64,0
8,80198,8\icon80198.png,3266,64,64,0
8,80199,8\icon80199.png,3446,64,64,0
8,80200,8\icon80200.png,3185,64,64,0
8,80201,8\icon80201.png,3444,64,64,0
8,80202,8\icon80202.png,3572,64,64,0
8,80203,8\icon80203.png,3474,64,64,0
8,80204,8\icon80204.png,3609,64,64,0
8,80205,8\icon80205.png,3335,64,64,0
8,80206,8\icon80206.png,3374,64,64,0
8,80207,8\icon80207.png,3241,64,64,0
8,80208,8\icon80208.png,3082,64,64,0
8,80209,8\icon80209.png,3084,64,64,0
8,80210,8\icon80210.png,3269,64,64,0
8,80211,8\icon80211.png,3373,64,64,0
8,80212,8\icon80212.png,3152,64,64,0
8,80213,8\icon80213.png,3361,64,64,0
8,80214,8\icon80214.png,3046,64,64,0
8,80215,8\icon80215.png,3364,64,64,0
8,80216,8\icon80216.png,3366,64,64,0
8,80217,8\icon80217.png,3255,64,64,0
8,80218,8\icon80218.png,3364,64,64,0
8,80219,8\icon80219.png,3210,64,64,0
8,80220,8\icon80220.png,3232,64,64,0
8,80221,8\icon80221.png,3351,64,64,0
8,80222,8\icon80222.png,3299,64,64,0
8,80223,8\icon80223.png,3559,64,64,0
8,80224,8\icon80224.png,5261,64,64,0
8,80225,8\icon80225.png,5233,64,64,0
8,80226,8\icon80226.png,5311,64,64,0
8,80227,8\icon80227.png,5252,64,64,0
8,80228,8\icon80228.png,5213,64,64,0
8,80229,8\icon80229.png,5294,64,64,0
8,80230,8\icon80230.png,5410,64,64,0
8,80231,8\icon80231.png,5497,64,64,0
8,80232,8\icon80232.png,4855,64,64,0
8,80233,8\icon80233.png,4752,64,64,0
8,80234,8\icon80234.png,4608,64,64,0
8,80235,8\icon80235.png,4844,64,64,0
8,80236,8\icon80236.png,4758,64,64,0
8,80237,8\icon80237.png,4835,64,64,0
8,80238,8\icon80238.png,4837,64,64,0
8,80239,8\icon80239.png,4793,64,64,0
8,80240,8\icon80240.png,5132,64,64,0
8,80241,8\icon80241.png,4921,64,64,0
8,80242,8\icon80242.png,5189,64,64,0
8,80243,8\icon80243.png,4828,64,64,0
8,80244,8\icon80244.png,4957,64,64,0
8,80245,8\icon80245.png,4981,64,64,0
8,80246,8\icon80246.png,5011,64,64,0
8,80247,8\icon80247.png,4944,64,64,0
8,80248,8\icon80248.png,4895,64,64,0
8,80249,8\icon80249.png,4530,64,64,0
8,80250,8\icon80250.png,4722,64,64,0
8,80251,8\icon80251.png,4832,64,64,0
8,80252,8\icon80252.png,4564,64,64,0
8,80253,8\icon80253.png,4653,64,64,0
8,80254,8\icon80254.png,4606,64,64,0
8,80255,8\icon80255.png,4453,64,64,0
8,80256,8\icon80256.png,4650,64,64,0
8,80257,8\icon80257.png,4431,64,64,0
8,80258,8\icon80258.png,4846,64,64,0
8,80259,8\icon80259.png,4827,64,64,0
8,80260,8\icon80260.png,4805,64,64,0
8,80261,8\icon80261.png,4852,64,64,0
8,80262,8\icon80262.png,5447,64,64,0
8,80263,8\icon80263.png,4660,64,64,0
8,80264,8\icon80264.png,4850,64,64,0
8,80265,8\icon80265.png,4657,64,64,0
8,80266,8\icon80266.png,4608,64,64,0
8,80267,8\icon80267.png,4646,64,64,0
8,80268,8\icon80268.png,4733,64,64,0
8,80269,8\icon80269.png,4547,64,64,0
8,80270,8\icon80270.png,4634,64,64,0
8,80271,8\icon80271.png,4365,64,64,0
8,80272,8\icon80272.png,4557,64,64,0
8,80273,8\icon80273.png,4333,64,64,0
8,80274,8\icon80274.png,4420,64,64,0
8,80275,8\icon80275.png,4855,64,64,0
8,80276,8\icon80276.png,4827,64,64,0
8,80277,8\icon80277.png,4871,64,64,0
8,80278,8\icon80278.png,4852,64,64,0
8,80279,8\icon80279.png,4891,64,64,0
8,80280,8\icon80280.png,5006,64,64,0
8,80281,8\icon80281.png,5068,64,64,0
8,80282,8\icon80282.png,4865,64,64,0
8,80283,8\icon80283.png,4843,64,64,0
8,80284,8\icon80284.png,5051,64,64,0
8,80285,8\icon80285.png,4077,64,64,0
8,80286,8\icon80286.png,3996,64,64,0
8,80287,8\icon80287.png,3817,64,64,0
8,80288,8\icon80288.png,4117,64,64,0
8,80289,8\icon80289.png,4092,64,64,0
8,80290,8\icon80290.png,4167,64,64,0
8,80291,8\icon80291.png,3886,64,64,0
8,80292,8\icon80292.png,3390,64,64,0
8,80293,8\icon80293.png,3380,64,64,0
8,80294,8\icon80294.png,3249,64,64,0
8,80295,8\icon80295.png,3137,64,64,0
8,80296,8\icon80296.png,3425,64,64,0
8,80297,8\icon80297.png,3449,64,64,0
8,80298,8\icon80298.png,3458,64,64,0
8,80299,8\icon80299.png,3636,64,64,0
8,80300,8\icon80300.png,3751,64,64,0
8,80301,8\icon80301.png,3630,64,64,0
8,80302,8\icon80302.png,3750,64,64,0
8,80303,8\icon80303.png,3694,64,64,0
8,80304,8\icon80304.png,3696,64,64,0
8,80305,8\icon80305.png,3260,64,64,0
8,80306,8\icon80306.png,3274,64,64,0
8,80307,8\icon80307.png,3284,64,64,0
8,80308,8\icon80308.png,3263,64,64,0
8,80309,8\icon80309.png,3268,64,64,0
8,80310,8\icon80310.png,3347,64,64,0
8,80311,8\icon80311.png,3206,64,64,0
8,80312,8\icon80312.png,3259,64,64,0
8,80313,8\icon80313.png,3360,64,64,0
8,80314,8\icon80314.png,3431,64,64,0
8,80315,8\icon80315.png,3360,64,64,0
8,80316,8\icon80316.png,3353,64,64,0
8,80317,8\icon80317.png,3437,64,64,0
8,80318,8\icon80318.png,3417,64,64,0
8,80319,8\icon80319.png,3442,64,64,0
8,80320,8\icon80320.png,4503,64,64,0
8,80321,8\icon80321.png,4378,64,64,0
8,80322,8\icon80322.png,4441,64,64,0
8,80323,8\icon80323.png,4633,64,64,0
8,80324,8\icon80324.png,4786,64,64,0
8,80325,8\icon80325.png,4687,64,64,0
8,80326,8\icon80326.png,4682,64,64,0
8,80327,8\icon80327.png,4740,64,64,0
8,80328,8\icon80328.png,4737,64,64,0
8,80329,8\icon80329.png,4576,64,64,0
8,80330,8\icon80330.png,4834,64,64,0
8,80331,8\icon80331.png,4697,64,64,0
8,80332,8\icon80332.png,4765,64,64,0
8,80333,8\icon80333.png,4752,64,64,0
8,80334,8\icon80334.png,5003,64,64,0
8,80335,8\icon80335.png,4903,64,64,0
8,80336,8\icon80336.png,5067,64,64,0
8,80337,8\icon80337.png,5016,64,64,0
8,80338,8\icon80338.png,5128,64,64,0
8,80339,8\icon80339.png,4980,64,64,0
8,80340,8\icon80340.png,5087,64,64,0
8,80341,8\icon80341.png,4975,64,64,0
8,80342,8\icon80342.png,5138,64,64,0
8,80343,8\icon80343.png,5101,64,64,0
8,80344,8\icon80344.png,4896,64,64,0
8,80345,8\icon80345.png,4991,64,64,0
8,80346,8\icon80346.png,4825,64,64,0
8,80347,8\icon80347.png,5043,64,64,0
8,80348,8\icon80348.png,4368,64,64,0
8,80349,8\icon80349.png,4435,64,64,0
8,80350,8\icon80350.png,4500,64,64,0
8,80351,8\icon80351.png,3208,64,64,0
8,80352,8\icon80352.png,3969,64,64,0
8,80353,8\icon80353.png,2958,64,64,0
8,80354,8\icon80354.png,2879,64,64,0
8,80355,8\icon80355.png,4423,64,64,0
8,80356,8\icon80356.png,4987,64,64,0
8,80357,8\icon80357.png,3828,64,64,0
8,80358,8\icon80358.png,4054,64,64,0
8,80359,8\icon80359.png,4079,64,64,0
8,80360,8\icon80360.png,4043,64,64,0
8,80361,8\icon80361.png,3030,64,64,0
8,80362,8\icon80362.png,2974,64,64,0
8,80363,8\icon80363.png,2624,64,64,0
8,80364,8\icon80364.png,4248,64,64,0
8,80365,8\icon80365.png,4247,64,64,0
8,80366,8\icon80366.png,3618,64,64,0
8,80367,8\icon80367.png,3740,64,64,0
8,80368,8\icon80368.png,3572,64,64,0
8,80369,8\icon80369.png,3777,64,64,0
8,80370,8\icon80370.png,4742,64,64,0
8,80371,8\icon80371.png,4597,64,64,0
8,80372,8\icon80372.png,4714,64,64,0
8,80373,8\icon80373.png,4449,64,64,0
8,80374,8\icon80374.png,4727,64,64,0
8,80375,8\icon80375.png,4721,64,64,0
8,80376,8\icon80376.png,4557,64,64,0
8,80377,8\icon80377.png,4543,64,64,0
8,80378,8\icon80378.png,4819,64,64,0
8,80379,8\icon80379.png,4640,64,64,0
8,80380,8\icon80380.png,4560,64,64,0
8,80381,8\icon80381.png,4349,64,64,0
8,80382,8\icon80382.png,4009,64,64,0
8,80383,8\icon80383.png,4230,64,64,0
8,80384,8\icon80384.png,4472,64,64,0
8,80385,8\icon80385.png,4510,64,64,0
8,80386,8\icon80386.png,4271,64,64,0
8,80387,8\icon80387.png,4418,64,64,0
8,80388,8\icon80388.png,4193,64,64,0
8,80389,8\icon80389.png,4528,64,64,0
8,80390,8\icon80390.png,4383,64,64,0
8,80391,8\icon80391.png,4305,64,64,0
8,80392,8\icon80392.png,4366,64,64,0
8,80393,8\icon80393.png,4071,64,64,0
8,80394,8\icon80394.png,4156,64,64,0
8,80395,8\icon80395.png,3808,64,64,0
8,80396,8\icon80396.png,3729,64,64,0
8,80397,8\icon80397.png,3840,64,64,0
8,80398,8\icon80398.png,3867,64,64,0
8,80399,8\icon80399.png,3981,64,64,0
8,80400,8\icon80400.png,3913,64,64,0
8,80401,8\icon80401.png,4002,64,64,0
8,80402,8\icon80402.png,3976,64,64,0
8,80403,8\icon80403.png,4228,64,64,0
8,80404,8\icon80404.png,4146,64,64,0
8,80405,8\icon80405.png,3924,64,64,0
8,80406,8\icon80406.png,3919,64,64,0
8,80407,8\icon80407.png,3839,64,64,0
8,80408,8\icon80408.png,3762,64,64,0
8,80409,8\icon80409.png,2366,64,64,0
8,80410,8\icon80410.png,2231,64,64,0
8,80411,8\icon80411.png,2187,64,64,0
8,80412,8\icon80412.png,2317,64,64,0
8,80413,8\icon80413.png,2183,64,64,0
8,80414,8\icon80414.png,2122,64,64,0
8,80415,8\icon80415.png,2254,64,64,0
8,80416,8\icon80416.png,2078,64,64,0
8,80417,8\icon80417.png,2053,64,64,0
8,80418,8\icon80418.png,2158,64,64,0
8,80419,8\icon80419.png,2223,64,64,0
8,80420,8\icon80420.png,2112,64,64,0
8,80421,8\icon80421.png,2220,64,64,0
8,80422,8\icon80422.png,2237,64,64,0
8,80423,8\icon80423.png,2266,64,64,0
8,80424,8\icon80424.png,2112,64,64,0
8,80425,8\icon80425.png,2249,64,64,0
8,80426,8\icon80426.png,2026,64,64,0
8,80427,8\icon80427.png,2233,64,64,0
8,80428,8\icon80428.png,2297,64,64,0
8,80429,8\icon80429.png,2280,64,64,0
8,80430,8\icon80430.png,2219,64,64,0
8,80431,8\icon80431.png,2021,64,64,0
8,80432,8\icon80432.png,2291,64,64,0
8,80433,8\icon80433.png,1168,64,64,0
8,80434,8\icon80434.png,1182,64,64,0
8,80435,8\icon80435.png,1136,64,64,0
8,80436,8\icon80436.png,1151,64,64,0
8,80437,8\icon80437.png,1178,64,64,0
8,80438,8\icon80438.png,1142,64,64,0
8,80439,8\icon80439.png,1197,64,64,0
8,80440,8\icon80440.png,1204,64,64,0
8,80441,8\icon80441.png,1180,64,64,0
8,80442,8\icon80442.png,1209,64,64,0
8,80443,8\icon80443.png,1212,64,64,0
8,80444,8\icon80444.png,1155,64,64,0
8,80445,8\icon80445.png,1253,64,64,0
8,80446,8\icon80446.png,1224,64,64,0
8,80447,8\icon80447.png,1248,64,64,0
8,80448,8\icon80448.png,1238,64,64,0
8,80449,8\icon80449.png,1216,64,64,0
8,80450,8\icon80450.png,1203,64,64,0
8,80451,8\icon80451.png,2440,64,64,0
8,80452,8\icon80452.png,2419,64,64,0
8,80453,8\icon80453.png,2422,64,64,0
8,80454,8\icon80454.png,2439,64,64,0
8,80455,8\icon80455.png,2423,64,64,0
8,80456,8\icon80456.png,2451,64,64,0
8,80457,8\icon80457.png,2425,64,64,0
8,80458,8\icon80458.png,2416,64,64,0
8,80459,8\icon80459.png,2529,64,64,0
8,80460,8\icon80460.png,2426,64,64,0
8,80461,8\icon80461.png,2592,64,64,0
8,80462,8\icon80462.png,4796,64,64,0
8,80463,8\icon80463.png,4738,64,64,0
8,80464,8\icon80464.png,4807,64,64,0
8,80465,8\icon80465.png,4156,64,64,0
8,80466,8\icon80466.png,4231,64,64,0
8,80467,8\icon80467.png,4265,64,64,0
8,80468,8\icon80468.png,1222,64,64,0
8,80469,8\icon80469.png,1242,64,64,0
8,80470,8\icon80470.png,1219,64,64,0
8,80471,8\icon80471.png,1245,64,64,0
8,80472,8\icon80472.png,1319,64,64,0
8,80473,8\icon80473.png,1176,64,64,0
8,80474,8\icon80474.png,1250,64,64,0
8,80475,8\icon80475.png,1234,64,64,0
8,80476,8\icon80476.png,1270,64,64,0
8,80477,8\icon80477.png,1944,64,64,0
8,80478,8\icon80478.png,2053,64,64,0
8,80479,8\icon80479.png,1857,64,64,0
8,80480,8\icon80480.png,1492,64,64,0
8,80481,8\icon80481.png,1392,64,64,0
8,80482,8\icon80482.png,1282,64,64,0
8,80483,8\icon80483.png,2443,64,64,0
8,80484,8\icon80484.png,2490,64,64,0
8,80485,8\icon80485.png,2465,64,64,0
8,80486,8\icon80486.png,2450,64,64,0
8,80487,8\icon80487.png,2508,64,64,0
8,80488,8\icon80488.png,2453,64,64,0
8,80489,8\icon80489.png,2637,64,64,0
8,80490,8\icon80490.png,2596,64,64,0
8,80491,8\icon80491.png,2322,64,64,0
8,80492,8\icon80492.png,2277,64,64,0
8,80493,8\icon80493.png,2310,64,64,0
8,80494,8\icon80494.png,2302,64,64,0
8,80495,8\icon80495.png,2499,64,64,0
8,80496,8\icon80496.png,2472,64,64,0
8,80497,8\icon80497.png,2492,64,64,0
8,80498,8\icon80498.png,1962,64,64,0
8,80499,8\icon80499.png,1982,64,64,0
8,80500,8\icon80500.png,1962,64,64,0
8,80501,8\icon80501.png,1921,64,64,0
8,80502,8\icon80502.png,2016,64,64,0
8,80503,8\icon80503.png,1949,64,64,0
8,80504,8\icon80504.png,1948,64,64,0
8,80505,8\icon80505.png,1907,64,64,0
8,80506,8\icon80506.png,2045,64,64,0
8,80507,8\icon80507.png,2032,64,64,0
8,80508,8\icon80508.png,2074,64,64,0
8,80509,8\icon80509.png,2071,64,64,0
8,80510,8\icon80510.png,2094,64,64,0
8,80511,8\icon80511.png,4036,64,64,0
8,80512,8\icon80512.png,4436,64,64,0
8,80513,8\icon80513.png,3887,64,64,0
8,80514,8\icon80514.png,4167,64,64,0
8,80515,8\icon80515.png,4329,64,64,0
8,80516,8\icon80516.png,3968,64,64,0
8,80517,8\icon80517.png,4230,64,64,0
8,80518,8\icon80518.png,2879,64,64,0
8,80519,8\icon80519.png,2777,64,64,0
8,80520,8\icon80520.png,2785,64,64,0
8,80521,8\icon80521.png,3095,64,64,0
8,80522,8\icon80522.png,3027,64,64,0
8,80523,8\icon80523.png,2577,64,64,0
8,80524,8\icon80524.png,2162,64,64,0
8,80525,8\icon80525.png,2585,64,64,0
8,80526,8\icon80526.png,2351,64,64,0
8,80527,8\icon80527.png,2200,64,64,0
8,80528,8\icon80528.png,2322,64,64,0
8,80529,8\icon80529.png,2142,64,64,0
8,80530,8\icon80530.png,2090,64,64,0
8,80531,8\icon80531.png,2178,64,64,0
8,80532,8\icon80532.png,3533,64,64,0
8,80533,8\icon80533.png,3374,64,64,0
8,80534,8\icon80534.png,3527,64,64,0
8,80535,8\icon80535.png,3363,64,64,0
8,80536,8\icon80536.png,3547,64,64,0
8,80537,8\icon80537.png,3712,64,64,0
8,80538,8\icon80538.png,3463,64,64,0
8,80539,8\icon80539.png,3610,64,64,0
8,80540,8\icon80540.png,3373,64,64,0
8,80541,8\icon80541.png,3357,64,64,0
8,80542,8\icon80542.png,3735,64,64,0
8,80543,8\icon80543.png,2387,64,64,0
8,80544,8\icon80544.png,3717,64,64,0
8,80545,8\icon80545.png,3807,64,64,0
8,80546,8\icon80546.png,3725,64,64,0
8,80547,8\icon80547.png,4025,64,64,0
8,80548,8\icon80548.png,3020,64,64,0
8,80549,8\icon80549.png,3051,64,64,0
8,80550,8\icon80550.png,3147,64,64,0
8,80551,8\icon80551.png,3108,64,64,0
8,80552,8\icon80552.png,3116,64,64,0
8,80553,8\icon80553.png,3303,64,64,0
8,80554,8\icon80554.png,3166,64,64,0
8,80555,8\icon80555.png,3227,64,64,0
8,80556,8\icon80556.png,3099,64,64,0
8,80557,8\icon80557.png,3079,64,64,0
8,80558,8\icon80558.png,3182,64,64,0
8,80559,8\icon80559.png,3181,64,64,0
8,80560,8\icon80560.png,3151,64,64,0
8,80561,8\icon80561.png,2896,64,64,0
8,80562,8\icon80562.png,2697,64,64,0
8,80563,8\icon80563.png,2795,64,64,0
8,80564,8\icon80564.png,2921,64,64,0
8,80565,8\icon80565.png,2757,64,64,0
8,80566,8\icon80566.png,4307,64,64,0
8,80567,8\icon80567.png,3775,64,64,0
8,80568,8\icon80568.png,3944,64,64,0
8,80569,8\icon80569.png,4295,64,64,0
8,80570,8\icon80570.png,4132,64,64,0
8,80571,8\icon80571.png,3798,64,64,0
8,80572,8\icon80572.png,4024,64,64,0
8,80573,8\icon80573.png,3667,64,64,0
8,80574,8\icon80574.png,4180,64,64,0
8,80575,8\icon80575.png,3996,64,64,0
8,80576,8\icon80576.png,3520,64,64,0
8,80577,8\icon80577.png,3733,64,64,0
8,80578,8\icon80578.png,4088,64,64,0
8,80579,8\icon80579.png,3708,64,64,0
8,80580,8\icon80580.png,1384,64,64,0
8,80581,8\icon80581.png,1371,64,64,0
8,80582,8\icon80582.png,1406,64,64,0
8,80583,8\icon80583.png,1397,64,64,0
8,80584,8\icon80584.png,1388,64,64,0
8,80585,8\icon80585.png,1388,64,64,0
8,80586,8\icon80586.png,3931,64,64,0
8,80587,8\icon80587.png,3806,64,64,0
8,80588,8\icon80588.png,3769,64,64,0
8,80589,8\icon80589.png,3762,64,64,0
8,80590,8\icon80590.png,3885,64,64,0
8,80591,8\icon80591.png,3905,64,64,0
8,80592,8\icon80592.png,3826,64,64,0
8,80593,8\icon80593.png,3537,64,64,0
8,80594,8\icon80594.png,3846,64,64,0
8,80595,8\icon80595.png,3613,64,64,0
8,80596,8\icon80596.png,3539,64,64,0
8,80597,8\icon80597.png,4148,64,64,0
8,80598,8\icon80598.png,4115,64,64,0
8,80599,8\icon80599.png,4107,64,64,0
8,80600,8\icon80600.png,4098,64,64,0
8,80601,8\icon80601.png,4131,64,64,0
8,80602,8\icon80602.png,4122,64,64,0
8,80603,8\icon80603.png,4130,64,64,0
8,80604,8\icon80604.png,4307,64,64,0
8,80605,8\icon80605.png,4284,64,64,0
8,80606,8\icon80606.png,4263,64,64,0
8,80607,8\icon80607.png,5791,64,64,0
8,80608,8\icon80608.png,5817,64,64,0
8,80609,8\icon80609.png,5752,64,64,0
8,80610,8\icon80610.png,5760,64,64,0
8,80611,8\icon80611.png,5748,64,64,0
8,80612,8\icon80612.png,5791,64,64,0
8,80613,8\icon80613.png,5726,64,64,0
8,80614,8\icon80614.png,4961,64,64,0
8,80615,8\icon80615.png,2643,64,64,0
8,80616,8\icon80616.png,2621,64,64,0
8,80617,8\icon80617.png,2697,64,64,0
8,80618,8\icon80618.png,2589,64,64,0
8,80619,8\icon80619.png,2560,64,64,0
8,80620,8\icon80620.png,2326,64,64,0
8,80621,8\icon80621.png,2416,64,64,0
8,80622,8\icon80622.png,2619,64,64,0
8,80623,8\icon80623.png,2502,64,64,0
8,80624,8\icon80624.png,3951,64,64,0
8,80625,8\icon80625.png,1986,64,64,0
8,80626,8\icon80626.png,1957,64,64,0
8,80627,8\icon80627.png,1903,64,64,0
8,80628,8\icon80628.png,3922,64,64,0
8,80629,8\icon80629.png,3679,64,64,0
8,80630,8\icon80630.png,3696,64,64,0
8,80631,8\icon80631.png,3838,64,64,0
8,80632,8\icon80632.png,3550,64,64,0
8,80633,8\icon80633.png,3783,64,64,0
8,80634,8\icon80634.png,3514,64,64,0
8,80635,8\icon80635.png,3814,64,64,0
8,80636,8\icon80636.png,3850,64,64,0
8,80637,8\icon80637.png,3594,64,64,0
8,80638,8\icon80638.png,3910,64,64,0
8,80639,8\icon80639.png,3370,64,64,0
8,80640,8\icon80640.png,3423,64,64,0
8,80641,8\icon80641.png,2397,64,64,0
8,80642,8\icon80642.png,2297,64,64,0
8,80643,8\icon80643.png,2474,64,64,0
8,80644,8\icon80644.png,2194,64,64,0
8,80645,8\icon80645.png,2520,64,64,0
8,80646,8\icon80646.png,2333,64,64,0
8,80647,8\icon80647.png,2524,64,64,0
8,80648,8\icon80648.png,2380,64,64,0
8,80649,8\icon80649.png,2430,64,64,0
8,80650,8\icon80650.png,2253,64,64,0
8,80651,8\icon80651.png,2382,64,64,0
8,80652,8\icon80652.png,2232,64,64,0
8,80653,8\icon80653.png,2399,64,64,0
8,80654,8\icon80654.png,2333,64,64,0
8,80655,8\icon80655.png,3540,64,64,0
8,80656,8\icon80656.png,3499,64,64,0
8,80657,8\icon80657.png,3456,64,64,0
8,80658,8\icon80658.png,3482,64,64,0
8,80659,8\icon80659.png,3527,64,64,0
8,80660,8\icon80660.png,3498,64,64,0
8,80661,8\icon80661.png,14196,128,128,1
8,80662,8\icon80662.png,14196,128,128,1
8,80663,8\icon80663.png,14196,128,128,1
8,80664,8\icon80664.png,14196,128,128,1
8,80665,8\icon80665.png,14196,128,128,1
8,80666,8\icon80666.png,14196,128,128,1
8,80667,8\icon80667.png,14196,128,128,1
8,80668,8\icon80668.png,14196,128,128,1
8,80669,8\icon80669.png,14196,128,128,1
8,80670,8\icon80670.png,14196,128,128,1
8,80671,8\icon80671.png,14196,128,128,1
8,80672,8\icon80672.png,14196,128,128,1
8,80673,8\icon80673.png,14196,128,128,1
8,80674,8\icon80674.png,14196,128,128,1
8,80675,8\icon80675.png,14196,128,128,1
8,80676,8\icon80676.png,5497,64,64,0
8,80677,8\icon80677.png,5069,64,64,0
8,80678,8\icon80678.png,4816,64,64,0
8,80679,8\icon80679.png,4860,64,64,0
8,80680,8\icon80680.png,5087,64,64,0
8,80681,8\icon80681.png,4855,64,64,0
8,80682,8\icon80682.png,4783,64,64,0
8,80683,8\icon80683.png,4851,64,64,0
8,80684,8\icon80684.png,5732,64,64,0
8,80685,8\icon80685.png,5496,64,64,0
8,80686,8\icon80686.png,5578,64,64,0
8,80687,8\icon80687.png,5861,64,64,0
8,80688,8\icon80688.png,5648,64,64,0
8,80689,8\icon80689.png,5603,64,64,0
8,80690,8\icon80690.png,5757,64,64,0
8,80691,8\icon80691.png,5627,64,64,0
8,80692,8\icon80692.png,5477,64,64,0
8,80693,8\icon80693.png,5572,64,64,0
8,80694,8\icon80694.png,5452,64,64,0
8,80695,8\icon80695.png,5798,64,64,0
8,80696,8\icon80696.png,5510,64,64,0
8,80697,8\icon80697.png,5801,64,64,0
8,80698,8\icon80698.png,5560,64,64,0
8,80699,8\icon80699.png,5629,64,64,0
8,80700,8\icon80700.png,5828,64,64,0
8,80701,8\icon80701.png,5682,64,64,0
8,80702,8\icon80702.png,5767,64,64,0
8,80703,8\icon80703.png,5599,64,64,0
8,80704,8\icon80704.png,5499,64,64,0
8,80705,8\icon80705.png,5800,64,64,0
8,80706,8\icon80706.png,5637,64,64,0
8,80707,8\icon80707.png,5438,64,64,0
8,80708,8\icon80708.png,5726,64,64,0
8,80709,8\icon80709.png,5555,64,64,0
8,80710,8\icon80710.png,5477,64,64,0
8,80711,8\icon80711.png,3319,64,64,0
8,80712,8\icon80712.png,5362,64,64,0
8,80713,8\icon80713.png,5442,64,64,0
8,80714,8\icon80714.png,5322,64,64,0
8,80715,8\icon80715.png,5371,64,64,0
8,80716,8\icon80716.png,5296,64,64,0
8,80717,8\icon80717.png,5351,64,64,0
8,80718,8\icon80718.png,5249,64,64,0
8,80719,8\icon80719.png,5267,64,64,0
8,80720,8\icon80720.png,5522,64,64,0
8,80721,8\icon80721.png,5432,64,64,0
8,80722,8\icon80722.png,5438,64,64,0
8,80723,8\icon80723.png,5439,64,64,0
8,80724,8\icon80724.png,5199,64,64,0
8,80725,8\icon80725.png,5432,64,64,0
8,80726,8\icon80726.png,5340,64,64,0
8,80727,8\icon80727.png,5297,64,64,0
8,80728,8\icon80728.png,5436,64,64,0
8,80729,8\icon80729.png,5359,64,64,0
8,80730,8\icon80730.png,5646,64,64,0
8,80731,8\icon80731.png,5459,64,64,0
8,80732,8\icon80732.png,5500,64,64,0
8,80733,8\icon80733.png,5377,64,64,0
8,80734,8\icon80734.png,5541,64,64,0
8,80735,8\icon80735.png,5640,64,64,0
8,80736,8\icon80736.png,5554,64,64,0
8,80737,8\icon80737.png,5594,64,64,0
8,80738,8\icon80738.png,5326,64,64,0
8,80739,8\icon80739.png,5518,64,64,0
8,80740,8\icon80740.png,5604,64,64,0
8,80741,8\icon80741.png,5590,64,64,0
8,80742,8\icon80742.png,5615,64,64,0
8,80743,8\icon80743.png,5675,64,64,0
8,80744,8\icon80744.png,5664,64,64,0
8,80745,8\icon80745.png,5178,64,64,0
8,80746,8\icon80746.png,5360,64,64,0
8,80747,8\icon80747.png,5361,64,64,0
8,80748,8\icon80748.png,5884,64,64,0
8,80749,8\icon80749.png,5981,64,64,0
8,80750,8\icon80750.png,5531,64,64,0
8,80751,8\icon80751.png,5866,64,64,0
8,80752,8\icon80752.png,5443,64,64,0
8,80753,8\icon80753.png,5819,64,64,0
8,80754,8\icon80754.png,5858,64,64,0
8,80755,8\icon80755.png,5129,64,64,0
8,80756,8\icon80756.png,5187,64,64,0
8,80757,8\icon80757.png,5716,64,64,0
8,80758,8\icon80758.png,5440,64,64,0
8,80759,8\icon80759.png,5586,64,64,0
8,80760,8\icon80760.png,5468,64,64,0
8,80761,8\icon80761.png,5595,64,64,0
8,80762,8\icon80762.png,5716,64,64,0
8,80763,8\icon80763.png,14196,128,128,1
8,80764,8\icon80764.png,5627,64,64,0
8,80765,8\icon80765.png,14196,128,128,1
8,80766,8\icon80766.png,6044,64,64,0
8,80767,8\icon80767.png,5805,64,64,0
8,80768,8\icon80768.png,5800,64,64,0
8,80769,8\icon80769.png,6012,64,64,0
8,80770,8\icon80770.png,5728,64,64,0
8,80771,8\icon80771.png,5916,64,64,0
8,80772,8\icon80772.png,5659,64,64,0
8,80773,8\icon80773.png,6077,64,64,0
8,80774,8\icon80774.png,5865,64,64,0
8,80775,8\icon80775.png,5426,64,64,0
8,80776,8\icon80776.png,5811,64,64,0
8,80777,8\icon80777.png,5314,64,64,0
8,80778,8\icon80778.png,5705,64,64,0
8,80779,8\icon80779.png,6412,64,64,0
8,80780,8\icon80780.png,5971,64,64,0
8,80781,8\icon80781.png,6270,64,64,0
8,80782,8\icon80782.png,6090,64,64,0
8,80783,8\icon80783.png,6083,64,64,0
8,80784,8\icon80784.png,6056,64,64,0
8,80785,8\icon80785.png,6023,64,64,0
8,80786,8\icon80786.png,4459,64,64,0
8,80787,8\icon80787.png,4401,64,64,0
8,80788,8\icon80788.png,4520,64,64,0
8,80789,8\icon80789.png,4394,64,64,0
8,80790,8\icon80790.png,4445,64,64,0
8,80791,8\icon80791.png,4501,64,64,0
8,80792,8\icon80792.png,4556,64,64,0
8,80793,8\icon80793.png,4464,64,64,0
8,80794,8\icon80794.png,5173,64,64,0
8,80795,8\icon80795.png,5292,64,64,0
8,80796,8\icon80796.png,5262,64,64,0
8,80797,8\icon80797.png,5275,64,64,0
8,80798,8\icon80798.png,5418,64,64,0
8,80799,8\icon80799.png,5211,64,64,0
8,80800,8\icon80800.png,5055,64,64,0
8,80801,8\icon80801.png,5169,64,64,0
8,80802,8\icon80802.png,4948,64,64,0
8,80803,8\icon80803.png,4934,64,64,0
8,80804,8\icon80804.png,5160,64,64,0
8,80805,8\icon80805.png,5069,64,64,0
8,80806,8\icon80806.png,5160,64,64,0
8,80807,8\icon80807.png,5269,64,64,0
8,80808,8\icon80808.png,5235,64,64,0
8,80809,8\icon80809.png,4210,64,64,0
8,80810,8\icon80810.png,3253,64,64,0
8,80811,8\icon80811.png,3170,64,64,0
8,80812,8\icon80812.png,3056,64,64,0
8,80813,8\icon80813.png,2902,64,64,0
8,80814,8\icon80814.png,3358,64,64,0
8,80815,8\icon80815.png,3160,64,64,0
8,80816,8\icon80816.png,3005,64,64,0
8,80817,8\icon80817.png,3361,64,64,0
8,80818,8\icon80818.png,3118,64,64,0
8,80819,8\icon80819.png,2844,64,64,0
8,80820,8\icon80820.png,2916,64,64,0
8,80821,8\icon80821.png,2901,64,64,0
8,80822,8\icon80822.png,2853,64,64,0
8,80823,8\icon80823.png,3017,64,64,0
8,80824,8\icon80824.png,3206,64,64,0
8,80825,8\icon80825.png,2975,64,64,0
8,80826,8\icon80826.png,2940,64,64,0
8,80827,8\icon80827.png,2939,64,64,0
8,80828,8\icon80828.png,3164,64,64,0
8,80829,8\icon80829.png,2955,64,64,0
8,80830,8\icon80830.png,4504,64,64,0
8,80831,8\icon80831.png,4341,64,64,0
8,80832,8\icon80832.png,4465,64,64,0
8,80833,8\icon80833.png,4182,64,64,0
8,80834,8\icon80834.png,4477,64,64,0
8,80835,8\icon80835.png,4393,64,64,0
8,80836,8\icon80836.png,4471,64,64,0
8,80837,8\icon80837.png,4369,64,64,0
8,80838,8\icon80838.png,4584,64,64,0
8,80839,8\icon80839.png,4571,64,64,0
8,80840,8\icon80840.png,4495,64,64,0
8,80841,8\icon80841.png,4455,64,64,0
8,80842,8\icon80842.png,4415,64,64,0
8,80843,8\icon80843.png,4214,64,64,0
8,80844,8\icon80844.png,4479,64,64,0
8,80845,8\icon80845.png,4489,64,64,0
8,80846,8\icon80846.png,4168,64,64,0
8,80847,8\icon80847.png,4233,64,64,0
8,80848,8\icon80848.png,4540,64,64,0
8,80849,8\icon80849.png,4559,64,64,0
8,80850,8\icon80850.png,4822,64,64,0
8,80851,8\icon80851.png,4468,64,64,0
8,80852,8\icon80852.png,4642,64,64,0
8,80853,8\icon80853.png,4519,64,64,0
8,80854,8\icon80854.png,4853,64,64,0
8,80855,8\icon80855.png,4472,64,64,0
8,80856,8\icon80856.png,4544,64,64,0
8,80857,8\icon80857.png,4559,64,64,0
8,80858,8\icon80858.png,4537,64,64,0
8,80859,8\icon80859.png,4625,64,64,0
8,80860,8\icon80860.png,4638,64,64,0
8,80861,8\icon80861.png,4522,64,64,0
8,80862,8\icon80862.png,4601,64,64,0
8,80863,8\icon80863.png,4642,64,64,0
8,80864,8\icon80864.png,4223,64,64,0
8,80865,8\icon80865.png,4069,64,64,0
8,80866,8\icon80866.png,4040,64,64,0
8,80867,8\icon80867.png,3972,64,64,0
8,80868,8\icon80868.png,4014,64,64,0
8,80869,8\icon80869.png,4805,64,64,0
8,80870,8\icon80870.png,4731,64,64,0
8,80871,8\icon80871.png,4587,64,64,0
8,80872,8\icon80872.png,4650,64,64,0
8,80873,8\icon80873.png,4656,64,64,0
8,80874,8\icon80874.png,4784,64,64,0
8,80875,8\icon80875.png,4716,64,64,0
8,80876,8\icon80876.png,4801,64,64,0
8,80877,8\icon80877.png,4644,64,64,0
8,80878,8\icon80878.png,4704,64,64,0
8,80879,8\icon80879.png,4814,64,64,0
8,80880,8\icon80880.png,4763,64,64,0
8,80881,8\icon80881.png,4818,64,64,0
8,80882,8\icon80882.png,4778,64,64,0
8,80883,8\icon80883.png,4673,64,64,0
8,80884,8\icon80884.png,4830,64,64,0
8,80885,8\icon80885.png,4993,64,64,0
8,80886,8\icon80886.png,4676,64,64,0
8,80887,8\icon80887.png,4988,64,64,0
8,80888,8\icon80888.png,4658,64,64,0
8,80889,8\icon80889.png,5102,64,64,0
8,80890,8\icon80890.png,4492,64,64,0
8,80891,8\icon80891.png,4990,64,64,0
8,80892,8\icon80892.png,4646,64,64,0
8,80893,8\icon80893.png,5114,64,64,0
8,80894,8\icon80894.png,5005,64,64,0
8,80895,8\icon80895.png,4742,64,64,0
8,80896,8\icon80896.png,5078,64,64,0
8,80897,8\icon80897.png,4528,64,64,0
8,80898,8\icon80898.png,4460,64,64,0
8,80899,8\icon80899.png,14196,128,128,1
8,80900,8\icon80900.png,14196,128,128,1
8,80901,8\icon80901.png,14196,128,128,1
8,80902,8\icon80902.png,14196,128,128,1
8,80903,8\icon80903.png,14196,128,128,1
8,80904,8\icon80904.png,5021,64,64,0
8,80905,8\icon80905.png,14196,128,128,1
8,80906,8\icon80906.png,14196,128,128,1
8,80907,8\icon80907.png,14196,128,128,1
8,80908,8\icon80908.png,14196,128,128,1
8,80909,8\icon80909.png,14196,128,128,1
8,80910,8\icon80910.png,14196,128,128,1
8,80911,8\icon80911.png,14196,128,128,1
8,80912,8\icon80912.png,14196,128,128,1
8,80913,8\icon80913.png,14196,128,128,1
8,80914,8\icon80914.png,14196,128,128,1
8,80915,8\icon80915.png,14196,128,128,1
8,80916,8\icon80916.png,14196,128,128,1
8,80917,8\icon80917.png,14196,128,128,1
8,80918,8\icon80918.png,14196,128,128,1
8,80919,8\icon80919.png,14196,128,128,1
8,80920,8\icon80920.png,3361,64,64,0
8,80921,8\icon80921.png,3466,64,64,0
8,80922,8\icon80922.png,3724,64,64,0
8,80923,8\icon80923.png,3618,64,64,0
8,80924,8\icon80924.png,3394,64,64,0
8,80925,8\icon80925.png,3524,64,64,0
8,80926,8\icon80926.png,3703,64,64,0
8,80927,8\icon80927.png,3445,64,64,0
8,80928,8\icon80928.png,3735,64,64,0
8,80929,8\icon80929.png,3629,64,64,0
8,80930,8\icon80930.png,3354,64,64,0
8,80931,8\icon80931.png,3443,64,64,0
8,80932,8\icon80932.png,3530,64,64,0
8,80933,8\icon80933.png,3491,64,64,0
8,80934,8\icon80934.png,3206,64,64,0
8,80935,8\icon80935.png,3327,64,64,0
8,80936,8\icon80936.png,2922,64,64,0
8,80937,8\icon80937.png,3239,64,64,0
8,80938,8\icon80938.png,3356,64,64,0
8,80939,8\icon80939.png,3095,64,64,0
8,80940,8\icon80940.png,3325,64,64,0
8,80941,8\icon80941.png,3273,64,64,0
8,80942,8\icon80942.png,2531,64,64,0
8,80943,8\icon80943.png,2710,64,64,0
8,80944,8\icon80944.png,2356,64,64,0
8,80945,8\icon80945.png,2385,64,64,0
8,80946,8\icon80946.png,2609,64,64,0
8,80947,8\icon80947.png,2686,64,64,0
8,80948,8\icon80948.png,2457,64,64,0
8,80949,8\icon80949.png,2616,64,64,0
8,80950,8\icon80950.png,2474,64,64,0
8,80951,8\icon80951.png,2656,64,64,0
8,80952,8\icon80952.png,2368,64,64,0
8,80953,8\icon80953.png,2417,64,64,0
8,80954,8\icon80954.png,2338,64,64,0
8,80955,8\icon80955.png,2657,64,64,0
8,80956,8\icon80956.png,2797,64,64,0
8,80957,8\icon80957.png,3577,64,64,0
8,80958,8\icon80958.png,3726,64,64,0
8,80959,8\icon80959.png,3283,64,64,0
8,80960,8\icon80960.png,3502,64,64,0
8,80961,8\icon80961.png,3644,64,64,0
8,80962,8\icon80962.png,3591,64,64,0
8,80963,8\icon80963.png,3257,64,64,0
8,80964,8\icon80964.png,3353,64,64,0
8,80965,8\icon80965.png,3115,64,64,0
8,80966,8\icon80966.png,3351,64,64,0
8,80967,8\icon80967.png,3530,64,64,0
8,80968,8\icon80968.png,3465,64,64,0
8,80969,8\icon80969.png,3497,64,64,0
8,80970,8\icon80970.png,3412,64,64,0
8,80971,8\icon80971.png,3501,64,64,0
8,80972,8\icon80972.png,3074,64,64,0
8,80973,8\icon80973.png,3316,64,64,0
8,80974,8\icon80974.png,3220,64,64,0
8,80975,8\icon80975.png,3166,64,64,0
8,80976,8\icon80976.png,3358,64,64,0
8,80977,8\icon80977.png,3080,64,64,0
8,80978,8\icon80978.png,3282,64,64,0
8,80979,8\icon80979.png,3077,64,64,0
8,80980,8\icon80980.png,3211,64,64,0
8,80981,8\icon80981.png,3043,64,64,0
8,80982,8\icon80982.png,3165,64,64,0
8,80983,8\icon80983.png,3267,64,64,0
8,80984,8\icon80984.png,3137,64,64,0
8,80985,8\icon80985.png,3085,64,64,0
8,80986,8\icon80986.png,3513,64,64,0
8,80987,8\icon80987.png,3386,64,64,0
8,80988,8\icon80988.png,3235,64,64,0
8,80989,8\icon80989.png,3185,64,64,0
8,80990,8\icon80990.png,3195,64,64,0
8,80991,8\icon80991.png,3509,64,64,0
8,80992,8\icon80992.png,3300,64,64,0
8,80993,8\icon80993.png,2758,64,64,0
8,80994,8\icon80994.png,4282,64,64,0
8,80995,8\icon80995.png,4485,64,64,0
8,80996,8\icon80996.png,4747,64,64,0
8,80997,8\icon80997.png,4658,64,64,0
8,80998,8\icon80998.png,4650,64,64,0
8,80999,8\icon80999.png,4700,64,64,0
8,81000,8\icon81000.png,4985,64,64,0
8,81001,8\icon81001.png,4718,64,64,0
8,81002,8\icon81002.png,4680,64,64,0
8,81003,8\icon81003.png,4222,64,64,0
8,81004,8\icon81004.png,4511,64,64,0
8,81005,8\icon81005.png,4535,64,64,0
8,81006,8\icon81006.png,4481,64,64,0
8,81007,8\icon81007.png,4411,64,64,0
8,81008,8\icon81008.png,4982,64,64,0
8,81009,8\icon81009.png,4983,64,64,0
8,81010,8\icon81010.png,4663,64,64,0
8,81011,8\icon81011.png,4936,64,64,0
8,81012,8\icon81012.png,4997,64,64,0
8,81013,8\icon81013.png,4841,64,64,0
8,81014,8\icon81014.png,4579,64,64,0
8,81015,8\icon81015.png,5056,64,64,0
8,81016,8\icon81016.png,4882,64,64,0
8,81017,8\icon81017.png,4822,64,64,0
8,81018,8\icon81018.png,4783,64,64,0
8,81019,8\icon81019.png,4782,64,64,0
8,81020,8\icon81020.png,4817,64,64,0
8,81021,8\icon81021.png,14196,128,128,1
8,81022,8\icon81022.png,14196,128,128,1
8,81023,8\icon81023.png,14196,128,128,1
8,81024,8\icon81024.png,14196,128,128,1
8,81025,8\icon81025.png,14196,128,128,1
8,81026,8\icon81026.png,14196,128,128,1
8,81027,8\icon81027.png,14196,128,128,1
8,81028,8\icon81028.png,14196,128,128,1
8,81029,8\icon81029.png,14196,128,128,1
8,81030,8\icon81030.png,14196,128,128,1
8,81031,8\icon81031.png,14196,128,128,1
8,81032,8\icon81032.png,14196,128,128,1
8,81033,8\icon81033.png,14196,128,128,1
8,81034,8\icon81034.png,14196,128,128,1
8,81035,8\icon81035.png,14196,128,128,1
8,81036,8\icon81036.png,5077,64,64,0
8,81037,8\icon81037.png,5187,64,64,0
8,81038,8\icon81038.png,5112,64,64,0
8,81039,8\icon81039.png,5093,64,64,0
8,81040,8\icon81040.png,5204,64,64,0
8,81041,8\icon81041.png,5029,64,64,0
8,81042,8\icon81042.png,4231,64,64,0
8,81043,8\icon81043.png,4244,64,64,0
8,81044,8\icon81044.png,4128,64,64,0
8,81045,8\icon81045.png,4142,64,64,0
8,81046,8\icon81046.png,4670,64,64,0
8,81047,8\icon81047.png,4759,64,64,0
8,81048,8\icon81048.png,4769,64,64,0
8,81049,8\icon81049.png,4849,64,64,0
8,81050,8\icon81050.png,4667,64,64,0
8,81051,8\icon81051.png,4798,64,64,0
8,81052,8\icon81052.png,4728,64,64,0
8,81053,8\icon81053.png,4870,64,64,0
8,81054,8\icon81054.png,4878,64,64,0
8,81055,8\icon81055.png,4596,64,64,0
8,81056,8\icon81056.png,4831,64,64,0
8,81057,8\icon81057.png,4627,64,64,0
8,81058,8\icon81058.png,4633,64,64,0
8,81059,8\icon81059.png,4690,64,64,0
8,81060,8\icon81060.png,4442,64,64,0
8,81061,8\icon81061.png,4562,64,64,0
8,81062,8\icon81062.png,4713,64,64,0
8,81063,8\icon81063.png,4388,64,64,0
8,81064,8\icon81064.png,4452,64,64,0
8,81065,8\icon81065.png,4466,64,64,0
8,81066,8\icon81066.png,4685,64,64,0
8,81067,8\icon81067.png,4854,64,64,0
8,81068,8\icon81068.png,4786,64,64,0
8,81069,8\icon81069.png,4686,64,64,0
8,81070,8\icon81070.png,4786,64,64,0
8,81071,8\icon81071.png,4692,64,64,0
8,81072,8\icon81072.png,4606,64,64,0
8,81073,8\icon81073.png,4692,64,64,0
8,81074,8\icon81074.png,4649,64,64,0
8,81075,8\icon81075.png,4463,64,64,0
8,81076,8\icon81076.png,4151,64,64,0
8,81077,8\icon81077.png,4566,64,64,0
8,81078,8\icon81078.png,4720,64,64,0
8,81079,8\icon81079.png,4756,64,64,0
8,81080,8\icon81080.png,4882,64,64,0
8,81081,8\icon81081.png,4706,64,64,0
8,81082,8\icon81082.png,4956,64,64,0
8,81083,8\icon81083.png,4803,64,64,0
8,81084,8\icon81084.png,4698,64,64,0
8,81085,8\icon81085.png,5120,64,64,0
8,81086,8\icon81086.png,5419,64,64,0
8,81087,8\icon81087.png,5205,64,64,0
8,81088,8\icon81088.png,5280,64,64,0
8,81089,8\icon81089.png,5105,64,64,0
8,81090,8\icon81090.png,5269,64,64,0
8,81091,8\icon81091.png,5490,64,64,0
8,81092,8\icon81092.png,5254,64,64,0
8,81093,8\icon81093.png,5183,64,64,0
8,81094,8\icon81094.png,5242,64,64,0
8,81095,8\icon81095.png,5233,64,64,0
8,81096,8\icon81096.png,5278,64,64,0
8,81097,8\icon81097.png,5449,64,64,0
8,81098,8\icon81098.png,5603,64,64,0
8,81099,8\icon81099.png,5537,64,64,0
8,81100,8\icon81100.png,4660,64,64,0
8,81101,8\icon81101.png,4243,64,64,0
8,81102,8\icon81102.png,4413,64,64,0
8,81103,8\icon81103.png,4463,64,64,0
8,81104,8\icon81104.png,4081,64,64,0
8,81105,8\icon81105.png,4433,64,64,0
8,81106,8\icon81106.png,4113,64,64,0
8,81107,8\icon81107.png,4443,64,64,0
8,81108,8\icon81108.png,4328,64,64,0
8,81109,8\icon81109.png,4196,64,64,0
8,81110,8\icon81110.png,4378,64,64,0
8,81111,8\icon81111.png,4296,64,64,0
8,81112,8\icon81112.png,3921,64,64,0
8,81113,8\icon81113.png,3596,64,64,0
8,81114,8\icon81114.png,3625,64,64,0
8,81115,8\icon81115.png,3731,64,64,0
8,81116,8\icon81116.png,3301,64,64,0
8,81117,8\icon81117.png,3100,64,64,0
8,81118,8\icon81118.png,3312,64,64,0
8,81119,8\icon81119.png,3148,64,64,0
8,81120,8\icon81120.png,3258,64,64,0
8,81121,8\icon81121.png,4703,64,64,0
8,81122,8\icon81122.png,4683,64,64,0
8,81123,8\icon81123.png,4570,64,64,0
8,81124,8\icon81124.png,4276,64,64,0
8,81125,8\icon81125.png,4494,64,64,0
8,81126,8\icon81126.png,4320,64,64,0
8,81127,8\icon81127.png,4876,64,64,0
8,81128,8\icon81128.png,4501,64,64,0
8,81129,8\icon81129.png,4534,64,64,0
8,81130,8\icon81130.png,5104,64,64,0
8,81131,8\icon81131.png,4879,64,64,0
8,81132,8\icon81132.png,4935,64,64,0
8,81133,8\icon81133.png,4985,64,64,0
8,81134,8\icon81134.png,4825,64,64,0
8,81135,8\icon81135.png,4783,64,64,0
8,81136,8\icon81136.png,5043,64,64,0
8,81137,8\icon81137.png,5178,64,64,0
8,81138,8\icon81138.png,4908,64,64,0
8,81139,8\icon81139.png,5101,64,64,0
8,81140,8\icon81140.png,4937,64,64,0
8,81141,8\icon81141.png,5189,64,64,0
8,81142,8\icon81142.png,4892,64,64,0
8,81143,8\icon81143.png,4744,64,64,0
8,81144,8\icon81144.png,5047,64,64,0
8,81145,8\icon81145.png,4771,64,64,0
8,81146,8\icon81146.png,4921,64,64,0
8,81147,8\icon81147.png,5050,64,64,0
8,81148,8\icon81148.png,4814,64,64,0
8,81149,8\icon81149.png,5127,64,64,0
8,81150,8\icon81150.png,5082,64,64,0
8,81151,8\icon81151.png,4939,64,64,0
8,81152,8\icon81152.png,4754,64,64,0
8,81153,8\icon81153.png,4578,64,64,0
8,81154,8\icon81154.png,4724,64,64,0
8,81155,8\icon81155.png,4602,64,64,0
8,81156,8\icon81156.png,4468,64,64,0
8,81157,8\icon81157.png,4653,64,64,0
8,81158,8\icon81158.png,4427,64,64,0
8,81159,8\icon81159.png,3748,64,64,0
8,81160,8\icon81160.png,3625,64,64,0
8,81161,8\icon81161.png,3566,64,64,0
8,81162,8\icon81162.png,3782,64,64,0
8,81163,8\icon81163.png,3621,64,64,0
8,81164,8\icon81164.png,3626,64,64,0
8,81165,8\icon81165.png,3458,64,64,0
8,81166,8\icon81166.png,3683,64,64,0
8,81167,8\icon81167.png,3591,64,64,0
8,81168,8\icon81168.png,3543,64,64,0
8,81169,8\icon81169.png,3484,64,64,0
8,81170,8\icon81170.png,3463,64,64,0
8,81171,8\icon81171.png,3478,64,64,0
8,81172,8\icon81172.png,3492,64,64,0
8,81173,8\icon81173.png,3461,64,64,0
8,81174,8\icon81174.png,4754,64,64,0
8,81175,8\icon81175.png,4593,64,64,0
8,81176,8\icon81176.png,4775,64,64,0
8,81177,8\icon81177.png,4686,64,64,0
8,81178,8\icon81178.png,4714,64,64,0
8,81179,8\icon81179.png,4792,64,64,0
8,81180,8\icon81180.png,4761,64,64,0
8,81181,8\icon81181.png,4690,64,64,0
8,81182,8\icon81182.png,4742,64,64,0
8,81183,8\icon81183.png,4591,64,64,0
8,81184,8\icon81184.png,4685,64,64,0
8,81185,8\icon81185.png,4711,64,64,0
8,81186,8\icon81186.png,4589,64,64,0
8,81187,8\icon81187.png,4687,64,64,0
8,81188,8\icon81188.png,4494,64,64,0
8,81189,8\icon81189.png,4297,64,64,0
8,81190,8\icon81190.png,4347,64,64,0
8,81191,8\icon81191.png,4340,64,64,0
8,81192,8\icon81192.png,4375,64,64,0
8,81193,8\icon81193.png,4337,64,64,0
8,81194,8\icon81194.png,4506,64,64,0
8,81195,8\icon81195.png,4450,64,64,0
8,81196,8\icon81196.png,4522,64,64,0
8,81197,8\icon81197.png,4528,64,64,0
8,81198,8\icon81198.png,4514,64,64,0
8,81199,8\icon81199.png,3323,64,64,0
8,81200,8\icon81200.png,3230,64,64,0
8,81201,8\icon81201.png,3134,64,64,0
8,81202,8\icon81202.png,3056,64,64,0
8,81203,8\icon81203.png,3080,64,64,0
8,81204,8\icon81204.png,3221,64,64,0
8,81205,8\icon81205.png,3058,64,64,0
8,81206,8\icon81206.png,3269,64,64,0
8,81207,8\icon81207.png,3180,64,64,0
8,81208,8\icon81208.png,3307,64,64,0
8,81209,8\icon81209.png,3190,64,64,0
8,81210,8\icon81210.png,3347,64,64,0
8,81211,8\icon81211.png,3258,64,64,0
8,81212,8\icon81212.png,3278,64,64,0
8,81213,8\icon81213.png,3288,64,64,0
8,81214,8\icon81214.png,3286,64,64,0
8,81215,8\icon81215.png,3298,64,64,0
8,81216,8\icon81216.png,3446,64,64,0
8,81217,8\icon81217.png,3279,64,64,0
8,81218,8\icon81218.png,3353,64,64,0
8,81219,8\icon81219.png,3293,64,64,0
8,81220,8\icon81220.png,3253,64,64,0
8,81221,8\icon81221.png,3237,64,64,0
8,81222,8\icon81222.png,3233,64,64,0
8,81223,8\icon81223.png,3260,64,64,0
8,81224,8\icon81224.png,3279,64,64,0
8,81225,8\icon81225.png,3213,64,64,0
8,81226,8\icon81226.png,2774,64,64,0
8,81227,8\icon81227.png,3743,64,64,0
8,81228,8\icon81228.png,3537,64,64,0
8,81229,8\icon81229.png,3654,64,64,0
8,81230,8\icon81230.png,3782,64,64,0
8,81231,8\icon81231.png,3512,64,64,0
8,81232,8\icon81232.png,3632,64,64,0
8,81233,8\icon81233.png,3513,64,64,0
8,81234,8\icon81234.png,3785,64,64,0
8,81235,8\icon81235.png,3642,64,64,0
8,81236,8\icon81236.png,3556,64,64,0
8,81237,8\icon81237.png,3642,64,64,0
8,81238,8\icon81238.png,3628,64,64,0
8,81239,8\icon81239.png,3801,64,64,0
8,81240,8\icon81240.png,3677,64,64,0
8,81241,8\icon81241.png,3659,64,64,0
8,81242,8\icon81242.png,4622,64,64,0
8,81243,8\icon81243.png,4579,64,64,0
8,81244,8\icon81244.png,4801,64,64,0
8,81245,8\icon81245.png,4653,64,64,0
8,81246,8\icon81246.png,4605,64,64,0
8,81247,8\icon81247.png,4450,64,64,0
8,81248,8\icon81248.png,4802,64,64,0
8,81249,8\icon81249.png,4521,64,64,0
8,81250,8\icon81250.png,4565,64,64,0
8,81251,8\icon81251.png,4937,64,64,0
8,81252,8\icon81252.png,4690,64,64,0
8,81253,8\icon81253.png,4578,64,64,0
8,81254,8\icon81254.png,4815,64,64,0
8,81255,8\icon81255.png,3287,64,64,0
8,81256,8\icon81256.png,3294,64,64,0
8,81257,8\icon81257.png,3876,64,64,0
8,81258,8\icon81258.png,3749,64,64,0
8,81259,8\icon81259.png,3757,64,64,0
8,81260,8\icon81260.png,2863,64,64,0
8,81261,8\icon81261.png,2493,64,64,0
8,81262,8\icon81262.png,4929,64,64,0
8,81263,8\icon81263.png,4954,64,64,0
8,81264,8\icon81264.png,5039,64,64,0
8,81265,8\icon81265.png,2711,64,64,0
8,81266,8\icon81266.png,2706,64,64,0
8,81267,8\icon81267.png,2640,64,64,0
8,81268,8\icon81268.png,2563,64,64,0
8,81269,8\icon81269.png,3948,64,64,0
8,81270,8\icon81270.png,4088,64,64,0
8,81271,8\icon81271.png,4536,64,64,0
8,81272,8\icon81272.png,3368,64,64,0
8,81273,8\icon81273.png,3437,64,64,0
8,81274,8\icon81274.png,3569,64,64,0
8,81275,8\icon81275.png,3552,64,64,0
8,81276,8\icon81276.png,3576,64,64,0
8,81277,8\icon81277.png,14196,128,128,1
8,81278,8\icon81278.png,3615,64,64,0
8,81279,8\icon81279.png,3591,64,64,0
8,81280,8\icon81280.png,3515,64,64,0
8,81281,8\icon81281.png,3549,64,64,0
8,81282,8\icon81282.png,3566,64,64,0
8,81283,8\icon81283.png,3593,64,64,0
8,81284,8\icon81284.png,3445,64,64,0
8,81285,8\icon81285.png,3827,64,64,0
8,81286,8\icon81286.png,14196,128,128,1
8,81287,8\icon81287.png,3660,64,64,0
8,81288,8\icon81288.png,3959,64,64,0
8,81289,8\icon81289.png,3935,64,64,0
8,81290,8\icon81290.png,3770,64,64,0
8,81291,8\icon81291.png,3667,64,64,0
8,81292,8\icon81292.png,3859,64,64,0
8,81293,8\icon81293.png,3659,64,64,0
8,81294,8\icon81294.png,14196,128,128,1
8,81295,8\icon81295.png,14196,128,128,1
8,81296,8\icon81296.png,14196,128,128,1
8,81297,8\icon81297.png,14196,128,128,1
8,81298,8\icon81298.png,14196,128,128,1
8,81299,8\icon81299.png,14196,128,128,1
8,81300,8\icon81300.png,14196,128,128,1
8,81301,8\icon81301.png,3953,64,64,0
8,81302,8\icon81302.png,4156,64,64,0
8,81303,8\icon81303.png,4334,64,64,0
8,81304,8\icon81304.png,3573,64,64,0
8,81305,8\icon81305.png,3632,64,64,0
8,81306,8\icon81306.png,3407,64,64,0
8,81307,8\icon81307.png,3341,64,64,0
8,81308,8\icon81308.png,3155,64,64,0
8,81309,8\icon81309.png,3707,64,64,0
8,81310,8\icon81310.png,3738,64,64,0
8,81311,8\icon81311.png,3648,64,64,0
8,81312,8\icon81312.png,4789,64,64,0
8,81313,8\icon81313.png,4988,64,64,0
8,81314,8\icon81314.png,4789,64,64,0
8,81315,8\icon81315.png,4736,64,64,0
8,81316,8\icon81316.png,4753,64,64,0
8,81317,8\icon81317.png,4404,64,64,0
8,81318,8\icon81318.png,5197,64,64,0
8,81319,8\icon81319.png,5238,64,64,0
8,81320,8\icon81320.png,5241,64,64,0
8,81321,8\icon81321.png,3852,64,64,0
8,81322,8\icon81322.png,3540,64,64,0
8,81323,8\icon81323.png,3631,64,64,0
8,81324,8\icon81324.png,2232,64,64,0
8,81325,8\icon81325.png,2275,64,64,0
8,81326,8\icon81326.png,5904,64,64,0
8,81327,8\icon81327.png,5916,64,64,0
8,81328,8\icon81328.png,4342,64,64,0
8,81329,8\icon81329.png,4130,64,64,0
8,81330,8\icon81330.png,2739,64,64,0
8,81331,8\icon81331.png,2838,64,64,0
8,81332,8\icon81332.png,2767,64,64,0
8,81333,8\icon81333.png,2141,64,64,0
8,81334,8\icon81334.png,2126,64,64,0
8,81335,8\icon81335.png,2143,64,64,0
8,81336,8\icon81336.png,5980,64,64,0
8,81337,8\icon81337.png,5800,64,64,0
8,81338,8\icon81338.png,5912,64,64,0
8,81339,8\icon81339.png,5666,64,64,0
8,81340,8\icon81340.png,5306,64,64,0
8,81341,8\icon81341.png,5271,64,64,0
8,81342,8\icon81342.png,6328,64,64,0
8,81343,8\icon81343.png,6188,64,64,0
8,81344,8\icon81344.png,6500,64,64,0
8,81345,8\icon81345.png,3892,64,64,0
8,81346,8\icon81346.png,3629,64,64,0
8,81347,8\icon81347.png,3479,64,64,0
8,81348,8\icon81348.png,6041,64,64,0
8,81349,8\icon81349.png,5980,64,64,0
8,81350,8\icon81350.png,4186,64,64,0
8,81351,8\icon81351.png,4245,64,64,0
8,81352,8\icon81352.png,2027,64,64,0
8,81353,8\icon81353.png,4900,64,64,0
8,81354,8\icon81354.png,3359,64,64,0
8,81355,8\icon81355.png,4301,64,64,0
8,81356,8\icon81356.png,2835,64,64,0
8,81357,8\icon81357.png,4331,64,64,0
8,81358,8\icon81358.png,2655,64,64,0
8,81359,8\icon81359.png,3741,64,64,0
8,81360,8\icon81360.png,2490,64,64,0
8,81361,8\icon81361.png,3913,64,64,0
8,81362,8\icon81362.png,1906,64,64,0
8,81363,8\icon81363.png,5930,64,64,0
8,81364,8\icon81364.png,5852,64,64,0
8,81365,8\icon81365.png,5650,64,64,0
8,81366,8\icon81366.png,14196,128,128,1
8,81367,8\icon81367.png,4366,64,64,0
8,81368,8\icon81368.png,5058,64,64,0
8,81369,8\icon81369.png,14196,128,128,1
8,81370,8\icon81370.png,3043,64,64,0
8,81371,8\icon81371.png,3059,64,64,0
8,81372,8\icon81372.png,3007,64,64,0
8,81373,8\icon81373.png,2903,64,64,0
8,81374,8\icon81374.png,3246,64,64,0
8,81375,8\icon81375.png,3140,64,64,0
8,81376,8\icon81376.png,3222,64,64,0
8,81377,8\icon81377.png,3131,64,64,0
8,81378,8\icon81378.png,3273,64,64,0
8,81379,8\icon81379.png,3246,64,64,0
8,81380,8\icon81380.png,3131,64,64,0
8,81381,8\icon81381.png,3253,64,64,0
8,81382,8\icon81382.png,3069,64,64,0
8,81383,8\icon81383.png,3075,64,64,0
8,81384,8\icon81384.png,3201,64,64,0
8,81385,8\icon81385.png,3102,64,64,0
8,81386,8\icon81386.png,3120,64,64,0
8,81387,8\icon81387.png,3262,64,64,0
8,81388,8\icon81388.png,3039,64,64,0
8,81389,8\icon81389.png,3334,64,64,0
8,81390,8\icon81390.png,5757,64,64,0
8,81391,8\icon81391.png,4490,64,64,0
8,81392,8\icon81392.png,4678,64,64,0
8,81393,8\icon81393.png,4750,64,64,0
8,81394,8\icon81394.png,4797,64,64,0
8,81395,8\icon81395.png,4741,64,64,0
8,81396,8\icon81396.png,14196,128,128,1
8,81397,8\icon81397.png,14196,128,128,1
8,81398,8\icon81398.png,3307,64,64,0
8,81399,8\icon81399.png,14196,128,128,1
8,81400,8\icon81400.png,3240,64,64,0
8,81401,8\icon81401.png,5055,64,64,0
8,81402,8\icon81402.png,14196,128,128,1
8,81403,8\icon81403.png,5743,64,64,0
8,81404,8\icon81404.png,5863,64,64,0
8,81405,8\icon81405.png,6023,64,64,0
8,81406,8\icon81406.png,5130,64,64,0
8,81407,8\icon81407.png,5666,64,64,0
8,81408,8\icon81408.png,5731,64,64,0
8,81409,8\icon81409.png,3369,64,64,0
8,81410,8\icon81410.png,3533,64,64,0
8,81411,8\icon81411.png,3786,64,64,0
8,81412,8\icon81412.png,3552,64,64,0
8,81413,8\icon81413.png,3941,64,64,0
8,81414,8\icon81414.png,5445,64,64,0
8,81415,8\icon81415.png,5185,64,64,0
8,81416,8\icon81416.png,5383,64,64,0
8,81417,8\icon81417.png,5671,64,64,0
8,81418,8\icon81418.png,3236,64,64,0
8,81419,8\icon81419.png,5461,64,64,0
8,81420,8\icon81420.png,5381,64,64,0
8,81421,8\icon81421.png,6193,64,64,0
8,81422,8\icon81422.png,3498,64,64,0
8,81423,8\icon81423.png,5182,64,64,0
8,81424,8\icon81424.png,5300,64,64,0
8,81425,8\icon81425.png,5058,64,64,0
8,81426,8\icon81426.png,3123,64,64,0
8,81427,8\icon81427.png,3178,64,64,0
8,81428,8\icon81428.png,3161,64,64,0
8,81429,8\icon81429.png,4901,64,64,0
8,81430,8\icon81430.png,4875,64,64,0
8,81431,8\icon81431.png,4698,64,64,0
8,81432,8\icon81432.png,5420,64,64,0
8,81433,8\icon81433.png,5289,64,64,0
8,81434,8\icon81434.png,3476,64,64,0
8,81435,8\icon81435.png,3251,64,64,0
8,81436,8\icon81436.png,3267,64,64,0
8,81437,8\icon81437.png,4734,64,64,0
8,81438,8\icon81438.png,4568,64,64,0
8,81439,8\icon81439.png,4572,64,64,0
8,81440,8\icon81440.png,6192,64,64,0
8,81441,8\icon81441.png,6359,64,64,0
8,81442,8\icon81442.png,3031,64,64,0
8,81443,8\icon81443.png,3058,64,64,0
8,81444,8\icon81444.png,3204,64,64,0
8,81445,8\icon81445.png,4277,64,64,0
8,81446,8\icon81446.png,4974,64,64,0
8,81447,8\icon81447.png,5358,64,64,0
8,81448,8\icon81448.png,2959,64,64,0
8,81449,8\icon81449.png,2950,64,64,0
8,81450,8\icon81450.png,2994,64,64,0
8,81451,8\icon81451.png,5511,64,64,0
8,81452,8\icon81452.png,5577,64,64,0
8,81453,8\icon81453.png,5735,64,64,0
8,81454,8\icon81454.png,5519,64,64,0
8,81455,8\icon81455.png,5576,64,64,0
8,81456,8\icon81456.png,3041,64,64,0
8,81457,8\icon81457.png,3155,64,64,0
8,81458,8\icon81458.png,5053,64,64,0
8,81459,8\icon81459.png,4812,64,64,0
8,81460,8\icon81460.png,5140,64,64,0
8,81461,8\icon81461.png,4792,64,64,0
8,81462,8\icon81462.png,5199,64,64,0
8,81463,8\icon81463.png,5001,64,64,0
8,81464,8\icon81464.png,4627,64,64,0
8,81465,8\icon81465.png,4831,64,64,0
8,81466,8\icon81466.png,4997,64,64,0
8,81467,8\icon81467.png,4863,64,64,0
8,81468,8\icon81468.png,4432,64,64,0
8,81469,8\icon81469.png,4046,64,64,0
8,81470,8\icon81470.png,4220,64,64,0
8,81471,8\icon81471.png,2672,64,64,0
8,81472,8\icon81472.png,2360,64,64,0
8,81473,8\icon81473.png,2561,64,64,0
8,81474,8\icon81474.png,2410,64,64,0
8,81475,8\icon81475.png,2312,64,64,0
8,81476,8\icon81476.png,2258,64,64,0
8,81477,8\icon81477.png,2512,64,64,0
8,81478,8\icon81478.png,2563,64,64,0
8,81479,8\icon81479.png,2613,64,64,0
8,81480,8\icon81480.png,3720,64,64,0
8,81481,8\icon81481.png,3787,64,64,0
8,81482,8\icon81482.png,3746,64,64,0
8,81483,8\icon81483.png,3370,64,64,0
8,81484,8\icon81484.png,3427,64,64,0
8,81485,8\icon81485.png,3331,64,64,0
8,81486,8\icon81486.png,2606,64,64,0
8,81487,8\icon81487.png,2568,64,64,0
8,81488,8\icon81488.png,2735,64,64,0
8,81489,8\icon81489.png,2486,64,64,0
8,81490,8\icon81490.png,2070,64,64,0
8,81491,8\icon81491.png,5775,64,64,0
8,81492,8\icon81492.png,5750,64,64,0
8,81493,8\icon81493.png,3546,64,64,0
8,81494,8\icon81494.png,3072,64,64,0
8,81495,8\icon81495.png,3644,64,64,0
8,81496,8\icon81496.png,4189,64,64,0
8,81497,8\icon81497.png,4278,64,64,0
8,81498,8\icon81498.png,4068,64,64,0
8,81499,8\icon81499.png,3365,64,64,0
8,81500,8\icon81500.png,3392,64,64,0
8,81501,8\icon81501.png,3300,64,64,0
8,81502,8\icon81502.png,3373,64,64,0
8,81503,8\icon81503.png,3391,64,64,0
8,81504,8\icon81504.png,3365,64,64,0
8,81505,8\icon81505.png,3952,64,64,0
8,81506,8\icon81506.png,4107,64,64,0
8,81507,8\icon81507.png,2374,64,64,0
8,81508,8\icon81508.png,3268,64,64,0
8,81509,8\icon81509.png,4377,64,64,0
8,81510,8\icon81510.png,4655,64,64,0
8,81511,8\icon81511.png,4725,64,64,0
8,81512,8\icon81512.png,4830,64,64,0
8,81513,8\icon81513.png,4755,64,64,0
8,81514,8\icon81514.png,4419,64,64,0
8,81515,8\icon81515.png,4605,64,64,0
8,81516,8\icon81516.png,4689,64,64,0
8,81517,8\icon81517.png,3306,64,64,0
8,81518,8\icon81518.png,3457,64,64,0
8,81519,8\icon81519.png,4221,64,64,0
8,81520,8\icon81520.png,4428,64,64,0
8,81521,8\icon81521.png,4218,64,64,0
8,81522,8\icon81522.png,4510,64,64,0
8,81523,8\icon81523.png,4349,64,64,0
8,81524,8\icon81524.png,3091,64,64,0
8,81525,8\icon81525.png,3275,64,64,0
8,81526,8\icon81526.png,3259,64,64,0
8,81527,8\icon81527.png,3350,64,64,0
8,81528,8\icon81528.png,3300,64,64,0
8,81529,8\icon81529.png,3355,64,64,0
8,81530,8\icon81530.png,3254,64,64,0
8,81531,8\icon81531.png,3358,64,64,0
8,81532,8\icon81532.png,5443,64,64,0
8,81533,8\icon81533.png,5395,64,64,0
8,81534,8\icon81534.png,5980,64,64,0
8,81535,8\icon81535.png,5574,64,64,0
8,81536,8\icon81536.png,3333,64,64,0
8,81537,8\icon81537.png,5026,64,64,0
8,81538,8\icon81538.png,4835,64,64,0
8,81539,8\icon81539.png,4767,64,64,0
8,81540,8\icon81540.png,4525,64,64,0
8,81541,8\icon81541.png,4597,64,64,0
8,81542,8\icon81542.png,4418,64,64,0
8,81543,8\icon81543.png,3744,64,64,0
8,81544,8\icon81544.png,3757,64,64,0
8,81545,8\icon81545.png,4077,64,64,0
8,81546,8\icon81546.png,3843,64,64,0
8,81547,8\icon81547.png,5045,64,64,0
8,81548,8\icon81548.png,4452,64,64,0
8,81549,8\icon81549.png,4765,64,64,0
8,81550,8\icon81550.png,4611,64,64,0
8,81551,8\icon81551.png,4912,64,64,0
8,81552,8\icon81552.png,4628,64,64,0
8,81553,8\icon81553.png,4784,64,64,0
8,81554,8\icon81554.png,4627,64,64,0
8,81555,8\icon81555.png,1187,64,64,0
8,81556,8\icon81556.png,1173,64,64,0
8,81557,8\icon81557.png,1178,64,64,0
8,81558,8\icon81558.png,1174,64,64,0
8,81559,8\icon81559.png,1160,64,64,0
8,81560,8\icon81560.png,1176,64,64,0
8,81561,8\icon81561.png,1199,64,64,0
8,81562,8\icon81562.png,1210,64,64,0
8,81563,8\icon81563.png,5031,64,64,0
8,81564,8\icon81564.png,5160,64,64,0
8,81565,8\icon81565.png,5156,64,64,0
8,81566,8\icon81566.png,5181,64,64,0
8,81567,8\icon81567.png,5159,64,64,0
8,81568,8\icon81568.png,5332,64,64,0
8,81569,8\icon81569.png,5393,64,64,0
8,81570,8\icon81570.png,3915,64,64,0
8,81571,8\icon81571.png,4037,64,64,0
8,81572,8\icon81572.png,5028,64,64,0
8,81573,8\icon81573.png,4866,64,64,0
8,81574,8\icon81574.png,3901,64,64,0
8,81575,8\icon81575.png,3894,64,64,0
8,81576,8\icon81576.png,3917,64,64,0
8,81577,8\icon81577.png,3987,64,64,0
8,81578,8\icon81578.png,5099,64,64,0
8,81579,8\icon81579.png,5453,64,64,0
8,81580,8\icon81580.png,4894,64,64,0
8,81581,8\icon81581.png,5098,64,64,0
8,81582,8\icon81582.png,5166,64,64,0
8,81583,8\icon81583.png,5587,64,64,0
8,81584,8\icon81584.png,4498,64,64,0
8,81585,8\icon81585.png,3149,64,64,0
8,81586,8\icon81586.png,3976,64,64,0
8,81587,8\icon81587.png,4593,64,64,0
8,81588,8\icon81588.png,6277,64,64,0
8,81589,8\icon81589.png,4622,64,64,0
8,81590,8\icon81590.png,4476,64,64,0
8,81591,8\icon81591.png,5181,64,64,0
8,81592,8\icon81592.png,5495,64,64,0
8,81593,8\icon81593.png,5638,64,64,0
8,81594,8\icon81594.png,5647,64,64,0
8,81595,8\icon81595.png,4384,64,64,0
8,81596,8\icon81596.png,4238,64,64,0
8,81597,8\icon81597.png,5194,64,64,0
8,81598,8\icon81598.png,4725,64,64,0
8,81599,8\icon81599.png,4363,64,64,0
8,81600,8\icon81600.png,4360,64,64,0
8,81601,8\icon81601.png,4304,64,64,0
8,81602,8\icon81602.png,4605,64,64,0
8,81603,8\icon81603.png,4627,64,64,0
8,81604,8\icon81604.png,4847,64,64,0
8,81605,8\icon81605.png,3570,64,64,0
8,81606,8\icon81606.png,3324,64,64,0
8,81607,8\icon81607.png,3369,64,64,0
8,81608,8\icon81608.png,3551,64,64,0
8,81609,8\icon81609.png,3285,64,64,0
8,81610,8\icon81610.png,3207,64,64,0
8,81611,8\icon81611.png,3326,64,64,0
8,81612,8\icon81612.png,3239,64,64,0
8,81613,8\icon81613.png,3333,64,64,0
8,81614,8\icon81614.png,3263,64,64,0
8,81615,8\icon81615.png,3257,64,64,0
8,81616,8\icon81616.png,3312,64,64,0
8,81617,8\icon81617.png,3207,64,64,0
8,81618,8\icon81618.png,3159,64,64,0
8,81619,8\icon81619.png,3237,64,64,0
8,81620,8\icon81620.png,6319,64,64,0
8,81621,8\icon81621.png,6277,64,64,0
8,81622,8\icon81622.png,6203,64,64,0
8,81623,8\icon81623.png,6329,64,64,0
8,81624,8\icon81624.png,6282,64,64,0
8,81625,8\icon81625.png,5904,64,64,0
8,81626,8\icon81626.png,5752,64,64,0
8,81627,8\icon81627.png,6034,64,64,0
8,81628,8\icon81628.png,6233,64,64,0
8,81629,8\icon81629.png,6479,64,64,0
8,81630,8\icon81630.png,6239,64,64,0
8,81631,8\icon81631.png,6217,64,64,0
8,81632,8\icon81632.png,3415,64,64,0
8,81633,8\icon81633.png,3582,64,64,0
8,81634,8\icon81634.png,3459,64,64,0
8,81635,8\icon81635.png,3559,64,64,0
8,81636,8\icon81636.png,2289,64,64,0
8,81637,8\icon81637.png,2470,64,64,0
8,81638,8\icon81638.png,2305,64,64,0
8,81639,8\icon81639.png,2567,64,64,0
8,81640,8\icon81640.png,4073,64,64,0
8,81641,8\icon81641.png,3792,64,64,0
8,81642,8\icon81642.png,4216,64,64,0
8,81643,8\icon81643.png,4551,64,64,0
8,81644,8\icon81644.png,3154,64,64,0
8,81645,8\icon81645.png,4885,64,64,0
8,81646,8\icon81646.png,4828,64,64,0
8,81647,8\icon81647.png,4851,64,64,0
8,81648,8\icon81648.png,4308,64,64,0
8,81649,8\icon81649.png,4208,64,64,0
8,81650,8\icon81650.png,4322,64,64,0
8,81651,8\icon81651.png,4318,64,64,0
8,81652,8\icon81652.png,4139,64,64,0
8,81653,8\icon81653.png,4253,64,64,0
8,81654,8\icon81654.png,3878,64,64,0
8,81655,8\icon81655.png,3839,64,64,0
8,81656,8\icon81656.png,1351,64,64,0
8,81657,8\icon81657.png,1297,64,64,0
8,81658,8\icon81658.png,1346,64,64,0
8,81659,8\icon81659.png,3713,64,64,0
8,81660,8\icon81660.png,3610,64,64,0
8,81661,8\icon81661.png,3698,64,64,0
8,81662,8\icon81662.png,3720,64,64,0
8,81663,8\icon81663.png,3725,64,64,0
8,81664,8\icon81664.png,3691,64,64,0
8,81665,8\icon81665.png,3695,64,64,0
8,81666,8\icon81666.png,3682,64,64,0
8,81667,8\icon81667.png,3643,64,64,0
8,81668,8\icon81668.png,3493,64,64,0
8,81669,8\icon81669.png,3436,64,64,0
8,81670,8\icon81670.png,3474,64,64,0
8,81671,8\icon81671.png,3419,64,64,0
8,81672,8\icon81672.png,3464,64,64,0
8,81673,8\icon81673.png,3526,64,64,0
8,81674,8\icon81674.png,3577,64,64,0
8,81675,8\icon81675.png,2142,64,64,0
8,81676,8\icon81676.png,1742,64,64,0
8,81677,8\icon81677.png,1764,64,64,0
8,81678,8\icon81678.png,1769,64,64,0
8,81679,8\icon81679.png,1679,64,64,0
8,81680,8\icon81680.png,1692,64,64,0
8,81681,8\icon81681.png,1854,64,64,0
8,81682,8\icon81682.png,3647,64,64,0
8,81683,8\icon81683.png,3211,64,64,0
8,81684,8\icon81684.png,3410,64,64,0
8,81685,8\icon81685.png,3708,64,64,0
8,81686,8\icon81686.png,3458,64,64,0
8,81687,8\icon81687.png,4089,64,64,0
8,81688,8\icon81688.png,4419,64,64,0
8,81689,8\icon81689.png,3897,64,64,0
8,81690,8\icon81690.png,3551,64,64,0
8,81691,8\icon81691.png,3895,64,64,0
8,81692,8\icon81692.png,3493,64,64,0
8,81693,8\icon81693.png,3965,64,64,0
8,81694,8\icon81694.png,3899,64,64,0
8,81695,8\icon81695.png,3683,64,64,0
8,81696,8\icon81696.png,3714,64,64,0
8,81697,8\icon81697.png,3488,64,64,0
8,81698,8\icon81698.png,3495,64,64,0
8,81699,8\icon81699.png,3773,64,64,0
8,81700,8\icon81700.png,3455,64,64,0
8,81701,8\icon81701.png,3536,64,64,0
8,81702,8\icon81702.png,3730,64,64,0
8,81703,8\icon81703.png,3635,64,64,0
8,81704,8\icon81704.png,4276,64,64,0
8,81705,8\icon81705.png,4311,64,64,0
8,81706,8\icon81706.png,4339,64,64,0
8,81707,8\icon81707.png,4285,64,64,0
8,81708,8\icon81708.png,4193,64,64,0
8,81709,8\icon81709.png,4279,64,64,0
8,81710,8\icon81710.png,4356,64,64,0
8,81711,8\icon81711.png,4132,64,64,0
8,81712,8\icon81712.png,4245,64,64,0
8,81713,8\icon81713.png,4310,64,64,0
8,81714,8\icon81714.png,4159,64,64,0
8,81715,8\icon81715.png,4151,64,64,0
8,81716,8\icon81716.png,4355,64,64,0
8,81717,8\icon81717.png,4215,64,64,0
8,81718,8\icon81718.png,4359,64,64,0
8,81719,8\icon81719.png,3174,64,64,0
8,81720,8\icon81720.png,3008,64,64,0
8,81721,8\icon81721.png,3172,64,64,0
8,81722,8\icon81722.png,3142,64,64,0
8,81723,8\icon81723.png,3002,64,64,0
8,81724,8\icon81724.png,3330,64,64,0
8,81725,8\icon81725.png,3178,64,64,0
8,81726,8\icon81726.png,3604,64,64,0
8,81727,8\icon81727.png,4209,64,64,0
8,81728,8\icon81728.png,4503,64,64,0
8,81729,8\icon81729.png,4626,64,64,0
8,81730,8\icon81730.png,4525,64,64,0
8,81731,8\icon81731.png,2630,64,64,0
8,81732,8\icon81732.png,2490,64,64,0
8,81733,8\icon81733.png,2666,64,64,0
8,81734,8\icon81734.png,2758,64,64,0
8,81735,8\icon81735.png,2688,64,64,0
8,81736,8\icon81736.png,2560,64,64,0
8,81737,8\icon81737.png,2643,64,64,0
8,81738,8\icon81738.png,2544,64,64,0
8,81739,8\icon81739.png,2717,64,64,0
8,81740,8\icon81740.png,2745,64,64,0
8,81741,8\icon81741.png,2608,64,64,0
8,81742,8\icon81742.png,2392,64,64,0
8,81743,8\icon81743.png,2774,64,64,0
8,81744,8\icon81744.png,2435,64,64,0
8,81745,8\icon81745.png,2543,64,64,0
8,81746,8\icon81746.png,2530,64,64,0
8,81747,8\icon81747.png,2691,64,64,0
8,81748,8\icon81748.png,2517,64,64,0
8,81749,8\icon81749.png,2437,64,64,0
8,81750,8\icon81750.png,2511,64,64,0
8,81751,8\icon81751.png,3964,64,64,0
8,81752,8\icon81752.png,3832,64,64,0
8,81753,8\icon81753.png,3819,64,64,0
8,81754,8\icon81754.png,4105,64,64,0
8,81755,8\icon81755.png,3929,64,64,0
8,81756,8\icon81756.png,3914,64,64,0
8,81757,8\icon81757.png,3996,64,64,0
8,81758,8\icon81758.png,3883,64,64,0
8,81759,8\icon81759.png,4056,64,64,0
8,81760,8\icon81760.png,3853,64,64,0
8,81761,8\icon81761.png,3957,64,64,0
8,81762,8\icon81762.png,4010,64,64,0
8,81763,8\icon81763.png,3908,64,64,0
8,81764,8\icon81764.png,4037,64,64,0
8,81765,8\icon81765.png,3828,64,64,0
8,81766,8\icon81766.png,3802,64,64,0
8,81767,8\icon81767.png,4023,64,64,0
8,81768,8\icon81768.png,3868,64,64,0
8,81769,8\icon81769.png,3961,64,64,0
8,81770,8\icon81770.png,4015,64,64,0
8,81771,8\icon81771.png,3964,64,64,0
8,81772,8\icon81772.png,3819,64,64,0
8,81773,8\icon81773.png,4051,64,64,0
8,81774,8\icon81774.png,3766,64,64,0
8,81775,8\icon81775.png,4201,64,64,0
8,81776,8\icon81776.png,3698,64,64,0
8,81777,8\icon81777.png,3195,64,64,0
8,81778,8\icon81778.png,2925,64,64,0
8,81779,8\icon81779.png,3046,64,64,0
8,81780,8\icon81780.png,3056,64,64,0
8,81781,8\icon81781.png,3213,64,64,0
8,81782,8\icon81782.png,3101,64,64,0
8,81783,8\icon81783.png,3060,64,64,0
8,81784,8\icon81784.png,2960,64,64,0
8,81785,8\icon81785.png,3080,64,64,0
8,81786,8\icon81786.png,2813,64,64,0
8,81787,8\icon81787.png,3084,64,64,0
8,81788,8\icon81788.png,3112,64,64,0
8,81789,8\icon81789.png,2995,64,64,0
8,81790,8\icon81790.png,3126,64,64,0
8,81791,8\icon81791.png,2791,64,64,0
8,81792,8\icon81792.png,2697,64,64,0
8,81793,8\icon81793.png,3121,64,64,0
8,81794,8\icon81794.png,3001,64,64,0
8,81795,8\icon81795.png,3127,64,64,0
8,81796,8\icon81796.png,3126,64,64,0
8,81797,8\icon81797.png,3176,64,64,0
8,81798,8\icon81798.png,2896,64,64,0
8,81799,8\icon81799.png,3212,64,64,0
8,81800,8\icon81800.png,2877,64,64,0
8,81801,8\icon81801.png,3151,64,64,0
8,81802,8\icon81802.png,2725,64,64,0
8,81803,8\icon81803.png,3149,64,64,0
8,81804,8\icon81804.png,3026,64,64,0
8,81805,8\icon81805.png,2997,64,64,0
8,81806,8\icon81806.png,3196,64,64,0
8,81807,8\icon81807.png,3006,64,64,0
8,81808,8\icon81808.png,3170,64,64,0
8,81809,8\icon81809.png,3262,64,64,0
8,81810,8\icon81810.png,3122,64,64,0
8,81811,8\icon81811.png,3224,64,64,0
8,81812,8\icon81812.png,3002,64,64,0
8,81813,8\icon81813.png,2978,64,64,0
8,81814,8\icon81814.png,3054,64,64,0
8,81815,8\icon81815.png,3073,64,64,0
8,81816,8\icon81816.png,3058,64,64,0
8,81817,8\icon81817.png,3073,64,64,0
8,81818,8\icon81818.png,3050,64,64,0
8,81819,8\icon81819.png,3045,64,64,0
8,81820,8\icon81820.png,3472,64,64,0
8,81821,8\icon81821.png,3176,64,64,0
8,81822,8\icon81822.png,3142,64,64,0
8,81823,8\icon81823.png,3780,64,64,0
8,81824,8\icon81824.png,3598,64,64,0
8,81825,8\icon81825.png,3417,64,64,0
8,81826,8\icon81826.png,3445,64,64,0
8,81827,8\icon81827.png,3439,64,64,0
8,81828,8\icon81828.png,3462,64,64,0
8,81829,8\icon81829.png,3167,64,64,0
8,81830,8\icon81830.png,3086,64,64,0
8,81831,8\icon81831.png,3440,64,64,0
8,81832,8\icon81832.png,3282,64,64,0
8,81833,8\icon81833.png,3404,64,64,0
8,81834,8\icon81834.png,3705,64,64,0
8,81835,8\icon81835.png,3414,64,64,0
8,81836,8\icon81836.png,3692,64,64,0
8,81837,8\icon81837.png,3344,64,64,0
8,81838,8\icon81838.png,2995,64,64,0
8,81839,8\icon81839.png,3690,64,64,0
8,81840,8\icon81840.png,3801,64,64,0
8,81841,8\icon81841.png,3745,64,64,0
8,81842,8\icon81842.png,3688,64,64,0
8,81843,8\icon81843.png,3677,64,64,0
8,81844,8\icon81844.png,3931,64,64,0
8,81845,8\icon81845.png,3727,64,64,0
8,81846,8\icon81846.png,4624,64,64,0
8,81847,8\icon81847.png,4515,64,64,0
8,81848,8\icon81848.png,4356,64,64,0
8,81849,8\icon81849.png,3828,64,64,0
8,81850,8\icon81850.png,3946,64,64,0
8,81851,8\icon81851.png,4508,64,64,0
8,81852,8\icon81852.png,4131,64,64,0
8,81853,8\icon81853.png,4302,64,64,0
8,81854,8\icon81854.png,4194,64,64,0
8,81855,8\icon81855.png,4442,64,64,0
8,81856,8\icon81856.png,4450,64,64,0
8,81857,8\icon81857.png,4472,64,64,0
8,81858,8\icon81858.png,4252,64,64,0
8,81859,8\icon81859.png,3987,64,64,0
8,81860,8\icon81860.png,4236,64,64,0
8,81861,8\icon81861.png,4111,64,64,0
8,81862,8\icon81862.png,4308,64,64,0
8,81863,8\icon81863.png,3976,64,64,0
8,81864,8\icon81864.png,4325,64,64,0
8,81865,8\icon81865.png,4050,64,64,0
8,81866,8\icon81866.png,4330,64,64,0
8,81867,8\icon81867.png,4385,64,64,0
8,81868,8\icon81868.png,4149,64,64,0
8,81869,8\icon81869.png,4283,64,64,0
8,81870,8\icon81870.png,3912,64,64,0
8,81871,8\icon81871.png,3971,64,64,0
8,81872,8\icon81872.png,4938,64,64,0
8,81873,8\icon81873.png,5097,64,64,0
8,81874,8\icon81874.png,5062,64,64,0
8,81875,8\icon81875.png,4957,64,64,0
8,81876,8\icon81876.png,4917,64,64,0
8,81877,8\icon81877.png,5120,64,64,0
8,81878,8\icon81878.png,5339,64,64,0
8,81879,8\icon81879.png,5335,64,64,0
8,81880,8\icon81880.png,4331,64,64,0
8,81881,8\icon81881.png,3954,64,64,0
8,81882,8\icon81882.png,4001,64,64,0
8,81883,8\icon81883.png,3174,64,64,0
8,81884,8\icon81884.png,3054,64,64,0
8,81885,8\icon81885.png,2860,64,64,0
8,81886,8\icon81886.png,2990,64,64,0
8,81887,8\icon81887.png,3851,64,64,0
8,81888,8\icon81888.png,4256,64,64,0
8,81889,8\icon81889.png,4444,64,64,0
8,81890,8\icon81890.png,5431,64,64,0
8,81891,8\icon81891.png,4323,64,64,0
8,81892,8\icon81892.png,3231,64,64,0
8,81893,8\icon81893.png,5441,64,64,0
8,81894,8\icon81894.png,5196,64,64,0
8,81895,8\icon81895.png,5392,64,64,0
8,81896,8\icon81896.png,5056,64,64,0
8,81897,8\icon81897.png,5096,64,64,0
8,81898,8\icon81898.png,5488,64,64,0
8,81899,8\icon81899.png,5099,64,64,0
8,81900,8\icon81900.png,5146,64,64,0
8,81901,8\icon81901.png,5647,64,64,0
8,81902,8\icon81902.png,5207,64,64,0
8,81903,8\icon81903.png,4942,64,64,0
8,81904,8\icon81904.png,4897,64,64,0
8,81905,8\icon81905.png,5565,64,64,0
8,81906,8\icon81906.png,5496,64,64,0
8,81907,8\icon81907.png,14196,128,128,1
8,81908,8\icon81908.png,14196,128,128,1
8,81909,8\icon81909.png,2847,64,64,0
8,81910,8\icon81910.png,2866,64,64,0
8,81911,8\icon81911.png,2890,64,64,0
8,81912,8\icon81912.png,2776,64,64,0
8,81913,8\icon81913.png,2731,64,64,0
8,81914,8\icon81914.png,2810,64,64,0
8,81915,8\icon81915.png,2699,64,64,0
8,81916,8\icon81916.png,2743,64,64,0
8,81917,8\icon81917.png,2898,64,64,0
8,81918,8\icon81918.png,2791,64,64,0
8,81919,8\icon81919.png,14196,128,128,1
8,81920,8\icon81920.png,14196,128,128,1
8,81921,8\icon81921.png,14196,128,128,1
8,81922,8\icon81922.png,14196,128,128,1
8,81923,8\icon81923.png,14196,128,128,1
8,81924,8\icon81924.png,14196,128,128,1
8,81925,8\icon81925.png,4452,64,64,0
8,81926,8\icon81926.png,4638,64,64,0
8,81927,8\icon81927.png,4580,64,64,0
8,81928,8\icon81928.png,4361,64,64,0
8,81929,8\icon81929.png,4559,64,64,0
8,81930,8\icon81930.png,4514,64,64,0
8,81931,8\icon81931.png,4091,64,64,0
8,81932,8\icon81932.png,4373,64,64,0
8,81933,8\icon81933.png,4416,64,64,0
8,81934,8\icon81934.png,4626,64,64,0
8,81935,8\icon81935.png,14196,128,128,1
8,81936,8\icon81936.png,14196,128,128,1
8,81937,8\icon81937.png,14196,128,128,1
8,81938,8\icon81938.png,14196,128,128,1
8,81939,8\icon81939.png,14196,128,128,1
8,81940,8\icon81940.png,14196,128,128,1
8,81941,8\icon81941.png,3695,64,64,0
8,81942,8\icon81942.png,3789,64,64,0
8,81943,8\icon81943.png,3811,64,64,0
8,81944,8\icon81944.png,3770,64,64,0
8,81945,8\icon81945.png,3741,64,64,0
8,81946,8\icon81946.png,3879,64,64,0
8,81947,8\icon81947.png,3821,64,64,0
8,81948,8\icon81948.png,3948,64,64,0
8,81949,8\icon81949.png,3806,64,64,0
8,81950,8\icon81950.png,14196,128,128,1
8,81951,8\icon81951.png,14196,128,128,1
8,81952,8\icon81952.png,14196,128,128,1
8,81953,8\icon81953.png,14196,128,128,1
8,81954,8\icon81954.png,14196,128,128,1
8,81955,8\icon81955.png,14196,128,128,1
8,81956,8\icon81956.png,4002,64,64,0
8,81957,8\icon81957.png,3995,64,64,0
8,81958,8\icon81958.png,4016,64,64,0
8,81959,8\icon81959.png,3864,64,64,0
8,81960,8\icon81960.png,3951,64,64,0
8,81961,8\icon81961.png,4188,64,64,0
8,81962,8\icon81962.png,4041,64,64,0
8,81963,8\icon81963.png,4037,64,64,0
8,81964,8\icon81964.png,4171,64,64,0
8,81965,8\icon81965.png,4096,64,64,0
8,81966,8\icon81966.png,14196,128,128,1
8,81967,8\icon81967.png,14196,128,128,1
8,81968,8\icon81968.png,14196,128,128,1
8,81969,8\icon81969.png,14196,128,128,1
8,81970,8\icon81970.png,14196,128,128,1
8,81971,8\icon81971.png,14196,128,128,1
8,81972,8\icon81972.png,3268,64,64,0
8,81973,8\icon81973.png,3183,64,64,0
8,81974,8\icon81974.png,3489,64,64,0
8,81975,8\icon81975.png,2614,64,64,0
8,81976,8\icon81976.png,3647,64,64,0
8,81977,8\icon81977.png,4509,64,64,0
8,81978,8\icon81978.png,2982,64,64,0
8,81979,8\icon81979.png,3068,64,64,0
8,81980,8\icon81980.png,3659,64,64,0
8,81981,8\icon81981.png,3902,64,64,0
8,81982,8\icon81982.png,3872,64,64,0
8,81983,8\icon81983.png,3871,64,64,0
8,81984,8\icon81984.png,3545,64,64,0
8,81985,8\icon81985.png,3578,64,64,0
8,81986,8\icon81986.png,2881,64,64,0
8,81987,8\icon81987.png,2947,64,64,0
8,81988,8\icon81988.png,3015,64,64,0
8,81989,8\icon81989.png,2937,64,64,0
8,81990,8\icon81990.png,2955,64,64,0
8,81991,8\icon81991.png,14196,128,128,1
8,81992,8\icon81992.png,3283,64,64,0
8,81993,8\icon81993.png,3366,64,64,0
8,81994,8\icon81994.png,3179,64,64,0
8,81995,8\icon81995.png,14196,128,128,1
8,81996,8\icon81996.png,2774,64,64,0
8,81997,8\icon81997.png,2560,64,64,0
8,81998,8\icon81998.png,5108,64,64,0
8,81999,8\icon81999.png,5284,64,64,0
8,82000,8\icon82000.png,14196,128,128,1
8,82001,8\icon82001.png,2414,64,64,0
8,82002,8\icon82002.png,2413,64,64,0
8,82003,8\icon82003.png,2570,64,64,0
8,82004,8\icon82004.png,14196,128,128,1
8,82005,8\icon82005.png,4123,64,64,0
8,82006,8\icon82006.png,4187,64,64,0
8,82007,8\icon82007.png,4494,64,64,0
8,82008,8\icon82008.png,4289,64,64,0
8,82009,8\icon82009.png,4389,64,64,0
8,82010,8\icon82010.png,4131,64,64,0
8,82011,8\icon82011.png,4679,64,64,0
8,82012,8\icon82012.png,4621,64,64,0
8,82013,8\icon82013.png,3311,64,64,0
8,82014,8\icon82014.png,3373,64,64,0
8,82015,8\icon82015.png,2626,64,64,0
8,82016,8\icon82016.png,2488,64,64,0
8,82017,8\icon82017.png,2605,64,64,0
8,82018,8\icon82018.png,2683,64,64,0
8,82019,8\icon82019.png,3909,64,64,0
8,82020,8\icon82020.png,3756,64,64,0
8,82021,8\icon82021.png,3868,64,64,0
8,82022,8\icon82022.png,3817,64,64,0
8,82023,8\icon82023.png,3668,64,64,0
8,82024,8\icon82024.png,3624,64,64,0
8,82025,8\icon82025.png,3811,64,64,0
8,82026,8\icon82026.png,14196,128,128,1
8,82027,8\icon82027.png,14196,128,128,1
8,82028,8\icon82028.png,14196,128,128,1
8,82029,8\icon82029.png,14196,128,128,1
8,82030,8\icon82030.png,3259,64,64,0
8,82031,8\icon82031.png,14196,128,128,1
8,82032,8\icon82032.png,2516,64,64,0
8,82033,8\icon82033.png,3765,64,64,0
8,82034,8\icon82034.png,3193,64,64,0
8,82035,8\icon82035.png,4683,64,64,0
8,82036,8\icon82036.png,2586,64,64,0
8,82037,8\icon82037.png,2576,64,64,0
8,82038,8\icon82038.png,2640,64,64,0
8,82039,8\icon82039.png,3106,64,64,0
8,82040,8\icon82040.png,3115,64,64,0
8,82041,8\icon82041.png,4662,64,64,0
8,82042,8\icon82042.png,4508,64,64,0
8,82043,8\icon82043.png,2031,64,64,0
8,82044,8\icon82044.png,5425,64,64,0
8,82045,8\icon82045.png,5995,64,64,0
8,82046,8\icon82046.png,5876,64,64,0
8,82047,8\icon82047.png,4860,64,64,0
8,82048,8\icon82048.png,3149,64,64,0
8,82049,8\icon82049.png,3164,64,64,0
8,82050,8\icon82050.png,5921,64,64,0
8,82051,8\icon82051.png,14196,128,128,1
8,82052,8\icon82052.png,5321,64,64,0
8,82053,8\icon82053.png,14196,128,128,1
8,82054,8\icon82054.png,4429,64,64,0
8,82055,8\icon82055.png,3841,64,64,0
8,82056,8\icon82056.png,3513,64,64,0
8,82057,8\icon82057.png,3062,64,64,0
8,82058,8\icon82058.png,3020,64,64,0
8,82059,8\icon82059.png,3975,64,64,0
8,82060,8\icon82060.png,4004,64,64,0
8,82061,8\icon82061.png,5721,64,64,0
8,82062,8\icon82062.png,3309,64,64,0
8,82063,8\icon82063.png,5058,64,64,0
8,82064,8\icon82064.png,5755,64,64,0
8,82065,8\icon82065.png,3001,64,64,0
8,82066,8\icon82066.png,3232,64,64,0
8,82067,8\icon82067.png,4365,64,64,0
8,82068,8\icon82068.png,4607,64,64,0
8,82069,8\icon82069.png,4682,64,64,0
8,82070,8\icon82070.png,5644,64,64,0
8,82071,8\icon82071.png,5247,64,64,0
8,82072,8\icon82072.png,4507,64,64,0
8,82073,8\icon82073.png,5580,64,64,0
8,82074,8\icon82074.png,3313,64,64,0
8,82075,8\icon82075.png,3217,64,64,0
8,82076,8\icon82076.png,3909,64,64,0
8,82077,8\icon82077.png,4059,64,64,0
8,82078,8\icon82078.png,3904,64,64,0
8,82079,8\icon82079.png,3870,64,64,0
8,82080,8\icon82080.png,4053,64,64,0
8,82081,8\icon82081.png,2798,64,64,0
8,82082,8\icon82082.png,2835,64,64,0
8,82083,8\icon82083.png,2813,64,64,0
8,82084,8\icon82084.png,2921,64,64,0
8,82085,8\icon82085.png,2911,64,64,0
8,82086,8\icon82086.png,4274,64,64,0
8,82087,8\icon82087.png,4308,64,64,0
8,82088,8\icon82088.png,4158,64,64,0
8,82089,8\icon82089.png,4578,64,64,0
8,82090,8\icon82090.png,4541,64,64,0
8,82091,8\icon82091.png,3294,64,64,0
8,82092,8\icon82092.png,3482,64,64,0
8,82093,8\icon82093.png,3330,64,64,0
8,82094,8\icon82094.png,3408,64,64,0
8,82095,8\icon82095.png,3443,64,64,0
8,82096,8\icon82096.png,2104,64,64,0
8,82097,8\icon82097.png,2169,64,64,0
8,82098,8\icon82098.png,2197,64,64,0
8,82099,8\icon82099.png,2242,64,64,0
8,82100,8\icon82100.png,2250,64,64,0
8,82101,8\icon82101.png,4219,64,64,0
8,82102,8\icon82102.png,4319,64,64,0
8,82103,8\icon82103.png,4148,64,64,0
8,82104,8\icon82104.png,4122,64,64,0
8,82105,8\icon82105.png,4298,64,64,0
8,82106,8\icon82106.png,4091,64,64,0
8,82107,8\icon82107.png,4271,64,64,0
8,82108,8\icon82108.png,4240,64,64,0
8,82109,8\icon82109.png,4230,64,64,0
8,82110,8\icon82110.png,4358,64,64,0
8,82111,8\icon82111.png,4699,64,64,0
8,82112,8\icon82112.png,4583,64,64,0
8,82113,8\icon82113.png,4587,64,64,0
8,82114,8\icon82114.png,4665,64,64,0
8,82115,8\icon82115.png,4570,64,64,0
8,82116,8\icon82116.png,4809,64,64,0
8,82117,8\icon82117.png,4784,64,64,0
8,82118,8\icon82118.png,4573,64,64,0
8,82119,8\icon82119.png,2928,64,64,0
8,82120,8\icon82120.png,2994,64,64,0
8,82121,8\icon82121.png,2997,64,64,0
8,82122,8\icon82122.png,2991,64,64,0
8,82123,8\icon82123.png,3067,64,64,0
8,82124,8\icon82124.png,3029,64,64,0
8,82125,8\icon82125.png,3398,64,64,0
8,82126,8\icon82126.png,3071,64,64,0
8,82127,8\icon82127.png,2919,64,64,0
8,82128,8\icon82128.png,3478,64,64,0
8,82129,8\icon82129.png,3556,64,64,0
8,82130,8\icon82130.png,3631,64,64,0
8,82131,8\icon82131.png,3769,64,64,0
8,82132,8\icon82132.png,3850,64,64,0
8,82133,8\icon82133.png,4229,64,64,0
8,82134,8\icon82134.png,3363,64,64,0
8,82135,8\icon82135.png,4601,64,64,0
8,82136,8\icon82136.png,3977,64,64,0
8,82137,8\icon82137.png,4583,64,64,0
8,82138,8\icon82138.png,4463,64,64,0
8,82139,8\icon82139.png,4596,64,64,0
8,82140,8\icon82140.png,4294,64,64,0
8,82141,8\icon82141.png,3477,64,64,0
8,82142,8\icon82142.png,4228,64,64,0
8,82143,8\icon82143.png,5574,64,64,0
8,82144,8\icon82144.png,4742,64,64,0
8,82145,8\icon82145.png,3405,64,64,0
8,82146,8\icon82146.png,4560,64,64,0
8,82147,8\icon82147.png,5396,64,64,0
8,82148,8\icon82148.png,2906,64,64,0
8,82149,8\icon82149.png,3166,64,64,0
8,82150,8\icon82150.png,4128,64,64,0
8,82151,8\icon82151.png,2443,64,64,0
8,82152,8\icon82152.png,4622,64,64,0
8,82153,8\icon82153.png,6541,64,64,0
8,82154,8\icon82154.png,2373,64,64,0
8,82155,8\icon82155.png,1792,64,64,0
8,82156,8\icon82156.png,3107,64,64,0
8,82157,8\icon82157.png,3731,64,64,0
8,82158,8\icon82158.png,3456,64,64,0
8,82159,8\icon82159.png,4559,64,64,0
8,82160,8\icon82160.png,4511,64,64,0
8,82161,8\icon82161.png,4236,64,64,0
8,82162,8\icon82162.png,4273,64,64,0
8,82163,8\icon82163.png,4416,64,64,0
8,82164,8\icon82164.png,4482,64,64,0
8,82165,8\icon82165.png,2694,64,64,0
8,82166,8\icon82166.png,2695,64,64,0
8,82167,8\icon82167.png,2562,64,64,0
8,82168,8\icon82168.png,2426,64,64,0
8,82169,8\icon82169.png,2625,64,64,0
8,82170,8\icon82170.png,2288,64,64,0
8,82171,8\icon82171.png,2594,64,64,0
8,82172,8\icon82172.png,2712,64,64,0
8,82173,8\icon82173.png,3574,64,64,0
8,82174,8\icon82174.png,2056,64,64,0
8,82175,8\icon82175.png,2102,64,64,0
8,82176,8\icon82176.png,2005,64,64,0
8,82177,8\icon82177.png,4883,64,64,0
8,82178,8\icon82178.png,4922,64,64,0
8,82179,8\icon82179.png,2846,64,64,0
8,82180,8\icon82180.png,2798,64,64,0
8,82181,8\icon82181.png,2821,64,64,0
8,82182,8\icon82182.png,2894,64,64,0
8,82183,8\icon82183.png,3948,64,64,0
8,82184,8\icon82184.png,3747,64,64,0
8,82185,8\icon82185.png,3708,64,64,0
8,82186,8\icon82186.png,3704,64,64,0
8,82187,8\icon82187.png,4681,64,64,0
8,82188,8\icon82188.png,4574,64,64,0
8,82189,8\icon82189.png,1190,64,64,0
8,82190,8\icon82190.png,3939,64,64,0
8,82191,8\icon82191.png,4385,64,64,0
8,82192,8\icon82192.png,4326,64,64,0
8,82193,8\icon82193.png,4077,64,64,0
8,82194,8\icon82194.png,3911,64,64,0
8,82195,8\icon82195.png,4155,64,64,0
8,82196,8\icon82196.png,5733,64,64,0
8,82197,8\icon82197.png,5832,64,64,0
8,82198,8\icon82198.png,2601,64,64,0
8,82199,8\icon82199.png,2490,64,64,0
8,82200,8\icon82200.png,2462,64,64,0
8,82201,8\icon82201.png,2248,64,64,0
8,82202,8\icon82202.png,1182,64,64,0
8,82203,8\icon82203.png,1954,64,64,0
8,82204,8\icon82204.png,2363,64,64,0
8,82205,8\icon82205.png,2345,64,64,0
8,82206,8\icon82206.png,4503,64,64,0
8,82207,8\icon82207.png,4918,64,64,0
8,82208,8\icon82208.png,4404,64,64,0
8,82209,8\icon82209.png,4480,64,64,0
8,82210,8\icon82210.png,5352,64,64,0
8,82211,8\icon82211.png,5477,64,64,0
8,82212,8\icon82212.png,5465,64,64,0
8,82213,8\icon82213.png,6048,64,64,0
8,82214,8\icon82214.png,5839,64,64,0
8,82215,8\icon82215.png,5991,64,64,0
8,82216,8\icon82216.png,6135,64,64,0
8,82217,8\icon82217.png,5968,64,64,0
8,82218,8\icon82218.png,5787,64,64,0
8,82219,8\icon82219.png,5907,64,64,0
8,82220,8\icon82220.png,5643,64,64,0
8,82221,8\icon82221.png,5781,64,64,0
8,82222,8\icon82222.png,5649,64,64,0
8,82223,8\icon82223.png,5746,64,64,0
8,82224,8\icon82224.png,5540,64,64,0
8,82225,8\icon82225.png,5795,64,64,0
8,82226,8\icon82226.png,5599,64,64,0
8,82227,8\icon82227.png,5670,64,64,0
8,82228,8\icon82228.png,5444,64,64,0
8,82229,8\icon82229.png,5413,64,64,0
8,82230,8\icon82230.png,5363,64,64,0
8,82231,8\icon82231.png,5843,64,64,0
8,82232,8\icon82232.png,5328,64,64,0
8,82233,8\icon82233.png,5756,64,64,0
8,82234,8\icon82234.png,5500,64,64,0
8,82235,8\icon82235.png,5488,64,64,0
8,82236,8\icon82236.png,5446,64,64,0
8,82237,8\icon82237.png,5737,64,64,0
8,82238,8\icon82238.png,5873,64,64,0
8,82239,8\icon82239.png,5662,64,64,0
8,82240,8\icon82240.png,5779,64,64,0
8,82241,8\icon82241.png,5944,64,64,0
8,82242,8\icon82242.png,5406,64,64,0
8,82243,8\icon82243.png,4808,64,64,0
8,82244,8\icon82244.png,4885,64,64,0
8,82245,8\icon82245.png,5498,64,64,0
8,82246,8\icon82246.png,5659,64,64,0
8,82247,8\icon82247.png,5715,64,64,0
8,82248,8\icon82248.png,4527,64,64,0
8,82249,8\icon82249.png,4572,64,64,0
8,82250,8\icon82250.png,5509,64,64,0
8,82251,8\icon82251.png,5365,64,64,0
8,82252,8\icon82252.png,5234,64,64,0
8,82253,8\icon82253.png,6006,64,64,0
8,82254,8\icon82254.png,5757,64,64,0
8,82255,8\icon82255.png,5912,64,64,0
8,82256,8\icon82256.png,3210,64,64,0
8,82257,8\icon82257.png,2958,64,64,0
8,82258,8\icon82258.png,3183,64,64,0
8,82259,8\icon82259.png,3192,64,64,0
8,82260,8\icon82260.png,2912,64,64,0
8,82261,8\icon82261.png,3015,64,64,0
8,82262,8\icon82262.png,3685,64,64,0
8,82263,8\icon82263.png,3547,64,64,0
8,82264,8\icon82264.png,3678,64,64,0
8,82265,8\icon82265.png,3574,64,64,0
8,82266,8\icon82266.png,3900,64,64,0
8,82267,8\icon82267.png,3751,64,64,0
8,82268,8\icon82268.png,3691,64,64,0
8,82269,8\icon82269.png,4000,64,64,0
8,82270,8\icon82270.png,3998,64,64,0
8,82271,8\icon82271.png,3666,64,64,0
8,82272,8\icon82272.png,3579,64,64,0
8,82273,8\icon82273.png,3583,64,64,0
8,82274,8\icon82274.png,3557,64,64,0
8,82275,8\icon82275.png,3786,64,64,0
8,82276,8\icon82276.png,3520,64,64,0
8,82277,8\icon82277.png,3348,64,64,0
8,82278,8\icon82278.png,3504,64,64,0
8,82279,8\icon82279.png,3513,64,64,0
8,82280,8\icon82280.png,3407,64,64,0
8,82281,8\icon82281.png,3107,64,64,0
8,82282,8\icon82282.png,3082,64,64,0
8,82283,8\icon82283.png,3293,64,64,0
8,82284,8\icon82284.png,3089,64,64,0
8,82285,8\icon82285.png,3152,64,64,0
8,82286,8\icon82286.png,3062,64,64,0
8,82287,8\icon82287.png,3216,64,64,0
8,82288,8\icon82288.png,3071,64,64,0
8,82289,8\icon82289.png,3022,64,64,0
8,82290,8\icon82290.png,3267,64,64,0
8,82291,8\icon82291.png,3101,64,64,0
8,82292,8\icon82292.png,3019,64,64,0
8,82293,8\icon82293.png,2545,64,64,0
8,82294,8\icon82294.png,2553,64,64,0
8,82295,8\icon82295.png,2701,64,64,0
8,82296,8\icon82296.png,2379,64,64,0
8,82297,8\icon82297.png,3134,64,64,0
8,82298,8\icon82298.png,3567,64,64,0
8,82299,8\icon82299.png,3364,64,64,0
8,82300,8\icon82300.png,3592,64,64,0
8,82301,8\icon82301.png,3299,64,64,0
8,82302,8\icon82302.png,3340,64,64,0
8,82303,8\icon82303.png,3200,64,64,0
8,82304,8\icon82304.png,3218,64,64,0
8,82305,8\icon82305.png,3188,64,64,0
8,82306,8\icon82306.png,3190,64,64,0
8,82307,8\icon82307.png,3003,64,64,0
8,82308,8\icon82308.png,2987,64,64,0
8,82309,8\icon82309.png,3219,64,64,0
8,82310,8\icon82310.png,3151,64,64,0
8,82311,8\icon82311.png,3093,64,64,0
8,82312,8\icon82312.png,2927,64,64,0
8,82313,8\icon82313.png,3396,64,64,0
8,82314,8\icon82314.png,3269,64,64,0
8,82315,8\icon82315.png,3458,64,64,0
8,82316,8\icon82316.png,3403,64,64,0
8,82317,8\icon82317.png,3429,64,64,0
8,82318,8\icon82318.png,3395,64,64,0
8,82319,8\icon82319.png,5052,64,64,0
8,82320,8\icon82320.png,4707,64,64,0
8,82321,8\icon82321.png,4804,64,64,0
8,82322,8\icon82322.png,4339,64,64,0
8,82323,8\icon82323.png,4661,64,64,0
8,82324,8\icon82324.png,4295,64,64,0
8,82325,8\icon82325.png,4205,64,64,0
8,82326,8\icon82326.png,4274,64,64,0
8,82327,8\icon82327.png,4316,64,64,0
8,82328,8\icon82328.png,4133,64,64,0
8,82329,8\icon82329.png,4099,64,64,0
8,82330,8\icon82330.png,5430,64,64,0
8,82331,8\icon82331.png,4980,64,64,0
8,82332,8\icon82332.png,5362,64,64,0
8,82333,8\icon82333.png,5181,64,64,0
8,82334,8\icon82334.png,5096,64,64,0
8,82335,8\icon82335.png,5019,64,64,0
8,82336,8\icon82336.png,5199,64,64,0
8,82337,8\icon82337.png,5054,64,64,0
8,82338,8\icon82338.png,3388,64,64,0
8,82339,8\icon82339.png,3973,64,64,0
8,82340,8\icon82340.png,4055,64,64,0
8,82341,8\icon82341.png,3810,64,64,0
8,82342,8\icon82342.png,3795,64,64,0
8,82343,8\icon82343.png,3859,64,64,0
8,82344,8\icon82344.png,3819,64,64,0
8,82345,8\icon82345.png,3740,64,64,0
8,82346,8\icon82346.png,3806,64,64,0
8,82347,8\icon82347.png,4247,64,64,0
8,82348,8\icon82348.png,4150,64,64,0
8,82349,8\icon82349.png,4822,64,64,0
8,82350,8\icon82350.png,4668,64,64,0
8,82351,8\icon82351.png,4638,64,64,0
8,82352,8\icon82352.png,4767,64,64,0
8,82353,8\icon82353.png,4520,64,64,0
8,82354,8\icon82354.png,4564,64,64,0
8,82355,8\icon82355.png,4569,64,64,0
8,82356,8\icon82356.png,5000,64,64,0
8,82357,8\icon82357.png,5150,64,64,0
8,82358,8\icon82358.png,5001,64,64,0
8,82359,8\icon82359.png,4415,64,64,0
8,82360,8\icon82360.png,4524,64,64,0
8,82361,8\icon82361.png,4372,64,64,0
8,82362,8\icon82362.png,4848,64,64,0
8,82363,8\icon82363.png,4748,64,64,0
8,82364,8\icon82364.png,4524,64,64,0
8,82365,8\icon82365.png,3072,64,64,0
8,82366,8\icon82366.png,3302,64,64,0
8,82367,8\icon82367.png,3297,64,64,0
8,82368,8\icon82368.png,4986,64,64,0
8,82369,8\icon82369.png,4990,64,64,0
8,82370,8\icon82370.png,4907,64,64,0
8,82371,8\icon82371.png,4774,64,64,0
8,82372,8\icon82372.png,5070,64,64,0
8,82373,8\icon82373.png,5076,64,64,0
8,82374,8\icon82374.png,4236,64,64,0
8,82375,8\icon82375.png,4024,64,64,0
8,82376,8\icon82376.png,4282,64,64,0
8,82377,8\icon82377.png,4211,64,64,0
8,82378,8\icon82378.png,4005,64,64,0
8,82379,8\icon82379.png,3563,64,64,0
8,82380,8\icon82380.png,3725,64,64,0
8,82381,8\icon82381.png,3757,64,64,0
8,82382,8\icon82382.png,4409,64,64,0
8,82383,8\icon82383.png,4640,64,64,0
8,82384,8\icon82384.png,4303,64,64,0
8,82385,8\icon82385.png,4630,64,64,0
8,82386,8\icon82386.png,4597,64,64,0
8,82387,8\icon82387.png,4576,64,64,0
8,82388,8\icon82388.png,3305,64,64,0
8,82389,8\icon82389.png,3330,64,64,0
8,82390,8\icon82390.png,3538,64,64,0
8,82391,8\icon82391.png,3510,64,64,0
8,82392,8\icon82392.png,3374,64,64,0
8,82393,8\icon82393.png,2487,64,64,0
8,82394,8\icon82394.png,4266,64,64,0
8,82395,8\icon82395.png,3566,64,64,0
8,82396,8\icon82396.png,3530,64,64,0
8,82397,8\icon82397.png,3680,64,64,0
8,82398,8\icon82398.png,3485,64,64,0
8,82399,8\icon82399.png,3609,64,64,0
8,82400,8\icon82400.png,3497,64,64,0
8,82401,8\icon82401.png,8330,128,128,0
8,82402,8\icon82402.png,9061,128,128,0
8,82403,8\icon82403.png,13262,128,128,0
8,82404,8\icon82404.png,13680,128,128,0
8,82405,8\icon82405.png,13818,128,128,0
8,82406,8\icon82406.png,14040,128,128,0
8,82407,8\icon82407.png,11220,128,128,0
8,82408,8\icon82408.png,12004,128,128,0
8,82409,8\icon82409.png,11610,128,128,0
8,82410,8\icon82410.png,11248,128,128,0
8,82411,8\icon82411.png,11800,128,128,0
8,82412,8\icon82412.png,15888,128,128,0
8,82413,8\icon82413.png,14737,128,128,0
8,82414,8\icon82414.png,15099,128,128,0
8,82415,8\icon82415.png,8554,128,128,0
8,82416,8\icon82416.png,16182,128,128,0
8,82417,8\icon82417.png,16998,128,128,0
8,82418,8\icon82418.png,8278,128,128,0
8,82419,8\icon82419.png,9247,128,128,0
8,82420,8\icon82420.png,9430,128,128,0
8,82421,8\icon82421.png,15848,128,128,0
8,82422,8\icon82422.png,22661,128,128,0
8,82423,8\icon82423.png,20382,128,128,0
8,82424,8\icon82424.png,19346,128,128,0
8,82425,8\icon82425.png,19040,128,128,0
8,82426,8\icon82426.png,18593,128,128,0
8,82427,8\icon82427.png,19673,128,128,0
8,82428,8\icon82428.png,21341,128,128,0
8,82429,8\icon82429.png,20962,128,128,0
8,82430,8\icon82430.png,21014,128,128,0
8,82431,8\icon82431.png,21325,128,128,0
8,82432,8\icon82432.png,10327,128,128,0
8,82433,8\icon82433.png,13095,128,128,0
8,82434,8\icon82434.png,11889,128,128,0
8,82435,8\icon82435.png,11727,128,128,0
8,82436,8\icon82436.png,11900,128,128,0
8,82437,8\icon82437.png,10996,128,128,0
8,82438,8\icon82438.png,10142,128,128,0
8,82439,8\icon82439.png,10406,128,128,0
8,82440,8\icon82440.png,11007,128,128,0
8,82441,8\icon82441.png,11145,128,128,0
8,82442,8\icon82442.png,11194,128,128,0
8,82443,8\icon82443.png,17085,128,128,0
8,82444,8\icon82444.png,16914,128,128,0
8,82445,8\icon82445.png,14139,128,128,0
8,82446,8\icon82446.png,16567,128,128,0
8,82447,8\icon82447.png,15011,128,128,0
8,82448,8\icon82448.png,15489,128,128,0
8,82449,8\icon82449.png,15523,128,128,0
8,82450,8\icon82450.png,10652,128,128,0
8,82451,8\icon82451.png,10473,128,128,0
8,82452,8\icon82452.png,17063,128,128,0
8,82453,8\icon82453.png,15751,128,128,0
8,82454,8\icon82454.png,11893,128,128,0
8,82455,8\icon82455.png,21157,128,128,0
8,82456,8\icon82456.png,20731,128,128,0
8,82457,8\icon82457.png,11602,128,128,0
8,82458,8\icon82458.png,10709,128,128,0
8,82459,8\icon82459.png,13852,128,128,0
8,82460,8\icon82460.png,10678,128,128,0
8,82461,8\icon82461.png,12839,128,128,0
8,82462,8\icon82462.png,16990,128,128,0
8,82463,8\icon82463.png,10944,128,128,0
8,82464,8\icon82464.png,15539,128,128,0
8,82465,8\icon82465.png,16492,128,128,0
8,82466,8\icon82466.png,12885,128,128,0
8,82467,8\icon82467.png,12819,128,128,0
8,82468,8\icon82468.png,17439,128,128,0
8,82469,8\icon82469.png,11646,128,128,0
8,82470,8\icon82470.png,12442,128,128,0
8,82471,8\icon82471.png,5800,128,128,0
8,82472,8\icon82472.png,13656,128,128,0
8,82473,8\icon82473.png,11362,128,128,0
8,82474,8\icon82474.png,16451,128,128,0
8,82475,8\icon82475.png,17976,128,128,0
8,82476,8\icon82476.png,7135,128,128,0
8,82477,8\icon82477.png,15267,128,128,0
8,82478,8\icon82478.png,9660,128,128,0
8,82479,8\icon82479.png,9001,128,128,0
8,82480,8\icon82480.png,12598,128,128,0
8,82481,8\icon82481.png,8437,128,128,0
8,82482,8\icon82482.png,18119,128,128,0
8,82483,8\icon82483.png,20800,128,128,0
8,82484,8\icon82484.png,16487,128,128,0
8,82485,8\icon82485.png,11984,128,128,0
8,82486,8\icon82486.png,6790,128,128,0
8,82487,8\icon82487.png,12698,128,128,0
8,82488,8\icon82488.png,13889,128,128,0
8,82489,8\icon82489.png,17923,128,128,0
8,82490,8\icon82490.png,14340,128,128,0
8,82491,8\icon82491.png,6170,128,128,0
8,82492,8\icon82492.png,12639,128,128,0
8,82493,8\icon82493.png,10875,128,128,0
8,82494,8\icon82494.png,17500,128,128,0
8,82495,8\icon82495.png,22562,128,128,0
8,82496,8\icon82496.png,14127,128,128,0
8,82497,8\icon82497.png,11084,128,128,0
8,82498,8\icon82498.png,9731,128,128,0
8,82499,8\icon82499.png,17976,128,128,0
8,82500,8\icon82500.png,17018,128,128,0
8,82501,8\icon82501.png,12684,128,128,0
8,82502,8\icon82502.png,6839,128,128,0
8,82503,8\icon82503.png,11210,128,128,0
8,82504,8\icon82504.png,8671,128,128,0
8,82505,8\icon82505.png,12391,128,128,0
8,82506,8\icon82506.png,10622,128,128,0
8,82507,8\icon82507.png,16971,128,128,0
8,82508,8\icon82508.png,19370,128,128,0
8,82509,8\icon82509.png,19082,128,128,0
8,82510,8\icon82510.png,19449,128,128,0
8,82511,8\icon82511.png,11112,128,128,0
8,82512,8\icon82512.png,17485,128,128,0
8,82513,8\icon82513.png,14337,128,128,0
8,82514,8\icon82514.png,10660,128,128,0
8,82515,8\icon82515.png,17144,128,128,0
8,82516,8\icon82516.png,16426,128,128,0
8,82517,8\icon82517.png,17250,128,128,0
8,82518,8\icon82518.png,16632,128,128,0
8,82519,8\icon82519.png,16711,128,128,0
8,82520,8\icon82520.png,11700,128,128,0
8,82521,8\icon82521.png,11320,128,128,0
8,82522,8\icon82522.png,11718,128,128,0
8,82523,8\icon82523.png,11554,128,128,0
8,82524,8\icon82524.png,11397,128,128,0
8,82525,8\icon82525.png,15490,128,128,0
8,82526,8\icon82526.png,16772,128,128,0
8,82527,8\icon82527.png,16646,128,128,0
8,82528,8\icon82528.png,17166,128,128,0
8,82529,8\icon82529.png,16576,128,128,0
8,82530,8\icon82530.png,19751,128,128,0
8,82531,8\icon82531.png,20003,128,128,0
8,82532,8\icon82532.png,18535,128,128,0
8,82533,8\icon82533.png,18784,128,128,0
8,82534,8\icon82534.png,19575,128,128,0
8,82535,8\icon82535.png,12006,128,128,0
8,82536,8\icon82536.png,12031,128,128,0
8,82537,8\icon82537.png,11799,128,128,0
8,82538,8\icon82538.png,11919,128,128,0
8,82539,8\icon82539.png,12036,128,128,0
8,82540,8\icon82540.png,15501,128,128,0
8,82541,8\icon82541.png,15520,128,128,0
8,82542,8\icon82542.png,15612,128,128,0
8,82543,8\icon82543.png,15418,128,128,0
8,82544,8\icon82544.png,15949,128,128,0
8,82545,8\icon82545.png,13183,128,128,0
8,82546,8\icon82546.png,13241,128,128,0
8,82547,8\icon82547.png,13024,128,128,0
8,82548,8\icon82548.png,13081,128,128,0
8,82549,8\icon82549.png,13301,128,128,0
8,82550,8\icon82550.png,12449,128,128,0
8,82551,8\icon82551.png,13088,128,128,0
8,82552,8\icon82552.png,13080,128,128,0
8,82553,8\icon82553.png,12686,128,128,0
8,82554,8\icon82554.png,12702,128,128,0
8,82555,8\icon82555.png,14018,128,128,0
8,82556,8\icon82556.png,15212,128,128,0
8,82557,8\icon82557.png,15152,128,128,0
8,82558,8\icon82558.png,14023,128,128,0
8,82559,8\icon82559.png,14340,128,128,0
8,82560,8\icon82560.png,11875,128,128,0
8,82561,8\icon82561.png,12869,128,128,0
8,82562,8\icon82562.png,13217,128,128,0
8,82563,8\icon82563.png,12303,128,128,0
8,82564,8\icon82564.png,12348,128,128,0
8,82565,8\icon82565.png,6510,128,128,0
8,82566,8\icon82566.png,6969,128,128,0
8,82567,8\icon82567.png,7186,128,128,0
8,82568,8\icon82568.png,6732,128,128,0
8,82569,8\icon82569.png,6688,128,128,0
8,82570,8\icon82570.png,11812,128,128,0
8,82571,8\icon82571.png,14093,128,128,0
8,82572,8\icon82572.png,11222,128,128,0
8,82573,8\icon82573.png,11480,128,128,0
8,82574,8\icon82574.png,5999,128,128,0
8,82575,8\icon82575.png,8035,128,128,0
8,82576,8\icon82576.png,10314,128,128,0
8,82577,8\icon82577.png,12782,128,128,0
8,82578,8\icon82578.png,15690,128,128,0
8,82579,8\icon82579.png,14589,128,128,0
8,82580,8\icon82580.png,14626,128,128,0
8,82581,8\icon82581.png,12965,128,128,0
8,82582,8\icon82582.png,17150,128,128,0
8,82583,8\icon82583.png,17783,128,128,0
8,82584,8\icon82584.png,16939,128,128,0
8,82585,8\icon82585.png,10933,128,128,0
8,82586,8\icon82586.png,12717,128,128,0
8,82587,8\icon82587.png,3307,128,128,0
8,82588,8\icon82588.png,3270,128,128,0
8,82589,8\icon82589.png,3349,128,128,0
8,82590,8\icon82590.png,12801,128,128,0
8,82591,8\icon82591.png,18753,128,128,0
8,82592,8\icon82592.png,17951,128,128,0
8,82593,8\icon82593.png,18705,128,128,0
8,82594,8\icon82594.png,12511,128,128,0
8,82595,8\icon82595.png,15839,128,128,0
8,82596,8\icon82596.png,13727,128,128,0
8,82597,8\icon82597.png,12863,128,128,0
8,82598,8\icon82598.png,21078,128,128,0
8,82599,8\icon82599.png,11087,128,128,0
8,82600,8\icon82600.png,7069,128,128,0
8,82601,8\icon82601.png,19315,128,128,0
8,82602,8\icon82602.png,21093,128,128,0
8,82603,8\icon82603.png,18166,128,128,0
8,82604,8\icon82604.png,10291,128,128,0
8,82605,8\icon82605.png,16444,128,128,0
8,82606,8\icon82606.png,12626,128,128,0
8,82607,8\icon82607.png,13380,128,128,0
8,82608,8\icon82608.png,12093,128,128,0
8,82609,8\icon82609.png,12121,128,128,0
8,82610,8\icon82610.png,11434,128,128,0
8,82611,8\icon82611.png,16604,128,128,0
8,82612,8\icon82612.png,10903,128,128,0
8,82613,8\icon82613.png,10271,128,128,0
8,82614,8\icon82614.png,12383,128,128,0
8,82615,8\icon82615.png,16757,128,128,0
8,82616,8\icon82616.png,12693,128,128,0
8,82617,8\icon82617.png,12327,128,128,0
8,82618,8\icon82618.png,6665,128,128,0
8,82619,8\icon82619.png,12931,128,128,0
8,82620,8\icon82620.png,5661,128,128,0
8,82621,8\icon82621.png,12747,128,128,0
8,82622,8\icon82622.png,13205,128,128,0
8,82623,8\icon82623.png,12461,128,128,0
8,82624,8\icon82624.png,17638,128,128,0
8,82625,8\icon82625.png,17878,128,128,0
8,82626,8\icon82626.png,17749,128,128,0
8,82627,8\icon82627.png,10672,128,128,0
8,82628,8\icon82628.png,13081,128,128,0
8,82629,8\icon82629.png,13328,128,128,0
8,82630,8\icon82630.png,13092,128,128,0
8,82631,8\icon82631.png,15474,128,128,0
8,82632,8\icon82632.png,16582,128,128,0
8,82633,8\icon82633.png,10852,128,128,0
8,82634,8\icon82634.png,10493,128,128,0
8,82635,8\icon82635.png,11751,128,128,0
8,82636,8\icon82636.png,14106,128,128,0
8,82637,8\icon82637.png,14196,128,128,1
8,82638,8\icon82638.png,14196,128,128,1
8,82639,8\icon82639.png,14196,128,128,1
8,82640,8\icon82640.png,14196,128,128,1
8,82641,8\icon82641.png,14196,128,128,1
8,82642,8\icon82642.png,14196,128,128,1
8,82643,8\icon82643.png,14196,128,128,1
8,82644,8\icon82644.png,14196,128,128,1
8,82645,8\icon82645.png,14196,128,128,1
8,82646,8\icon82646.png,14196,128,128,1
8,82647,8\icon82647.png,14196,128,128,1
8,82648,8\icon82648.png,14196,128,128,1
8,82649,8\icon82649.png,14196,128,128,1
8,82650,8\icon82650.png,14196,128,128,1
8,82651,8\icon82651.png,14196,128,128,1
8,82652,8\icon82652.png,14196,128,128,1
8,82653,8\icon82653.png,14196,128,128,1
8,82654,8\icon82654.png,14196,128,128,1
8,82655,8\icon82655.png,14196,128,128,1
8,82656,8\icon82656.png,14196,128,128,1
8,82657,8\icon82657.png,14196,128,128,1
8,82658,8\icon82658.png,14196,128,128,1
8,82659,8\icon82659.png,14196,128,128,1
8,82660,8\icon82660.png,14196,128,128,1
8,82661,8\icon82661.png,14196,128,128,1
8,82662,8\icon82662.png,14196,128,128,1
8,82663,8\icon82663.png,14196,128,128,1
8,82664,8\icon82664.png,14196,128,128,1
8,82665,8\icon82665.png,14196,128,128,1
8,82666,8\icon82666.png,14196,128,128,1
8,82667,8\icon82667.png,14196,128,128,1
8,82668,8\icon82668.png,14196,128,128,1
8,82669,8\icon82669.png,14196,128,128,1
8,82670,8\icon82670.png,14196,128,128,1
8,82671,8\icon82671.png,14196,128,128,1
8,82672,8\icon82672.png,14196,128,128,1
8,82673,8\icon82673.png,14196,128,128,1
8,82674,8\icon82674.png,14196,128,128,1
8,82675,8\icon82675.png,14196,128,128,1
8,82676,8\icon82676.png,14196,128,128,1
8,82677,8\icon82677.png,14196,128,128,1
8,82678,8\icon82678.png,14196,128,128,1
8,82679,8\icon82679.png,14196,128,128,1
8,82680,8\icon82680.png,14196,128,128,1
8,82681,8\icon82681.png,14196,128,128,1
8,82682,8\icon82682.png,14196,128,128,1
8,82683,8\icon82683.png,14196,128,128,1
8,82684,8\icon82684.png,14196,128,128,1
8,82685,8\icon82685.png,14196,128,128,1
8,82686,8\icon82686.png,14196,128,128,1
8,82687,8\icon82687.png,14196,128,128,1
8,82688,8\icon82688.png,14196,128,128,1
8,82689,8\icon82689.png,14196,128,128,1
8,82690,8\icon82690.png,14196,128,128,1
8,82691,8\icon82691.png,14196,128,128,1
8,82692,8\icon82692.png,14196,128,128,1
8,82693,8\icon82693.png,14196,128,128,1
8,82694,8\icon82694.png,14196,128,128,1
8,82695,8\icon82695.png,14196,128,128,1
8,82696,8\icon82696.png,14196,128,128,1
8,82697,8\icon82697.png,14196,128,128,1
8,82698,8\icon82698.png,14196,128,128,1
8,82699,8\icon82699.png,14196,128,128,1
8,82700,8\icon82700.png,14196,128,128,1
8,82701,8\icon82701.png,14196,128,128,1
8,82702,8\icon82702.png,14196,128,128,1
8,82703,8\icon82703.png,14196,128,128,1
8,82704,8\icon82704.png,14196,128,128,1
8,82705,8\icon82705.png,14196,128,128,1
8,82706,8\icon82706.png,14196,128,128,1
8,82707,8\icon82707.png,14196,128,128,1
8,82708,8\icon82708.png,14196,128,128,1
8,82709,8\icon82709.png,14196,128,128,1
8,82710,8\icon82710.png,14196,128,128,1
8,82711,8\icon82711.png,14196,128,128,1
8,82712,8\icon82712.png,14196,128,128,1
8,82713,8\icon82713.png,14196,128,128,1
8,82714,8\icon82714.png,14196,128,128,1
8,82715,8\icon82715.png,14196,128,128,1
8,82716,8\icon82716.png,14196,128,128,1
8,82717,8\icon82717.png,14196,128,128,1
8,82718,8\icon82718.png,14196,128,128,1
8,82719,8\icon82719.png,14196,128,128,1
8,82720,8\icon82720.png,14196,128,128,1
8,82721,8\icon82721.png,14196,128,128,1
8,82722,8\icon82722.png,14196,128,128,1
8,82723,8\icon82723.png,14196,128,128,1
8,82724,8\icon82724.png,14196,128,128,1
8,82725,8\icon82725.png,14196,128,128,1
8,82726,8\icon82726.png,14196,128,128,1
8,82727,8\icon82727.png,14196,128,128,1
8,82728,8\icon82728.png,14196,128,128,1
8,82729,8\icon82729.png,14196,128,128,1
8,82730,8\icon82730.png,14196,128,128,1
8,82731,8\icon82731.png,14196,128,128,1
8,82732,8\icon82732.png,14196,128,128,1
8,82733,8\icon82733.png,14196,128,128,1
8,82734,8\icon82734.png,14196,128,128,1
8,82735,8\icon82735.png,14196,128,128,1
8,82736,8\icon82736.png,14196,128,128,1
8,82737,8\icon82737.png,14196,128,128,1
8,82738,8\icon82738.png,14196,128,128,1
8,82739,8\icon82739.png,14196,128,128,1
8,82740,8\icon82740.png,14196,128,128,1
8,82741,8\icon82741.png,14196,128,128,1
8,82742,8\icon82742.png,14196,128,128,1
8,82743,8\icon82743.png,14196,128,128,1
8,82744,8\icon82744.png,14196,128,128,1
8,82745,8\icon82745.png,14196,128,128,1
8,82746,8\icon82746.png,14196,128,128,1
8,82747,8\icon82747.png,14196,128,128,1
8,82748,8\icon82748.png,14196,128,128,1
8,82749,8\icon82749.png,14196,128,128,1
8,82750,8\icon82750.png,14196,128,128,1
8,82751,8\icon82751.png,14196,128,128,1
8,82752,8\icon82752.png,14196,128,128,1
8,82753,8\icon82753.png,14196,128,128,1
8,82754,8\icon82754.png,14196,128,128,1
8,82755,8\icon82755.png,14196,128,128,1
8,82756,8\icon82756.png,14196,128,128,1
8,82757,8\icon82757.png,14196,128,128,1
8,82758,8\icon82758.png,14196,128,128,1
8,82759,8\icon82759.png,14196,128,128,1
8,82760,8\icon82760.png,14196,128,128,1
8,82761,8\icon82761.png,14196,128,128,1
8,82762,8\icon82762.png,14196,128,128,1
8,82763,8\icon82763.png,14196,128,128,1
8,82764,8\icon82764.png,14196,128,128,1
8,82765,8\icon82765.png,14196,128,128,1
8,82766,8\icon82766.png,14196,128,128,1
8,82767,8\icon82767.png,14196,128,128,1
8,82768,8\icon82768.png,14196,128,128,1
8,82769,8\icon82769.png,14196,128,128,1
8,82770,8\icon82770.png,14196,128,128,1
8,82771,8\icon82771.png,14196,128,128,1
8,82772,8\icon82772.png,14196,128,128,1
8,82773,8\icon82773.png,14196,128,128,1
8,82774,8\icon82774.png,14196,128,128,1
8,82775,8\icon82775.png,14196,128,128,1
8,82776,8\icon82776.png,14196,128,128,1
8,82777,8\icon82777.png,14196,128,128,1
8,82778,8\icon82778.png,14196,128,128,1
8,82779,8\icon82779.png,14196,128,128,1
8,82780,8\icon82780.png,14196,128,128,1
8,82781,8\icon82781.png,14196,128,128,1
8,82782,8\icon82782.png,14196,128,128,1
8,82783,8\icon82783.png,14196,128,128,1
8,82784,8\icon82784.png,14196,128,128,1
8,82785,8\icon82785.png,14196,128,128,1
8,82786,8\icon82786.png,14196,128,128,1
8,82787,8\icon82787.png,14196,128,128,1
8,82788,8\icon82788.png,14196,128,128,1
8,82789,8\icon82789.png,14196,128,128,1
8,82790,8\icon82790.png,14196,128,128,1
8,82791,8\icon82791.png,14196,128,128,1
8,82792,8\icon82792.png,14196,128,128,1
8,82793,8\icon82793.png,14196,128,128,1
8,82794,8\icon82794.png,14196,128,128,1
8,82795,8\icon82795.png,14196,128,128,1
8,82796,8\icon82796.png,14196,128,128,1
8,82797,8\icon82797.png,14196,128,128,1
8,82798,8\icon82798.png,14196,128,128,1
8,82799,8\icon82799.png,14196,128,128,1
8,82800,8\icon82800.png,14196,128,128,1
8,82801,8\icon82801.png,14196,128,128,1
8,82802,8\icon82802.png,14196,128,128,1
8,82803,8\icon82803.png,14196,128,128,1
8,82804,8\icon82804.png,14196,128,128,1
8,82805,8\icon82805.png,14196,128,128,1
8,82806,8\icon82806.png,14196,128,128,1
8,82807,8\icon82807.png,14196,128,128,1
8,82808,8\icon82808.png,14196,128,128,1
8,82809,8\icon82809.png,14196,128,128,1
8,82810,8\icon82810.png,14196,128,128,1
8,82811,8\icon82811.png,14196,128,128,1
8,82812,8\icon82812.png,14196,128,128,1
8,82813,8\icon82813.png,14196,128,128,1
8,82814,8\icon82814.png,14196,128,128,1
8,82815,8\icon82815.png,14196,128,128,1
8,82816,8\icon82816.png,14196,128,128,1
8,82817,8\icon82817.png,14196,128,128,1
8,82818,8\icon82818.png,14196,128,128,1
8,82819,8\icon82819.png,14196,128,128,1
8,82820,8\icon82820.png,14196,128,128,1
8,82821,8\icon82821.png,14196,128,128,1
8,82822,8\icon82822.png,14196,128,128,1
8,82823,8\icon82823.png,14196,128,128,1
8,82824,8\icon82824.png,14196,128,128,1
8,82825,8\icon82825.png,14196,128,128,1
8,82826,8\icon82826.png,14196,128,128,1
8,82827,8\icon82827.png,14196,128,128,1
8,82828,8\icon82828.png,14196,128,128,1
8,82829,8\icon82829.png,14196,128,128,1
8,82830,8\icon82830.png,14196,128,128,1
8,82831,8\icon82831.png,14196,128,128,1
8,82832,8\icon82832.png,14196,128,128,1
8,82833,8\icon82833.png,14196,128,128,1
8,82834,8\icon82834.png,14196,128,128,1
8,82835,8\icon82835.png,14196,128,128,1
8,82836,8\icon82836.png,14196,128,128,1
8,82837,8\icon82837.png,14196,128,128,1
8,82838,8\icon82838.png,14196,128,128,1
8,82839,8\icon82839.png,14196,128,128,1
8,82840,8\icon82840.png,14196,128,128,1
8,82841,8\icon82841.png,14196,128,128,1
8,82842,8\icon82842.png,14196,128,128,1
8,82843,8\icon82843.png,14196,128,128,1
8,82844,8\icon82844.png,14196,128,128,1
8,82845,8\icon82845.png,14196,128,128,1
8,82846,8\icon82846.png,14196,128,128,1
8,82847,8\icon82847.png,14196,128,128,1
8,82848,8\icon82848.png,14196,128,128,1
8,82849,8\icon82849.png,14196,128,128,1
8,82850,8\icon82850.png,14196,128,128,1
8,82851,8\icon82851.png,14196,128,128,1
8,82852,8\icon82852.png,14196,128,128,1
8,82853,8\icon82853.png,14196,128,128,1
8,82854,8\icon82854.png,14196,128,128,1
8,82855,8\icon82855.png,14196,128,128,1
8,82856,8\icon82856.png,14196,128,128,1
8,82857,8\icon82857.png,14196,128,128,1
8,82858,8\icon82858.png,14196,128,128,1
8,82859,8\icon82859.png,14196,128,128,1
8,82860,8\icon82860.png,14196,128,128,1
8,82861,8\icon82861.png,14196,128,128,1
8,82862,8\icon82862.png,14196,128,128,1
8,82863,8\icon82863.png,14196,128,128,1
8,82864,8\icon82864.png,14196,128,128,1
8,82865,8\icon82865.png,14196,128,128,1
8,82866,8\icon82866.png,14196,128,128,1
8,82867,8\icon82867.png,14196,128,128,1
8,82868,8\icon82868.png,14196,128,128,1
8,82869,8\icon82869.png,14196,128,128,1
8,82870,8\icon82870.png,14196,128,128,1
8,82871,8\icon82871.png,14196,128,128,1
8,82872,8\icon82872.png,14196,128,128,1
8,82873,8\icon82873.png,14196,128,128,1
8,82874,8\icon82874.png,14196,128,128,1
8,82875,8\icon82875.png,14196,128,128,1
8,82876,8\icon82876.png,14196,128,128,1
8,82877,8\icon82877.png,14196,128,128,1
8,82878,8\icon82878.png,14196,128,128,1
8,82879,8\icon82879.png,14196,128,128,1
8,82880,8\icon82880.png,14196,128,128,1
8,82881,8\icon82881.png,14196,128,128,1
8,82882,8\icon82882.png,14196,128,128,1
8,82883,8\icon82883.png,14196,128,128,1
8,82884,8\icon82884.png,14196,128,128,1
8,82885,8\icon82885.png,14196,128,128,1
8,82886,8\icon82886.png,14196,128,128,1
8,82887,8\icon82887.png,14196,128,128,1
8,82888,8\icon82888.png,14196,128,128,1
8,82889,8\icon82889.png,14196,128,128,1
8,82890,8\icon82890.png,14196,128,128,1
8,82891,8\icon82891.png,14196,128,128,1
8,82892,8\icon82892.png,14196,128,128,1
8,82893,8\icon82893.png,14196,128,128,1
8,82894,8\icon82894.png,14196,128,128,1
8,82895,8\icon82895.png,14196,128,128,1
8,82896,8\icon82896.png,14196,128,128,1
8,82897,8\icon82897.png,14196,128,128,1
8,82898,8\icon82898.png,14196,128,128,1
8,82899,8\icon82899.png,14196,128,128,1
8,82900,8\icon82900.png,14196,128,128,1
8,82901,8\icon82901.png,14196,128,128,1
8,82902,8\icon82902.png,14196,128,128,1
8,82903,8\icon82903.png,14196,128,128,1
8,82904,8\icon82904.png,14196,128,128,1
8,82905,8\icon82905.png,14196,128,128,1
8,82906,8\icon82906.png,14196,128,128,1
8,82907,8\icon82907.png,14196,128,128,1
8,82908,8\icon82908.png,14196,128,128,1
8,82909,8\icon82909.png,14196,128,128,1
8,82910,8\icon82910.png,14196,128,128,1
8,82911,8\icon82911.png,14196,128,128,1
8,82912,8\icon82912.png,14196,128,128,1
8,82913,8\icon82913.png,14196,128,128,1
8,82914,8\icon82914.png,14196,128,128,1
8,82915,8\icon82915.png,14196,128,128,1
8,82916,8\icon82916.png,14196,128,128,1
8,82917,8\icon82917.png,14196,128,128,1
8,82918,8\icon82918.png,14196,128,128,1
8,82919,8\icon82919.png,14196,128,128,1
8,82920,8\icon82920.png,14196,128,128,1
8,82921,8\icon82921.png,14196,128,128,1
8,82922,8\icon82922.png,14196,128,128,1
8,82923,8\icon82923.png,14196,128,128,1
8,82924,8\icon82924.png,14196,128,128,1
8,82925,8\icon82925.png,14196,128,128,1
8,82926,8\icon82926.png,14196,128,128,1
8,82927,8\icon82927.png,14196,128,128,1
8,82928,8\icon82928.png,14196,128,128,1
8,82929,8\icon82929.png,14196,128,128,1
8,82930,8\icon82930.png,14196,128,128,1
8,82931,8\icon82931.png,14196,128,128,1
8,82932,8\icon82932.png,14196,128,128,1
8,82933,8\icon82933.png,14196,128,128,1
8,82934,8\icon82934.png,14196,128,128,1
8,82935,8\icon82935.png,14196,128,128,1
8,82936,8\icon82936.png,14196,128,128,1
8,82937,8\icon82937.png,14196,128,128,1
8,82938,8\icon82938.png,14196,128,128,1
8,82939,8\icon82939.png,14196,128,128,1
8,82940,8\icon82940.png,14196,128,128,1
8,82941,8\icon82941.png,14196,128,128,1
8,82942,8\icon82942.png,14196,128,128,1
8,82943,8\icon82943.png,14196,128,128,1
8,82944,8\icon82944.png,14196,128,128,1
8,82945,8\icon82945.png,14196,128,128,1
8,82946,8\icon82946.png,14196,128,128,1
8,82947,8\icon82947.png,14196,128,128,1
8,82948,8\icon82948.png,14196,128,128,1
8,82949,8\icon82949.png,14196,128,128,1
8,82950,8\icon82950.png,14196,128,128,1
8,82951,8\icon82951.png,14196,128,128,1
8,82952,8\icon82952.png,14196,128,128,1
8,82953,8\icon82953.png,14196,128,128,1
8,82954,8\icon82954.png,14196,128,128,1
8,82955,8\icon82955.png,14196,128,128,1
8,82956,8\icon82956.png,14196,128,128,1
8,82957,8\icon82957.png,14196,128,128,1
8,82958,8\icon82958.png,14196,128,128,1
8,82959,8\icon82959.png,14196,128,128,1
8,82960,8\icon82960.png,14196,128,128,1
8,82961,8\icon82961.png,14196,128,128,1
8,82962,8\icon82962.png,14196,128,128,1
8,82963,8\icon82963.png,14196,128,128,1
8,82964,8\icon82964.png,14196,128,128,1
8,82965,8\icon82965.png,14196,128,128,1
8,82966,8\icon82966.png,14196,128,128,1
8,82967,8\icon82967.png,14196,128,128,1
8,82968,8\icon82968.png,14196,128,128,1
8,82969,8\icon82969.png,14196,128,128,1
8,82970,8\icon82970.png,14196,128,128,1
8,82971,8\icon82971.png,14196,128,128,1
8,82972,8\icon82972.png,14196,128,128,1
8,82973,8\icon82973.png,14196,128,128,1
8,82974,8\icon82974.png,14196,128,128,1
8,82975,8\icon82975.png,14196,128,128,1
8,82976,8\icon82976.png,14196,128,128,1
8,82977,8\icon82977.png,14196,128,128,1
8,82978,8\icon82978.png,14196,128,128,1
8,82979,8\icon82979.png,14196,128,128,1
8,82980,8\icon82980.png,14196,128,128,1
8,82981,8\icon82981.png,14196,128,128,1
8,82982,8\icon82982.png,14196,128,128,1
8,82983,8\icon82983.png,14196,128,128,1
8,82984,8\icon82984.png,14196,128,128,1
8,82985,8\icon82985.png,14196,128,128,1
8,82986,8\icon82986.png,14196,128,128,1
8,82987,8\icon82987.png,14196,128,128,1
8,82988,8\icon82988.png,14196,128,128,1
8,82989,8\icon82989.png,14196,128,128,1
8,82990,8\icon82990.png,14196,128,128,1
8,82991,8\icon82991.png,14196,128,128,1
8,82992,8\icon82992.png,14196,128,128,1
8,82993,8\icon82993.png,14196,128,128,1
8,82994,8\icon82994.png,14196,128,128,1
8,82995,8\icon82995.png,14196,128,128,1
8,82996,8\icon82996.png,14196,128,128,1
8,82997,8\icon82997.png,14196,128,128,1
8,82998,8\icon82998.png,14196,128,128,1
8,82999,8\icon82999.png,14196,128,128,1
8,83000,8\icon83000.png,14196,128,128,1
9,90000,9\icon90000.png,14196,128,128,1
