actorclass_graphic_row_id,actorclass_row_id,display_name_id,display_name_en,mainHand_packed_s32,mainHand_packed_u32_hex,mainHand_bits_31_30,mainHand_bits_29_20,mainHand_bits_19_10,mainHand_bits_9_0,offHand_packed_s32,offHand_packed_u32_hex,offHand_bits_31_30,offHand_bits_29_20,offHand_bits_19_10,offHand_bits_9_0,spMainHand_packed_s32,spMainHand_packed_u32_hex,spMainHand_bits_31_30,spMainHand_bits_29_20,spMainHand_bits_19_10,spMainHand_bits_9_0,spOffHand_packed_s32,spOffHand_packed_u32_hex,spOffHand_bits_31_30,spOffHand_bits_29_20,spOffHand_bits_19_10,spOffHand_bits_9_0,throwing_packed_s32,throwing_packed_u32_hex,throwing_bits_31_30,throwing_bits_29_20,throwing_bits_19_10,throwing_bits_9_0,pack_packed_s32,pack_packed_u32_hex,pack_bits_31_30,pack_bits_29_20,pack_bits_19_10,pack_bits_9_0,pouch_packed_s32,pouch_packed_u32_hex,pouch_bits_31_30,pouch_bits_29_20,pouch_bits_19_10,pouch_bits_9_0
1000001,1000001,1900006,Y'shtola,331351046,0x13C00406,0,316,1,6,0,0x00000000,0,0,0,0,0,0x00000000,0,0,0,0,0,0x00000000,0,0,0,0,0,0x00000000,0,0,0,0,0,0x00000000,0,0,0,0,0,0x00000000,0,0,0,0
1000002,1000002,1600179,Sthalmann,147850241,0x08D00401,0,141,1,1,243270686,0x0E80041E,0,232,1,30,0,0x00000000,0,0,0,0,0,0x00000000,0,0,0,0,0,0x00000000,0,0,0,0,0,0x00000000,0,0,0,0,0,0x00000000,0,0,0,0
1000004,1000004,1500015,Nunuba,147850241,0x08D00401,0,141,1,1,0,0x00000000,0,0,0,0,0,0x00000000,0,0,0,0,0,0x00000000,0,0,0,0,0,0x00000000,0,0,0,0,0,0x00000000,0,0,0,0,0,0x00000000,0,0,0,0
1000005,1000005,1600150,Rostnsthal,147850241,0x08D00401,0,141,1,1,0,0x00000000,0,0,0,0,0,0x00000000,0,0,0,0,0,0x00000000,0,0,0,0,0,0x00000000,0,0,0,0,0,0x00000000,0,0,0,0,0,0x00000000,0,0,0,0
1000008,1000008,1200028,Merodaulyn,147852300,0x08D00C0C,0,141,3,12,0,0x00000000,0,0,0,0,0,0x00000000,0,0,0,0,0,0x00000000,0,0,0,0,0,0x00000000,0,0,0,0,0,0x00000000,0,0,0,0,0,0x00000000,0,0,0,0
1000009,1000009,2300120,Yda,58723339,0x03800C0B,0,56,3,11,59771915,0x03900C0B,0,57,3,11,0,0x00000000,0,0,0,0,0,0x00000000,0,0,0,0,0,0x00000000,0,0,0,0,0,0x00000000,0,0,0,0,0,0x00000000,0,0,0,0
1000010,1000010,1400004,Papalymo,310379590,0x12800446,0,296,1,70,0,0x00000000,0,0,0,0,0,0x00000000,0,0,0,0,0,0x00000000,0,0,0,0,0,0x00000000,0,0,0,0,0,0x00000000,0,0,0,0,0,0x00000000,0,0,0,0
1000011,1000011,2000005,E-Sumi-Yan,347079691,0x14B0040B,0,331,1,11,0,0x00000000,0,0,0,0,0,0x00000000,0,0,0,0,0,0x00000000,0,0,0,0,0,0x00000000,0,0,0,0,0,0x00000000,0,0,0,0,0,0x00000000,0,0,0,0
1000013,1000013,1000297,Dunstan,168821810,0x0A100432,0,161,1,50,0,0x00000000,0,0,0,0,0,0x00000000,0,0,0,0,0,0x00000000,0,0,0,0,0,0x00000000,0,0,0,0,0,0x00000000,0,0,0,0,0,0x00000000,0,0,0,0
1000015,1000015,1900026,T'kebbe,168821770,0x0A10040A,0,161,1,10,0,0x00000000,0,0,0,0,0,0x00000000,0,0,0,0,0,0x00000000,0,0,0,0,0,0x00000000,0,0,0,0,0,0x00000000,0,0,0,0,0,0x00000000,0,0,0,0
1000016,1000016,1900030,N'golbb,168821761,0x0A100401,0,161,1,1,0,0x00000000,0,0,0,0,0,0x00000000,0,0,0,0,0,0x00000000,0,0,0,0,0,0x00000000,0,0,0,0,0,0x00000000,0,0,0,0,0,0x00000000,0,0,0,0
1000017,1000017,1000006,Farrimond,168821761,0x0A100401,0,161,1,1,0,0x00000000,0,0,0,0,0,0x00000000,0,0,0,0,0,0x00000000,0,0,0,0,0,0x00000000,0,0,0,0,0,0x00000000,0,0,0,0,0,0x00000000,0,0,0,0
1000018,1000018,1000013,Burchard,168821790,0x0A10041E,0,161,1,30,0,0x00000000,0,0,0,0,0,0x00000000,0,0,0,0,0,0x00000000,0,0,0,0,0,0x00000000,0,0,0,0,0,0x00000000,0,0,0,0,0,0x00000000,0,0,0,0
1000019,1000019,1600233,Wuothund,168821780,0x0A100414,0,161,1,20,0,0x00000000,0,0,0,0,0,0x00000000,0,0,0,0,0,0x00000000,0,0,0,0,0,0x00000000,0,0,0,0,0,0x00000000,0,0,0,0,0,0x00000000,0,0,0,0
1000020,1000020,1000016,Lewin,210767912,0x0C901028,0,201,4,40,236979200,0x0E200400,0,226,1,0,0,0x00000000,0,0,0,0,0,0x00000000,0,0,0,0,0,0x00000000,0,0,0,0,231736353,0x0DD00421,0,221,1,33,0,0x00000000,0,0,0,0
1000021,1000021,1,\[en],210766858,0x0C900C0A,0,201,3,10,236979210,0x0E20040A,0,226,1,10,0,0x00000000,0,0,0,0,0,0x00000000,0,0,0,0,0,0x00000000,0,0,0,0,231736332,0x0DD0040C,0,221,1,12,0,0x00000000,0,0,0,0
1000022,1000022,1600213,Ursbaen,210764810,0x0C90040A,0,201,1,10,236979210,0x0E20040A,0,226,1,10,0,0x00000000,0,0,0,0,0,0x00000000,0,0,0,0,0,0x00000000,0,0,0,0,231736331,0x0DD0040B,0,221,1,11,0,0x00000000,0,0,0,0
1000023,1000023,1200013,Handeloup,210764840,0x0C900428,0,201,1,40,236979210,0x0E20040A,0,226,1,10,0,0x00000000,0,0,0,0,0,0x00000000,0,0,0,0,0,0x00000000,0,0,0,0,231736350,0x0DD0041E,0,221,1,30,0,0x00000000,0,0,0,0
1000024,1000024,1200014,Grinnaux,210765825,0x0C900801,0,201,2,1,236979210,0x0E20040A,0,226,1,10,0,0x00000000,0,0,0,0,0,0x00000000,0,0,0,0,0,0x00000000,0,0,0,0,231736331,0x0DD0040B,0,221,1,11,0,0x00000000,0,0,0,0
1000025,1000025,1100008,Oriolda,147850270,0x08D0041E,0,141,1,30,0,0x00000000,0,0,0,0,0,0x00000000,0,0,0,0,0,0x00000000,0,0,0,0,0,0x00000000,0,0,0,0,0,0x00000000,0,0,0,0,0,0x00000000,0,0,0,0
1000026,1000026,1400002,Zozonan,168825858,0x0A101402,0,161,5,2,0,0x00000000,0,0,0,0,0,0x00000000,0,0,0,0,0,0x00000000,0,0,0,0,0,0x00000000,0,0,0,0,0,0x00000000,0,0,0,0,0,0x00000000,0,0,0,0
1000027,1000027,1600091,Grymkrepf,79698947,0x04C01C03,0,76,7,3,32508948,0x01F00C14,0,31,3,20,0,0x00000000,0,0,0,0,0,0x00000000,0,0,0,0,0,0x00000000,0,0,0,0,0,0x00000000,0,0,0,0,0,0x00000000,0,0,0,0
1000028,1000028,1100010,Swethyna,168821810,0x0A100432,0,161,1,50,0,0x00000000,0,0,0,0,0,0x00000000,0,0,0,0,0,0x00000000,0,0,0,0,0,0x00000000,0,0,0,0,0,0x00000000,0,0,0,0,0,0x00000000,0,0,0,0
1000029,1000029,1,\[en],168821780,0x0A100414,0,161,1,20,0,0x00000000,0,0,0,0,0,0x00000000,0,0,0,0,0,0x00000000,0,0,0,0,0,0x00000000,0,0,0,0,0,0x00000000,0,0,0,0,0,0x00000000,0,0,0,0
1000030,1000030,1,\[en],168821770,0x0A10040A,0,161,1,10,0,0x00000000,0,0,0,0,0,0x00000000,0,0,0,0,0,0x00000000,0,0,0,0,0,0x00000000,0,0,0,0,0,0x00000000,0,0,0,0,0,0x00000000,0,0,0,0
1000031,1000031,1,\[en],168821761,0x0A100401,0,161,1,1,0,0x00000000,0,0,0,0,0,0x00000000,0,0,0,0,0,0x00000000,0,0,0,0,0,0x00000000,0,0,0,0,0,0x00000000,0,0,0,0,0,0x00000000,0,0,0,0
1000032,1000032,1,\[en],168821770,0x0A10040A,0,161,1,10,0,0x00000000,0,0,0,0,0,0x00000000,0,0,0,0,0,0x00000000,0,0,0,0,0,0x00000000,0,0,0,0,0,0x00000000,0,0,0,0,0,0x00000000,0,0,0,0
1000033,1000033,2000010,O-App-Pesi,347081758,0x14B00C1E,0,331,3,30,0,0x00000000,0,0,0,0,0,0x00000000,0,0,0,0,0,0x00000000,0,0,0,0,0,0x00000000,0,0,0,0,0,0x00000000,0,0,0,0,0,0x00000000,0,0,0,0
1000034,1000034,1100004,Elewys,210766898,0x0C900C32,0,201,3,50,236979200,0x0E200400,0,226,1,0,0,0x00000000,0,0,0,0,0,0x00000000,0,0,0,0,0,0x00000000,0,0,0,0,231736351,0x0DD0041F,0,221,1,31,0,0x00000000,0,0,0,0
1000035,1000035,1100002,Alicen,347079683,0x14B00403,0,331,1,3,0,0x00000000,0,0,0,0,0,0x00000000,0,0,0,0,0,0x00000000,0,0,0,0,0,0x00000000,0,0,0,0,0,0x00000000,0,0,0,0,0,0x00000000,0,0,0,0
1000036,1000036,1500004,Nunumo,347079684,0x14B00404,0,331,1,4,0,0x00000000,0,0,0,0,0,0x00000000,0,0,0,0,0,0x00000000,0,0,0,0,0,0x00000000,0,0,0,0,0,0x00000000,0,0,0,0,0,0x00000000,0,0,0,0
1000039,1000039,1600089,Greinfarr,79695902,0x04C0101E,0,76,4,30,0,0x00000000,0,0,0,0,0,0x00000000,0,0,0,0,0,0x00000000,0,0,0,0,0,0x00000000,0,0,0,0,0,0x00000000,0,0,0,0,0,0x00000000,0,0,0,0
1000040,1000040,1400080,Popokkuli,862980116,0x33700814,0,823,2,20,0,0x00000000,0,0,0,0,0,0x00000000,0,0,0,0,0,0x00000000,0,0,0,0,0,0x00000000,0,0,0,0,0,0x00000000,0,0,0,0,0,0x00000000,0,0,0,0
1000041,1000041,1400081,Seserukka,862981121,0x33700C01,0,823,3,1,0,0x00000000,0,0,0,0,0,0x00000000,0,0,0,0,0,0x00000000,0,0,0,0,0,0x00000000,0,0,0,0,0,0x00000000,0,0,0,0,0,0x00000000,0,0,0,0
1000043,1000043,1200025,Corguevais,294650930,0x11900432,0,281,1,50,0,0x00000000,0,0,0,0,0,0x00000000,0,0,0,0,0,0x00000000,0,0,0,0,0,0x00000000,0,0,0,0,0,0x00000000,0,0,0,0,0,0x00000000,0,0,0,0
1000048,1000048,1600099,Loetstym,944809984,0x3850A800,0,901,42,0,0,0x00000000,0,0,0,0,0,0x00000000,0,0,0,0,0,0x00000000,0,0,0,0,0,0x00000000,0,0,0,0,0,0x00000000,0,0,0,0,0,0x00000000,0,0,0,0
1000049,1000049,1300046,Jainelette,944770048,0x38500C00,0,901,3,0,0,0x00000000,0,0,0,0,0,0x00000000,0,0,0,0,0,0x00000000,0,0,0,0,0,0x00000000,0,0,0,0,0,0x00000000,0,0,0,0,0,0x00000000,0,0,0,0
1000050,1000050,1200075,Robairlain,894436362,0x3550040A,0,853,1,10,0,0x00000000,0,0,0,0,0,0x00000000,0,0,0,0,0,0x00000000,0,0,0,0,0,0x00000000,0,0,0,0,0,0x00000000,0,0,0,0,0,0x00000000,0,0,0,0
1000051,1000051,1000366,Brictt,147850240,0x08D00400,0,141,1,0,0,0x00000000,0,0,0,0,0,0x00000000,0,0,0,0,0,0x00000000,0,0,0,0,0,0x00000000,0,0,0,0,0,0x00000000,0,0,0,0,0,0x00000000,0,0,0,0
1000052,1000052,1200061,Liautroix,147850241,0x08D00401,0,141,1,1,0,0x00000000,0,0,0,0,0,0x00000000,0,0,0,0,0,0x00000000,0,0,0,0,0,0x00000000,0,0,0,0,0,0x00000000,0,0,0,0,0,0x00000000,0,0,0,0
1000053,1000053,1900022,S'laiboli,243270656,0x0E800400,0,232,1,0,0,0x00000000,0,0,0,0,0,0x00000000,0,0,0,0,0,0x00000000,0,0,0,0,0,0x00000000,0,0,0,0,0,0x00000000,0,0,0,0,0,0x00000000,0,0,0,0
1000054,1000054,1600191,Syhrdaeg,243270656,0x0E800400,0,232,1,0,0,0x00000000,0,0,0,0,0,0x00000000,0,0,0,0,0,0x00000000,0,0,0,0,0,0x00000000,0,0,0,0,0,0x00000000,0,0,0,0,0,0x00000000,0,0,0,0
1000055,1000055,1600117,Moerfian,243270657,0x0E800401,0,232,1,1,0,0x00000000,0,0,0,0,0,0x00000000,0,0,0,0,0,0x00000000,0,0,0,0,0,0x00000000,0,0,0,0,0,0x00000000,0,0,0,0,0,0x00000000,0,0,0,0
1000057,1000057,1900027,Z'onggo,944780288,0x38503400,0,901,13,0,953159680,0x38D01000,0,909,4,0,0,0x00000000,0,0,0,0,0,0x00000000,0,0,0,0,0,0x00000000,0,0,0,0,0,0x00000000,0,0,0,0,0,0x00000000,0,0,0,0
1000058,1000058,4000111,ferry steersman,947914752,0x38800800,0,904,2,0,0,0x00000000,0,0,0,0,0,0x00000000,0,0,0,0,0,0x00000000,0,0,0,0,0,0x00000000,0,0,0,0,0,0x00000000,0,0,0,0,0,0x00000000,0,0,0,0
1000060,1000060,1600141,Pfynhaemr,944775168,0x38502000,0,901,8,0,0,0x00000000,0,0,0,0,0,0x00000000,0,0,0,0,0,0x00000000,0,0,0,0,0,0x00000000,0,0,0,0,0,0x00000000,0,0,0,0,0,0x00000000,0,0,0,0
1000061,1000061,1900019,M'zimzizi,944779264,0x38503000,0,901,12,0,0,0x00000000,0,0,0,0,0,0x00000000,0,0,0,0,0,0x00000000,0,0,0,0,0,0x00000000,0,0,0,0,0,0x00000000,0,0,0,0,0,0x00000000,0,0,0,0
1000062,1000062,1200010,Carrilaut,948962304,0x38900400,0,905,1,0,0,0x00000000,0,0,0,0,0,0x00000000,0,0,0,0,0,0x00000000,0,0,0,0,0,0x00000000,0,0,0,0,0,0x00000000,0,0,0,0,0,0x00000000,0,0,0,0
1000063,1000063,2200116,Gerulf,944778240,0x38502C00,0,901,11,0,815793163,0x30A0040B,0,778,1,11,955253760,0x38F00400,0,911,1,0,0,0x00000000,0,0,0,0,0,0x00000000,0,0,0,0,0,0x00000000,0,0,0,0,0,0x00000000,0,0,0,0
1000064,1000064,1600002,Aentfoet,944776192,0x38502400,0,901,9,0,0,0x00000000,0,0,0,0,0,0x00000000,0,0,0,0,0,0x00000000,0,0,0,0,0,0x00000000,0,0,0,0,0,0x00000000,0,0,0,0,0,0x00000000,0,0,0,0
1000065,1000065,1300040,Frailoise,826278912,0x31400400,0,788,1,0,0,0x00000000,0,0,0,0,0,0x00000000,0,0,0,0,0,0x00000000,0,0,0,0,0,0x00000000,0,0,0,0,0,0x00000000,0,0,0,0,0,0x00000000,0,0,0,0
1000066,1000066,1300025,Alixe,768607243,0x2DD0040B,0,733,1,11,0,0x00000000,0,0,0,0,0,0x00000000,0,0,0,0,0,0x00000000,0,0,0,0,0,0x00000000,0,0,0,0,0,0x00000000,0,0,0,0,0,0x00000000,0,0,0,0
1000067,1000067,1500062,Dadalo,785384448,0x2ED00400,0,749,1,0,0,0x00000000,0,0,0,0,0,0x00000000,0,0,0,0,0,0x00000000,0,0,0,0,0,0x00000000,0,0,0,0,0,0x00000000,0,0,0,0,0,0x00000000,0,0,0,0
1000068,1000068,1000152,Kain,780141569,0x2E800401,0,744,1,1,0,0x00000000,0,0,0,0,0,0x00000000,0,0,0,0,0,0x00000000,0,0,0,0,0,0x00000000,0,0,0,0,0,0x00000000,0,0,0,0,0,0x00000000,0,0,0,0
1000069,1000069,1100350,Jolline,168821760,0x0A100400,0,161,1,0,0,0x00000000,0,0,0,0,0,0x00000000,0,0,0,0,0,0x00000000,0,0,0,0,0,0x00000000,0,0,0,0,0,0x00000000,0,0,0,0,0,0x00000000,0,0,0,0
1000070,1000070,1400066,Kukumuko,58723329,0x03800C01,0,56,3,1,59771905,0x03900C01,0,57,3,1,0,0x00000000,0,0,0,0,0,0x00000000,0,0,0,0,0,0x00000000,0,0,0,0,0,0x00000000,0,0,0,0,0,0x00000000,0,0,0,0
1000071,1000071,1200035,Bertennant,168821770,0x0A10040A,0,161,1,10,0,0x00000000,0,0,0,0,0,0x00000000,0,0,0,0,0,0x00000000,0,0,0,0,0,0x00000000,0,0,0,0,0,0x00000000,0,0,0,0,0,0x00000000,0,0,0,0
1000072,1000072,1300052,Mitainie,168821770,0x0A10040A,0,161,1,10,0,0x00000000,0,0,0,0,0,0x00000000,0,0,0,0,0,0x00000000,0,0,0,0,0,0x00000000,0,0,0,0,0,0x00000000,0,0,0,0,0,0x00000000,0,0,0,0
1000074,1000074,1100155,Onguen,944790528,0x38505C00,0,901,23,0,0,0x00000000,0,0,0,0,0,0x00000000,0,0,0,0,0,0x00000000,0,0,0,0,0,0x00000000,0,0,0,0,0,0x00000000,0,0,0,0,0,0x00000000,0,0,0,0
1000078,1000078,1900036,A'shakkal,79692870,0x04C00446,0,76,1,70,0,0x00000000,0,0,0,0,0,0x00000000,0,0,0,0,0,0x00000000,0,0,0,0,0,0x00000000,0,0,0,0,0,0x00000000,0,0,0,0,0,0x00000000,0,0,0,0
1000079,1000079,4000010,misinformed pirate,243270656,0x0E800400,0,232,1,0,0,0x00000000,0,0,0,0,0,0x00000000,0,0,0,0,0,0x00000000,0,0,0,0,0,0x00000000,0,0,0,0,0,0x00000000,0,0,0,0,0,0x00000000,0,0,0,0
1000080,1000080,4000011,comely pirate,243270656,0x0E800400,0,232,1,0,0,0x00000000,0,0,0,0,0,0x00000000,0,0,0,0,0,0x00000000,0,0,0,0,0,0x00000000,0,0,0,0,0,0x00000000,0,0,0,0,0,0x00000000,0,0,0,0
1000081,1000081,4000012,quick-drawing pirate,243270656,0x0E800400,0,232,1,0,0,0x00000000,0,0,0,0,0,0x00000000,0,0,0,0,0,0x00000000,0,0,0,0,0,0x00000000,0,0,0,0,0,0x00000000,0,0,0,0,0,0x00000000,0,0,0,0
1000082,1000082,4000013,hot-blooded pirate,147851276,0x08D0080C,0,141,2,12,0,0x00000000,0,0,0,0,0,0x00000000,0,0,0,0,0,0x00000000,0,0,0,0,0,0x00000000,0,0,0,0,0,0x00000000,0,0,0,0,0,0x00000000,0,0,0,0
1000083,1000083,4000014,gluttonous pirate,147852299,0x08D00C0B,0,141,3,11,0,0x00000000,0,0,0,0,0,0x00000000,0,0,0,0,0,0x00000000,0,0,0,0,0,0x00000000,0,0,0,0,0,0x00000000,0,0,0,0,0,0x00000000,0,0,0,0
1000084,1000084,4000001,Barracuda Knight,243270656,0x0E800400,0,232,1,0,0,0x00000000,0,0,0,0,0,0x00000000,0,0,0,0,0,0x00000000,0,0,0,0,0,0x00000000,0,0,0,0,0,0x00000000,0,0,0,0,0,0x00000000,0,0,0,0
1000085,1000085,4000001,Barracuda Knight,147851274,0x08D0080A,0,141,2,10,0,0x00000000,0,0,0,0,0,0x00000000,0,0,0,0,0,0x00000000,0,0,0,0,0,0x00000000,0,0,0,0,0,0x00000000,0,0,0,0,0,0x00000000,0,0,0,0
1000086,1000086,4000015,coquettish pirate,147852288,0x08D00C00,0,141,3,0,0,0x00000000,0,0,0,0,0,0x00000000,0,0,0,0,0,0x00000000,0,0,0,0,0,0x00000000,0,0,0,0,0,0x00000000,0,0,0,0,0,0x00000000,0,0,0,0
1000087,1000087,4000113,disgruntled pirate,147851274,0x08D0080A,0,141,2,10,0,0x00000000,0,0,0,0,0,0x00000000,0,0,0,0,0,0x00000000,0,0,0,0,0,0x00000000,0,0,0,0,0,0x00000000,0,0,0,0,0,0x00000000,0,0,0,0
1000088,1000088,4000114,pine-scented pirate,147851275,0x08D0080B,0,141,2,11,0,0x00000000,0,0,0,0,0,0x00000000,0,0,0,0,0,0x00000000,0,0,0,0,0,0x00000000,0,0,0,0,0,0x00000000,0,0,0,0,0,0x00000000,0,0,0,0
1000089,1000089,4000115,baritone pirate,147850240,0x08D00400,0,141,1,0,0,0x00000000,0,0,0,0,0,0x00000000,0,0,0,0,0,0x00000000,0,0,0,0,0,0x00000000,0,0,0,0,0,0x00000000,0,0,0,0,0,0x00000000,0,0,0,0
1000095,1000095,4000001,Barracuda Knight,243270657,0x0E800401,0,232,1,1,0,0x00000000,0,0,0,0,0,0x00000000,0,0,0,0,0,0x00000000,0,0,0,0,0,0x00000000,0,0,0,0,0,0x00000000,0,0,0,0,0,0x00000000,0,0,0,0
1000100,1000100,4000004,relaxing adventurer,737150977,0x2BF00801,0,703,2,1,0,0x00000000,0,0,0,0,0,0x00000000,0,0,0,0,0,0x00000000,0,0,0,0,0,0x00000000,0,0,0,0,0,0x00000000,0,0,0,0,0,0x00000000,0,0,0,0
1000101,1000101,4000023,adventurer,79692820,0x04C00414,0,76,1,20,0,0x00000000,0,0,0,0,0,0x00000000,0,0,0,0,0,0x00000000,0,0,0,0,0,0x00000000,0,0,0,0,0,0x00000000,0,0,0,0,0,0x00000000,0,0,0,0
1000103,1000103,4000024,unapproachable adventurer,60818462,0x03A0041E,0,58,1,30,61867038,0x03B0041E,0,59,1,30,0,0x00000000,0,0,0,0,0,0x00000000,0,0,0,0,0,0x00000000,0,0,0,0,0,0x00000000,0,0,0,0,0,0x00000000,0,0,0,0
1000105,1000105,4000026,spear-wielding adventurer,168823848,0x0A100C28,0,161,3,40,0,0x00000000,0,0,0,0,0,0x00000000,0,0,0,0,0,0x00000000,0,0,0,0,0,0x00000000,0,0,0,0,0,0x00000000,0,0,0,0,0,0x00000000,0,0,0,0
1000106,1000106,4000027,murderous Barracuda Knight,243270658,0x0E800402,0,232,1,2,0,0x00000000,0,0,0,0,0,0x00000000,0,0,0,0,0,0x00000000,0,0,0,0,0,0x00000000,0,0,0,0,0,0x00000000,0,0,0,0,0,0x00000000,0,0,0,0
1000107,1000107,4000028,overeager Barracuda Knight,243270658,0x0E800402,0,232,1,2,0,0x00000000,0,0,0,0,0,0x00000000,0,0,0,0,0,0x00000000,0,0,0,0,0,0x00000000,0,0,0,0,0,0x00000000,0,0,0,0,0,0x00000000,0,0,0,0
1000108,1000108,4000029,sophisticated Barracuda Knight,243270658,0x0E800402,0,232,1,2,0,0x00000000,0,0,0,0,0,0x00000000,0,0,0,0,0,0x00000000,0,0,0,0,0,0x00000000,0,0,0,0,0,0x00000000,0,0,0,0,0,0x00000000,0,0,0,0
1000110,1000110,4000031,frightened Barracuda Knight,243270658,0x0E800402,0,232,1,2,0,0x00000000,0,0,0,0,0,0x00000000,0,0,0,0,0,0x00000000,0,0,0,0,0,0x00000000,0,0,0,0,0,0x00000000,0,0,0,0,0,0x00000000,0,0,0,0
1000111,1000111,4000035,tattooed pirate,147852288,0x08D00C00,0,141,3,0,0,0x00000000,0,0,0,0,0,0x00000000,0,0,0,0,0,0x00000000,0,0,0,0,0,0x00000000,0,0,0,0,0,0x00000000,0,0,0,0,0,0x00000000,0,0,0,0
1000112,1000112,4000032,zealous pirate,147850240,0x08D00400,0,141,1,0,0,0x00000000,0,0,0,0,0,0x00000000,0,0,0,0,0,0x00000000,0,0,0,0,0,0x00000000,0,0,0,0,0,0x00000000,0,0,0,0,0,0x00000000,0,0,0,0
1000113,1000113,4000033,enraged pirate,147850241,0x08D00401,0,141,1,1,0,0x00000000,0,0,0,0,0,0x00000000,0,0,0,0,0,0x00000000,0,0,0,0,0,0x00000000,0,0,0,0,0,0x00000000,0,0,0,0,0,0x00000000,0,0,0,0
1000114,1000114,4000034,hook-nosed pirate,147850241,0x08D00401,0,141,1,1,0,0x00000000,0,0,0,0,0,0x00000000,0,0,0,0,0,0x00000000,0,0,0,0,0,0x00000000,0,0,0,0,0,0x00000000,0,0,0,0,0,0x00000000,0,0,0,0
1000115,1000115,4000038,voluptuous pirate,147852288,0x08D00C00,0,141,3,0,0,0x00000000,0,0,0,0,0,0x00000000,0,0,0,0,0,0x00000000,0,0,0,0,0,0x00000000,0,0,0,0,0,0x00000000,0,0,0,0,0,0x00000000,0,0,0,0
1000116,1000116,4000039,inscrutable pirate,147852288,0x08D00C00,0,141,3,0,0,0x00000000,0,0,0,0,0,0x00000000,0,0,0,0,0,0x00000000,0,0,0,0,0,0x00000000,0,0,0,0,0,0x00000000,0,0,0,0,0,0x00000000,0,0,0,0
1000117,1000117,4000040,thewy pirate,80741386,0x04D0040A,0,77,1,10,0,0x00000000,0,0,0,0,0,0x00000000,0,0,0,0,0,0x00000000,0,0,0,0,0,0x00000000,0,0,0,0,0,0x00000000,0,0,0,0,0,0x00000000,0,0,0,0
1000118,1000118,4000041,peacockish pirate,147852298,0x08D00C0A,0,141,3,10,0,0x00000000,0,0,0,0,0,0x00000000,0,0,0,0,0,0x00000000,0,0,0,0,0,0x00000000,0,0,0,0,0,0x00000000,0,0,0,0,0,0x00000000,0,0,0,0
1000119,1000119,4000042,freckled pirate,147852289,0x08D00C01,0,141,3,1,0,0x00000000,0,0,0,0,0,0x00000000,0,0,0,0,0,0x00000000,0,0,0,0,0,0x00000000,0,0,0,0,0,0x00000000,0,0,0,0,0,0x00000000,0,0,0,0
1000120,1000120,4000003,assessor,383779840,0x16E00400,0,366,1,0,0,0x00000000,0,0,0,0,0,0x00000000,0,0,0,0,0,0x00000000,0,0,0,0,0,0x00000000,0,0,0,0,0,0x00000000,0,0,0,0,0,0x00000000,0,0,0,0
1000121,1000121,4000003,assessor,383779842,0x16E00402,0,366,1,2,0,0x00000000,0,0,0,0,0,0x00000000,0,0,0,0,0,0x00000000,0,0,0,0,0,0x00000000,0,0,0,0,0,0x00000000,0,0,0,0,0,0x00000000,0,0,0,0
1000122,1000122,1900035,A'brohka,383779840,0x16E00400,0,366,1,0,0,0x00000000,0,0,0,0,0,0x00000000,0,0,0,0,0,0x00000000,0,0,0,0,0,0x00000000,0,0,0,0,0,0x00000000,0,0,0,0,0,0x00000000,0,0,0,0
1000125,1000125,1200039,Chaunollet,243270659,0x0E800403,0,232,1,3,0,0x00000000,0,0,0,0,0,0x00000000,0,0,0,0,0,0x00000000,0,0,0,0,0,0x00000000,0,0,0,0,0,0x00000000,0,0,0,0,0,0x00000000,0,0,0,0
1000126,1000126,4000001,Barracuda Knight,243270666,0x0E80040A,0,232,1,10,0,0x00000000,0,0,0,0,0,0x00000000,0,0,0,0,0,0x00000000,0,0,0,0,0,0x00000000,0,0,0,0,0,0x00000000,0,0,0,0,0,0x00000000,0,0,0,0
1000127,1000127,4000001,Barracuda Knight,243270666,0x0E80040A,0,232,1,10,0,0x00000000,0,0,0,0,0,0x00000000,0,0,0,0,0,0x00000000,0,0,0,0,0,0x00000000,0,0,0,0,0,0x00000000,0,0,0,0,0,0x00000000,0,0,0,0
1000128,1000128,4000001,Barracuda Knight,243270666,0x0E80040A,0,232,1,10,0,0x00000000,0,0,0,0,0,0x00000000,0,0,0,0,0,0x00000000,0,0,0,0,0,0x00000000,0,0,0,0,0,0x00000000,0,0,0,0,0,0x00000000,0,0,0,0
1000129,1000129,1400053,Raragun,243270656,0x0E800400,0,232,1,0,0,0x00000000,0,0,0,0,0,0x00000000,0,0,0,0,0,0x00000000,0,0,0,0,0,0x00000000,0,0,0,0,0,0x00000000,0,0,0,0,0,0x00000000,0,0,0,0
1000130,1000130,1600120,Mynadaeg,243270656,0x0E800400,0,232,1,0,0,0x00000000,0,0,0,0,0,0x00000000,0,0,0,0,0,0x00000000,0,0,0,0,0,0x00000000,0,0,0,0,0,0x00000000,0,0,0,0,0,0x00000000,0,0,0,0
1000131,1000131,1900079,Tefh Moshroca,243270659,0x0E800403,0,232,1,3,0,0x00000000,0,0,0,0,0,0x00000000,0,0,0,0,0,0x00000000,0,0,0,0,0,0x00000000,0,0,0,0,0,0x00000000,0,0,0,0,0,0x00000000,0,0,0,0
1000132,1000132,1100076,Ginnade,243270659,0x0E800403,0,232,1,3,0,0x00000000,0,0,0,0,0,0x00000000,0,0,0,0,0,0x00000000,0,0,0,0,0,0x00000000,0,0,0,0,0,0x00000000,0,0,0,0,0,0x00000000,0,0,0,0
1000133,1000133,1200097,Arthurioux,243270656,0x0E800400,0,232,1,0,0,0x00000000,0,0,0,0,0,0x00000000,0,0,0,0,0,0x00000000,0,0,0,0,0,0x00000000,0,0,0,0,0,0x00000000,0,0,0,0,0,0x00000000,0,0,0,0
1000134,1000134,1200084,Martiallais,721421313,0x2B000401,0,688,1,1,0,0x00000000,0,0,0,0,0,0x00000000,0,0,0,0,0,0x00000000,0,0,0,0,0,0x00000000,0,0,0,0,0,0x00000000,0,0,0,0,0,0x00000000,0,0,0,0
1000135,1000135,1100138,Iofa,721421332,0x2B000414,0,688,1,20,0,0x00000000,0,0,0,0,0,0x00000000,0,0,0,0,0,0x00000000,0,0,0,0,0,0x00000000,0,0,0,0,0,0x00000000,0,0,0,0,0,0x00000000,0,0,0,0
1000136,1000136,1400059,Nanapiri,147850241,0x08D00401,0,141,1,1,0,0x00000000,0,0,0,0,0,0x00000000,0,0,0,0,0,0x00000000,0,0,0,0,0,0x00000000,0,0,0,0,0,0x00000000,0,0,0,0,0,0x00000000,0,0,0,0
1000140,1000140,1000023,Reyner,243270676,0x0E800414,0,232,1,20,0,0x00000000,0,0,0,0,0,0x00000000,0,0,0,0,0,0x00000000,0,0,0,0,0,0x00000000,0,0,0,0,0,0x00000000,0,0,0,0,0,0x00000000,0,0,0,0
1000141,1000141,1000023,Reyner,243270658,0x0E800402,0,232,1,2,0,0x00000000,0,0,0,0,0,0x00000000,0,0,0,0,0,0x00000000,0,0,0,0,0,0x00000000,0,0,0,0,0,0x00000000,0,0,0,0,0,0x00000000,0,0,0,0
1000142,1000142,1600112,Mannskoen,243270657,0x0E800401,0,232,1,1,0,0x00000000,0,0,0,0,0,0x00000000,0,0,0,0,0,0x00000000,0,0,0,0,0,0x00000000,0,0,0,0,0,0x00000000,0,0,0,0,0,0x00000000,0,0,0,0
1000143,1000143,1600081,Fyrahrm,79693826,0x04C00802,0,76,2,2,0,0x00000000,0,0,0,0,0,0x00000000,0,0,0,0,0,0x00000000,0,0,0,0,0,0x00000000,0,0,0,0,0,0x00000000,0,0,0,0,0,0x00000000,0,0,0,0
1000145,1000145,1900029,H'naanza,737150977,0x2BF00801,0,703,2,1,0,0x00000000,0,0,0,0,0,0x00000000,0,0,0,0,0,0x00000000,0,0,0,0,0,0x00000000,0,0,0,0,0,0x00000000,0,0,0,0,0,0x00000000,0,0,0,0
1000146,1000146,1900029,H'naanza,737151016,0x2BF00828,0,703,2,40,0,0x00000000,0,0,0,0,0,0x00000000,0,0,0,0,0,0x00000000,0,0,0,0,0,0x00000000,0,0,0,0,0,0x00000000,0,0,0,0,0,0x00000000,0,0,0,0
1000147,1000147,1200108,Carvallain,147850300,0x08D0043C,0,141,1,60,0,0x00000000,0,0,0,0,0,0x00000000,0,0,0,0,0,0x00000000,0,0,0,0,0,0x00000000,0,0,0,0,0,0x00000000,0,0,0,0,0,0x00000000,0,0,0,0
1000148,1000148,1100212,Rhoswen,243270676,0x0E800414,0,232,1,20,0,0x00000000,0,0,0,0,0,0x00000000,0,0,0,0,0,0x00000000,0,0,0,0,0,0x00000000,0,0,0,0,0,0x00000000,0,0,0,0,0,0x00000000,0,0,0,0
1000149,1000149,1900047,J'arhll,383779883,0x16E0042B,0,366,1,43,0,0x00000000,0,0,0,0,0,0x00000000,0,0,0,0,0,0x00000000,0,0,0,0,0,0x00000000,0,0,0,0,0,0x00000000,0,0,0,0,0,0x00000000,0,0,0,0
1000152,1000152,1200100,Isaudorel,243270656,0x0E800400,0,232,1,0,0,0x00000000,0,0,0,0,0,0x00000000,0,0,0,0,0,0x00000000,0,0,0,0,0,0x00000000,0,0,0,0,0,0x00000000,0,0,0,0,0,0x00000000,0,0,0,0
1000154,1000154,1400010,Wawalago,894437416,0x35500828,0,853,2,40,0,0x00000000,0,0,0,0,0,0x00000000,0,0,0,0,0,0x00000000,0,0,0,0,0,0x00000000,0,0,0,0,0,0x00000000,0,0,0,0,0,0x00000000,0,0,0,0
1000155,1000155,1500024,Sisipu,894436363,0x3550040B,0,853,1,11,0,0x00000000,0,0,0,0,0,0x00000000,0,0,0,0,0,0x00000000,0,0,0,0,0,0x00000000,0,0,0,0,0,0x00000000,0,0,0,0,0,0x00000000,0,0,0,0
1000156,1000156,1500024,Sisipu,894436363,0x3550040B,0,853,1,11,0,0x00000000,0,0,0,0,0,0x00000000,0,0,0,0,0,0x00000000,0,0,0,0,0,0x00000000,0,0,0,0,0,0x00000000,0,0,0,0,0,0x00000000,0,0,0,0
1000160,1000160,1600092,Haldberk,383779841,0x16E00401,0,366,1,1,0,0x00000000,0,0,0,0,0,0x00000000,0,0,0,0,0,0x00000000,0,0,0,0,0,0x00000000,0,0,0,0,0,0x00000000,0,0,0,0,0,0x00000000,0,0,0,0
1000162,1000162,1900069,Qhas Chalahko,721421333,0x2B000415,0,688,1,21,0,0x00000000,0,0,0,0,0,0x00000000,0,0,0,0,0,0x00000000,0,0,0,0,0,0x00000000,0,0,0,0,0,0x00000000,0,0,0,0,0,0x00000000,0,0,0,0
1000168,1000168,1100450,Prudentia,0,0x00000000,0,0,0,0,826278914,0x31400402,0,788,1,2,0,0x00000000,0,0,0,0,0,0x00000000,0,0,0,0,0,0x00000000,0,0,0,0,0,0x00000000,0,0,0,0,0,0x00000000,0,0,0,0
1000169,1000169,1100408,Pulmia,0,0x00000000,0,0,0,0,826278913,0x31400401,0,788,1,1,0,0x00000000,0,0,0,0,0,0x00000000,0,0,0,0,0,0x00000000,0,0,0,0,0,0x00000000,0,0,0,0,0,0x00000000,0,0,0,0
1000174,1000174,4000257,???,894436362,0x3550040A,0,853,1,10,0,0x00000000,0,0,0,0,0,0x00000000,0,0,0,0,0,0x00000000,0,0,0,0,0,0x00000000,0,0,0,0,0,0x00000000,0,0,0,0,0,0x00000000,0,0,0,0
1000176,1000176,1400012,Mimidoa,721421332,0x2B000414,0,688,1,20,0,0x00000000,0,0,0,0,0,0x00000000,0,0,0,0,0,0x00000000,0,0,0,0,0,0x00000000,0,0,0,0,0,0x00000000,0,0,0,0,0,0x00000000,0,0,0,0
1000177,1000177,1600195,Syngsmyd,737149954,0x2BF00402,0,703,1,2,747635714,0x2C900402,0,713,1,2,0,0x00000000,0,0,0,0,0,0x00000000,0,0,0,0,0,0x00000000,0,0,0,0,0,0x00000000,0,0,0,0,0,0x00000000,0,0,0,0
1000178,1000178,1500031,Lilina,383779882,0x16E0042A,0,366,1,42,0,0x00000000,0,0,0,0,0,0x00000000,0,0,0,0,0,0x00000000,0,0,0,0,0,0x00000000,0,0,0,0,0,0x00000000,0,0,0,0,0,0x00000000,0,0,0,0
1000179,1000179,1900065,Rubh Epocan,383779860,0x16E00414,0,366,1,20,0,0x00000000,0,0,0,0,0,0x00000000,0,0,0,0,0,0x00000000,0,0,0,0,0,0x00000000,0,0,0,0,0,0x00000000,0,0,0,0,0,0x00000000,0,0,0,0
1000180,1000180,1300026,Astrid,894437377,0x35500801,0,853,2,1,0,0x00000000,0,0,0,0,0,0x00000000,0,0,0,0,0,0x00000000,0,0,0,0,0,0x00000000,0,0,0,0,0,0x00000000,0,0,0,0,0,0x00000000,0,0,0,0
1000181,1000181,1200092,Xavalien,894436363,0x3550040B,0,853,1,11,0,0x00000000,0,0,0,0,0,0x00000000,0,0,0,0,0,0x00000000,0,0,0,0,0,0x00000000,0,0,0,0,0,0x00000000,0,0,0,0,0,0x00000000,0,0,0,0
1000182,1000182,4000117,hulking Barracuda Knight,243270659,0x0E800403,0,232,1,3,0,0x00000000,0,0,0,0,0,0x00000000,0,0,0,0,0,0x00000000,0,0,0,0,0,0x00000000,0,0,0,0,0,0x00000000,0,0,0,0,0,0x00000000,0,0,0,0
1000183,1000183,4000001,Barracuda Knight,243270658,0x0E800402,0,232,1,2,0,0x00000000,0,0,0,0,0,0x00000000,0,0,0,0,0,0x00000000,0,0,0,0,0,0x00000000,0,0,0,0,0,0x00000000,0,0,0,0,0,0x00000000,0,0,0,0
1000184,1000184,4000001,Barracuda Knight,243270657,0x0E800401,0,232,1,1,0,0x00000000,0,0,0,0,0,0x00000000,0,0,0,0,0,0x00000000,0,0,0,0,0,0x00000000,0,0,0,0,0,0x00000000,0,0,0,0,0,0x00000000,0,0,0,0
1000185,1000185,1000010,Thancred,79693844,0x04C00814,0,76,2,20,0,0x00000000,0,0,0,0,0,0x00000000,0,0,0,0,0,0x00000000,0,0,0,0,0,0x00000000,0,0,0,0,0,0x00000000,0,0,0,0,0,0x00000000,0,0,0,0
1000187,1000187,1900039,R'piqoi,737152000,0x2BF00C00,0,703,3,0,0,0x00000000,0,0,0,0,0,0x00000000,0,0,0,0,0,0x00000000,0,0,0,0,0,0x00000000,0,0,0,0,0,0x00000000,0,0,0,0,0,0x00000000,0,0,0,0
1000188,1000188,1300016,Ailissie,737152000,0x2BF00C00,0,703,3,0,0,0x00000000,0,0,0,0,0,0x00000000,0,0,0,0,0,0x00000000,0,0,0,0,0,0x00000000,0,0,0,0,0,0x00000000,0,0,0,0,0,0x00000000,0,0,0,0
1000189,1000189,1100015,Ceryth,721421333,0x2B000415,0,688,1,21,0,0x00000000,0,0,0,0,0,0x00000000,0,0,0,0,0,0x00000000,0,0,0,0,0,0x00000000,0,0,0,0,0,0x00000000,0,0,0,0,0,0x00000000,0,0,0,0
1000191,1000191,1300067,Triaine,147852288,0x08D00C00,0,141,3,0,0,0x00000000,0,0,0,0,0,0x00000000,0,0,0,0,0,0x00000000,0,0,0,0,0,0x00000000,0,0,0,0,0,0x00000000,0,0,0,0,0,0x00000000,0,0,0,0
1000192,1000192,1900077,Wyra Khamazom,147852289,0x08D00C01,0,141,3,1,0,0x00000000,0,0,0,0,0,0x00000000,0,0,0,0,0,0x00000000,0,0,0,0,0,0x00000000,0,0,0,0,0,0x00000000,0,0,0,0,0,0x00000000,0,0,0,0
1000194,1000194,1100099,Ositha,147851275,0x08D0080B,0,141,2,11,0,0x00000000,0,0,0,0,0,0x00000000,0,0,0,0,0,0x00000000,0,0,0,0,0,0x00000000,0,0,0,0,0,0x00000000,0,0,0,0,0,0x00000000,0,0,0,0
1000195,1000195,1600064,Elilwaen,383779841,0x16E00401,0,366,1,1,0,0x00000000,0,0,0,0,0,0x00000000,0,0,0,0,0,0x00000000,0,0,0,0,0,0x00000000,0,0,0,0,0,0x00000000,0,0,0,0,0,0x00000000,0,0,0,0
1000196,1000196,1400055,Dodoroba,383779842,0x16E00402,0,366,1,2,0,0x00000000,0,0,0,0,0,0x00000000,0,0,0,0,0,0x00000000,0,0,0,0,0,0x00000000,0,0,0,0,0,0x00000000,0,0,0,0,0,0x00000000,0,0,0,0
1000197,1000197,1000143,Ivan,383779881,0x16E00429,0,366,1,41,0,0x00000000,0,0,0,0,0,0x00000000,0,0,0,0,0,0x00000000,0,0,0,0,0,0x00000000,0,0,0,0,0,0x00000000,0,0,0,0,0,0x00000000,0,0,0,0
1000198,1000198,1600199,Thosinbaen,383779840,0x16E00400,0,366,1,0,0,0x00000000,0,0,0,0,0,0x00000000,0,0,0,0,0,0x00000000,0,0,0,0,0,0x00000000,0,0,0,0,0,0x00000000,0,0,0,0,0,0x00000000,0,0,0,0
1000199,1000199,1000069,Clifton,894436363,0x3550040B,0,853,1,11,0,0x00000000,0,0,0,0,0,0x00000000,0,0,0,0,0,0x00000000,0,0,0,0,0,0x00000000,0,0,0,0,0,0x00000000,0,0,0,0,0,0x00000000,0,0,0,0
1000200,1000200,1600211,Undsatz,894437386,0x3550080A,0,853,2,10,0,0x00000000,0,0,0,0,0,0x00000000,0,0,0,0,0,0x00000000,0,0,0,0,0,0x00000000,0,0,0,0,0,0x00000000,0,0,0,0,0,0x00000000,0,0,0,0
1000201,1000201,1400074,Rerenasu,894436362,0x3550040A,0,853,1,10,0,0x00000000,0,0,0,0,0,0x00000000,0,0,0,0,0,0x00000000,0,0,0,0,0,0x00000000,0,0,0,0,0,0x00000000,0,0,0,0,0,0x00000000,0,0,0,0
1000202,1000202,1900072,Daca Jinjahl,894437406,0x3550081E,0,853,2,30,0,0x00000000,0,0,0,0,0,0x00000000,0,0,0,0,0,0x00000000,0,0,0,0,0,0x00000000,0,0,0,0,0,0x00000000,0,0,0,0,0,0x00000000,0,0,0,0
1000203,1000203,1600045,Bloemerl,894437377,0x35500801,0,853,2,1,0,0x00000000,0,0,0,0,0,0x00000000,0,0,0,0,0,0x00000000,0,0,0,0,0,0x00000000,0,0,0,0,0,0x00000000,0,0,0,0,0,0x00000000,0,0,0,0
1000204,1000204,2200192,Nadilo,383779842,0x16E00402,0,366,1,2,0,0x00000000,0,0,0,0,0,0x00000000,0,0,0,0,0,0x00000000,0,0,0,0,0,0x00000000,0,0,0,0,0,0x00000000,0,0,0,0,0,0x00000000,0,0,0,0
1000206,1000206,1300029,Bernaide,383779842,0x16E00402,0,366,1,2,0,0x00000000,0,0,0,0,0,0x00000000,0,0,0,0,0,0x00000000,0,0,0,0,0,0x00000000,0,0,0,0,0,0x00000000,0,0,0,0,0,0x00000000,0,0,0,0
1000208,1000208,1400015,Pipilyo,815795200,0x30A00C00,0,778,3,0,0,0x00000000,0,0,0,0,0,0x00000000,0,0,0,0,0,0x00000000,0,0,0,0,0,0x00000000,0,0,0,0,0,0x00000000,0,0,0,0,0,0x00000000,0,0,0,0
1000209,1000209,1400015,Pipilyo,815793173,0x30A00415,0,778,1,21,0,0x00000000,0,0,0,0,0,0x00000000,0,0,0,0,0,0x00000000,0,0,0,0,0,0x00000000,0,0,0,0,0,0x00000000,0,0,0,0,0,0x00000000,0,0,0,0
1000210,1000210,1200003,Dellemmont,815795220,0x30A00C14,0,778,3,20,0,0x00000000,0,0,0,0,0,0x00000000,0,0,0,0,0,0x00000000,0,0,0,0,0,0x00000000,0,0,0,0,0,0x00000000,0,0,0,0,0,0x00000000,0,0,0,0
1000211,1000211,1900016,K'konnala,815793167,0x30A0040F,0,778,1,15,0,0x00000000,0,0,0,0,0,0x00000000,0,0,0,0,0,0x00000000,0,0,0,0,0,0x00000000,0,0,0,0,0,0x00000000,0,0,0,0,0,0x00000000,0,0,0,0
1000213,1000213,1100012,Adela,815793163,0x30A0040B,0,778,1,11,0,0x00000000,0,0,0,0,0,0x00000000,0,0,0,0,0,0x00000000,0,0,0,0,0,0x00000000,0,0,0,0,0,0x00000000,0,0,0,0,0,0x00000000,0,0,0,0
1000214,1000214,1300021,Tiphainia,168825858,0x0A101402,0,161,5,2,0,0x00000000,0,0,0,0,0,0x00000000,0,0,0,0,0,0x00000000,0,0,0,0,0,0x00000000,0,0,0,0,0,0x00000000,0,0,0,0,0,0x00000000,0,0,0,0
1000215,1000215,1600096,Hyllfyr,147853342,0x08D0101E,0,141,4,30,0,0x00000000,0,0,0,0,0,0x00000000,0,0,0,0,0,0x00000000,0,0,0,0,0,0x00000000,0,0,0,0,0,0x00000000,0,0,0,0,0,0x00000000,0,0,0,0
1000216,1000216,1900035,A'brohka,383779841,0x16E00401,0,366,1,1,0,0x00000000,0,0,0,0,0,0x00000000,0,0,0,0,0,0x00000000,0,0,0,0,0,0x00000000,0,0,0,0,0,0x00000000,0,0,0,0,0,0x00000000,0,0,0,0
1000231,1000231,1000324,Hereward,768607243,0x2DD0040B,0,733,1,11,0,0x00000000,0,0,0,0,0,0x00000000,0,0,0,0,0,0x00000000,0,0,0,0,0,0x00000000,0,0,0,0,0,0x00000000,0,0,0,0,0,0x00000000,0,0,0,0
1000232,1000232,1100006,Geva,768610314,0x2DD0100A,0,733,4,10,0,0x00000000,0,0,0,0,0,0x00000000,0,0,0,0,0,0x00000000,0,0,0,0,0,0x00000000,0,0,0,0,0,0x00000000,0,0,0,0,0,0x00000000,0,0,0,0
1000233,1000233,1100006,Geva,768610304,0x2DD01000,0,733,4,0,0,0x00000000,0,0,0,0,0,0x00000000,0,0,0,0,0,0x00000000,0,0,0,0,0,0x00000000,0,0,0,0,0,0x00000000,0,0,0,0,0,0x00000000,0,0,0,0
1000234,1000234,1300064,Soileine,347081798,0x14B00C46,0,331,3,70,0,0x00000000,0,0,0,0,0,0x00000000,0,0,0,0,0,0x00000000,0,0,0,0,0,0x00000000,0,0,0,0,0,0x00000000,0,0,0,0,0,0x00000000,0,0,0,0
1000237,1000237,1500021,Fufucha,878709770,0x34600C0A,0,838,3,10,0,0x00000000,0,0,0,0,0,0x00000000,0,0,0,0,0,0x00000000,0,0,0,0,0,0x00000000,0,0,0,0,0,0x00000000,0,0,0,0,0,0x00000000,0,0,0,0
1000240,1000240,1400070,Zezekuta,705692763,0x2A10045B,0,673,1,91,0,0x00000000,0,0,0,0,0,0x00000000,0,0,0,0,0,0x00000000,0,0,0,0,0,0x00000000,0,0,0,0,0,0x00000000,0,0,0,0,0,0x00000000,0,0,0,0
1000243,1000243,1000013,Burchard,168821790,0x0A10041E,0,161,1,30,0,0x00000000,0,0,0,0,0,0x00000000,0,0,0,0,0,0x00000000,0,0,0,0,0,0x00000000,0,0,0,0,0,0x00000000,0,0,0,0,0,0x00000000,0,0,0,0
1000245,1000245,1500008,Kikiya,147850241,0x08D00401,0,141,1,1,0,0x00000000,0,0,0,0,0,0x00000000,0,0,0,0,0,0x00000000,0,0,0,0,0,0x00000000,0,0,0,0,0,0x00000000,0,0,0,0,0,0x00000000,0,0,0,0
1000246,1000246,1600250,Zaenskyf,737152010,0x2BF00C0A,0,703,3,10,0,0x00000000,0,0,0,0,0,0x00000000,0,0,0,0,0,0x00000000,0,0,0,0,0,0x00000000,0,0,0,0,0,0x00000000,0,0,0,0,0,0x00000000,0,0,0,0
1000258,1000258,4000061,pissed pirate,944784384,0x38504400,0,901,17,0,0,0x00000000,0,0,0,0,0,0x00000000,0,0,0,0,0,0x00000000,0,0,0,0,0,0x00000000,0,0,0,0,0,0x00000000,0,0,0,0,0,0x00000000,0,0,0,0
1000264,1000264,4000106,pasty-faced adventurer,60818442,0x03A0040A,0,58,1,10,61867018,0x03B0040A,0,59,1,10,0,0x00000000,0,0,0,0,0,0x00000000,0,0,0,0,0,0x00000000,0,0,0,0,0,0x00000000,0,0,0,0,0,0x00000000,0,0,0,0
1000265,1000265,1500071,Sosoze,721421314,0x2B000402,0,688,1,2,731907073,0x2BA00401,0,698,1,1,0,0x00000000,0,0,0,0,0,0x00000000,0,0,0,0,0,0x00000000,0,0,0,0,0,0x00000000,0,0,0,0,0,0x00000000,0,0,0,0
1000266,1000266,1000073,Colson,721421313,0x2B000401,0,688,1,1,731907072,0x2BA00400,0,698,1,0,0,0x00000000,0,0,0,0,0,0x00000000,0,0,0,0,0,0x00000000,0,0,0,0,0,0x00000000,0,0,0,0,0,0x00000000,0,0,0,0
1000267,1000267,1500052,Hihine,737149954,0x2BF00402,0,703,1,2,747635714,0x2C900402,0,713,1,2,0,0x00000000,0,0,0,0,0,0x00000000,0,0,0,0,0,0x00000000,0,0,0,0,0,0x00000000,0,0,0,0,0,0x00000000,0,0,0,0
1000268,1000268,1300093,Trinne,737149954,0x2BF00402,0,703,1,2,0,0x00000000,0,0,0,0,0,0x00000000,0,0,0,0,0,0x00000000,0,0,0,0,0,0x00000000,0,0,0,0,0,0x00000000,0,0,0,0,0,0x00000000,0,0,0,0
1000269,1000269,1500073,Kokoto,80741416,0x04D00428,0,77,1,40,0,0x00000000,0,0,0,0,0,0x00000000,0,0,0,0,0,0x00000000,0,0,0,0,0,0x00000000,0,0,0,0,0,0x00000000,0,0,0,0,0,0x00000000,0,0,0,0
1000271,1000271,1300092,Maunie,58723348,0x03800C14,0,56,3,20,59771924,0x03900C14,0,57,3,20,0,0x00000000,0,0,0,0,0,0x00000000,0,0,0,0,0,0x00000000,0,0,0,0,0,0x00000000,0,0,0,0,0,0x00000000,0,0,0,0
1000272,1000272,1200079,Tirauland,168823811,0x0A100C03,0,161,3,3,0,0x00000000,0,0,0,0,0,0x00000000,0,0,0,0,0,0x00000000,0,0,0,0,0,0x00000000,0,0,0,0,0,0x00000000,0,0,0,0,0,0x00000000,0,0,0,0
1000275,1000275,1300077,Chantine,784335892,0x2EC00414,0,748,1,20,0,0x00000000,0,0,0,0,0,0x00000000,0,0,0,0,0,0x00000000,0,0,0,0,0,0x00000000,0,0,0,0,0,0x00000000,0,0,0,0,0,0x00000000,0,0,0,0
1000277,1000277,1400072,Kakamehi,800068608,0x2FB01400,0,763,5,0,0,0x00000000,0,0,0,0,0,0x00000000,0,0,0,0,0,0x00000000,0,0,0,0,0,0x00000000,0,0,0,0,0,0x00000000,0,0,0,0,0,0x00000000,0,0,0,0
1000279,1000279,1000150,Josias,717227011,0x2AC00403,0,684,1,3,0,0x00000000,0,0,0,0,0,0x00000000,0,0,0,0,0,0x00000000,0,0,0,0,0,0x00000000,0,0,0,0,0,0x00000000,0,0,0,0,0,0x00000000,0,0,0,0
1000280,1000280,2200094,Frithuric,768610304,0x2DD01000,0,733,4,0,0,0x00000000,0,0,0,0,0,0x00000000,0,0,0,0,0,0x00000000,0,0,0,0,0,0x00000000,0,0,0,0,0,0x00000000,0,0,0,0,0,0x00000000,0,0,0,0
1000282,1000282,4000052,drowsy-eyed adventurer,168823829,0x0A100C15,0,161,3,21,0,0x00000000,0,0,0,0,0,0x00000000,0,0,0,0,0,0x00000000,0,0,0,0,0,0x00000000,0,0,0,0,0,0x00000000,0,0,0,0,0,0x00000000,0,0,0,0
1000283,1000283,4000053,unconscious adventurer,147850241,0x08D00401,0,141,1,1,0,0x00000000,0,0,0,0,0,0x00000000,0,0,0,0,0,0x00000000,0,0,0,0,0,0x00000000,0,0,0,0,0,0x00000000,0,0,0,0,0,0x00000000,0,0,0,0
1000284,1000284,4000054,positively pungent pirate,147852288,0x08D00C00,0,141,3,0,0,0x00000000,0,0,0,0,0,0x00000000,0,0,0,0,0,0x00000000,0,0,0,0,0,0x00000000,0,0,0,0,0,0x00000000,0,0,0,0,0,0x00000000,0,0,0,0
1000285,1000285,4000055,bedraggled pirate,147852288,0x08D00C00,0,141,3,0,0,0x00000000,0,0,0,0,0,0x00000000,0,0,0,0,0,0x00000000,0,0,0,0,0,0x00000000,0,0,0,0,0,0x00000000,0,0,0,0,0,0x00000000,0,0,0,0
1000286,1000286,4000056,sure-voiced Barracuda Knight,243270666,0x0E80040A,0,232,1,10,0,0x00000000,0,0,0,0,0,0x00000000,0,0,0,0,0,0x00000000,0,0,0,0,0,0x00000000,0,0,0,0,0,0x00000000,0,0,0,0,0,0x00000000,0,0,0,0
1000287,1000287,1400045,Kakalan,80712704,0x04CF9400,0,76,997,0,33526784,0x01FF9400,0,31,997,0,0,0x00000000,0,0,0,0,0,0x00000000,0,0,0,0,0,0x00000000,0,0,0,0,0,0x00000000,0,0,0,0,0,0x00000000,0,0,0,0
1000288,1000288,1400045,Kakalan,274699264,0x105F9400,0,261,997,0,0,0x00000000,0,0,0,0,0,0x00000000,0,0,0,0,0,0x00000000,0,0,0,0,0,0x00000000,0,0,0,0,0,0x00000000,0,0,0,0,0,0x00000000,0,0,0,0
1000290,1000290,1400045,Kakalan,61867058,0x03B00432,0,59,1,50,60818482,0x03A00432,0,58,1,50,0,0x00000000,0,0,0,0,0,0x00000000,0,0,0,0,0,0x00000000,0,0,0,0,0,0x00000000,0,0,0,0,0,0x00000000,0,0,0,0
1000291,1000291,1400045,Kakalan,210767922,0x0C901032,0,201,4,50,236979210,0x0E20040A,0,226,1,10,0,0x00000000,0,0,0,0,0,0x00000000,0,0,0,0,0,0x00000000,0,0,0,0,0,0x00000000,0,0,0,0,0,0x00000000,0,0,0,0
1000294,1000294,4000078,proper-postured adventurer,79698946,0x04C01C02,0,76,7,2,32507934,0x01F0081E,0,31,2,30,0,0x00000000,0,0,0,0,0,0x00000000,0,0,0,0,0,0x00000000,0,0,0,0,0,0x00000000,0,0,0,0,0,0x00000000,0,0,0,0
1000295,1000295,4000079,skillet-slinging adventurer,815793173,0x30A00415,0,778,1,21,0,0x00000000,0,0,0,0,0,0x00000000,0,0,0,0,0,0x00000000,0,0,0,0,0,0x00000000,0,0,0,0,0,0x00000000,0,0,0,0,0,0x00000000,0,0,0,0
1000296,1000296,4000080,injured adventurer,815793164,0x30A0040C,0,778,1,12,0,0x00000000,0,0,0,0,0,0x00000000,0,0,0,0,0,0x00000000,0,0,0,0,0,0x00000000,0,0,0,0,0,0x00000000,0,0,0,0,0,0x00000000,0,0,0,0
1000297,1000297,4000081,adamant adventurer,815793164,0x30A0040C,0,778,1,12,0,0x00000000,0,0,0,0,0,0x00000000,0,0,0,0,0,0x00000000,0,0,0,0,0,0x00000000,0,0,0,0,0,0x00000000,0,0,0,0,0,0x00000000,0,0,0,0
1000298,1000298,4000082,self-assured adventurer,147850280,0x08D00428,0,141,1,40,0,0x00000000,0,0,0,0,0,0x00000000,0,0,0,0,0,0x00000000,0,0,0,0,0,0x00000000,0,0,0,0,0,0x00000000,0,0,0,0,0,0x00000000,0,0,0,0
1000299,1000299,4000083,undernourished adventurer,815793182,0x30A0041E,0,778,1,30,0,0x00000000,0,0,0,0,0,0x00000000,0,0,0,0,0,0x00000000,0,0,0,0,0,0x00000000,0,0,0,0,0,0x00000000,0,0,0,0,0,0x00000000,0,0,0,0
1000300,1000300,4000084,self-contented adventurer,815793167,0x30A0040F,0,778,1,15,0,0x00000000,0,0,0,0,0,0x00000000,0,0,0,0,0,0x00000000,0,0,0,0,0,0x00000000,0,0,0,0,0,0x00000000,0,0,0,0,0,0x00000000,0,0,0,0
1000302,1000302,4000085,softly singing adventurer,815793164,0x30A0040C,0,778,1,12,0,0x00000000,0,0,0,0,0,0x00000000,0,0,0,0,0,0x00000000,0,0,0,0,0,0x00000000,0,0,0,0,0,0x00000000,0,0,0,0,0,0x00000000,0,0,0,0
1000308,1000308,4000092,queer-smelling culinarian,815793164,0x30A0040C,0,778,1,12,0,0x00000000,0,0,0,0,0,0x00000000,0,0,0,0,0,0x00000000,0,0,0,0,0,0x00000000,0,0,0,0,0,0x00000000,0,0,0,0,0,0x00000000,0,0,0,0
1000309,1000309,4000093,queerly natured culinarian,815793164,0x30A0040C,0,778,1,12,0,0x00000000,0,0,0,0,0,0x00000000,0,0,0,0,0,0x00000000,0,0,0,0,0,0x00000000,0,0,0,0,0,0x00000000,0,0,0,0,0,0x00000000,0,0,0,0
1000310,1000310,4000094,queerly garbed culinarian,815793167,0x30A0040F,0,778,1,15,0,0x00000000,0,0,0,0,0,0x00000000,0,0,0,0,0,0x00000000,0,0,0,0,0,0x00000000,0,0,0,0,0,0x00000000,0,0,0,0,0,0x00000000,0,0,0,0
1000311,1000311,4000095,queerly noble culinarian,815793166,0x30A0040E,0,778,1,14,0,0x00000000,0,0,0,0,0,0x00000000,0,0,0,0,0,0x00000000,0,0,0,0,0,0x00000000,0,0,0,0,0,0x00000000,0,0,0,0,0,0x00000000,0,0,0,0
1000316,1000316,4000068,willow rod-toting customer,894436352,0x35500400,0,853,1,0,0,0x00000000,0,0,0,0,0,0x00000000,0,0,0,0,0,0x00000000,0,0,0,0,0,0x00000000,0,0,0,0,0,0x00000000,0,0,0,0,0,0x00000000,0,0,0,0
1000317,1000317,4000069,bamboo rod-toting customer,894437376,0x35500800,0,853,2,0,0,0x00000000,0,0,0,0,0,0x00000000,0,0,0,0,0,0x00000000,0,0,0,0,0,0x00000000,0,0,0,0,0,0x00000000,0,0,0,0,0,0x00000000,0,0,0,0
1000318,1000318,4000070,ash rod-toting customer,894437377,0x35500801,0,853,2,1,0,0x00000000,0,0,0,0,0,0x00000000,0,0,0,0,0,0x00000000,0,0,0,0,0,0x00000000,0,0,0,0,0,0x00000000,0,0,0,0,0,0x00000000,0,0,0,0
1000319,1000319,4000071,elm rod-toting customer,894437376,0x35500800,0,853,2,0,0,0x00000000,0,0,0,0,0,0x00000000,0,0,0,0,0,0x00000000,0,0,0,0,0,0x00000000,0,0,0,0,0,0x00000000,0,0,0,0,0,0x00000000,0,0,0,0
1000320,1000320,4000072,lost lancer,168825867,0x0A10140B,0,161,5,11,0,0x00000000,0,0,0,0,0,0x00000000,0,0,0,0,0,0x00000000,0,0,0,0,0,0x00000000,0,0,0,0,0,0x00000000,0,0,0,0,0,0x00000000,0,0,0,0
1000321,1000321,4000073,rosewood rod-toting customer,894436364,0x3550040C,0,853,1,12,0,0x00000000,0,0,0,0,0,0x00000000,0,0,0,0,0,0x00000000,0,0,0,0,0,0x00000000,0,0,0,0,0,0x00000000,0,0,0,0,0,0x00000000,0,0,0,0
1000322,1000322,4000074,elegant rod-toting customer,894437378,0x35500802,0,853,2,2,0,0x00000000,0,0,0,0,0,0x00000000,0,0,0,0,0,0x00000000,0,0,0,0,0,0x00000000,0,0,0,0,0,0x00000000,0,0,0,0,0,0x00000000,0,0,0,0
1000323,1000323,4000075,heavy rod-toting customer,894437406,0x3550081E,0,853,2,30,0,0x00000000,0,0,0,0,0,0x00000000,0,0,0,0,0,0x00000000,0,0,0,0,0,0x00000000,0,0,0,0,0,0x00000000,0,0,0,0,0,0x00000000,0,0,0,0
1000325,1000325,4000077,rattan rod-toting customer,894437416,0x35500828,0,853,2,40,0,0x00000000,0,0,0,0,0,0x00000000,0,0,0,0,0,0x00000000,0,0,0,0,0,0x00000000,0,0,0,0,0,0x00000000,0,0,0,0,0,0x00000000,0,0,0,0
1000326,1000326,1100263,Cicely,878708737,0x34600801,0,838,2,1,0,0x00000000,0,0,0,0,0,0x00000000,0,0,0,0,0,0x00000000,0,0,0,0,0,0x00000000,0,0,0,0,0,0x00000000,0,0,0,0,0,0x00000000,0,0,0,0
1000349,1000349,1600182,Sundhimal,147851275,0x08D0080B,0,141,2,11,0,0x00000000,0,0,0,0,0,0x00000000,0,0,0,0,0,0x00000000,0,0,0,0,0,0x00000000,0,0,0,0,0,0x00000000,0,0,0,0,0,0x00000000,0,0,0,0
1000350,1000350,1200089,Eugennoix,147851275,0x08D0080B,0,141,2,11,0,0x00000000,0,0,0,0,0,0x00000000,0,0,0,0,0,0x00000000,0,0,0,0,0,0x00000000,0,0,0,0,0,0x00000000,0,0,0,0,0,0x00000000,0,0,0,0
1000351,1000351,1600258,Zanthael,243270666,0x0E80040A,0,232,1,10,0,0x00000000,0,0,0,0,0,0x00000000,0,0,0,0,0,0x00000000,0,0,0,0,0,0x00000000,0,0,0,0,0,0x00000000,0,0,0,0,0,0x00000000,0,0,0,0
1000352,1000352,1600200,Thwemyrgan,243270666,0x0E80040A,0,232,1,10,0,0x00000000,0,0,0,0,0,0x00000000,0,0,0,0,0,0x00000000,0,0,0,0,0,0x00000000,0,0,0,0,0,0x00000000,0,0,0,0,0,0x00000000,0,0,0,0
1000353,1000353,1600174,Soemraet,243270666,0x0E80040A,0,232,1,10,0,0x00000000,0,0,0,0,0,0x00000000,0,0,0,0,0,0x00000000,0,0,0,0,0,0x00000000,0,0,0,0,0,0x00000000,0,0,0,0,0,0x00000000,0,0,0,0
1000354,1000354,1000124,Godebert,243270666,0x0E80040A,0,232,1,10,0,0x00000000,0,0,0,0,0,0x00000000,0,0,0,0,0,0x00000000,0,0,0,0,0,0x00000000,0,0,0,0,0,0x00000000,0,0,0,0,0,0x00000000,0,0,0,0
1000355,1000355,1200065,Matigniant,243270666,0x0E80040A,0,232,1,10,0,0x00000000,0,0,0,0,0,0x00000000,0,0,0,0,0,0x00000000,0,0,0,0,0,0x00000000,0,0,0,0,0,0x00000000,0,0,0,0,0,0x00000000,0,0,0,0
1000356,1000356,1200078,Saistenioux,243270666,0x0E80040A,0,232,1,10,0,0x00000000,0,0,0,0,0,0x00000000,0,0,0,0,0,0x00000000,0,0,0,0,0,0x00000000,0,0,0,0,0,0x00000000,0,0,0,0,0,0x00000000,0,0,0,0
1000357,1000357,1900043,R'dhyanki,243270666,0x0E80040A,0,232,1,10,0,0x00000000,0,0,0,0,0,0x00000000,0,0,0,0,0,0x00000000,0,0,0,0,0,0x00000000,0,0,0,0,0,0x00000000,0,0,0,0,0,0x00000000,0,0,0,0
1000358,1000358,1400034,Nanapasi,243270666,0x0E80040A,0,232,1,10,0,0x00000000,0,0,0,0,0,0x00000000,0,0,0,0,0,0x00000000,0,0,0,0,0,0x00000000,0,0,0,0,0,0x00000000,0,0,0,0,0,0x00000000,0,0,0,0
1000359,1000359,1600154,Ryssfloh,210766849,0x0C900C01,0,201,3,1,236979210,0x0E20040A,0,226,1,10,0,0x00000000,0,0,0,0,0,0x00000000,0,0,0,0,0,0x00000000,0,0,0,0,231737384,0x0DD00828,0,221,2,40,0,0x00000000,0,0,0,0
1000360,1000360,1900068,Kiht Gamduhla,347079683,0x14B00403,0,331,1,3,0,0x00000000,0,0,0,0,0,0x00000000,0,0,0,0,0,0x00000000,0,0,0,0,0,0x00000000,0,0,0,0,0,0x00000000,0,0,0,0,0,0x00000000,0,0,0,0
1000361,1000361,1600018,Ahldoen,147851265,0x08D00801,0,141,2,1,0,0x00000000,0,0,0,0,0,0x00000000,0,0,0,0,0,0x00000000,0,0,0,0,0,0x00000000,0,0,0,0,0,0x00000000,0,0,0,0,0,0x00000000,0,0,0,0
1000362,1000362,1300083,Solelle,80741386,0x04D0040A,0,77,1,10,0,0x00000000,0,0,0,0,0,0x00000000,0,0,0,0,0,0x00000000,0,0,0,0,0,0x00000000,0,0,0,0,0,0x00000000,0,0,0,0,0,0x00000000,0,0,0,0
1000363,1000363,1000182,Norman,79694848,0x04C00C00,0,76,3,0,32507924,0x01F00814,0,31,2,20,0,0x00000000,0,0,0,0,0,0x00000000,0,0,0,0,0,0x00000000,0,0,0,0,0,0x00000000,0,0,0,0,0,0x00000000,0,0,0,0
1000364,1000364,1600031,Baenskylt,79694848,0x04C00C00,0,76,3,0,32507924,0x01F00814,0,31,2,20,0,0x00000000,0,0,0,0,0,0x00000000,0,0,0,0,0,0x00000000,0,0,0,0,0,0x00000000,0,0,0,0,0,0x00000000,0,0,0,0
1000365,1000365,2200107,Gautzelin,737149954,0x2BF00402,0,703,1,2,0,0x00000000,0,0,0,0,0,0x00000000,0,0,0,0,0,0x00000000,0,0,0,0,0,0x00000000,0,0,0,0,0,0x00000000,0,0,0,0,0,0x00000000,0,0,0,0
1000366,1000366,1200031,Aimiliens,79694848,0x04C00C00,0,76,3,0,32507924,0x01F00814,0,31,2,20,0,0x00000000,0,0,0,0,0,0x00000000,0,0,0,0,0,0x00000000,0,0,0,0,0,0x00000000,0,0,0,0,0,0x00000000,0,0,0,0
1000367,1000367,1900052,F'ongho,147851264,0x08D00800,0,141,2,0,0,0x00000000,0,0,0,0,0,0x00000000,0,0,0,0,0,0x00000000,0,0,0,0,0,0x00000000,0,0,0,0,0,0x00000000,0,0,0,0,0,0x00000000,0,0,0,0
1000368,1000368,1500065,Lalatta,768609300,0x2DD00C14,0,733,3,20,331351042,0x13C00402,0,316,1,2,0,0x00000000,0,0,0,0,0,0x00000000,0,0,0,0,0,0x00000000,0,0,0,0,0,0x00000000,0,0,0,0,0,0x00000000,0,0,0,0
1000369,1000369,1200033,Artoirel,79698947,0x04C01C03,0,76,7,3,32515082,0x01F0240A,0,31,9,10,0,0x00000000,0,0,0,0,0,0x00000000,0,0,0,0,0,0x00000000,0,0,0,0,0,0x00000000,0,0,0,0,0,0x00000000,0,0,0,0
1000370,1000370,1200022,Yuhelmeric,80741436,0x04D0043C,0,77,1,60,32515112,0x01F02428,0,31,9,40,0,0x00000000,0,0,0,0,0,0x00000000,0,0,0,0,0,0x00000000,0,0,0,0,0,0x00000000,0,0,0,0,0,0x00000000,0,0,0,0
1000371,1000371,1600270,Lydirkoen,768610304,0x2DD01000,0,733,4,0,0,0x00000000,0,0,0,0,0,0x00000000,0,0,0,0,0,0x00000000,0,0,0,0,0,0x00000000,0,0,0,0,0,0x00000000,0,0,0,0,0,0x00000000,0,0,0,0
1000373,1000373,1000233,Swift,904922115,0x35F00403,0,863,1,3,0,0x00000000,0,0,0,0,0,0x00000000,0,0,0,0,0,0x00000000,0,0,0,0,0,0x00000000,0,0,0,0,0,0x00000000,0,0,0,0,0,0x00000000,0,0,0,0
1000377,1000377,1900016,K'konnala,944771072,0x38501000,0,901,4,0,0,0x00000000,0,0,0,0,0,0x00000000,0,0,0,0,0,0x00000000,0,0,0,0,0,0x00000000,0,0,0,0,0,0x00000000,0,0,0,0,0,0x00000000,0,0,0,0
1000380,1000380,4000137,fatigued lancer,168821780,0x0A100414,0,161,1,20,0,0x00000000,0,0,0,0,0,0x00000000,0,0,0,0,0,0x00000000,0,0,0,0,0,0x00000000,0,0,0,0,0,0x00000000,0,0,0,0,0,0x00000000,0,0,0,0
1000381,1000381,4000138,unassertive lancer,168821761,0x0A100401,0,161,1,1,0,0x00000000,0,0,0,0,0,0x00000000,0,0,0,0,0,0x00000000,0,0,0,0,0,0x00000000,0,0,0,0,0,0x00000000,0,0,0,0,0,0x00000000,0,0,0,0
1000382,1000382,4000139,light-hearted lancer,168821780,0x0A100414,0,161,1,20,0,0x00000000,0,0,0,0,0,0x00000000,0,0,0,0,0,0x00000000,0,0,0,0,0,0x00000000,0,0,0,0,0,0x00000000,0,0,0,0,0,0x00000000,0,0,0,0
1000383,1000383,4000140,low-spirited lancer,168821770,0x0A10040A,0,161,1,10,0,0x00000000,0,0,0,0,0,0x00000000,0,0,0,0,0,0x00000000,0,0,0,0,0,0x00000000,0,0,0,0,0,0x00000000,0,0,0,0,0,0x00000000,0,0,0,0
1000384,1000384,4000141,hot-tempered lancer,168821770,0x0A10040A,0,161,1,10,0,0x00000000,0,0,0,0,0,0x00000000,0,0,0,0,0,0x00000000,0,0,0,0,0,0x00000000,0,0,0,0,0,0x00000000,0,0,0,0,0,0x00000000,0,0,0,0
1000385,1000385,4000145,poorly disguised footpad,58724352,0x03801000,0,56,4,0,59772928,0x03901000,0,57,4,0,0,0x00000000,0,0,0,0,0,0x00000000,0,0,0,0,0,0x00000000,0,0,0,0,0,0x00000000,0,0,0,0,0,0x00000000,0,0,0,0
1000386,1000386,4000142,doughty dragoon,80741388,0x04D0040C,0,77,1,12,32515112,0x01F02428,0,31,9,40,0,0x00000000,0,0,0,0,0,0x00000000,0,0,0,0,0,0x00000000,0,0,0,0,0,0x00000000,0,0,0,0,0,0x00000000,0,0,0,0
1000387,1000387,4000143,dedicated dragoon,147851266,0x08D00802,0,141,2,2,0,0x00000000,0,0,0,0,0,0x00000000,0,0,0,0,0,0x00000000,0,0,0,0,0,0x00000000,0,0,0,0,0,0x00000000,0,0,0,0,0,0x00000000,0,0,0,0
1000388,1000388,1300094,Vielle,79697950,0x04C0181E,0,76,6,30,0,0x00000000,0,0,0,0,0,0x00000000,0,0,0,0,0,0x00000000,0,0,0,0,0,0x00000000,0,0,0,0,0,0x00000000,0,0,0,0,0,0x00000000,0,0,0,0
1000389,1000389,4000144,dagger-flourishing footpad,79693844,0x04C00814,0,76,2,20,0,0x00000000,0,0,0,0,0,0x00000000,0,0,0,0,0,0x00000000,0,0,0,0,0,0x00000000,0,0,0,0,0,0x00000000,0,0,0,0,0,0x00000000,0,0,0,0
1000390,1000390,4000146,baghnakh-brandishing footpad,58724352,0x03801000,0,56,4,0,59772928,0x03901000,0,57,4,0,0,0x00000000,0,0,0,0,0,0x00000000,0,0,0,0,0,0x00000000,0,0,0,0,0,0x00000000,0,0,0,0,0,0x00000000,0,0,0,0
1000391,1000391,4000147,fair-featured footpad,79692820,0x04C00414,0,76,1,20,0,0x00000000,0,0,0,0,0,0x00000000,0,0,0,0,0,0x00000000,0,0,0,0,0,0x00000000,0,0,0,0,0,0x00000000,0,0,0,0,0,0x00000000,0,0,0,0
1000392,1000392,4000148,dark-eyed footpad,347080706,0x14B00802,0,331,2,2,0,0x00000000,0,0,0,0,0,0x00000000,0,0,0,0,0,0x00000000,0,0,0,0,0,0x00000000,0,0,0,0,0,0x00000000,0,0,0,0,0,0x00000000,0,0,0,0
1000393,1000393,4000149,upstanding adventurer,768608256,0x2DD00800,0,733,2,0,0,0x00000000,0,0,0,0,0,0x00000000,0,0,0,0,0,0x00000000,0,0,0,0,0,0x00000000,0,0,0,0,0,0x00000000,0,0,0,0,0,0x00000000,0,0,0,0
1000394,1000394,4000150,comely dragoon,168825866,0x0A10140A,0,161,5,10,0,0x00000000,0,0,0,0,0,0x00000000,0,0,0,0,0,0x00000000,0,0,0,0,0,0x00000000,0,0,0,0,0,0x00000000,0,0,0,0,0,0x00000000,0,0,0,0
1000395,1000395,4000151,adolescent dragoon,168825866,0x0A10140A,0,161,5,10,0,0x00000000,0,0,0,0,0,0x00000000,0,0,0,0,0,0x00000000,0,0,0,0,0,0x00000000,0,0,0,0,0,0x00000000,0,0,0,0,0,0x00000000,0,0,0,0
1000396,1000396,4000152,dauntless dragoon,168825866,0x0A10140A,0,161,5,10,0,0x00000000,0,0,0,0,0,0x00000000,0,0,0,0,0,0x00000000,0,0,0,0,0,0x00000000,0,0,0,0,0,0x00000000,0,0,0,0,0,0x00000000,0,0,0,0
1000397,1000397,4000153,mischievous adventurer,768607232,0x2DD00400,0,733,1,0,0,0x00000000,0,0,0,0,0,0x00000000,0,0,0,0,0,0x00000000,0,0,0,0,0,0x00000000,0,0,0,0,0,0x00000000,0,0,0,0,0,0x00000000,0,0,0,0
1000398,1000398,4000154,elderly adventurer,768608256,0x2DD00800,0,733,2,0,0,0x00000000,0,0,0,0,0,0x00000000,0,0,0,0,0,0x00000000,0,0,0,0,0,0x00000000,0,0,0,0,0,0x00000000,0,0,0,0,0,0x00000000,0,0,0,0
1000399,1000399,4000155,agile adventurer,768608256,0x2DD00800,0,733,2,0,0,0x00000000,0,0,0,0,0,0x00000000,0,0,0,0,0,0x00000000,0,0,0,0,0,0x00000000,0,0,0,0,0,0x00000000,0,0,0,0,0,0x00000000,0,0,0,0
1000400,1000400,1400018,Cocolao,768609300,0x2DD00C14,0,733,3,20,0,0x00000000,0,0,0,0,0,0x00000000,0,0,0,0,0,0x00000000,0,0,0,0,0,0x00000000,0,0,0,0,0,0x00000000,0,0,0,0,0,0x00000000,0,0,0,0
1000402,1000402,2200071,Dreues,58722334,0x0380081E,0,56,2,30,59770910,0x0390081E,0,57,2,30,0,0x00000000,0,0,0,0,0,0x00000000,0,0,0,0,0,0x00000000,0,0,0,0,0,0x00000000,0,0,0,0,0,0x00000000,0,0,0,0
1000404,1000404,4000132,iron-fisted pugilist,58724372,0x03801014,0,56,4,20,59772948,0x03901014,0,57,4,20,0,0x00000000,0,0,0,0,0,0x00000000,0,0,0,0,0,0x00000000,0,0,0,0,0,0x00000000,0,0,0,0,0,0x00000000,0,0,0,0
1000405,1000405,4000133,easygoing adventurer,210765825,0x0C900801,0,201,2,1,236979210,0x0E20040A,0,226,1,10,0,0x00000000,0,0,0,0,0,0x00000000,0,0,0,0,0,0x00000000,0,0,0,0,0,0x00000000,0,0,0,0,0,0x00000000,0,0,0,0
1000406,1000406,4000134,posturing adventurer,79693835,0x04C0080B,0,76,2,11,32510977,0x01F01401,0,31,5,1,0,0x00000000,0,0,0,0,0,0x00000000,0,0,0,0,0,0x00000000,0,0,0,0,0,0x00000000,0,0,0,0,0,0x00000000,0,0,0,0
1000413,1000413,4000120,energetic adventurer,721421333,0x2B000415,0,688,1,21,0,0x00000000,0,0,0,0,0,0x00000000,0,0,0,0,0,0x00000000,0,0,0,0,0,0x00000000,0,0,0,0,0,0x00000000,0,0,0,0,0,0x00000000,0,0,0,0
1000414,1000414,4000121,animated adventurer,737149954,0x2BF00402,0,703,1,2,0,0x00000000,0,0,0,0,0,0x00000000,0,0,0,0,0,0x00000000,0,0,0,0,0,0x00000000,0,0,0,0,0,0x00000000,0,0,0,0,0,0x00000000,0,0,0,0
1000415,1000415,4000122,enervated adventurer,721421325,0x2B00040D,0,688,1,13,0,0x00000000,0,0,0,0,0,0x00000000,0,0,0,0,0,0x00000000,0,0,0,0,0,0x00000000,0,0,0,0,0,0x00000000,0,0,0,0,0,0x00000000,0,0,0,0
1000416,1000416,4000123,oft-sneezing adventurer,721421314,0x2B000402,0,688,1,2,0,0x00000000,0,0,0,0,0,0x00000000,0,0,0,0,0,0x00000000,0,0,0,0,0,0x00000000,0,0,0,0,0,0x00000000,0,0,0,0,0,0x00000000,0,0,0,0
1000417,1000417,4000124,well-bred adventurer,737150979,0x2BF00803,0,703,2,3,0,0x00000000,0,0,0,0,0,0x00000000,0,0,0,0,0,0x00000000,0,0,0,0,0,0x00000000,0,0,0,0,0,0x00000000,0,0,0,0,0,0x00000000,0,0,0,0
1000418,1000418,4000125,attentive adventurer,721421333,0x2B000415,0,688,1,21,0,0x00000000,0,0,0,0,0,0x00000000,0,0,0,0,0,0x00000000,0,0,0,0,0,0x00000000,0,0,0,0,0,0x00000000,0,0,0,0,0,0x00000000,0,0,0,0
1000419,1000419,4000126,all-eared adventurer,737149954,0x2BF00402,0,703,1,2,0,0x00000000,0,0,0,0,0,0x00000000,0,0,0,0,0,0x00000000,0,0,0,0,0,0x00000000,0,0,0,0,0,0x00000000,0,0,0,0,0,0x00000000,0,0,0,0
1000421,1000421,4000128,draggle-tailed adventurer,58722324,0x03800814,0,56,2,20,59770900,0x03900814,0,57,2,20,0,0x00000000,0,0,0,0,0,0x00000000,0,0,0,0,0,0x00000000,0,0,0,0,0,0x00000000,0,0,0,0,0,0x00000000,0,0,0,0
1000423,1000423,4000130,deep-breathing drifter,705692752,0x2A100450,0,673,1,80,0,0x00000000,0,0,0,0,0,0x00000000,0,0,0,0,0,0x00000000,0,0,0,0,0,0x00000000,0,0,0,0,0,0x00000000,0,0,0,0,0,0x00000000,0,0,0,0
1000425,1000425,1600124,Naglhaemr,147851274,0x08D0080A,0,141,2,10,0,0x00000000,0,0,0,0,0,0x00000000,0,0,0,0,0,0x00000000,0,0,0,0,0,0x00000000,0,0,0,0,0,0x00000000,0,0,0,0,0,0x00000000,0,0,0,0
1000426,1000426,1000170,Madison,147851274,0x08D0080A,0,141,2,10,0,0x00000000,0,0,0,0,0,0x00000000,0,0,0,0,0,0x00000000,0,0,0,0,0,0x00000000,0,0,0,0,0,0x00000000,0,0,0,0,0,0x00000000,0,0,0,0
1000427,1000427,1500093,Anene,58724382,0x0380101E,0,56,4,30,59772958,0x0390101E,0,57,4,30,0,0x00000000,0,0,0,0,0,0x00000000,0,0,0,0,0,0x00000000,0,0,0,0,0,0x00000000,0,0,0,0,0,0x00000000,0,0,0,0
1000428,1000428,1600192,Sylbyrt,147852300,0x08D00C0C,0,141,3,12,0,0x00000000,0,0,0,0,0,0x00000000,0,0,0,0,0,0x00000000,0,0,0,0,0,0x00000000,0,0,0,0,0,0x00000000,0,0,0,0,0,0x00000000,0,0,0,0
1000429,1000429,1400098,Honga Vunga,784335902,0x2EC0041E,0,748,1,30,0,0x00000000,0,0,0,0,0,0x00000000,0,0,0,0,0,0x00000000,0,0,0,0,0,0x00000000,0,0,0,0,0,0x00000000,0,0,0,0,0,0x00000000,0,0,0,0
1000430,1000430,1400084,Nonco Menanco,752878622,0x2CE0041E,0,718,1,30,0,0x00000000,0,0,0,0,0,0x00000000,0,0,0,0,0,0x00000000,0,0,0,0,0,0x00000000,0,0,0,0,0,0x00000000,0,0,0,0,0,0x00000000,0,0,0,0
1000431,1000431,1900099,L'tandhaa,800070656,0x2FB01C00,0,763,7,0,0,0x00000000,0,0,0,0,0,0x00000000,0,0,0,0,0,0x00000000,0,0,0,0,0,0x00000000,0,0,0,0,0,0x00000000,0,0,0,0,0,0x00000000,0,0,0,0
1000432,1000432,1500098,Pofufu,862980116,0x33700814,0,823,2,20,0,0x00000000,0,0,0,0,0,0x00000000,0,0,0,0,0,0x00000000,0,0,0,0,0,0x00000000,0,0,0,0,0,0x00000000,0,0,0,0,0,0x00000000,0,0,0,0
1000433,1000433,1200041,Drividot,894437396,0x35500814,0,853,2,20,0,0x00000000,0,0,0,0,0,0x00000000,0,0,0,0,0,0x00000000,0,0,0,0,0,0x00000000,0,0,0,0,0,0x00000000,0,0,0,0,0,0x00000000,0,0,0,0
1000434,1000434,1300081,Odilie,815793164,0x30A0040C,0,778,1,12,0,0x00000000,0,0,0,0,0,0x00000000,0,0,0,0,0,0x00000000,0,0,0,0,0,0x00000000,0,0,0,0,0,0x00000000,0,0,0,0,0,0x00000000,0,0,0,0
1000435,1000435,2200048,Basewin,721421325,0x2B00040D,0,688,1,13,0,0x00000000,0,0,0,0,0,0x00000000,0,0,0,0,0,0x00000000,0,0,0,0,0,0x00000000,0,0,0,0,0,0x00000000,0,0,0,0,0,0x00000000,0,0,0,0
1000436,1000436,1600160,Seikfrae,79698954,0x04C01C0A,0,76,7,10,32508948,0x01F00C14,0,31,3,20,0,0x00000000,0,0,0,0,0,0x00000000,0,0,0,0,0,0x00000000,0,0,0,0,0,0x00000000,0,0,0,0,0,0x00000000,0,0,0,0
1000437,1000437,1900085,E'dasshym,294651964,0x1190083C,0,281,2,60,0,0x00000000,0,0,0,0,0,0x00000000,0,0,0,0,0,0x00000000,0,0,0,0,0,0x00000000,0,0,0,0,0,0x00000000,0,0,0,0,0,0x00000000,0,0,0,0
1000452,1000452,4000003,assessor,383779841,0x16E00401,0,366,1,1,0,0x00000000,0,0,0,0,0,0x00000000,0,0,0,0,0,0x00000000,0,0,0,0,0,0x00000000,0,0,0,0,0,0x00000000,0,0,0,0,0,0x00000000,0,0,0,0
1000453,1000453,4000003,assessor,383779842,0x16E00402,0,366,1,2,0,0x00000000,0,0,0,0,0,0x00000000,0,0,0,0,0,0x00000000,0,0,0,0,0,0x00000000,0,0,0,0,0,0x00000000,0,0,0,0,0,0x00000000,0,0,0,0
1000454,1000454,1200100,Isaudorel,243270656,0x0E800400,0,232,1,0,0,0x00000000,0,0,0,0,0,0x00000000,0,0,0,0,0,0x00000000,0,0,0,0,0,0x00000000,0,0,0,0,0,0x00000000,0,0,0,0,0,0x00000000,0,0,0,0
1000465,1000465,1900034,A'naidjaa,705692693,0x2A100415,0,673,1,21,0,0x00000000,0,0,0,0,0,0x00000000,0,0,0,0,0,0x00000000,0,0,0,0,0,0x00000000,0,0,0,0,0,0x00000000,0,0,0,0,0,0x00000000,0,0,0,0
1000467,1000467,1500065,Lalatta,331351052,0x13C0040C,0,316,1,12,0,0x00000000,0,0,0,0,0,0x00000000,0,0,0,0,0,0x00000000,0,0,0,0,0,0x00000000,0,0,0,0,0,0x00000000,0,0,0,0,0,0x00000000,0,0,0,0
1000468,1000468,1900112,V'hynho,243270656,0x0E800400,0,232,1,0,0,0x00000000,0,0,0,0,0,0x00000000,0,0,0,0,0,0x00000000,0,0,0,0,0,0x00000000,0,0,0,0,0,0x00000000,0,0,0,0,0,0x00000000,0,0,0,0
1000470,1000470,1400082,Fuzak Anzak,243270658,0x0E800402,0,232,1,2,0,0x00000000,0,0,0,0,0,0x00000000,0,0,0,0,0,0x00000000,0,0,0,0,0,0x00000000,0,0,0,0,0,0x00000000,0,0,0,0,0,0x00000000,0,0,0,0
1000471,1000471,1900095,B'nhapla,243270658,0x0E800402,0,232,1,2,0,0x00000000,0,0,0,0,0,0x00000000,0,0,0,0,0,0x00000000,0,0,0,0,0,0x00000000,0,0,0,0,0,0x00000000,0,0,0,0,0,0x00000000,0,0,0,0
1000472,1000472,1600113,Merlzirn,243270656,0x0E800400,0,232,1,0,0,0x00000000,0,0,0,0,0,0x00000000,0,0,0,0,0,0x00000000,0,0,0,0,0,0x00000000,0,0,0,0,0,0x00000000,0,0,0,0,0,0x00000000,0,0,0,0
1000473,1000473,1300079,Ninianne,243270658,0x0E800402,0,232,1,2,0,0x00000000,0,0,0,0,0,0x00000000,0,0,0,0,0,0x00000000,0,0,0,0,0,0x00000000,0,0,0,0,0,0x00000000,0,0,0,0,0,0x00000000,0,0,0,0
1000474,1000474,1900124,Kehda Mujuuk,383779861,0x16E00415,0,366,1,21,0,0x00000000,0,0,0,0,0,0x00000000,0,0,0,0,0,0x00000000,0,0,0,0,0,0x00000000,0,0,0,0,0,0x00000000,0,0,0,0,0,0x00000000,0,0,0,0
1000475,1000475,1900105,W'hahtoa,147850242,0x08D00402,0,141,1,2,0,0x00000000,0,0,0,0,0,0x00000000,0,0,0,0,0,0x00000000,0,0,0,0,0,0x00000000,0,0,0,0,0,0x00000000,0,0,0,0,0,0x00000000,0,0,0,0
1000476,1000476,1900088,G'nanghal,147850241,0x08D00401,0,141,1,1,0,0x00000000,0,0,0,0,0,0x00000000,0,0,0,0,0,0x00000000,0,0,0,0,0,0x00000000,0,0,0,0,0,0x00000000,0,0,0,0,0,0x00000000,0,0,0,0
1000477,1000477,4000524,Ala Mhigan Resistance captain,80741426,0x04D00432,0,77,1,50,32509982,0x01F0101E,0,31,4,30,0,0x00000000,0,0,0,0,0,0x00000000,0,0,0,0,0,0x00000000,0,0,0,0,0,0x00000000,0,0,0,0,0,0x00000000,0,0,0,0
1000478,1000478,4000561,brutish resistance member,168823811,0x0A100C03,0,161,3,3,0,0x00000000,0,0,0,0,0,0x00000000,0,0,0,0,0,0x00000000,0,0,0,0,0,0x00000000,0,0,0,0,0,0x00000000,0,0,0,0,0,0x00000000,0,0,0,0
1000479,1000479,4000560,strapping resistance member,0,0x00000000,0,0,0,0,32507964,0x01F0083C,0,31,2,60,0,0x00000000,0,0,0,0,0,0x00000000,0,0,0,0,0,0x00000000,0,0,0,0,0,0x00000000,0,0,0,0,0,0x00000000,0,0,0,0
1000480,1000480,4000563,dispassionate resistance member,210766850,0x0C900C02,0,201,3,2,236979200,0x0E200400,0,226,1,0,0,0x00000000,0,0,0,0,0,0x00000000,0,0,0,0,0,0x00000000,0,0,0,0,231736351,0x0DD0041F,0,221,1,31,0,0x00000000,0,0,0,0
1000481,1000481,4000424,hardened rebel warrior,168825866,0x0A10140A,0,161,5,10,0,0x00000000,0,0,0,0,0,0x00000000,0,0,0,0,0,0x00000000,0,0,0,0,0,0x00000000,0,0,0,0,0,0x00000000,0,0,0,0,0,0x00000000,0,0,0,0
1000482,1000482,4000562,unbloodied resistance member,347079685,0x14B00405,0,331,1,5,0,0x00000000,0,0,0,0,0,0x00000000,0,0,0,0,0,0x00000000,0,0,0,0,0,0x00000000,0,0,0,0,0,0x00000000,0,0,0,0,0,0x00000000,0,0,0,0
1000483,1000483,4000423,careworn rebel warrior,210764830,0x0C90041E,0,201,1,30,236979200,0x0E200400,0,226,1,0,0,0x00000000,0,0,0,0,0,0x00000000,0,0,0,0,0,0x00000000,0,0,0,0,231736351,0x0DD0041F,0,221,1,31,0,0x00000000,0,0,0,0
1000484,1000484,1000108,Fiebras,147851276,0x08D0080C,0,141,2,12,0,0x00000000,0,0,0,0,0,0x00000000,0,0,0,0,0,0x00000000,0,0,0,0,0,0x00000000,0,0,0,0,0,0x00000000,0,0,0,0,0,0x00000000,0,0,0,0
1000485,1000485,1200072,Prairillot,147851276,0x08D0080C,0,141,2,12,0,0x00000000,0,0,0,0,0,0x00000000,0,0,0,0,0,0x00000000,0,0,0,0,0,0x00000000,0,0,0,0,0,0x00000000,0,0,0,0,0,0x00000000,0,0,0,0
1000486,1000486,1300091,Joellie,147851276,0x08D0080C,0,141,2,12,0,0x00000000,0,0,0,0,0,0x00000000,0,0,0,0,0,0x00000000,0,0,0,0,0,0x00000000,0,0,0,0,0,0x00000000,0,0,0,0,0,0x00000000,0,0,0,0
1000487,1000487,1600040,Blaubenn,147851276,0x08D0080C,0,141,2,12,0,0x00000000,0,0,0,0,0,0x00000000,0,0,0,0,0,0x00000000,0,0,0,0,0,0x00000000,0,0,0,0,0,0x00000000,0,0,0,0,0,0x00000000,0,0,0,0
1000488,1000488,1600126,Niublaet,147851276,0x08D0080C,0,141,2,12,0,0x00000000,0,0,0,0,0,0x00000000,0,0,0,0,0,0x00000000,0,0,0,0,0,0x00000000,0,0,0,0,0,0x00000000,0,0,0,0,0,0x00000000,0,0,0,0
1000489,1000489,1600116,Moenskaet the Honorbound,147850300,0x08D0043C,0,141,1,60,0,0x00000000,0,0,0,0,0,0x00000000,0,0,0,0,0,0x00000000,0,0,0,0,0,0x00000000,0,0,0,0,0,0x00000000,0,0,0,0,0,0x00000000,0,0,0,0
1000490,1000490,1400038,Rurubasa,147851264,0x08D00800,0,141,2,0,0,0x00000000,0,0,0,0,0,0x00000000,0,0,0,0,0,0x00000000,0,0,0,0,0,0x00000000,0,0,0,0,0,0x00000000,0,0,0,0,0,0x00000000,0,0,0,0
1000491,1000491,1900108,O'kalkaya,147852289,0x08D00C01,0,141,3,1,0,0x00000000,0,0,0,0,0,0x00000000,0,0,0,0,0,0x00000000,0,0,0,0,0,0x00000000,0,0,0,0,0,0x00000000,0,0,0,0,0,0x00000000,0,0,0,0
1000492,1000492,1000173,Mordyn,147850260,0x08D00414,0,141,1,20,0,0x00000000,0,0,0,0,0,0x00000000,0,0,0,0,0,0x00000000,0,0,0,0,0,0x00000000,0,0,0,0,0,0x00000000,0,0,0,0,0,0x00000000,0,0,0,0
1000493,1000493,4000473,perusing patron,768607242,0x2DD0040A,0,733,1,10,0,0x00000000,0,0,0,0,0,0x00000000,0,0,0,0,0,0x00000000,0,0,0,0,0,0x00000000,0,0,0,0,0,0x00000000,0,0,0,0,0,0x00000000,0,0,0,0
1000494,1000494,4000474,silently searching shopper,878708736,0x34600800,0,838,2,0,0,0x00000000,0,0,0,0,0,0x00000000,0,0,0,0,0,0x00000000,0,0,0,0,0,0x00000000,0,0,0,0,0,0x00000000,0,0,0,0,0,0x00000000,0,0,0,0
1000495,1000495,4000475,light-footed customer,210764820,0x0C900414,0,201,1,20,236979210,0x0E20040A,0,226,1,10,0,0x00000000,0,0,0,0,0,0x00000000,0,0,0,0,0,0x00000000,0,0,0,0,0,0x00000000,0,0,0,0,0,0x00000000,0,0,0,0
1000496,1000496,4000476,another unsatisfied customer,210764820,0x0C900414,0,201,1,20,236979210,0x0E20040A,0,226,1,10,0,0x00000000,0,0,0,0,0,0x00000000,0,0,0,0,0,0x00000000,0,0,0,0,0,0x00000000,0,0,0,0,0,0x00000000,0,0,0,0
1000497,1000497,4000477,pensive patron,347079681,0x14B00401,0,331,1,1,0,0x00000000,0,0,0,0,0,0x00000000,0,0,0,0,0,0x00000000,0,0,0,0,0,0x00000000,0,0,0,0,0,0x00000000,0,0,0,0,0,0x00000000,0,0,0,0
1000498,1000498,4000478,pleased patron,168825867,0x0A10140B,0,161,5,11,0,0x00000000,0,0,0,0,0,0x00000000,0,0,0,0,0,0x00000000,0,0,0,0,0,0x00000000,0,0,0,0,0,0x00000000,0,0,0,0,0,0x00000000,0,0,0,0
1000499,1000499,4000491,exhausted gladiator,80741396,0x04D00414,0,77,1,20,0,0x00000000,0,0,0,0,0,0x00000000,0,0,0,0,0,0x00000000,0,0,0,0,0,0x00000000,0,0,0,0,0,0x00000000,0,0,0,0,0,0x00000000,0,0,0,0
1000500,1000500,4000492,trembling thaumaturge,294652958,0x11900C1E,0,281,3,30,0,0x00000000,0,0,0,0,0,0x00000000,0,0,0,0,0,0x00000000,0,0,0,0,0,0x00000000,0,0,0,0,0,0x00000000,0,0,0,0,0,0x00000000,0,0,0,0
1000501,1000501,4000493,cold-blooded bowwoman,210767922,0x0C901032,0,201,4,50,236979210,0x0E20040A,0,226,1,10,0,0x00000000,0,0,0,0,0,0x00000000,0,0,0,0,0,0x00000000,0,0,0,0,0,0x00000000,0,0,0,0,0,0x00000000,0,0,0,0
1000502,1000502,4000494,badly cut conjurer,331351050,0x13C0040A,0,316,1,10,0,0x00000000,0,0,0,0,0,0x00000000,0,0,0,0,0,0x00000000,0,0,0,0,0,0x00000000,0,0,0,0,0,0x00000000,0,0,0,0,0,0x00000000,0,0,0,0
1000503,1000503,4000495,heavily armored marauder,147853342,0x08D0101E,0,141,4,30,0,0x00000000,0,0,0,0,0,0x00000000,0,0,0,0,0,0x00000000,0,0,0,0,0,0x00000000,0,0,0,0,0,0x00000000,0,0,0,0,0,0x00000000,0,0,0,0
1000504,1000504,1000415,Telent,331351050,0x13C0040A,0,316,1,10,0,0x00000000,0,0,0,0,0,0x00000000,0,0,0,0,0,0x00000000,0,0,0,0,0,0x00000000,0,0,0,0,0,0x00000000,0,0,0,0,0,0x00000000,0,0,0,0
1000505,1000505,1000175,Morys,331351046,0x13C00406,0,316,1,6,0,0x00000000,0,0,0,0,0,0x00000000,0,0,0,0,0,0x00000000,0,0,0,0,0,0x00000000,0,0,0,0,0,0x00000000,0,0,0,0,0,0x00000000,0,0,0,0
1000507,1000507,1100180,Chaele,347081798,0x14B00C46,0,331,3,70,0,0x00000000,0,0,0,0,0,0x00000000,0,0,0,0,0,0x00000000,0,0,0,0,0,0x00000000,0,0,0,0,0,0x00000000,0,0,0,0,0,0x00000000,0,0,0,0
1000508,1000508,1100416,Rychyld,331351046,0x13C00406,0,316,1,6,0,0x00000000,0,0,0,0,0,0x00000000,0,0,0,0,0,0x00000000,0,0,0,0,0,0x00000000,0,0,0,0,0,0x00000000,0,0,0,0,0,0x00000000,0,0,0,0
1000509,1000509,1100364,Kinborow,331351046,0x13C00406,0,316,1,6,0,0x00000000,0,0,0,0,0,0x00000000,0,0,0,0,0,0x00000000,0,0,0,0,0,0x00000000,0,0,0,0,0,0x00000000,0,0,0,0,0,0x00000000,0,0,0,0
1000511,1000511,1100268,Concessa,331351046,0x13C00406,0,316,1,6,0,0x00000000,0,0,0,0,0,0x00000000,0,0,0,0,0,0x00000000,0,0,0,0,0,0x00000000,0,0,0,0,0,0x00000000,0,0,0,0,0,0x00000000,0,0,0,0
1000512,1000512,1200127,Maroile,347079711,0x14B0041F,0,331,1,31,0,0x00000000,0,0,0,0,0,0x00000000,0,0,0,0,0,0x00000000,0,0,0,0,0,0x00000000,0,0,0,0,0,0x00000000,0,0,0,0,0,0x00000000,0,0,0,0
1000513,1000513,1500077,Gugula,347081798,0x14B00C46,0,331,3,70,0,0x00000000,0,0,0,0,0,0x00000000,0,0,0,0,0,0x00000000,0,0,0,0,0,0x00000000,0,0,0,0,0,0x00000000,0,0,0,0,0,0x00000000,0,0,0,0
1000517,1000517,2420011,Muluzz Gah,168826882,0x0A101802,0,161,6,2,0,0x00000000,0,0,0,0,0,0x00000000,0,0,0,0,0,0x00000000,0,0,0,0,0,0x00000000,0,0,0,0,0,0x00000000,0,0,0,0,0,0x00000000,0,0,0,0
1000543,1000543,4000216,annoyed adventurer,80741396,0x04D00414,0,77,1,20,0,0x00000000,0,0,0,0,0,0x00000000,0,0,0,0,0,0x00000000,0,0,0,0,0,0x00000000,0,0,0,0,0,0x00000000,0,0,0,0,0,0x00000000,0,0,0,0
1000544,1000544,4000217,affable adventurer,168821810,0x0A100432,0,161,1,50,0,0x00000000,0,0,0,0,0,0x00000000,0,0,0,0,0,0x00000000,0,0,0,0,0,0x00000000,0,0,0,0,0,0x00000000,0,0,0,0,0,0x00000000,0,0,0,0
1000545,1000545,4000218,well-to-do wanderer,752878632,0x2CE00428,0,718,1,40,0,0x00000000,0,0,0,0,0,0x00000000,0,0,0,0,0,0x00000000,0,0,0,0,0,0x00000000,0,0,0,0,0,0x00000000,0,0,0,0,0,0x00000000,0,0,0,0
1000546,1000546,4000219,glouting adventurer,147851286,0x08D00816,0,141,2,22,0,0x00000000,0,0,0,0,0,0x00000000,0,0,0,0,0,0x00000000,0,0,0,0,0,0x00000000,0,0,0,0,0,0x00000000,0,0,0,0,0,0x00000000,0,0,0,0
1000549,1000549,4000220,flushed adventurer,721421333,0x2B000415,0,688,1,21,0,0x00000000,0,0,0,0,0,0x00000000,0,0,0,0,0,0x00000000,0,0,0,0,0,0x00000000,0,0,0,0,0,0x00000000,0,0,0,0,0,0x00000000,0,0,0,0
1000552,1000552,2700012,Gaius van Baelsar,404751360,0x18200400,0,386,1,0,0,0x00000000,0,0,0,0,0,0x00000000,0,0,0,0,0,0x00000000,0,0,0,0,0,0x00000000,0,0,0,0,0,0x00000000,0,0,0,0,0,0x00000000,0,0,0,0
1000553,1000553,4000040,thewy pirate,80741386,0x04D0040A,0,77,1,10,0,0x00000000,0,0,0,0,0,0x00000000,0,0,0,0,0,0x00000000,0,0,0,0,0,0x00000000,0,0,0,0,0,0x00000000,0,0,0,0,0,0x00000000,0,0,0,0
1000554,1000554,4000042,freckled pirate,147852289,0x08D00C01,0,141,3,1,0,0x00000000,0,0,0,0,0,0x00000000,0,0,0,0,0,0x00000000,0,0,0,0,0,0x00000000,0,0,0,0,0,0x00000000,0,0,0,0,0,0x00000000,0,0,0,0
1000556,1000556,1100118,Wybir,210765827,0x0C900803,0,201,2,3,236979210,0x0E20040A,0,226,1,10,0,0x00000000,0,0,0,0,0,0x00000000,0,0,0,0,0,0x00000000,0,0,0,0,231736331,0x0DD0040B,0,221,1,11,0,0x00000000,0,0,0,0
1000557,1000557,4000479,concentrating carpenter,705692752,0x2A100450,0,673,1,80,0,0x00000000,0,0,0,0,0,0x00000000,0,0,0,0,0,0x00000000,0,0,0,0,0,0x00000000,0,0,0,0,0,0x00000000,0,0,0,0,0,0x00000000,0,0,0,0
1000558,1000558,4000480,congested carpenter,705692712,0x2A100428,0,673,1,40,0,0x00000000,0,0,0,0,0,0x00000000,0,0,0,0,0,0x00000000,0,0,0,0,0,0x00000000,0,0,0,0,0,0x00000000,0,0,0,0,0,0x00000000,0,0,0,0
1000559,1000559,4000481,woodchip-wearing woodworker,705692712,0x2A100428,0,673,1,40,0,0x00000000,0,0,0,0,0,0x00000000,0,0,0,0,0,0x00000000,0,0,0,0,0,0x00000000,0,0,0,0,0,0x00000000,0,0,0,0,0,0x00000000,0,0,0,0
1000560,1000560,4000482,well-built woodworker,705692722,0x2A100432,0,673,1,50,0,0x00000000,0,0,0,0,0,0x00000000,0,0,0,0,0,0x00000000,0,0,0,0,0,0x00000000,0,0,0,0,0,0x00000000,0,0,0,0,0,0x00000000,0,0,0,0
1000561,1000561,4000483,cordial carpenter,705692693,0x2A100415,0,673,1,21,0,0x00000000,0,0,0,0,0,0x00000000,0,0,0,0,0,0x00000000,0,0,0,0,0,0x00000000,0,0,0,0,0,0x00000000,0,0,0,0,0,0x00000000,0,0,0,0
1000562,1000562,4000484,wispily whiskered woodworker,705692752,0x2A100450,0,673,1,80,0,0x00000000,0,0,0,0,0,0x00000000,0,0,0,0,0,0x00000000,0,0,0,0,0,0x00000000,0,0,0,0,0,0x00000000,0,0,0,0,0,0x00000000,0,0,0,0
1000563,1000563,4000485,discomposed plasterer,705692752,0x2A100450,0,673,1,80,0,0x00000000,0,0,0,0,0,0x00000000,0,0,0,0,0,0x00000000,0,0,0,0,0,0x00000000,0,0,0,0,0,0x00000000,0,0,0,0,0,0x00000000,0,0,0,0
1000564,1000564,4000486,perplexed plasterer,705692752,0x2A100450,0,673,1,80,0,0x00000000,0,0,0,0,0,0x00000000,0,0,0,0,0,0x00000000,0,0,0,0,0,0x00000000,0,0,0,0,0,0x00000000,0,0,0,0,0,0x00000000,0,0,0,0
1000565,1000565,1100124,Ceinguled,168821770,0x0A10040A,0,161,1,10,0,0x00000000,0,0,0,0,0,0x00000000,0,0,0,0,0,0x00000000,0,0,0,0,0,0x00000000,0,0,0,0,0,0x00000000,0,0,0,0,0,0x00000000,0,0,0,0
1000566,1000566,1000112,Francis,168821761,0x0A100401,0,161,1,1,0,0x00000000,0,0,0,0,0,0x00000000,0,0,0,0,0,0x00000000,0,0,0,0,0,0x00000000,0,0,0,0,0,0x00000000,0,0,0,0,0,0x00000000,0,0,0,0
1000567,1000567,1600054,Dhemdaeg,168821760,0x0A100400,0,161,1,0,0,0x00000000,0,0,0,0,0,0x00000000,0,0,0,0,0,0x00000000,0,0,0,0,0,0x00000000,0,0,0,0,0,0x00000000,0,0,0,0,0,0x00000000,0,0,0,0
1000568,1000568,2200184,Luitfrid,168821760,0x0A100400,0,161,1,0,0,0x00000000,0,0,0,0,0,0x00000000,0,0,0,0,0,0x00000000,0,0,0,0,0,0x00000000,0,0,0,0,0,0x00000000,0,0,0,0,0,0x00000000,0,0,0,0
1000569,1000569,1200122,Haurtefert,168821761,0x0A100401,0,161,1,1,0,0x00000000,0,0,0,0,0,0x00000000,0,0,0,0,0,0x00000000,0,0,0,0,0,0x00000000,0,0,0,0,0,0x00000000,0,0,0,0,0,0x00000000,0,0,0,0
1000570,1000570,1900089,Z'pahtalo,168821770,0x0A10040A,0,161,1,10,0,0x00000000,0,0,0,0,0,0x00000000,0,0,0,0,0,0x00000000,0,0,0,0,0,0x00000000,0,0,0,0,0,0x00000000,0,0,0,0,0,0x00000000,0,0,0,0
1000571,1000571,4000471,courtly knight,168822794,0x0A10080A,0,161,2,10,0,0x00000000,0,0,0,0,0,0x00000000,0,0,0,0,0,0x00000000,0,0,0,0,0,0x00000000,0,0,0,0,0,0x00000000,0,0,0,0,0,0x00000000,0,0,0,0
1000572,1000572,4000472,even-tempered knight,80741406,0x04D0041E,0,77,1,30,32515112,0x01F02428,0,31,9,40,0,0x00000000,0,0,0,0,0,0x00000000,0,0,0,0,0,0x00000000,0,0,0,0,0,0x00000000,0,0,0,0,0,0x00000000,0,0,0,0
1000573,1000573,4000470,newly outfitted knight,80741406,0x04D0041E,0,77,1,30,32515112,0x01F02428,0,31,9,40,0,0x00000000,0,0,0,0,0,0x00000000,0,0,0,0,0,0x00000000,0,0,0,0,0,0x00000000,0,0,0,0,0,0x00000000,0,0,0,0
1000574,1000574,4000245,weary yeoman,878707712,0x34600400,0,838,1,0,0,0x00000000,0,0,0,0,0,0x00000000,0,0,0,0,0,0x00000000,0,0,0,0,0,0x00000000,0,0,0,0,0,0x00000000,0,0,0,0,0,0x00000000,0,0,0,0
1000582,1000582,4000253,eager gladiator,147852300,0x08D00C0C,0,141,3,12,0,0x00000000,0,0,0,0,0,0x00000000,0,0,0,0,0,0x00000000,0,0,0,0,0,0x00000000,0,0,0,0,0,0x00000000,0,0,0,0,0,0x00000000,0,0,0,0
1000584,1000584,4000255,slumbering shepherd,294650940,0x1190043C,0,281,1,60,0,0x00000000,0,0,0,0,0,0x00000000,0,0,0,0,0,0x00000000,0,0,0,0,0,0x00000000,0,0,0,0,0,0x00000000,0,0,0,0,0,0x00000000,0,0,0,0
1000585,1000585,4000256,gracile gladiator,168822794,0x0A10080A,0,161,2,10,0,0x00000000,0,0,0,0,0,0x00000000,0,0,0,0,0,0x00000000,0,0,0,0,0,0x00000000,0,0,0,0,0,0x00000000,0,0,0,0,0,0x00000000,0,0,0,0
1000586,1000586,1200019,Vairemont,79698946,0x04C01C02,0,76,7,2,32515082,0x01F0240A,0,31,9,10,0,0x00000000,0,0,0,0,0,0x00000000,0,0,0,0,0,0x00000000,0,0,0,0,0,0x00000000,0,0,0,0,0,0x00000000,0,0,0,0
1000587,1000587,1100199,Keelty,210765827,0x0C900803,0,201,2,3,236979210,0x0E20040A,0,226,1,10,0,0x00000000,0,0,0,0,0,0x00000000,0,0,0,0,0,0x00000000,0,0,0,0,0,0x00000000,0,0,0,0,0,0x00000000,0,0,0,0
1000588,1000588,1000342,Siward,210764850,0x0C900432,0,201,1,50,236979210,0x0E20040A,0,226,1,10,0,0x00000000,0,0,0,0,0,0x00000000,0,0,0,0,0,0x00000000,0,0,0,0,0,0x00000000,0,0,0,0,0,0x00000000,0,0,0,0
1000589,1000589,1200103,Pascaleret,80741388,0x04D0040C,0,77,1,12,32515112,0x01F02428,0,31,9,40,0,0x00000000,0,0,0,0,0,0x00000000,0,0,0,0,0,0x00000000,0,0,0,0,0,0x00000000,0,0,0,0,0,0x00000000,0,0,0,0
1000591,1000591,1000086,Deitrich,210764840,0x0C900428,0,201,1,40,236979210,0x0E20040A,0,226,1,10,0,0x00000000,0,0,0,0,0,0x00000000,0,0,0,0,0,0x00000000,0,0,0,0,0,0x00000000,0,0,0,0,0,0x00000000,0,0,0,0
1000592,1000592,1000218,Rothe,705692712,0x2A100428,0,673,1,40,0,0x00000000,0,0,0,0,0,0x00000000,0,0,0,0,0,0x00000000,0,0,0,0,0,0x00000000,0,0,0,0,0,0x00000000,0,0,0,0,0,0x00000000,0,0,0,0
1000593,1000593,1100394,Nesta,705692693,0x2A100415,0,673,1,21,0,0x00000000,0,0,0,0,0,0x00000000,0,0,0,0,0,0x00000000,0,0,0,0,0,0x00000000,0,0,0,0,0,0x00000000,0,0,0,0,0,0x00000000,0,0,0,0
1000594,1000594,1900023,M'koliwe,347081798,0x14B00C46,0,331,3,70,0,0x00000000,0,0,0,0,0,0x00000000,0,0,0,0,0,0x00000000,0,0,0,0,0,0x00000000,0,0,0,0,0,0x00000000,0,0,0,0,0,0x00000000,0,0,0,0
1000595,1000595,1000091,Drake,878708737,0x34600801,0,838,2,1,0,0x00000000,0,0,0,0,0,0x00000000,0,0,0,0,0,0x00000000,0,0,0,0,0,0x00000000,0,0,0,0,0,0x00000000,0,0,0,0,0,0x00000000,0,0,0,0
1000596,1000596,1200064,Marcelloix,705692712,0x2A100428,0,673,1,40,0,0x00000000,0,0,0,0,0,0x00000000,0,0,0,0,0,0x00000000,0,0,0,0,0,0x00000000,0,0,0,0,0,0x00000000,0,0,0,0,0,0x00000000,0,0,0,0
1000598,1000598,2200213,Ruthard,347079691,0x14B0040B,0,331,1,11,0,0x00000000,0,0,0,0,0,0x00000000,0,0,0,0,0,0x00000000,0,0,0,0,0,0x00000000,0,0,0,0,0,0x00000000,0,0,0,0,0,0x00000000,0,0,0,0
1000599,1000599,1900046,J'moldva,168821780,0x0A100414,0,161,1,20,0,0x00000000,0,0,0,0,0,0x00000000,0,0,0,0,0,0x00000000,0,0,0,0,0,0x00000000,0,0,0,0,0,0x00000000,0,0,0,0,0,0x00000000,0,0,0,0
1000600,1000600,1900046,J'moldva,168821800,0x0A100428,0,161,1,40,0,0x00000000,0,0,0,0,0,0x00000000,0,0,0,0,0,0x00000000,0,0,0,0,0,0x00000000,0,0,0,0,0,0x00000000,0,0,0,0,0,0x00000000,0,0,0,0
1000601,1000601,4000191,Ala Mhigan challenger,79698946,0x04C01C02,0,76,7,2,32508928,0x01F00C00,0,31,3,0,0,0x00000000,0,0,0,0,0,0x00000000,0,0,0,0,0,0x00000000,0,0,0,0,0,0x00000000,0,0,0,0,0,0x00000000,0,0,0,0
1000603,1000603,2200172,Hurrey,58723358,0x03800C1E,0,56,3,30,59771934,0x03900C1E,0,57,3,30,0,0x00000000,0,0,0,0,0,0x00000000,0,0,0,0,0,0x00000000,0,0,0,0,0,0x00000000,0,0,0,0,0,0x00000000,0,0,0,0
1000605,1000605,4000192,Ossuary almstaker,294651964,0x1190083C,0,281,2,60,0,0x00000000,0,0,0,0,0,0x00000000,0,0,0,0,0,0x00000000,0,0,0,0,0,0x00000000,0,0,0,0,0,0x00000000,0,0,0,0,0,0x00000000,0,0,0,0
1000607,1000607,4000189,overweening thaumaturge,310379560,0x12800428,0,296,1,40,0,0x00000000,0,0,0,0,0,0x00000000,0,0,0,0,0,0x00000000,0,0,0,0,0,0x00000000,0,0,0,0,0,0x00000000,0,0,0,0,0,0x00000000,0,0,0,0
1000620,1000620,1400093,Delado Madalado,383779840,0x16E00400,0,366,1,0,0,0x00000000,0,0,0,0,0,0x00000000,0,0,0,0,0,0x00000000,0,0,0,0,0,0x00000000,0,0,0,0,0,0x00000000,0,0,0,0,0,0x00000000,0,0,0,0
1000621,1000621,1000132,Habreham,717227010,0x2AC00402,0,684,1,2,0,0x00000000,0,0,0,0,0,0x00000000,0,0,0,0,0,0x00000000,0,0,0,0,0,0x00000000,0,0,0,0,0,0x00000000,0,0,0,0,0,0x00000000,0,0,0,0
1000622,1000622,1100276,Decima,717227009,0x2AC00401,0,684,1,1,716178432,0x2AB00400,0,683,1,0,0,0x00000000,0,0,0,0,0,0x00000000,0,0,0,0,0,0x00000000,0,0,0,0,0,0x00000000,0,0,0,0,0,0x00000000,0,0,0,0
1000623,1000623,1400083,Chalyo Tamlyo,717227010,0x2AC00402,0,684,1,2,716178432,0x2AB00400,0,683,1,0,0,0x00000000,0,0,0,0,0,0x00000000,0,0,0,0,0,0x00000000,0,0,0,0,0,0x00000000,0,0,0,0,0,0x00000000,0,0,0,0
1000624,1000624,1000029,Powle,944811008,0x3850AC00,0,901,43,0,0,0x00000000,0,0,0,0,0,0x00000000,0,0,0,0,0,0x00000000,0,0,0,0,0,0x00000000,0,0,0,0,0,0x00000000,0,0,0,0,0,0x00000000,0,0,0,0
1000625,1000625,1500069,Bubuku,210765827,0x0C900803,0,201,2,3,236979210,0x0E20040A,0,226,1,10,0,0x00000000,0,0,0,0,0,0x00000000,0,0,0,0,0,0x00000000,0,0,0,0,231736330,0x0DD0040A,0,221,1,10,0,0x00000000,0,0,0,0
1000626,1000626,1000195,Piers,210764840,0x0C900428,0,201,1,40,0,0x00000000,0,0,0,0,0,0x00000000,0,0,0,0,0,0x00000000,0,0,0,0,0,0x00000000,0,0,0,0,0,0x00000000,0,0,0,0,0,0x00000000,0,0,0,0
1000627,1000627,1600009,Aerstsyn,168821761,0x0A100401,0,161,1,1,0,0x00000000,0,0,0,0,0,0x00000000,0,0,0,0,0,0x00000000,0,0,0,0,0,0x00000000,0,0,0,0,0,0x00000000,0,0,0,0,0,0x00000000,0,0,0,0
1000638,1000638,1400097,Hawazi Zowazi,752878613,0x2CE00415,0,718,1,21,753927168,0x2CF00400,0,719,1,0,0,0x00000000,0,0,0,0,0,0x00000000,0,0,0,0,0,0x00000000,0,0,0,0,0,0x00000000,0,0,0,0,0,0x00000000,0,0,0,0
1000639,1000639,1100334,Isabella,944781312,0x38503800,0,901,14,0,0,0x00000000,0,0,0,0,0,0x00000000,0,0,0,0,0,0x00000000,0,0,0,0,0,0x00000000,0,0,0,0,0,0x00000000,0,0,0,0,0,0x00000000,0,0,0,0
1000640,1000640,1200128,Ciceroix,944803840,0x38509000,0,901,36,0,0,0x00000000,0,0,0,0,0,0x00000000,0,0,0,0,0,0x00000000,0,0,0,0,0,0x00000000,0,0,0,0,0,0x00000000,0,0,0,0,0,0x00000000,0,0,0,0
1000641,1000641,1900071,Xau Nbolo,944805888,0x38509800,0,901,38,0,944804864,0x38509400,0,901,37,0,0,0x00000000,0,0,0,0,0,0x00000000,0,0,0,0,0,0x00000000,0,0,0,0,0,0x00000000,0,0,0,0,0,0x00000000,0,0,0,0
1000642,1000642,1600130,Oefyrblaet,0,0x00000000,0,0,0,0,0,0x00000000,0,0,0,0,0,0x00000000,0,0,0,0,0,0x00000000,0,0,0,0,950010880,0x38A00400,0,906,1,0,0,0x00000000,0,0,0,0,0,0x00000000,0,0,0,0
1000643,1000643,1500038,Babaki,0,0x00000000,0,0,0,0,944776192,0x38502400,0,901,9,0,0,0x00000000,0,0,0,0,0,0x00000000,0,0,0,0,0,0x00000000,0,0,0,0,0,0x00000000,0,0,0,0,0,0x00000000,0,0,0,0
1000644,1000644,1600101,Lohwaeb,944797696,0x38507800,0,901,30,0,0,0x00000000,0,0,0,0,0,0x00000000,0,0,0,0,0,0x00000000,0,0,0,0,0,0x00000000,0,0,0,0,0,0x00000000,0,0,0,0,0,0x00000000,0,0,0,0
1000645,1000645,1100376,Margarete,944792576,0x38506400,0,901,25,0,0,0x00000000,0,0,0,0,0,0x00000000,0,0,0,0,0,0x00000000,0,0,0,0,0,0x00000000,0,0,0,0,0,0x00000000,0,0,0,0,0,0x00000000,0,0,0,0
1000646,1000646,1900074,Rinh Maimhov,954205184,0x38E00400,0,910,1,0,954206208,0x38E00800,0,910,2,0,0,0x00000000,0,0,0,0,0,0x00000000,0,0,0,0,0,0x00000000,0,0,0,0,0,0x00000000,0,0,0,0,0,0x00000000,0,0,0,0
1000647,1000647,1600109,Lyngwaek,79695883,0x04C0100B,0,76,4,11,32514078,0x01F0201E,0,31,8,30,0,0x00000000,0,0,0,0,0,0x00000000,0,0,0,0,0,0x00000000,0,0,0,0,0,0x00000000,0,0,0,0,0,0x00000000,0,0,0,0
1000648,1000648,1400077,Wawaton,294650900,0x11900414,0,281,1,20,0,0x00000000,0,0,0,0,0,0x00000000,0,0,0,0,0,0x00000000,0,0,0,0,0,0x00000000,0,0,0,0,0,0x00000000,0,0,0,0,0,0x00000000,0,0,0,0
1000649,1000649,1900091,D'yalwann,0,0x00000000,0,0,0,0,945816576,0x38600400,0,902,1,0,0,0x00000000,0,0,0,0,0,0x00000000,0,0,0,0,0,0x00000000,0,0,0,0,0,0x00000000,0,0,0,0,0,0x00000000,0,0,0,0
1000650,1000650,1100104,Sedemode,294650892,0x1190040C,0,281,1,12,0,0x00000000,0,0,0,0,0,0x00000000,0,0,0,0,0,0x00000000,0,0,0,0,0,0x00000000,0,0,0,0,0,0x00000000,0,0,0,0,0,0x00000000,0,0,0,0
1000651,1000651,1500009,Popori,58724352,0x03801000,0,56,4,0,59772928,0x03901000,0,57,4,0,0,0x00000000,0,0,0,0,0,0x00000000,0,0,0,0,0,0x00000000,0,0,0,0,0,0x00000000,0,0,0,0,0,0x00000000,0,0,0,0
1000652,1000652,1500007,Mamaza,0,0x00000000,0,0,0,0,953160704,0x38D01400,0,909,5,0,0,0x00000000,0,0,0,0,0,0x00000000,0,0,0,0,953160704,0x38D01400,0,909,5,0,0,0x00000000,0,0,0,0,0,0x00000000,0,0,0,0
1000655,1000655,1000145,Jeger,79695883,0x04C0100B,0,76,4,11,32514078,0x01F0201E,0,31,8,30,0,0x00000000,0,0,0,0,0,0x00000000,0,0,0,0,0,0x00000000,0,0,0,0,0,0x00000000,0,0,0,0,0,0x00000000,0,0,0,0
1000656,1000656,1100382,Martine,79697950,0x04C0181E,0,76,6,30,32514058,0x01F0200A,0,31,8,10,0,0x00000000,0,0,0,0,0,0x00000000,0,0,0,0,0,0x00000000,0,0,0,0,0,0x00000000,0,0,0,0,0,0x00000000,0,0,0,0
1000660,1000660,1000128,Guston,944788480,0x38505400,0,901,21,0,0,0x00000000,0,0,0,0,0,0x00000000,0,0,0,0,0,0x00000000,0,0,0,0,0,0x00000000,0,0,0,0,0,0x00000000,0,0,0,0,0,0x00000000,0,0,0,0
1000662,1000662,1600167,Skoefmynd,894437416,0x35500828,0,853,2,40,0,0x00000000,0,0,0,0,0,0x00000000,0,0,0,0,0,0x00000000,0,0,0,0,0,0x00000000,0,0,0,0,0,0x00000000,0,0,0,0,0,0x00000000,0,0,0,0
1000665,1000665,1100412,Rosalind,0,0x00000000,0,0,0,0,945816576,0x38600400,0,902,1,0,0,0x00000000,0,0,0,0,0,0x00000000,0,0,0,0,0,0x00000000,0,0,0,0,0,0x00000000,0,0,0,0,0,0x00000000,0,0,0,0
1000666,1000666,1500084,Ococo,944787456,0x38505000,0,901,20,0,79693824,0x04C00800,0,76,2,0,0,0x00000000,0,0,0,0,0,0x00000000,0,0,0,0,944769024,0x38500800,0,901,2,0,0,0x00000000,0,0,0,0,0,0x00000000,0,0,0,0
1000667,1000667,1400042,Bubudoga,944771072,0x38501000,0,901,4,0,0,0x00000000,0,0,0,0,0,0x00000000,0,0,0,0,0,0x00000000,0,0,0,0,0,0x00000000,0,0,0,0,0,0x00000000,0,0,0,0,0,0x00000000,0,0,0,0
1000668,1000668,1900083,U'bokhn,944773120,0x38501800,0,901,6,0,0,0x00000000,0,0,0,0,0,0x00000000,0,0,0,0,0,0x00000000,0,0,0,0,0,0x00000000,0,0,0,0,0,0x00000000,0,0,0,0,0,0x00000000,0,0,0,0
1000669,1000669,1400003,Jajajbygo,168821780,0x0A100414,0,161,1,20,0,0x00000000,0,0,0,0,0,0x00000000,0,0,0,0,0,0x00000000,0,0,0,0,0,0x00000000,0,0,0,0,0,0x00000000,0,0,0,0,0,0x00000000,0,0,0,0
1000670,1000670,1500055,Pepeli,168821770,0x0A10040A,0,161,1,10,0,0x00000000,0,0,0,0,0,0x00000000,0,0,0,0,0,0x00000000,0,0,0,0,0,0x00000000,0,0,0,0,0,0x00000000,0,0,0,0,0,0x00000000,0,0,0,0
1000671,1000671,1200066,Miraudont,168821780,0x0A100414,0,161,1,20,0,0x00000000,0,0,0,0,0,0x00000000,0,0,0,0,0,0x00000000,0,0,0,0,0,0x00000000,0,0,0,0,0,0x00000000,0,0,0,0,0,0x00000000,0,0,0,0
1000672,1000672,1600036,Blandhem,79697950,0x04C0181E,0,76,6,30,32514058,0x01F0200A,0,31,8,10,0,0x00000000,0,0,0,0,0,0x00000000,0,0,0,0,0,0x00000000,0,0,0,0,0,0x00000000,0,0,0,0,0,0x00000000,0,0,0,0
1000673,1000673,1400032,Chechedoba,79697980,0x04C0183C,0,76,6,60,32514078,0x01F0201E,0,31,8,30,0,0x00000000,0,0,0,0,0,0x00000000,0,0,0,0,0,0x00000000,0,0,0,0,0,0x00000000,0,0,0,0,0,0x00000000,0,0,0,0
1000674,1000674,1900090,Z'llayan,79697950,0x04C0181E,0,76,6,30,32514058,0x01F0200A,0,31,8,10,0,0x00000000,0,0,0,0,0,0x00000000,0,0,0,0,0,0x00000000,0,0,0,0,0,0x00000000,0,0,0,0,0,0x00000000,0,0,0,0
1000675,1000675,1300082,Sidonia,79698946,0x04C01C02,0,76,7,2,32508938,0x01F00C0A,0,31,3,10,0,0x00000000,0,0,0,0,0,0x00000000,0,0,0,0,0,0x00000000,0,0,0,0,0,0x00000000,0,0,0,0,0,0x00000000,0,0,0,0
1000676,1000676,1400088,Tarok Magurok,79698954,0x04C01C0A,0,76,7,10,32508948,0x01F00C14,0,31,3,20,0,0x00000000,0,0,0,0,0,0x00000000,0,0,0,0,0,0x00000000,0,0,0,0,0,0x00000000,0,0,0,0,0,0x00000000,0,0,0,0
1000677,1000677,1000191,Paul,79698946,0x04C01C02,0,76,7,2,32508938,0x01F00C0A,0,31,3,10,0,0x00000000,0,0,0,0,0,0x00000000,0,0,0,0,0,0x00000000,0,0,0,0,0,0x00000000,0,0,0,0,0,0x00000000,0,0,0,0
1000678,1000678,1600115,Mhustym,79698946,0x04C01C02,0,76,7,2,32508938,0x01F00C0A,0,31,3,10,0,0x00000000,0,0,0,0,0,0x00000000,0,0,0,0,0,0x00000000,0,0,0,0,0,0x00000000,0,0,0,0,0,0x00000000,0,0,0,0
1000679,1000679,2000010,O-App-Pesi,347081758,0x14B00C1E,0,331,3,30,0,0x00000000,0,0,0,0,0,0x00000000,0,0,0,0,0,0x00000000,0,0,0,0,0,0x00000000,0,0,0,0,0,0x00000000,0,0,0,0,0,0x00000000,0,0,0,0
1000680,1000680,1100010,Swethyna,168821810,0x0A100432,0,161,1,50,0,0x00000000,0,0,0,0,0,0x00000000,0,0,0,0,0,0x00000000,0,0,0,0,0,0x00000000,0,0,0,0,0,0x00000000,0,0,0,0,0,0x00000000,0,0,0,0
1000681,1000681,1100210,Nuala,168821761,0x0A100401,0,161,1,1,0,0x00000000,0,0,0,0,0,0x00000000,0,0,0,0,0,0x00000000,0,0,0,0,0,0x00000000,0,0,0,0,0,0x00000000,0,0,0,0,0,0x00000000,0,0,0,0
1000682,1000682,1000027,Mansel,168821770,0x0A10040A,0,161,1,10,0,0x00000000,0,0,0,0,0,0x00000000,0,0,0,0,0,0x00000000,0,0,0,0,0,0x00000000,0,0,0,0,0,0x00000000,0,0,0,0,0,0x00000000,0,0,0,0
1000683,1000683,1100023,Cecilia,168821761,0x0A100401,0,161,1,1,0,0x00000000,0,0,0,0,0,0x00000000,0,0,0,0,0,0x00000000,0,0,0,0,0,0x00000000,0,0,0,0,0,0x00000000,0,0,0,0,0,0x00000000,0,0,0,0
1000684,1000684,1100211,Oona,210765837,0x0C90080D,0,201,2,13,236979210,0x0E20040A,0,226,1,10,0,0x00000000,0,0,0,0,0,0x00000000,0,0,0,0,0,0x00000000,0,0,0,0,0,0x00000000,0,0,0,0,0,0x00000000,0,0,0,0
1000685,1000685,1000227,Sigurdh,168821810,0x0A100432,0,161,1,50,0,0x00000000,0,0,0,0,0,0x00000000,0,0,0,0,0,0x00000000,0,0,0,0,0,0x00000000,0,0,0,0,0,0x00000000,0,0,0,0,0,0x00000000,0,0,0,0
1000687,1000687,4000199,trapped miner,862980116,0x33700814,0,823,2,20,0,0x00000000,0,0,0,0,0,0x00000000,0,0,0,0,0,0x00000000,0,0,0,0,0,0x00000000,0,0,0,0,0,0x00000000,0,0,0,0,0,0x00000000,0,0,0,0
1000688,1000688,4000200,composed miner,862980106,0x3370080A,0,823,2,10,0,0x00000000,0,0,0,0,0,0x00000000,0,0,0,0,0,0x00000000,0,0,0,0,0,0x00000000,0,0,0,0,0,0x00000000,0,0,0,0,0,0x00000000,0,0,0,0
1000689,1000689,4000201,slow-witted miner,862980106,0x3370080A,0,823,2,10,0,0x00000000,0,0,0,0,0,0x00000000,0,0,0,0,0,0x00000000,0,0,0,0,0,0x00000000,0,0,0,0,0,0x00000000,0,0,0,0,0,0x00000000,0,0,0,0
1000690,1000690,4000202,muscular miner,862980106,0x3370080A,0,823,2,10,0,0x00000000,0,0,0,0,0,0x00000000,0,0,0,0,0,0x00000000,0,0,0,0,0,0x00000000,0,0,0,0,0,0x00000000,0,0,0,0,0,0x00000000,0,0,0,0
1000691,1000691,4000203,winsome miner,862980106,0x3370080A,0,823,2,10,0,0x00000000,0,0,0,0,0,0x00000000,0,0,0,0,0,0x00000000,0,0,0,0,0,0x00000000,0,0,0,0,0,0x00000000,0,0,0,0,0,0x00000000,0,0,0,0
1000692,1000692,4000204,tear-struck miner,862980096,0x33700800,0,823,2,0,0,0x00000000,0,0,0,0,0,0x00000000,0,0,0,0,0,0x00000000,0,0,0,0,0,0x00000000,0,0,0,0,0,0x00000000,0,0,0,0,0,0x00000000,0,0,0,0
1000693,1000693,4000205,disconcerted miner,862980096,0x33700800,0,823,2,0,0,0x00000000,0,0,0,0,0,0x00000000,0,0,0,0,0,0x00000000,0,0,0,0,0,0x00000000,0,0,0,0,0,0x00000000,0,0,0,0,0,0x00000000,0,0,0,0
1000694,1000694,4000206,overtired miner,862981121,0x33700C01,0,823,3,1,0,0x00000000,0,0,0,0,0,0x00000000,0,0,0,0,0,0x00000000,0,0,0,0,0,0x00000000,0,0,0,0,0,0x00000000,0,0,0,0,0,0x00000000,0,0,0,0
1000695,1000695,4000207,uncouth miner,862981121,0x33700C01,0,823,3,1,0,0x00000000,0,0,0,0,0,0x00000000,0,0,0,0,0,0x00000000,0,0,0,0,0,0x00000000,0,0,0,0,0,0x00000000,0,0,0,0,0,0x00000000,0,0,0,0
1000696,1000696,4000208,scathed miner,862981121,0x33700C01,0,823,3,1,0,0x00000000,0,0,0,0,0,0x00000000,0,0,0,0,0,0x00000000,0,0,0,0,0,0x00000000,0,0,0,0,0,0x00000000,0,0,0,0,0,0x00000000,0,0,0,0
1000697,1000697,4000209,melancholy miner,862981120,0x33700C00,0,823,3,0,0,0x00000000,0,0,0,0,0,0x00000000,0,0,0,0,0,0x00000000,0,0,0,0,0,0x00000000,0,0,0,0,0,0x00000000,0,0,0,0,0,0x00000000,0,0,0,0
1000698,1000698,4000210,sprightly miner,862981120,0x33700C00,0,823,3,0,0,0x00000000,0,0,0,0,0,0x00000000,0,0,0,0,0,0x00000000,0,0,0,0,0,0x00000000,0,0,0,0,0,0x00000000,0,0,0,0,0,0x00000000,0,0,0,0
1000699,1000699,4000211,qualmish miner,862980116,0x33700814,0,823,2,20,0,0x00000000,0,0,0,0,0,0x00000000,0,0,0,0,0,0x00000000,0,0,0,0,0,0x00000000,0,0,0,0,0,0x00000000,0,0,0,0,0,0x00000000,0,0,0,0
1000700,1000700,1600100,Loezbryn,705692722,0x2A100432,0,673,1,50,0,0x00000000,0,0,0,0,0,0x00000000,0,0,0,0,0,0x00000000,0,0,0,0,0,0x00000000,0,0,0,0,0,0x00000000,0,0,0,0,0,0x00000000,0,0,0,0
1000701,1000701,1400037,Zuzupoja,705692722,0x2A100432,0,673,1,50,0,0x00000000,0,0,0,0,0,0x00000000,0,0,0,0,0,0x00000000,0,0,0,0,0,0x00000000,0,0,0,0,0,0x00000000,0,0,0,0,0,0x00000000,0,0,0,0
1000702,1000702,1100339,Jaane,878707712,0x34600400,0,838,1,0,0,0x00000000,0,0,0,0,0,0x00000000,0,0,0,0,0,0x00000000,0,0,0,0,0,0x00000000,0,0,0,0,0,0x00000000,0,0,0,0,0,0x00000000,0,0,0,0
1000704,1000704,4000193,peering picaroon,147852289,0x08D00C01,0,141,3,1,0,0x00000000,0,0,0,0,0,0x00000000,0,0,0,0,0,0x00000000,0,0,0,0,0,0x00000000,0,0,0,0,0,0x00000000,0,0,0,0,0,0x00000000,0,0,0,0
1000705,1000705,4000194,foul-smelling freebooter,147852289,0x08D00C01,0,141,3,1,0,0x00000000,0,0,0,0,0,0x00000000,0,0,0,0,0,0x00000000,0,0,0,0,0,0x00000000,0,0,0,0,0,0x00000000,0,0,0,0,0,0x00000000,0,0,0,0
1000706,1000706,4000195,croaking corsair,147852289,0x08D00C01,0,141,3,1,0,0x00000000,0,0,0,0,0,0x00000000,0,0,0,0,0,0x00000000,0,0,0,0,0,0x00000000,0,0,0,0,0,0x00000000,0,0,0,0,0,0x00000000,0,0,0,0
1000707,1000707,4000196,crestfallen corsair,147850260,0x08D00414,0,141,1,20,0,0x00000000,0,0,0,0,0,0x00000000,0,0,0,0,0,0x00000000,0,0,0,0,0,0x00000000,0,0,0,0,0,0x00000000,0,0,0,0,0,0x00000000,0,0,0,0
1000708,1000708,4000197,charismatic corsair,147850260,0x08D00414,0,141,1,20,0,0x00000000,0,0,0,0,0,0x00000000,0,0,0,0,0,0x00000000,0,0,0,0,0,0x00000000,0,0,0,0,0,0x00000000,0,0,0,0,0,0x00000000,0,0,0,0
1000709,1000709,4000198,gangling pirate,147850260,0x08D00414,0,141,1,20,0,0x00000000,0,0,0,0,0,0x00000000,0,0,0,0,0,0x00000000,0,0,0,0,0,0x00000000,0,0,0,0,0,0x00000000,0,0,0,0,0,0x00000000,0,0,0,0
1000710,1000710,1200147,Clotairion,147851276,0x08D0080C,0,141,2,12,0,0x00000000,0,0,0,0,0,0x00000000,0,0,0,0,0,0x00000000,0,0,0,0,0,0x00000000,0,0,0,0,0,0x00000000,0,0,0,0,0,0x00000000,0,0,0,0
1000711,1000711,4000225,facetious forgeman,721421333,0x2B000415,0,688,1,21,0,0x00000000,0,0,0,0,0,0x00000000,0,0,0,0,0,0x00000000,0,0,0,0,0,0x00000000,0,0,0,0,0,0x00000000,0,0,0,0,0,0x00000000,0,0,0,0
1000713,1000713,4000227,hysterically hammering smithy,721421325,0x2B00040D,0,688,1,13,0,0x00000000,0,0,0,0,0,0x00000000,0,0,0,0,0,0x00000000,0,0,0,0,0,0x00000000,0,0,0,0,0,0x00000000,0,0,0,0,0,0x00000000,0,0,0,0
1000721,1000721,4000235,sweaty shipwright,737150979,0x2BF00803,0,703,2,3,0,0x00000000,0,0,0,0,0,0x00000000,0,0,0,0,0,0x00000000,0,0,0,0,0,0x00000000,0,0,0,0,0,0x00000000,0,0,0,0,0,0x00000000,0,0,0,0
1000723,1000723,4000237,scrawny shipwright,737149954,0x2BF00402,0,703,1,2,0,0x00000000,0,0,0,0,0,0x00000000,0,0,0,0,0,0x00000000,0,0,0,0,0,0x00000000,0,0,0,0,0,0x00000000,0,0,0,0,0,0x00000000,0,0,0,0
1000731,1000731,1000112,Francis,168821790,0x0A10041E,0,161,1,30,0,0x00000000,0,0,0,0,0,0x00000000,0,0,0,0,0,0x00000000,0,0,0,0,0,0x00000000,0,0,0,0,0,0x00000000,0,0,0,0,0,0x00000000,0,0,0,0
1000732,1000732,1000018,Abel,210764840,0x0C900428,0,201,1,40,236979210,0x0E20040A,0,226,1,10,0,0x00000000,0,0,0,0,0,0x00000000,0,0,0,0,0,0x00000000,0,0,0,0,0,0x00000000,0,0,0,0,0,0x00000000,0,0,0,0
1000733,1000733,1000244,Turstin,168821780,0x0A100414,0,161,1,20,0,0x00000000,0,0,0,0,0,0x00000000,0,0,0,0,0,0x00000000,0,0,0,0,0,0x00000000,0,0,0,0,0,0x00000000,0,0,0,0,0,0x00000000,0,0,0,0
1000734,1000734,1200134,Langloisiert,210764840,0x0C900428,0,201,1,40,236979210,0x0E20040A,0,226,1,10,0,0x00000000,0,0,0,0,0,0x00000000,0,0,0,0,0,0x00000000,0,0,0,0,0,0x00000000,0,0,0,0,0,0x00000000,0,0,0,0
1000736,1000736,1300116,Astrelle,331351046,0x13C00406,0,316,1,6,0,0x00000000,0,0,0,0,0,0x00000000,0,0,0,0,0,0x00000000,0,0,0,0,0,0x00000000,0,0,0,0,0,0x00000000,0,0,0,0,0,0x00000000,0,0,0,0
1000737,1000737,1100121,Biddy,331351052,0x13C0040C,0,316,1,12,0,0x00000000,0,0,0,0,0,0x00000000,0,0,0,0,0,0x00000000,0,0,0,0,0,0x00000000,0,0,0,0,0,0x00000000,0,0,0,0,0,0x00000000,0,0,0,0
1000738,1000738,1200140,Pasdevillet,331351050,0x13C0040A,0,316,1,10,0,0x00000000,0,0,0,0,0,0x00000000,0,0,0,0,0,0x00000000,0,0,0,0,0,0x00000000,0,0,0,0,0,0x00000000,0,0,0,0,0,0x00000000,0,0,0,0
1000739,1000739,1200150,Eudestand,331351050,0x13C0040A,0,316,1,10,0,0x00000000,0,0,0,0,0,0x00000000,0,0,0,0,0,0x00000000,0,0,0,0,0,0x00000000,0,0,0,0,0,0x00000000,0,0,0,0,0,0x00000000,0,0,0,0
1000740,1000740,1200146,Santhelme,347079711,0x14B0041F,0,331,1,31,0,0x00000000,0,0,0,0,0,0x00000000,0,0,0,0,0,0x00000000,0,0,0,0,0,0x00000000,0,0,0,0,0,0x00000000,0,0,0,0,0,0x00000000,0,0,0,0
1000742,1000742,1100364,Kinborow,331351052,0x13C0040C,0,316,1,12,0,0x00000000,0,0,0,0,0,0x00000000,0,0,0,0,0,0x00000000,0,0,0,0,0,0x00000000,0,0,0,0,0,0x00000000,0,0,0,0,0,0x00000000,0,0,0,0
1000744,1000744,4000273,disquieted lancer,168821790,0x0A10041E,0,161,1,30,0,0x00000000,0,0,0,0,0,0x00000000,0,0,0,0,0,0x00000000,0,0,0,0,0,0x00000000,0,0,0,0,0,0x00000000,0,0,0,0,0,0x00000000,0,0,0,0
1000745,1000745,4000274,enthusiastic archer,210766898,0x0C900C32,0,201,3,50,236979210,0x0E20040A,0,226,1,10,0,0x00000000,0,0,0,0,0,0x00000000,0,0,0,0,0,0x00000000,0,0,0,0,0,0x00000000,0,0,0,0,0,0x00000000,0,0,0,0
1000746,1000746,4000275,embittered archer,210767912,0x0C901028,0,201,4,40,236979210,0x0E20040A,0,226,1,10,0,0x00000000,0,0,0,0,0,0x00000000,0,0,0,0,0,0x00000000,0,0,0,0,0,0x00000000,0,0,0,0,0,0x00000000,0,0,0,0
1000747,1000747,4000277,disconcerted conjurer,347081798,0x14B00C46,0,331,3,70,0,0x00000000,0,0,0,0,0,0x00000000,0,0,0,0,0,0x00000000,0,0,0,0,0,0x00000000,0,0,0,0,0,0x00000000,0,0,0,0,0,0x00000000,0,0,0,0
1000748,1000748,4000278,silky-haired conjurer,331351052,0x13C0040C,0,316,1,12,0,0x00000000,0,0,0,0,0,0x00000000,0,0,0,0,0,0x00000000,0,0,0,0,0,0x00000000,0,0,0,0,0,0x00000000,0,0,0,0,0,0x00000000,0,0,0,0
1000749,1000749,4000276,enigmatic conjurer,331351050,0x13C0040A,0,316,1,10,0,0x00000000,0,0,0,0,0,0x00000000,0,0,0,0,0,0x00000000,0,0,0,0,0,0x00000000,0,0,0,0,0,0x00000000,0,0,0,0,0,0x00000000,0,0,0,0
1000750,1000750,1000081,Dalmas,331351050,0x13C0040A,0,316,1,10,0,0x00000000,0,0,0,0,0,0x00000000,0,0,0,0,0,0x00000000,0,0,0,0,0,0x00000000,0,0,0,0,0,0x00000000,0,0,0,0,0,0x00000000,0,0,0,0
1000751,1000751,1200154,Hermenost,331351050,0x13C0040A,0,316,1,10,0,0x00000000,0,0,0,0,0,0x00000000,0,0,0,0,0,0x00000000,0,0,0,0,0,0x00000000,0,0,0,0,0,0x00000000,0,0,0,0,0,0x00000000,0,0,0,0
1000752,1000752,1900147,Nhaba Maimhov,331351046,0x13C00406,0,316,1,6,0,0x00000000,0,0,0,0,0,0x00000000,0,0,0,0,0,0x00000000,0,0,0,0,0,0x00000000,0,0,0,0,0,0x00000000,0,0,0,0,0,0x00000000,0,0,0,0
1000755,1000755,4000279,respectable Roegadyn,705692683,0x2A10040B,0,673,1,11,0,0x00000000,0,0,0,0,0,0x00000000,0,0,0,0,0,0x00000000,0,0,0,0,0,0x00000000,0,0,0,0,0,0x00000000,0,0,0,0,0,0x00000000,0,0,0,0
1000756,1000756,4000280,aging Elezen,768607243,0x2DD0040B,0,733,1,11,0,0x00000000,0,0,0,0,0,0x00000000,0,0,0,0,0,0x00000000,0,0,0,0,0,0x00000000,0,0,0,0,0,0x00000000,0,0,0,0,0,0x00000000,0,0,0,0
1000757,1000757,4000281,urbane Elezen,168823818,0x0A100C0A,0,161,3,10,0,0x00000000,0,0,0,0,0,0x00000000,0,0,0,0,0,0x00000000,0,0,0,0,0,0x00000000,0,0,0,0,0,0x00000000,0,0,0,0,0,0x00000000,0,0,0,0
1000758,1000758,1200143,Pelderain,210767873,0x0C901001,0,201,4,1,236979210,0x0E20040A,0,226,1,10,0,0x00000000,0,0,0,0,0,0x00000000,0,0,0,0,0,0x00000000,0,0,0,0,0,0x00000000,0,0,0,0,0,0x00000000,0,0,0,0
1000759,1000759,1900138,X'dhamya,210766898,0x0C900C32,0,201,3,50,236979210,0x0E20040A,0,226,1,10,0,0x00000000,0,0,0,0,0,0x00000000,0,0,0,0,0,0x00000000,0,0,0,0,0,0x00000000,0,0,0,0,0,0x00000000,0,0,0,0
1000760,1000760,1600224,Weggramm,168821800,0x0A100428,0,161,1,40,0,0x00000000,0,0,0,0,0,0x00000000,0,0,0,0,0,0x00000000,0,0,0,0,0,0x00000000,0,0,0,0,0,0x00000000,0,0,0,0,0,0x00000000,0,0,0,0
1000761,1000761,4000400,exuberant knight,243270657,0x0E800401,0,232,1,1,0,0x00000000,0,0,0,0,0,0x00000000,0,0,0,0,0,0x00000000,0,0,0,0,0,0x00000000,0,0,0,0,0,0x00000000,0,0,0,0,0,0x00000000,0,0,0,0
1000762,1000762,4000450,blithely spirited buccaneer,147851276,0x08D0080C,0,141,2,12,0,0x00000000,0,0,0,0,0,0x00000000,0,0,0,0,0,0x00000000,0,0,0,0,0,0x00000000,0,0,0,0,0,0x00000000,0,0,0,0,0,0x00000000,0,0,0,0
1000763,1000763,4000451,uninhibited buccaneer,147851276,0x08D0080C,0,141,2,12,0,0x00000000,0,0,0,0,0,0x00000000,0,0,0,0,0,0x00000000,0,0,0,0,0,0x00000000,0,0,0,0,0,0x00000000,0,0,0,0,0,0x00000000,0,0,0,0
1000764,1000764,4000452,pretentious pirate,147851276,0x08D0080C,0,141,2,12,0,0x00000000,0,0,0,0,0,0x00000000,0,0,0,0,0,0x00000000,0,0,0,0,0,0x00000000,0,0,0,0,0,0x00000000,0,0,0,0,0,0x00000000,0,0,0,0
1000765,1000765,4000453,imposing pirate,147851276,0x08D0080C,0,141,2,12,0,0x00000000,0,0,0,0,0,0x00000000,0,0,0,0,0,0x00000000,0,0,0,0,0,0x00000000,0,0,0,0,0,0x00000000,0,0,0,0,0,0x00000000,0,0,0,0
1000771,1000771,4000459,loitering adventurer,168822785,0x0A100801,0,161,2,1,0,0x00000000,0,0,0,0,0,0x00000000,0,0,0,0,0,0x00000000,0,0,0,0,0,0x00000000,0,0,0,0,0,0x00000000,0,0,0,0,0,0x00000000,0,0,0,0
1000774,1000774,4000462,unsociable adventurer,862980096,0x33700800,0,823,2,0,0,0x00000000,0,0,0,0,0,0x00000000,0,0,0,0,0,0x00000000,0,0,0,0,0,0x00000000,0,0,0,0,0,0x00000000,0,0,0,0,0,0x00000000,0,0,0,0
1000776,1000776,4000464,fargazing adventurer,243270657,0x0E800401,0,232,1,1,0,0x00000000,0,0,0,0,0,0x00000000,0,0,0,0,0,0x00000000,0,0,0,0,0,0x00000000,0,0,0,0,0,0x00000000,0,0,0,0,0,0x00000000,0,0,0,0
1000777,1000777,4000465,fanged adventurer,147853312,0x08D01000,0,141,4,0,0,0x00000000,0,0,0,0,0,0x00000000,0,0,0,0,0,0x00000000,0,0,0,0,0,0x00000000,0,0,0,0,0,0x00000000,0,0,0,0,0,0x00000000,0,0,0,0
1000782,1000782,1000051,Bertram,815795200,0x30A00C00,0,778,3,0,0,0x00000000,0,0,0,0,0,0x00000000,0,0,0,0,0,0x00000000,0,0,0,0,0,0x00000000,0,0,0,0,0,0x00000000,0,0,0,0,0,0x00000000,0,0,0,0
1000783,1000783,1100390,Minerva,721421382,0x2B000446,0,688,1,70,0,0x00000000,0,0,0,0,0,0x00000000,0,0,0,0,0,0x00000000,0,0,0,0,0,0x00000000,0,0,0,0,0,0x00000000,0,0,0,0,0,0x00000000,0,0,0,0
1000784,1000784,1600263,Zoengterbin,168822815,0x0A10081F,0,161,2,31,0,0x00000000,0,0,0,0,0,0x00000000,0,0,0,0,0,0x00000000,0,0,0,0,0,0x00000000,0,0,0,0,0,0x00000000,0,0,0,0,0,0x00000000,0,0,0,0
1000785,1000785,1600181,Styrmoeya,210765844,0x0C900814,0,201,2,20,236979210,0x0E20040A,0,226,1,10,0,0x00000000,0,0,0,0,0,0x00000000,0,0,0,0,0,0x00000000,0,0,0,0,0,0x00000000,0,0,0,0,0,0x00000000,0,0,0,0
1000786,1000786,1900117,Yhah Amariyo,347079687,0x14B00407,0,331,1,7,0,0x00000000,0,0,0,0,0,0x00000000,0,0,0,0,0,0x00000000,0,0,0,0,0,0x00000000,0,0,0,0,0,0x00000000,0,0,0,0,0,0x00000000,0,0,0,0
1000787,1000787,1300097,Hildie,705692742,0x2A100446,0,673,1,70,0,0x00000000,0,0,0,0,0,0x00000000,0,0,0,0,0,0x00000000,0,0,0,0,0,0x00000000,0,0,0,0,0,0x00000000,0,0,0,0,0,0x00000000,0,0,0,0
1000788,1000788,1100370,Lettice,768610324,0x2DD01014,0,733,4,20,0,0x00000000,0,0,0,0,0,0x00000000,0,0,0,0,0,0x00000000,0,0,0,0,0,0x00000000,0,0,0,0,0,0x00000000,0,0,0,0,0,0x00000000,0,0,0,0
1000789,1000789,2200227,Tyon,878707724,0x3460040C,0,838,1,12,0,0x00000000,0,0,0,0,0,0x00000000,0,0,0,0,0,0x00000000,0,0,0,0,0,0x00000000,0,0,0,0,0,0x00000000,0,0,0,0,0,0x00000000,0,0,0,0
1000790,1000790,4000282,laughing Lalafell,79692800,0x04C00400,0,76,1,0,32507904,0x01F00800,0,31,2,0,0,0x00000000,0,0,0,0,0,0x00000000,0,0,0,0,0,0x00000000,0,0,0,0,0,0x00000000,0,0,0,0,0,0x00000000,0,0,0,0
1000791,1000791,4000283,narrow-faced adventurer,784335882,0x2EC0040A,0,748,1,10,0,0x00000000,0,0,0,0,0,0x00000000,0,0,0,0,0,0x00000000,0,0,0,0,0,0x00000000,0,0,0,0,0,0x00000000,0,0,0,0,0,0x00000000,0,0,0,0
1000792,1000792,4000284,earnest adventurer,862981120,0x33700C00,0,823,3,0,0,0x00000000,0,0,0,0,0,0x00000000,0,0,0,0,0,0x00000000,0,0,0,0,0,0x00000000,0,0,0,0,0,0x00000000,0,0,0,0,0,0x00000000,0,0,0,0
1000794,1000794,4000286,atypical adventurer,800064522,0x2FB0040A,0,763,1,10,0,0x00000000,0,0,0,0,0,0x00000000,0,0,0,0,0,0x00000000,0,0,0,0,0,0x00000000,0,0,0,0,0,0x00000000,0,0,0,0,0,0x00000000,0,0,0,0
1000795,1000795,4000287,apprehensive adventurer,800064512,0x2FB00400,0,763,1,0,0,0x00000000,0,0,0,0,0,0x00000000,0,0,0,0,0,0x00000000,0,0,0,0,0,0x00000000,0,0,0,0,0,0x00000000,0,0,0,0,0,0x00000000,0,0,0,0
1000796,1000796,4000288,emphatically nodding adventurer,58722324,0x03800814,0,56,2,20,59770900,0x03900814,0,57,2,20,0,0x00000000,0,0,0,0,0,0x00000000,0,0,0,0,0,0x00000000,0,0,0,0,0,0x00000000,0,0,0,0,0,0x00000000,0,0,0,0
1000797,1000797,4000289,aesthetically pleasing adventurer,294651964,0x1190083C,0,281,2,60,0,0x00000000,0,0,0,0,0,0x00000000,0,0,0,0,0,0x00000000,0,0,0,0,0,0x00000000,0,0,0,0,0,0x00000000,0,0,0,0,0,0x00000000,0,0,0,0
1000798,1000798,4000290,fashionable adventurer,780141568,0x2E800400,0,744,1,0,0,0x00000000,0,0,0,0,0,0x00000000,0,0,0,0,0,0x00000000,0,0,0,0,0,0x00000000,0,0,0,0,0,0x00000000,0,0,0,0,0,0x00000000,0,0,0,0
1000799,1000799,4000291,restless adventurer,780141568,0x2E800400,0,744,1,0,0,0x00000000,0,0,0,0,0,0x00000000,0,0,0,0,0,0x00000000,0,0,0,0,0,0x00000000,0,0,0,0,0,0x00000000,0,0,0,0,0,0x00000000,0,0,0,0
1000800,1000800,2200222,Theodemar,784335882,0x2EC0040A,0,748,1,10,0,0x00000000,0,0,0,0,0,0x00000000,0,0,0,0,0,0x00000000,0,0,0,0,0,0x00000000,0,0,0,0,0,0x00000000,0,0,0,0,0,0x00000000,0,0,0,0
1000801,1000801,1400058,Gogozan,58724372,0x03801014,0,56,4,20,59772948,0x03901014,0,57,4,20,0,0x00000000,0,0,0,0,0,0x00000000,0,0,0,0,0,0x00000000,0,0,0,0,0,0x00000000,0,0,0,0,0,0x00000000,0,0,0,0
1000804,1000804,1600095,Holskgeiss,79698946,0x04C01C02,0,76,7,2,32507934,0x01F0081E,0,31,2,30,0,0x00000000,0,0,0,0,0,0x00000000,0,0,0,0,0,0x00000000,0,0,0,0,0,0x00000000,0,0,0,0,0,0x00000000,0,0,0,0
1000805,1000805,1900135,B'zangho,294651964,0x1190083C,0,281,2,60,0,0x00000000,0,0,0,0,0,0x00000000,0,0,0,0,0,0x00000000,0,0,0,0,0,0x00000000,0,0,0,0,0,0x00000000,0,0,0,0,0,0x00000000,0,0,0,0
1000806,1000806,4000298,apathetic adventurer,58724372,0x03801014,0,56,4,20,59772948,0x03901014,0,57,4,20,0,0x00000000,0,0,0,0,0,0x00000000,0,0,0,0,0,0x00000000,0,0,0,0,0,0x00000000,0,0,0,0,0,0x00000000,0,0,0,0
1000807,1000807,4000299,overcompetitive adventurer,784335882,0x2EC0040A,0,748,1,10,0,0x00000000,0,0,0,0,0,0x00000000,0,0,0,0,0,0x00000000,0,0,0,0,0,0x00000000,0,0,0,0,0,0x00000000,0,0,0,0,0,0x00000000,0,0,0,0
1000818,1000818,4000264,ill-matched adventurer,210765825,0x0C900801,0,201,2,1,236979210,0x0E20040A,0,226,1,10,0,0x00000000,0,0,0,0,0,0x00000000,0,0,0,0,0,0x00000000,0,0,0,0,0,0x00000000,0,0,0,0,0,0x00000000,0,0,0,0
1000819,1000819,4000265,daydreaming adventurer,752878632,0x2CE00428,0,718,1,40,0,0x00000000,0,0,0,0,0,0x00000000,0,0,0,0,0,0x00000000,0,0,0,0,0,0x00000000,0,0,0,0,0,0x00000000,0,0,0,0,0,0x00000000,0,0,0,0
1000820,1000820,4000266,oddly dressed adventurer,768607232,0x2DD00400,0,733,1,0,0,0x00000000,0,0,0,0,0,0x00000000,0,0,0,0,0,0x00000000,0,0,0,0,0,0x00000000,0,0,0,0,0,0x00000000,0,0,0,0,0,0x00000000,0,0,0,0
1000821,1000821,1300118,Nellaure,705692752,0x2A100450,0,673,1,80,0,0x00000000,0,0,0,0,0,0x00000000,0,0,0,0,0,0x00000000,0,0,0,0,0,0x00000000,0,0,0,0,0,0x00000000,0,0,0,0,0,0x00000000,0,0,0,0
1000822,1000822,1000061,Caplan,705692712,0x2A100428,0,673,1,40,0,0x00000000,0,0,0,0,0,0x00000000,0,0,0,0,0,0x00000000,0,0,0,0,0,0x00000000,0,0,0,0,0,0x00000000,0,0,0,0,0,0x00000000,0,0,0,0
1000823,1000823,1600210,Ulmhylt,705692722,0x2A100432,0,673,1,50,0,0x00000000,0,0,0,0,0,0x00000000,0,0,0,0,0,0x00000000,0,0,0,0,0,0x00000000,0,0,0,0,0,0x00000000,0,0,0,0,0,0x00000000,0,0,0,0
1000829,1000829,1900140,O'dhinek,210765827,0x0C900803,0,201,2,3,236979210,0x0E20040A,0,226,1,10,0,0x00000000,0,0,0,0,0,0x00000000,0,0,0,0,0,0x00000000,0,0,0,0,0,0x00000000,0,0,0,0,0,0x00000000,0,0,0,0
1000830,1000830,1200136,Georjeaux,210767912,0x0C901028,0,201,4,40,236979210,0x0E20040A,0,226,1,10,0,0x00000000,0,0,0,0,0,0x00000000,0,0,0,0,0,0x00000000,0,0,0,0,0,0x00000000,0,0,0,0,0,0x00000000,0,0,0,0
1000831,1000831,1000014,Alaire,210767912,0x0C901028,0,201,4,40,236979210,0x0E20040A,0,226,1,10,0,0x00000000,0,0,0,0,0,0x00000000,0,0,0,0,0,0x00000000,0,0,0,0,0,0x00000000,0,0,0,0,0,0x00000000,0,0,0,0
1000832,1000832,1300103,Mianne,210764830,0x0C90041E,0,201,1,30,236979210,0x0E20040A,0,226,1,10,0,0x00000000,0,0,0,0,0,0x00000000,0,0,0,0,0,0x00000000,0,0,0,0,0,0x00000000,0,0,0,0,0,0x00000000,0,0,0,0
1000833,1000833,4000499,benignant botanist,878708737,0x34600801,0,838,2,1,0,0x00000000,0,0,0,0,0,0x00000000,0,0,0,0,0,0x00000000,0,0,0,0,0,0x00000000,0,0,0,0,0,0x00000000,0,0,0,0,0,0x00000000,0,0,0,0
1000834,1000834,4000500,sticky-fingered botanist,878707724,0x3460040C,0,838,1,12,0,0x00000000,0,0,0,0,0,0x00000000,0,0,0,0,0,0x00000000,0,0,0,0,0,0x00000000,0,0,0,0,0,0x00000000,0,0,0,0,0,0x00000000,0,0,0,0
1000835,1000835,4000501,soil-scented botanist,878708737,0x34600801,0,838,2,1,0,0x00000000,0,0,0,0,0,0x00000000,0,0,0,0,0,0x00000000,0,0,0,0,0,0x00000000,0,0,0,0,0,0x00000000,0,0,0,0,0,0x00000000,0,0,0,0
1000836,1000836,4000502,thick-browed botanist,878707712,0x34600400,0,838,1,0,0,0x00000000,0,0,0,0,0,0x00000000,0,0,0,0,0,0x00000000,0,0,0,0,0,0x00000000,0,0,0,0,0,0x00000000,0,0,0,0,0,0x00000000,0,0,0,0
1000837,1000837,1900037,R'djongo,347081798,0x14B00C46,0,331,3,70,0,0x00000000,0,0,0,0,0,0x00000000,0,0,0,0,0,0x00000000,0,0,0,0,0,0x00000000,0,0,0,0,0,0x00000000,0,0,0,0,0,0x00000000,0,0,0,0
1000839,1000839,1900152,Khuja Zhwan,331351052,0x13C0040C,0,316,1,12,0,0x00000000,0,0,0,0,0,0x00000000,0,0,0,0,0,0x00000000,0,0,0,0,0,0x00000000,0,0,0,0,0,0x00000000,0,0,0,0,0,0x00000000,0,0,0,0
1000844,1000844,1400017,Mumuepo,294650960,0x11900450,0,281,1,80,0,0x00000000,0,0,0,0,0,0x00000000,0,0,0,0,0,0x00000000,0,0,0,0,0,0x00000000,0,0,0,0,0,0x00000000,0,0,0,0,0,0x00000000,0,0,0,0
1000845,1000845,1400017,Mumuepo,294650920,0x11900428,0,281,1,40,0,0x00000000,0,0,0,0,0,0x00000000,0,0,0,0,0,0x00000000,0,0,0,0,0,0x00000000,0,0,0,0,0,0x00000000,0,0,0,0,0,0x00000000,0,0,0,0
1000847,1000847,1900025,I'llofii,294650940,0x1190043C,0,281,1,60,0,0x00000000,0,0,0,0,0,0x00000000,0,0,0,0,0,0x00000000,0,0,0,0,0,0x00000000,0,0,0,0,0,0x00000000,0,0,0,0,0,0x00000000,0,0,0,0
1000848,1000848,1400022,Mamanzo,294651984,0x11900850,0,281,2,80,0,0x00000000,0,0,0,0,0,0x00000000,0,0,0,0,0,0x00000000,0,0,0,0,0,0x00000000,0,0,0,0,0,0x00000000,0,0,0,0,0,0x00000000,0,0,0,0
1000851,1000851,4000497,stalwart Wood Wailer,79693845,0x04C00815,0,76,2,21,0,0x00000000,0,0,0,0,0,0x00000000,0,0,0,0,0,0x00000000,0,0,0,0,0,0x00000000,0,0,0,0,0,0x00000000,0,0,0,0,0,0x00000000,0,0,0,0
1000855,1000855,1500114,Qoqoba,58723368,0x03800C28,0,56,3,40,59771944,0x03900C28,0,57,3,40,0,0x00000000,0,0,0,0,0,0x00000000,0,0,0,0,0,0x00000000,0,0,0,0,0,0x00000000,0,0,0,0,0,0x00000000,0,0,0,0
1000856,1000856,1500114,Qoqoba,58723338,0x03800C0A,0,56,3,10,59771914,0x03900C0A,0,57,3,10,0,0x00000000,0,0,0,0,0,0x00000000,0,0,0,0,0,0x00000000,0,0,0,0,0,0x00000000,0,0,0,0,0,0x00000000,0,0,0,0
1000857,1000857,1400080,Popokkuli,862980116,0x33700814,0,823,2,20,0,0x00000000,0,0,0,0,0,0x00000000,0,0,0,0,0,0x00000000,0,0,0,0,0,0x00000000,0,0,0,0,0,0x00000000,0,0,0,0,0,0x00000000,0,0,0,0
1000858,1000858,1400081,Seserukka,862981121,0x33700C01,0,823,3,1,0,0x00000000,0,0,0,0,0,0x00000000,0,0,0,0,0,0x00000000,0,0,0,0,0,0x00000000,0,0,0,0,0,0x00000000,0,0,0,0,0,0x00000000,0,0,0,0
1000859,1000859,1500089,Punana,60818472,0x03A00428,0,58,1,40,61867048,0x03B00428,0,59,1,40,0,0x00000000,0,0,0,0,0,0x00000000,0,0,0,0,0,0x00000000,0,0,0,0,0,0x00000000,0,0,0,0,0,0x00000000,0,0,0,0
1000860,1000860,1400024,Lilimolu,294651984,0x11900850,0,281,2,80,0,0x00000000,0,0,0,0,0,0x00000000,0,0,0,0,0,0x00000000,0,0,0,0,0,0x00000000,0,0,0,0,0,0x00000000,0,0,0,0,0,0x00000000,0,0,0,0
1000862,1000862,1400019,Gagaruna,58723358,0x03800C1E,0,56,3,30,59771934,0x03900C1E,0,57,3,30,0,0x00000000,0,0,0,0,0,0x00000000,0,0,0,0,0,0x00000000,0,0,0,0,0,0x00000000,0,0,0,0,0,0x00000000,0,0,0,0
1000866,1000866,1400110,Ramaka Fumamaka,79698947,0x04C01C03,0,76,7,3,32508948,0x01F00C14,0,31,3,20,0,0x00000000,0,0,0,0,0,0x00000000,0,0,0,0,0,0x00000000,0,0,0,0,0,0x00000000,0,0,0,0,0,0x00000000,0,0,0,0
1000868,1000868,4000015,coquettish pirate,147852288,0x08D00C00,0,141,3,0,0,0x00000000,0,0,0,0,0,0x00000000,0,0,0,0,0,0x00000000,0,0,0,0,0,0x00000000,0,0,0,0,0,0x00000000,0,0,0,0,0,0x00000000,0,0,0,0
1000872,1000872,4000114,pine-scented pirate,147851275,0x08D0080B,0,141,2,11,0,0x00000000,0,0,0,0,0,0x00000000,0,0,0,0,0,0x00000000,0,0,0,0,0,0x00000000,0,0,0,0,0,0x00000000,0,0,0,0,0,0x00000000,0,0,0,0
1000873,1000873,4000115,baritone pirate,147850240,0x08D00400,0,141,1,0,0,0x00000000,0,0,0,0,0,0x00000000,0,0,0,0,0,0x00000000,0,0,0,0,0,0x00000000,0,0,0,0,0,0x00000000,0,0,0,0,0,0x00000000,0,0,0,0
1000874,1000874,4000113,disgruntled pirate,147851274,0x08D0080A,0,141,2,10,0,0x00000000,0,0,0,0,0,0x00000000,0,0,0,0,0,0x00000000,0,0,0,0,0,0x00000000,0,0,0,0,0,0x00000000,0,0,0,0,0,0x00000000,0,0,0,0
1000875,1000875,4000011,comely pirate,147850241,0x08D00401,0,141,1,1,0,0x00000000,0,0,0,0,0,0x00000000,0,0,0,0,0,0x00000000,0,0,0,0,0,0x00000000,0,0,0,0,0,0x00000000,0,0,0,0,0,0x00000000,0,0,0,0
1000876,1000876,1900026,T'kebbe,168821800,0x0A100428,0,161,1,40,0,0x00000000,0,0,0,0,0,0x00000000,0,0,0,0,0,0x00000000,0,0,0,0,0,0x00000000,0,0,0,0,0,0x00000000,0,0,0,0,0,0x00000000,0,0,0,0
1000877,1000877,4000496,sullen Wood Wailer,168821780,0x0A100414,0,161,1,20,0,0x00000000,0,0,0,0,0,0x00000000,0,0,0,0,0,0x00000000,0,0,0,0,0,0x00000000,0,0,0,0,0,0x00000000,0,0,0,0,0,0x00000000,0,0,0,0
1000878,1000878,4000497,stalwart Wood Wailer,168821790,0x0A10041E,0,161,1,30,0,0x00000000,0,0,0,0,0,0x00000000,0,0,0,0,0,0x00000000,0,0,0,0,0,0x00000000,0,0,0,0,0,0x00000000,0,0,0,0,0,0x00000000,0,0,0,0
1000879,1000879,4000498,stone-hearted Wood Wailer,168821780,0x0A100414,0,161,1,20,0,0x00000000,0,0,0,0,0,0x00000000,0,0,0,0,0,0x00000000,0,0,0,0,0,0x00000000,0,0,0,0,0,0x00000000,0,0,0,0,0,0x00000000,0,0,0,0
1000884,1000884,1100175,Caelan,210764830,0x0C90041E,0,201,1,30,236979210,0x0E20040A,0,226,1,10,0,0x00000000,0,0,0,0,0,0x00000000,0,0,0,0,0,0x00000000,0,0,0,0,0,0x00000000,0,0,0,0,0,0x00000000,0,0,0,0
1000885,1000885,4000519,Moenskaet's right hand,147851276,0x08D0080C,0,141,2,12,0,0x00000000,0,0,0,0,0,0x00000000,0,0,0,0,0,0x00000000,0,0,0,0,0,0x00000000,0,0,0,0,0,0x00000000,0,0,0,0,0,0x00000000,0,0,0,0
1000886,1000886,4000520,Moenskaet's left hand,147851276,0x08D0080C,0,141,2,12,0,0x00000000,0,0,0,0,0,0x00000000,0,0,0,0,0,0x00000000,0,0,0,0,0,0x00000000,0,0,0,0,0,0x00000000,0,0,0,0,0,0x00000000,0,0,0,0
1000887,1000887,1900018,Z'ssapa,862982144,0x33701000,0,823,4,0,0,0x00000000,0,0,0,0,0,0x00000000,0,0,0,0,0,0x00000000,0,0,0,0,0,0x00000000,0,0,0,0,0,0x00000000,0,0,0,0,0,0x00000000,0,0,0,0
1000888,1000888,1500080,Nenekko,862982144,0x33701000,0,823,4,0,0,0x00000000,0,0,0,0,0,0x00000000,0,0,0,0,0,0x00000000,0,0,0,0,0,0x00000000,0,0,0,0,0,0x00000000,0,0,0,0,0,0x00000000,0,0,0,0
1000891,1000891,4000374,muddled Miqo'te,79693874,0x04C00832,0,76,2,50,32514128,0x01F02050,0,31,8,80,0,0x00000000,0,0,0,0,0,0x00000000,0,0,0,0,0,0x00000000,0,0,0,0,0,0x00000000,0,0,0,0,0,0x00000000,0,0,0,0
1000892,1000892,4000337,smirking sellsword,80741396,0x04D00414,0,77,1,20,0,0x00000000,0,0,0,0,0,0x00000000,0,0,0,0,0,0x00000000,0,0,0,0,0,0x00000000,0,0,0,0,0,0x00000000,0,0,0,0,0,0x00000000,0,0,0,0
1000893,1000893,4000375,lugubrious Lalafell,79698946,0x04C01C02,0,76,7,2,32507934,0x01F0081E,0,31,2,30,0,0x00000000,0,0,0,0,0,0x00000000,0,0,0,0,0,0x00000000,0,0,0,0,0,0x00000000,0,0,0,0,0,0x00000000,0,0,0,0
1000894,1000894,4000376,long-lashed adventurer,79692820,0x04C00414,0,76,1,20,32512000,0x01F01800,0,31,6,0,0,0x00000000,0,0,0,0,0,0x00000000,0,0,0,0,0,0x00000000,0,0,0,0,0,0x00000000,0,0,0,0,0,0x00000000,0,0,0,0
1000895,1000895,4000377,astonished adventurer,58724382,0x0380101E,0,56,4,30,59772958,0x0390101E,0,57,4,30,0,0x00000000,0,0,0,0,0,0x00000000,0,0,0,0,0,0x00000000,0,0,0,0,0,0x00000000,0,0,0,0,0,0x00000000,0,0,0,0
1000896,1000896,4000378,absent-minded adventurer,58723348,0x03800C14,0,56,3,20,59771924,0x03900C14,0,57,3,20,0,0x00000000,0,0,0,0,0,0x00000000,0,0,0,0,0,0x00000000,0,0,0,0,0,0x00000000,0,0,0,0,0,0x00000000,0,0,0,0
1000897,1000897,4000352,oily-haired adventurer,58723348,0x03800C14,0,56,3,20,59771924,0x03900C14,0,57,3,20,0,0x00000000,0,0,0,0,0,0x00000000,0,0,0,0,0,0x00000000,0,0,0,0,0,0x00000000,0,0,0,0,0,0x00000000,0,0,0,0
1000898,1000898,4000379,ceaselessly sniffling adventurer,58723329,0x03800C01,0,56,3,1,59771905,0x03900C01,0,57,3,1,0,0x00000000,0,0,0,0,0,0x00000000,0,0,0,0,0,0x00000000,0,0,0,0,0,0x00000000,0,0,0,0,0,0x00000000,0,0,0,0
1000899,1000899,1600269,Syhrfyst,862980116,0x33700814,0,823,2,20,0,0x00000000,0,0,0,0,0,0x00000000,0,0,0,0,0,0x00000000,0,0,0,0,0,0x00000000,0,0,0,0,0,0x00000000,0,0,0,0,0,0x00000000,0,0,0,0
1000901,1000901,1500019,Kikita,862980116,0x33700814,0,823,2,20,0,0x00000000,0,0,0,0,0,0x00000000,0,0,0,0,0,0x00000000,0,0,0,0,0,0x00000000,0,0,0,0,0,0x00000000,0,0,0,0,0,0x00000000,0,0,0,0
1000915,1000915,1200160,Cahernaut,784335902,0x2EC0041E,0,748,1,30,0,0x00000000,0,0,0,0,0,0x00000000,0,0,0,0,0,0x00000000,0,0,0,0,0,0x00000000,0,0,0,0,0,0x00000000,0,0,0,0,0,0x00000000,0,0,0,0
1000916,1000916,1500104,Aspipi,784335883,0x2EC0040B,0,748,1,11,0,0x00000000,0,0,0,0,0,0x00000000,0,0,0,0,0,0x00000000,0,0,0,0,0,0x00000000,0,0,0,0,0,0x00000000,0,0,0,0,0,0x00000000,0,0,0,0
1000917,1000917,1100130,Gloiucen,784335883,0x2EC0040B,0,748,1,11,0,0x00000000,0,0,0,0,0,0x00000000,0,0,0,0,0,0x00000000,0,0,0,0,0,0x00000000,0,0,0,0,0,0x00000000,0,0,0,0,0,0x00000000,0,0,0,0
1000918,1000918,1200104,Sombrequain,784335902,0x2EC0041E,0,748,1,30,0,0x00000000,0,0,0,0,0,0x00000000,0,0,0,0,0,0x00000000,0,0,0,0,0,0x00000000,0,0,0,0,0,0x00000000,0,0,0,0,0,0x00000000,0,0,0,0
1000926,1000926,1600179,Sthalmann,243270686,0x0E80041E,0,232,1,30,0,0x00000000,0,0,0,0,0,0x00000000,0,0,0,0,0,0x00000000,0,0,0,0,0,0x00000000,0,0,0,0,0,0x00000000,0,0,0,0,0,0x00000000,0,0,0,0
1000927,1000927,1400023,Yoyobina,79692850,0x04C00432,0,76,1,50,32514088,0x01F02028,0,31,8,40,0,0x00000000,0,0,0,0,0,0x00000000,0,0,0,0,0,0x00000000,0,0,0,0,0,0x00000000,0,0,0,0,0,0x00000000,0,0,0,0
1000928,1000928,1300015,Cherlinaie,79693874,0x04C00832,0,76,2,50,32510978,0x01F01402,0,31,5,2,0,0x00000000,0,0,0,0,0,0x00000000,0,0,0,0,0,0x00000000,0,0,0,0,0,0x00000000,0,0,0,0,0,0x00000000,0,0,0,0
1000929,1000929,1000235,Symond,294652958,0x11900C1E,0,281,3,30,0,0x00000000,0,0,0,0,0,0x00000000,0,0,0,0,0,0x00000000,0,0,0,0,0,0x00000000,0,0,0,0,0,0x00000000,0,0,0,0,0,0x00000000,0,0,0,0
1000931,1000931,1900015,U'mallibo,147850260,0x08D00414,0,141,1,20,0,0x00000000,0,0,0,0,0,0x00000000,0,0,0,0,0,0x00000000,0,0,0,0,0,0x00000000,0,0,0,0,0,0x00000000,0,0,0,0,0,0x00000000,0,0,0,0
1000934,1000934,1400021,Titinin,58723358,0x03800C1E,0,56,3,30,59771934,0x03900C1E,0,57,3,30,0,0x00000000,0,0,0,0,0,0x00000000,0,0,0,0,0,0x00000000,0,0,0,0,0,0x00000000,0,0,0,0,0,0x00000000,0,0,0,0
1000936,1000936,4000292,undaunted adventurer,310379520,0x12800400,0,296,1,0,0,0x00000000,0,0,0,0,0,0x00000000,0,0,0,0,0,0x00000000,0,0,0,0,0,0x00000000,0,0,0,0,0,0x00000000,0,0,0,0,0,0x00000000,0,0,0,0
1000938,1000938,4000294,lionhearted adventurer,784335872,0x2EC00400,0,748,1,0,0,0x00000000,0,0,0,0,0,0x00000000,0,0,0,0,0,0x00000000,0,0,0,0,0,0x00000000,0,0,0,0,0,0x00000000,0,0,0,0,0,0x00000000,0,0,0,0
1000940,1000940,4000296,upbeat adventurer,58723328,0x03800C00,0,56,3,0,59771904,0x03900C00,0,57,3,0,0,0x00000000,0,0,0,0,0,0x00000000,0,0,0,0,0,0x00000000,0,0,0,0,0,0x00000000,0,0,0,0,0,0x00000000,0,0,0,0
1000941,1000941,4000297,seemingly calm adventurer,780141568,0x2E800400,0,744,1,0,0,0x00000000,0,0,0,0,0,0x00000000,0,0,0,0,0,0x00000000,0,0,0,0,0,0x00000000,0,0,0,0,0,0x00000000,0,0,0,0,0,0x00000000,0,0,0,0
1000942,1000942,4000310,ruminating Elezen,780141568,0x2E800400,0,744,1,0,0,0x00000000,0,0,0,0,0,0x00000000,0,0,0,0,0,0x00000000,0,0,0,0,0,0x00000000,0,0,0,0,0,0x00000000,0,0,0,0,0,0x00000000,0,0,0,0
1000945,1000945,4000313,silver-haired seductress,894436363,0x3550040B,0,853,1,11,0,0x00000000,0,0,0,0,0,0x00000000,0,0,0,0,0,0x00000000,0,0,0,0,0,0x00000000,0,0,0,0,0,0x00000000,0,0,0,0,0,0x00000000,0,0,0,0
1000948,1000948,1000010,Thancred,79693844,0x04C00814,0,76,2,20,0,0x00000000,0,0,0,0,0,0x00000000,0,0,0,0,0,0x00000000,0,0,0,0,0,0x00000000,0,0,0,0,0,0x00000000,0,0,0,0,0,0x00000000,0,0,0,0
1000949,1000949,1200166,Colbernoux,752878622,0x2CE0041E,0,718,1,30,0,0x00000000,0,0,0,0,0,0x00000000,0,0,0,0,0,0x00000000,0,0,0,0,0,0x00000000,0,0,0,0,0,0x00000000,0,0,0,0,0,0x00000000,0,0,0,0
1000951,1000951,1600102,Lonsygg,168821780,0x0A100414,0,161,1,20,0,0x00000000,0,0,0,0,0,0x00000000,0,0,0,0,0,0x00000000,0,0,0,0,0,0x00000000,0,0,0,0,0,0x00000000,0,0,0,0,0,0x00000000,0,0,0,0
1000956,1000956,1300032,Challinie,331351046,0x13C00406,0,316,1,6,0,0x00000000,0,0,0,0,0,0x00000000,0,0,0,0,0,0x00000000,0,0,0,0,0,0x00000000,0,0,0,0,0,0x00000000,0,0,0,0,0,0x00000000,0,0,0,0
1000962,1000962,1500003,Papawa,79693874,0x04C00832,0,76,2,50,32510978,0x01F01402,0,31,5,2,0,0x00000000,0,0,0,0,0,0x00000000,0,0,0,0,0,0x00000000,0,0,0,0,0,0x00000000,0,0,0,0,0,0x00000000,0,0,0,0
1000963,1000963,2200101,Galeren,79695883,0x04C0100B,0,76,4,11,32514078,0x01F0201E,0,31,8,30,0,0x00000000,0,0,0,0,0,0x00000000,0,0,0,0,0,0x00000000,0,0,0,0,0,0x00000000,0,0,0,0,0,0x00000000,0,0,0,0
1000964,1000964,1600076,Fruhybolg,79692900,0x04C00464,0,76,1,100,32514088,0x01F02028,0,31,8,40,0,0x00000000,0,0,0,0,0,0x00000000,0,0,0,0,0,0x00000000,0,0,0,0,0,0x00000000,0,0,0,0,0,0x00000000,0,0,0,0
1000965,1000965,1400085,Abylgo Hamylgo,79695883,0x04C0100B,0,76,4,11,32514078,0x01F0201E,0,31,8,30,0,0x00000000,0,0,0,0,0,0x00000000,0,0,0,0,0,0x00000000,0,0,0,0,0,0x00000000,0,0,0,0,0,0x00000000,0,0,0,0
1000966,1000966,1400112,Fineco Romanecco,79695883,0x04C0100B,0,76,4,11,32514078,0x01F0201E,0,31,8,30,0,0x00000000,0,0,0,0,0,0x00000000,0,0,0,0,0,0x00000000,0,0,0,0,0,0x00000000,0,0,0,0,0,0x00000000,0,0,0,0
1000967,1000967,1600186,Swerdahrm,79695883,0x04C0100B,0,76,4,11,32514078,0x01F0201E,0,31,8,30,0,0x00000000,0,0,0,0,0,0x00000000,0,0,0,0,0,0x00000000,0,0,0,0,0,0x00000000,0,0,0,0,0,0x00000000,0,0,0,0
1000968,1000968,1100161,Wannore,79694868,0x04C00C14,0,76,3,20,32510983,0x01F01407,0,31,5,7,0,0x00000000,0,0,0,0,0,0x00000000,0,0,0,0,0,0x00000000,0,0,0,0,0,0x00000000,0,0,0,0,0,0x00000000,0,0,0,0
1000969,1000969,1900107,Q'mhalawi,79693874,0x04C00832,0,76,2,50,32510978,0x01F01402,0,31,5,2,0,0x00000000,0,0,0,0,0,0x00000000,0,0,0,0,0,0x00000000,0,0,0,0,0,0x00000000,0,0,0,0,0,0x00000000,0,0,0,0
1000978,1000978,1000130,Gylbart,168822785,0x0A100801,0,161,2,1,0,0x00000000,0,0,0,0,0,0x00000000,0,0,0,0,0,0x00000000,0,0,0,0,0,0x00000000,0,0,0,0,0,0x00000000,0,0,0,0,0,0x00000000,0,0,0,0
1000979,1000979,1200016,Lanquairt,168825866,0x0A10140A,0,161,5,10,0,0x00000000,0,0,0,0,0,0x00000000,0,0,0,0,0,0x00000000,0,0,0,0,0,0x00000000,0,0,0,0,0,0x00000000,0,0,0,0,0,0x00000000,0,0,0,0
1000982,1000982,4000367,slyly smirking citizen,780141568,0x2E800400,0,744,1,0,0,0x00000000,0,0,0,0,0,0x00000000,0,0,0,0,0,0x00000000,0,0,0,0,0,0x00000000,0,0,0,0,0,0x00000000,0,0,0,0,0,0x00000000,0,0,0,0
1000989,1000989,4000371,stately statesman,780141568,0x2E800400,0,744,1,0,0,0x00000000,0,0,0,0,0,0x00000000,0,0,0,0,0,0x00000000,0,0,0,0,0,0x00000000,0,0,0,0,0,0x00000000,0,0,0,0,0,0x00000000,0,0,0,0
1000995,1000995,4000341,poorly outfitted gladiator,79693835,0x04C0080B,0,76,2,11,32510977,0x01F01401,0,31,5,1,0,0x00000000,0,0,0,0,0,0x00000000,0,0,0,0,0,0x00000000,0,0,0,0,0,0x00000000,0,0,0,0,0,0x00000000,0,0,0,0
1000996,1000996,4000342,mournful miner,862980116,0x33700814,0,823,2,20,0,0x00000000,0,0,0,0,0,0x00000000,0,0,0,0,0,0x00000000,0,0,0,0,0,0x00000000,0,0,0,0,0,0x00000000,0,0,0,0,0,0x00000000,0,0,0,0
1000997,1000997,4000343,aggrieved gladiator,79698945,0x04C01C01,0,76,7,1,32514048,0x01F02000,0,31,8,0,0,0x00000000,0,0,0,0,0,0x00000000,0,0,0,0,0,0x00000000,0,0,0,0,0,0x00000000,0,0,0,0,0,0x00000000,0,0,0,0
1000998,1000998,4000344,struggling gladiator,79695883,0x04C0100B,0,76,4,11,32514078,0x01F0201E,0,31,8,30,0,0x00000000,0,0,0,0,0,0x00000000,0,0,0,0,0,0x00000000,0,0,0,0,0,0x00000000,0,0,0,0,0,0x00000000,0,0,0,0
1000999,1000999,4000345,disheartened gladiator,79693835,0x04C0080B,0,76,2,11,32510977,0x01F01401,0,31,5,1,0,0x00000000,0,0,0,0,0,0x00000000,0,0,0,0,0,0x00000000,0,0,0,0,0,0x00000000,0,0,0,0,0,0x00000000,0,0,0,0
1001000,1001000,4000346,debating gladiator,79695883,0x04C0100B,0,76,4,11,32514078,0x01F0201E,0,31,8,30,0,0x00000000,0,0,0,0,0,0x00000000,0,0,0,0,0,0x00000000,0,0,0,0,0,0x00000000,0,0,0,0,0,0x00000000,0,0,0,0
1001001,1001001,4000347,raging gladiator,79698946,0x04C01C02,0,76,7,2,32507934,0x01F0081E,0,31,2,30,0,0x00000000,0,0,0,0,0,0x00000000,0,0,0,0,0,0x00000000,0,0,0,0,0,0x00000000,0,0,0,0,0,0x00000000,0,0,0,0
1001002,1001002,1600208,Tymbryss,147850260,0x08D00414,0,141,1,20,0,0x00000000,0,0,0,0,0,0x00000000,0,0,0,0,0,0x00000000,0,0,0,0,0,0x00000000,0,0,0,0,0,0x00000000,0,0,0,0,0,0x00000000,0,0,0,0
1001003,1001003,1100058,Edekin,147850240,0x08D00400,0,141,1,0,0,0x00000000,0,0,0,0,0,0x00000000,0,0,0,0,0,0x00000000,0,0,0,0,0,0x00000000,0,0,0,0,0,0x00000000,0,0,0,0,0,0x00000000,0,0,0,0
1001004,1001004,1900081,I'tadhara,147850240,0x08D00400,0,141,1,0,0,0x00000000,0,0,0,0,0,0x00000000,0,0,0,0,0,0x00000000,0,0,0,0,0,0x00000000,0,0,0,0,0,0x00000000,0,0,0,0,0,0x00000000,0,0,0,0
1001005,1001005,1600034,Bhaldwilf,147850260,0x08D00414,0,141,1,20,0,0x00000000,0,0,0,0,0,0x00000000,0,0,0,0,0,0x00000000,0,0,0,0,0,0x00000000,0,0,0,0,0,0x00000000,0,0,0,0,0,0x00000000,0,0,0,0
1001006,1001006,1200155,Guydelot,147850260,0x08D00414,0,141,1,20,0,0x00000000,0,0,0,0,0,0x00000000,0,0,0,0,0,0x00000000,0,0,0,0,0,0x00000000,0,0,0,0,0,0x00000000,0,0,0,0,0,0x00000000,0,0,0,0
1001007,1001007,1000134,Halstein,58724372,0x03801014,0,56,4,20,59772948,0x03901014,0,57,4,20,0,0x00000000,0,0,0,0,0,0x00000000,0,0,0,0,0,0x00000000,0,0,0,0,0,0x00000000,0,0,0,0,0,0x00000000,0,0,0,0
1001008,1001008,4000348,bizarre blacksmith,721421325,0x2B00040D,0,688,1,13,0,0x00000000,0,0,0,0,0,0x00000000,0,0,0,0,0,0x00000000,0,0,0,0,0,0x00000000,0,0,0,0,0,0x00000000,0,0,0,0,0,0x00000000,0,0,0,0
1001009,1001009,1300104,Melisie,58722344,0x03800828,0,56,2,40,59770920,0x03900828,0,57,2,40,0,0x00000000,0,0,0,0,0,0x00000000,0,0,0,0,0,0x00000000,0,0,0,0,0,0x00000000,0,0,0,0,0,0x00000000,0,0,0,0
1001010,1001010,1000184,Orisic,58722314,0x0380080A,0,56,2,10,59770890,0x0390080A,0,57,2,10,0,0x00000000,0,0,0,0,0,0x00000000,0,0,0,0,0,0x00000000,0,0,0,0,0,0x00000000,0,0,0,0,0,0x00000000,0,0,0,0
1001011,1001011,2200187,Maginfred,58722334,0x0380081E,0,56,2,30,59770910,0x0390081E,0,57,2,30,0,0x00000000,0,0,0,0,0,0x00000000,0,0,0,0,0,0x00000000,0,0,0,0,0,0x00000000,0,0,0,0,0,0x00000000,0,0,0,0
1001012,1001012,1400105,Shamani Lohmani,58722334,0x0380081E,0,56,2,30,59770910,0x0390081E,0,57,2,30,0,0x00000000,0,0,0,0,0,0x00000000,0,0,0,0,0,0x00000000,0,0,0,0,0,0x00000000,0,0,0,0,0,0x00000000,0,0,0,0
1001014,1001014,4000354,well-polished pugilist,79698944,0x04C01C00,0,76,7,0,32509952,0x01F01000,0,31,4,0,0,0x00000000,0,0,0,0,0,0x00000000,0,0,0,0,0,0x00000000,0,0,0,0,0,0x00000000,0,0,0,0,0,0x00000000,0,0,0,0
1001015,1001015,4000355,nonchalant goldsmith,780141568,0x2E800400,0,744,1,0,0,0x00000000,0,0,0,0,0,0x00000000,0,0,0,0,0,0x00000000,0,0,0,0,0,0x00000000,0,0,0,0,0,0x00000000,0,0,0,0,0,0x00000000,0,0,0,0
1001017,1001017,4000357,grey-haired pugilist,58723339,0x03800C0B,0,56,3,11,59771915,0x03900C0B,0,57,3,11,0,0x00000000,0,0,0,0,0,0x00000000,0,0,0,0,0,0x00000000,0,0,0,0,0,0x00000000,0,0,0,0,0,0x00000000,0,0,0,0
1001018,1001018,1600029,Baenfaeld,58723348,0x03800C14,0,56,3,20,59771924,0x03900C14,0,57,3,20,0,0x00000000,0,0,0,0,0,0x00000000,0,0,0,0,0,0x00000000,0,0,0,0,0,0x00000000,0,0,0,0,0,0x00000000,0,0,0,0
1001019,1001019,1200156,Landrenel,58723358,0x03800C1E,0,56,3,30,59771934,0x03900C1E,0,57,3,30,0,0x00000000,0,0,0,0,0,0x00000000,0,0,0,0,0,0x00000000,0,0,0,0,0,0x00000000,0,0,0,0,0,0x00000000,0,0,0,0
1001020,1001020,4000360,undefeated gladiator,79692900,0x04C00464,0,76,1,100,32514088,0x01F02028,0,31,8,40,0,0x00000000,0,0,0,0,0,0x00000000,0,0,0,0,0,0x00000000,0,0,0,0,0,0x00000000,0,0,0,0,0,0x00000000,0,0,0,0
1001021,1001021,4000361,gallantly grinning gladiator,79695883,0x04C0100B,0,76,4,11,32514078,0x01F0201E,0,31,8,30,0,0x00000000,0,0,0,0,0,0x00000000,0,0,0,0,0,0x00000000,0,0,0,0,0,0x00000000,0,0,0,0,0,0x00000000,0,0,0,0
1001022,1001022,1400108,Sungi Kelungi,780141568,0x2E800400,0,744,1,0,0,0x00000000,0,0,0,0,0,0x00000000,0,0,0,0,0,0x00000000,0,0,0,0,0,0x00000000,0,0,0,0,0,0x00000000,0,0,0,0,0,0x00000000,0,0,0,0
1001023,1001023,4000362,temporarily impaired pugilist,58723329,0x03800C01,0,56,3,1,59771905,0x03900C01,0,57,3,1,0,0x00000000,0,0,0,0,0,0x00000000,0,0,0,0,0,0x00000000,0,0,0,0,0,0x00000000,0,0,0,0,0,0x00000000,0,0,0,0
1001024,1001024,4000363,huffing and puffing pugilist,58724372,0x03801014,0,56,4,20,59772948,0x03901014,0,57,4,20,0,0x00000000,0,0,0,0,0,0x00000000,0,0,0,0,0,0x00000000,0,0,0,0,0,0x00000000,0,0,0,0,0,0x00000000,0,0,0,0
1001025,1001025,4000364,pained pugilist,60818442,0x03A0040A,0,58,1,10,61867018,0x03B0040A,0,59,1,10,0,0x00000000,0,0,0,0,0,0x00000000,0,0,0,0,0,0x00000000,0,0,0,0,0,0x00000000,0,0,0,0,0,0x00000000,0,0,0,0
1001026,1001026,4000365,snarling pugilist,58722304,0x03800800,0,56,2,0,59770880,0x03900800,0,57,2,0,0,0x00000000,0,0,0,0,0,0x00000000,0,0,0,0,0,0x00000000,0,0,0,0,0,0x00000000,0,0,0,0,0,0x00000000,0,0,0,0
1001027,1001027,1900087,K'lamahni,58724382,0x0380101E,0,56,4,30,59772958,0x0390101E,0,57,4,30,0,0x00000000,0,0,0,0,0,0x00000000,0,0,0,0,0,0x00000000,0,0,0,0,0,0x00000000,0,0,0,0,0,0x00000000,0,0,0,0
1001028,1001028,4000349,imperious pugilist,58723329,0x03800C01,0,56,3,1,59771905,0x03900C01,0,57,3,1,0,0x00000000,0,0,0,0,0,0x00000000,0,0,0,0,0,0x00000000,0,0,0,0,0,0x00000000,0,0,0,0,0,0x00000000,0,0,0,0
1001029,1001029,1100007,Gylda,58722344,0x03800828,0,56,2,40,59770920,0x03900828,0,57,2,40,0,0x00000000,0,0,0,0,0,0x00000000,0,0,0,0,0,0x00000000,0,0,0,0,0,0x00000000,0,0,0,0,0,0x00000000,0,0,0,0
1001030,1001030,4000350,manually endowed pugilist,58722334,0x0380081E,0,56,2,30,59770910,0x0390081E,0,57,2,30,0,0x00000000,0,0,0,0,0,0x00000000,0,0,0,0,0,0x00000000,0,0,0,0,0,0x00000000,0,0,0,0,0,0x00000000,0,0,0,0
1001031,1001031,4000351,persistently perspiring pugilist,58722334,0x0380081E,0,56,2,30,59770910,0x0390081E,0,57,2,30,0,0x00000000,0,0,0,0,0,0x00000000,0,0,0,0,0,0x00000000,0,0,0,0,0,0x00000000,0,0,0,0,0,0x00000000,0,0,0,0
1001032,1001032,1300125,Saulette,383779842,0x16E00402,0,366,1,2,0,0x00000000,0,0,0,0,0,0x00000000,0,0,0,0,0,0x00000000,0,0,0,0,0,0x00000000,0,0,0,0,0,0x00000000,0,0,0,0,0,0x00000000,0,0,0,0
1001040,1001040,4000380,calloused sempster,784335882,0x2EC0040A,0,748,1,10,0,0x00000000,0,0,0,0,0,0x00000000,0,0,0,0,0,0x00000000,0,0,0,0,0,0x00000000,0,0,0,0,0,0x00000000,0,0,0,0,0,0x00000000,0,0,0,0
1001045,1001045,4000385,perturbed pugilist,58723348,0x03800C14,0,56,3,20,59771924,0x03900C14,0,57,3,20,0,0x00000000,0,0,0,0,0,0x00000000,0,0,0,0,0,0x00000000,0,0,0,0,0,0x00000000,0,0,0,0,0,0x00000000,0,0,0,0
1001051,1001051,1400061,Guguremu,294651964,0x1190083C,0,281,2,60,0,0x00000000,0,0,0,0,0,0x00000000,0,0,0,0,0,0x00000000,0,0,0,0,0,0x00000000,0,0,0,0,0,0x00000000,0,0,0,0,0,0x00000000,0,0,0,0
1001052,1001052,1500075,Shushule,347081729,0x14B00C01,0,331,3,1,0,0x00000000,0,0,0,0,0,0x00000000,0,0,0,0,0,0x00000000,0,0,0,0,0,0x00000000,0,0,0,0,0,0x00000000,0,0,0,0,0,0x00000000,0,0,0,0
1001053,1001053,1300113,Perinne,752879616,0x2CE00800,0,718,2,0,0,0x00000000,0,0,0,0,0,0x00000000,0,0,0,0,0,0x00000000,0,0,0,0,0,0x00000000,0,0,0,0,0,0x00000000,0,0,0,0,0,0x00000000,0,0,0,0
1001054,1001054,1200025,Corguevais,294650930,0x11900432,0,281,1,50,0,0x00000000,0,0,0,0,0,0x00000000,0,0,0,0,0,0x00000000,0,0,0,0,0,0x00000000,0,0,0,0,0,0x00000000,0,0,0,0,0,0x00000000,0,0,0,0
1001055,1001055,1000055,Bouchard,780141568,0x2E800400,0,744,1,0,0,0x00000000,0,0,0,0,0,0x00000000,0,0,0,0,0,0x00000000,0,0,0,0,0,0x00000000,0,0,0,0,0,0x00000000,0,0,0,0,0,0x00000000,0,0,0,0
1001056,1001056,1500111,Holbubu,752879636,0x2CE00814,0,718,2,20,0,0x00000000,0,0,0,0,0,0x00000000,0,0,0,0,0,0x00000000,0,0,0,0,0,0x00000000,0,0,0,0,0,0x00000000,0,0,0,0,0,0x00000000,0,0,0,0
1001059,1001059,4000260,narrow-eyed adventurer,210767882,0x0C90100A,0,201,4,10,236979210,0x0E20040A,0,226,1,10,0,0x00000000,0,0,0,0,0,0x00000000,0,0,0,0,0,0x00000000,0,0,0,0,0,0x00000000,0,0,0,0,0,0x00000000,0,0,0,0
1001060,1001060,4000261,well-bundled adventurer,705692733,0x2A10043D,0,673,1,61,0,0x00000000,0,0,0,0,0,0x00000000,0,0,0,0,0,0x00000000,0,0,0,0,0,0x00000000,0,0,0,0,0,0x00000000,0,0,0,0,0,0x00000000,0,0,0,0
1001061,1001061,4000262,sweet-smelling adventurer,347081729,0x14B00C01,0,331,3,1,0,0x00000000,0,0,0,0,0,0x00000000,0,0,0,0,0,0x00000000,0,0,0,0,0,0x00000000,0,0,0,0,0,0x00000000,0,0,0,0,0,0x00000000,0,0,0,0
1001062,1001062,4000263,beaming adventurer,878708736,0x34600800,0,838,2,0,0,0x00000000,0,0,0,0,0,0x00000000,0,0,0,0,0,0x00000000,0,0,0,0,0,0x00000000,0,0,0,0,0,0x00000000,0,0,0,0,0,0x00000000,0,0,0,0
1001063,1001063,1600114,Mharelak,147851276,0x08D0080C,0,141,2,12,0,0x00000000,0,0,0,0,0,0x00000000,0,0,0,0,0,0x00000000,0,0,0,0,0,0x00000000,0,0,0,0,0,0x00000000,0,0,0,0,0,0x00000000,0,0,0,0
1001064,1001064,1600093,Hasthwab,147851276,0x08D0080C,0,141,2,12,0,0x00000000,0,0,0,0,0,0x00000000,0,0,0,0,0,0x00000000,0,0,0,0,0,0x00000000,0,0,0,0,0,0x00000000,0,0,0,0,0,0x00000000,0,0,0,0
1001065,1001065,1900131,Ighii Moui,147851276,0x08D0080C,0,141,2,12,0,0x00000000,0,0,0,0,0,0x00000000,0,0,0,0,0,0x00000000,0,0,0,0,0,0x00000000,0,0,0,0,0,0x00000000,0,0,0,0,0,0x00000000,0,0,0,0
1001066,1001066,1600256,Zahrsaelz,147851264,0x08D00800,0,141,2,0,0,0x00000000,0,0,0,0,0,0x00000000,0,0,0,0,0,0x00000000,0,0,0,0,0,0x00000000,0,0,0,0,0,0x00000000,0,0,0,0,0,0x00000000,0,0,0,0
1001067,1001067,1900080,Tyo Garanjy,147852289,0x08D00C01,0,141,3,1,0,0x00000000,0,0,0,0,0,0x00000000,0,0,0,0,0,0x00000000,0,0,0,0,0,0x00000000,0,0,0,0,0,0x00000000,0,0,0,0,0,0x00000000,0,0,0,0
1001068,1001068,1200157,Bohemondas,147850260,0x08D00414,0,141,1,20,0,0x00000000,0,0,0,0,0,0x00000000,0,0,0,0,0,0x00000000,0,0,0,0,0,0x00000000,0,0,0,0,0,0x00000000,0,0,0,0,0,0x00000000,0,0,0,0
1001069,1001069,1100401,Paige,147851274,0x08D0080A,0,141,2,10,0,0x00000000,0,0,0,0,0,0x00000000,0,0,0,0,0,0x00000000,0,0,0,0,0,0x00000000,0,0,0,0,0,0x00000000,0,0,0,0,0,0x00000000,0,0,0,0
1001070,1001070,2200073,Dyryke,147851264,0x08D00800,0,141,2,0,0,0x00000000,0,0,0,0,0,0x00000000,0,0,0,0,0,0x00000000,0,0,0,0,0,0x00000000,0,0,0,0,0,0x00000000,0,0,0,0,0,0x00000000,0,0,0,0
1001071,1001071,1900093,T'nbulea,331351046,0x13C00406,0,316,1,6,0,0x00000000,0,0,0,0,0,0x00000000,0,0,0,0,0,0x00000000,0,0,0,0,0,0x00000000,0,0,0,0,0,0x00000000,0,0,0,0,0,0x00000000,0,0,0,0
1001072,1001072,1400050,Foforyo,347079711,0x14B0041F,0,331,1,31,0,0x00000000,0,0,0,0,0,0x00000000,0,0,0,0,0,0x00000000,0,0,0,0,0,0x00000000,0,0,0,0,0,0x00000000,0,0,0,0,0,0x00000000,0,0,0,0
1001076,1001076,1400023,Yoyobina,79692900,0x04C00464,0,76,1,100,32514088,0x01F02028,0,31,8,40,0,0x00000000,0,0,0,0,0,0x00000000,0,0,0,0,0,0x00000000,0,0,0,0,0,0x00000000,0,0,0,0,0,0x00000000,0,0,0,0
1001077,1001077,1000362,Beli,768607243,0x2DD0040B,0,733,1,11,0,0x00000000,0,0,0,0,0,0x00000000,0,0,0,0,0,0x00000000,0,0,0,0,0,0x00000000,0,0,0,0,0,0x00000000,0,0,0,0,0,0x00000000,0,0,0,0
1001078,1001078,1100372,Maddeline,768609300,0x2DD00C14,0,733,3,20,0,0x00000000,0,0,0,0,0,0x00000000,0,0,0,0,0,0x00000000,0,0,0,0,0,0x00000000,0,0,0,0,0,0x00000000,0,0,0,0,0,0x00000000,0,0,0,0
1001079,1001079,1600061,Dyrstbrod,768610304,0x2DD01000,0,733,4,0,0,0x00000000,0,0,0,0,0,0x00000000,0,0,0,0,0,0x00000000,0,0,0,0,0,0x00000000,0,0,0,0,0,0x00000000,0,0,0,0,0,0x00000000,0,0,0,0
1001080,1001080,1400114,Tatagoi,768610304,0x2DD01000,0,733,4,0,0,0x00000000,0,0,0,0,0,0x00000000,0,0,0,0,0,0x00000000,0,0,0,0,0,0x00000000,0,0,0,0,0,0x00000000,0,0,0,0,0,0x00000000,0,0,0,0
1001081,1001081,1900122,Khuma Moshroca,768609300,0x2DD00C14,0,733,3,20,0,0x00000000,0,0,0,0,0,0x00000000,0,0,0,0,0,0x00000000,0,0,0,0,0,0x00000000,0,0,0,0,0,0x00000000,0,0,0,0,0,0x00000000,0,0,0,0
1001082,1001082,1100094,Luilda,768609300,0x2DD00C14,0,733,3,20,0,0x00000000,0,0,0,0,0,0x00000000,0,0,0,0,0,0x00000000,0,0,0,0,0,0x00000000,0,0,0,0,0,0x00000000,0,0,0,0,0,0x00000000,0,0,0,0
1001083,1001083,1000126,Gregory,210764830,0x0C90041E,0,201,1,30,236979210,0x0E20040A,0,226,1,10,0,0x00000000,0,0,0,0,0,0x00000000,0,0,0,0,0,0x00000000,0,0,0,0,0,0x00000000,0,0,0,0,0,0x00000000,0,0,0,0
1001093,1001093,4000503,illustrious Ixal,79694848,0x04C00C00,0,76,3,0,32510976,0x01F01400,0,31,5,0,0,0x00000000,0,0,0,0,0,0x00000000,0,0,0,0,0,0x00000000,0,0,0,0,0,0x00000000,0,0,0,0,0,0x00000000,0,0,0,0
1001094,1001094,4000504,impassioned Ixal,79694848,0x04C00C00,0,76,3,0,32510976,0x01F01400,0,31,5,0,0,0x00000000,0,0,0,0,0,0x00000000,0,0,0,0,0,0x00000000,0,0,0,0,0,0x00000000,0,0,0,0,0,0x00000000,0,0,0,0
1001095,1001095,4000505,loyal Ixal,79694848,0x04C00C00,0,76,3,0,32510976,0x01F01400,0,31,5,0,0,0x00000000,0,0,0,0,0,0x00000000,0,0,0,0,0,0x00000000,0,0,0,0,0,0x00000000,0,0,0,0,0,0x00000000,0,0,0,0
1001097,1001097,4000507,espirited Amalj'aa,60818482,0x03A00432,0,58,1,50,61867058,0x03B00432,0,59,1,50,0,0x00000000,0,0,0,0,0,0x00000000,0,0,0,0,0,0x00000000,0,0,0,0,0,0x00000000,0,0,0,0,0,0x00000000,0,0,0,0
1001098,1001098,4000508,able-bodied Amalj'aa,310379550,0x1280041E,0,296,1,30,0,0x00000000,0,0,0,0,0,0x00000000,0,0,0,0,0,0x00000000,0,0,0,0,0,0x00000000,0,0,0,0,0,0x00000000,0,0,0,0,0,0x00000000,0,0,0,0
1001101,1001101,1900142,V'nabyano,878708736,0x34600800,0,838,2,0,0,0x00000000,0,0,0,0,0,0x00000000,0,0,0,0,0,0x00000000,0,0,0,0,0,0x00000000,0,0,0,0,0,0x00000000,0,0,0,0,0,0x00000000,0,0,0,0
1001102,1001102,1000223,Sandre,878708736,0x34600800,0,838,2,0,0,0x00000000,0,0,0,0,0,0x00000000,0,0,0,0,0,0x00000000,0,0,0,0,0,0x00000000,0,0,0,0,0,0x00000000,0,0,0,0,0,0x00000000,0,0,0,0
1001103,1001103,1200141,Mestonnaux,878708736,0x34600800,0,838,2,0,0,0x00000000,0,0,0,0,0,0x00000000,0,0,0,0,0,0x00000000,0,0,0,0,0,0x00000000,0,0,0,0,0,0x00000000,0,0,0,0,0,0x00000000,0,0,0,0
1001141,1001141,1400117,Tutubuki,294650970,0x1190045A,0,281,1,90,0,0x00000000,0,0,0,0,0,0x00000000,0,0,0,0,0,0x00000000,0,0,0,0,0,0x00000000,0,0,0,0,0,0x00000000,0,0,0,0,0,0x00000000,0,0,0,0
1001142,1001142,1400095,Kamlito Halito,294651984,0x11900850,0,281,2,80,0,0x00000000,0,0,0,0,0,0x00000000,0,0,0,0,0,0x00000000,0,0,0,0,0,0x00000000,0,0,0,0,0,0x00000000,0,0,0,0,0,0x00000000,0,0,0,0
1001143,1001143,1500020,Totono,294652948,0x11900C14,0,281,3,20,0,0x00000000,0,0,0,0,0,0x00000000,0,0,0,0,0,0x00000000,0,0,0,0,0,0x00000000,0,0,0,0,0,0x00000000,0,0,0,0,0,0x00000000,0,0,0,0
1001144,1001144,1600085,Fyrilsunn,294651964,0x1190083C,0,281,2,60,0,0x00000000,0,0,0,0,0,0x00000000,0,0,0,0,0,0x00000000,0,0,0,0,0,0x00000000,0,0,0,0,0,0x00000000,0,0,0,0,0,0x00000000,0,0,0,0
1001145,1001145,1300074,Sinette,294650940,0x1190043C,0,281,1,60,0,0x00000000,0,0,0,0,0,0x00000000,0,0,0,0,0,0x00000000,0,0,0,0,0,0x00000000,0,0,0,0,0,0x00000000,0,0,0,0,0,0x00000000,0,0,0,0
1001146,1001146,1600261,Zirnbyrt,79697980,0x04C0183C,0,76,6,60,32514078,0x01F0201E,0,31,8,30,0,0x00000000,0,0,0,0,0,0x00000000,0,0,0,0,0,0x00000000,0,0,0,0,0,0x00000000,0,0,0,0,0,0x00000000,0,0,0,0
1001147,1001147,1900126,Vhaso Tayuun,79697980,0x04C0183C,0,76,6,60,32514078,0x01F0201E,0,31,8,30,0,0x00000000,0,0,0,0,0,0x00000000,0,0,0,0,0,0x00000000,0,0,0,0,0,0x00000000,0,0,0,0,0,0x00000000,0,0,0,0
1001148,1001148,1400094,Pulbei Yalbei,79697980,0x04C0183C,0,76,6,60,32514078,0x01F0201E,0,31,8,30,0,0x00000000,0,0,0,0,0,0x00000000,0,0,0,0,0,0x00000000,0,0,0,0,0,0x00000000,0,0,0,0,0,0x00000000,0,0,0,0
1001149,1001149,1000118,Gembert,79697980,0x04C0183C,0,76,6,60,32514078,0x01F0201E,0,31,8,30,0,0x00000000,0,0,0,0,0,0x00000000,0,0,0,0,0,0x00000000,0,0,0,0,0,0x00000000,0,0,0,0,0,0x00000000,0,0,0,0
1001150,1001150,1200102,Bloisirant,168821780,0x0A100414,0,161,1,20,0,0x00000000,0,0,0,0,0,0x00000000,0,0,0,0,0,0x00000000,0,0,0,0,0,0x00000000,0,0,0,0,0,0x00000000,0,0,0,0,0,0x00000000,0,0,0,0
1001151,1001151,1100173,Bidelia,168821780,0x0A100414,0,161,1,20,0,0x00000000,0,0,0,0,0,0x00000000,0,0,0,0,0,0x00000000,0,0,0,0,0,0x00000000,0,0,0,0,0,0x00000000,0,0,0,0,0,0x00000000,0,0,0,0
1001152,1001152,1400118,Dadaneja,168821780,0x0A100414,0,161,1,20,0,0x00000000,0,0,0,0,0,0x00000000,0,0,0,0,0,0x00000000,0,0,0,0,0,0x00000000,0,0,0,0,0,0x00000000,0,0,0,0,0,0x00000000,0,0,0,0
1001153,1001153,1500081,Rimomo,168821780,0x0A100414,0,161,1,20,0,0x00000000,0,0,0,0,0,0x00000000,0,0,0,0,0,0x00000000,0,0,0,0,0,0x00000000,0,0,0,0,0,0x00000000,0,0,0,0,0,0x00000000,0,0,0,0
1001154,1001154,1600062,Dyrstweitz,80741376,0x04D00400,0,77,1,0,32515092,0x01F02414,0,31,9,20,0,0x00000000,0,0,0,0,0,0x00000000,0,0,0,0,0,0x00000000,0,0,0,0,0,0x00000000,0,0,0,0,0,0x00000000,0,0,0,0
1001155,1001155,1000159,Ladislas,80741386,0x04D0040A,0,77,1,10,32515112,0x01F02428,0,31,9,40,0,0x00000000,0,0,0,0,0,0x00000000,0,0,0,0,0,0x00000000,0,0,0,0,0,0x00000000,0,0,0,0,0,0x00000000,0,0,0,0
1001156,1001156,1300109,Hersande,79698945,0x04C01C01,0,76,7,1,32515122,0x01F02432,0,31,9,50,0,0x00000000,0,0,0,0,0,0x00000000,0,0,0,0,0,0x00000000,0,0,0,0,0,0x00000000,0,0,0,0,0,0x00000000,0,0,0,0
1001157,1001157,1500092,Puroro,80741386,0x04D0040A,0,77,1,10,32515112,0x01F02428,0,31,9,40,0,0x00000000,0,0,0,0,0,0x00000000,0,0,0,0,0,0x00000000,0,0,0,0,0,0x00000000,0,0,0,0,0,0x00000000,0,0,0,0
1001158,1001158,1200083,Theophilain,80741376,0x04D00400,0,77,1,0,32515092,0x01F02414,0,31,9,20,0,0x00000000,0,0,0,0,0,0x00000000,0,0,0,0,0,0x00000000,0,0,0,0,0,0x00000000,0,0,0,0,0,0x00000000,0,0,0,0
1001159,1001159,1400115,Wowotazi,79698945,0x04C01C01,0,76,7,1,32515122,0x01F02432,0,31,9,50,0,0x00000000,0,0,0,0,0,0x00000000,0,0,0,0,0,0x00000000,0,0,0,0,0,0x00000000,0,0,0,0,0,0x00000000,0,0,0,0
1001160,1001160,1600073,Fhilhimal,147852298,0x08D00C0A,0,141,3,10,0,0x00000000,0,0,0,0,0,0x00000000,0,0,0,0,0,0x00000000,0,0,0,0,0,0x00000000,0,0,0,0,0,0x00000000,0,0,0,0,0,0x00000000,0,0,0,0
1001161,1001161,1900149,Masya Moshroca,147852289,0x08D00C01,0,141,3,1,0,0x00000000,0,0,0,0,0,0x00000000,0,0,0,0,0,0x00000000,0,0,0,0,0,0x00000000,0,0,0,0,0,0x00000000,0,0,0,0,0,0x00000000,0,0,0,0
1001162,1001162,1200163,Goudernoux,147851274,0x08D0080A,0,141,2,10,0,0x00000000,0,0,0,0,0,0x00000000,0,0,0,0,0,0x00000000,0,0,0,0,0,0x00000000,0,0,0,0,0,0x00000000,0,0,0,0,0,0x00000000,0,0,0,0
1001163,1001163,2200052,Berhtolf,147850260,0x08D00414,0,141,1,20,0,0x00000000,0,0,0,0,0,0x00000000,0,0,0,0,0,0x00000000,0,0,0,0,0,0x00000000,0,0,0,0,0,0x00000000,0,0,0,0,0,0x00000000,0,0,0,0
1001164,1001164,1500108,Shasusu,147852298,0x08D00C0A,0,141,3,10,0,0x00000000,0,0,0,0,0,0x00000000,0,0,0,0,0,0x00000000,0,0,0,0,0,0x00000000,0,0,0,0,0,0x00000000,0,0,0,0,0,0x00000000,0,0,0,0
1001165,1001165,1400041,Mumukiya,862980106,0x3370080A,0,823,2,10,0,0x00000000,0,0,0,0,0,0x00000000,0,0,0,0,0,0x00000000,0,0,0,0,0,0x00000000,0,0,0,0,0,0x00000000,0,0,0,0,0,0x00000000,0,0,0,0
1001166,1001166,1400031,Yuyubesu,862980116,0x33700814,0,823,2,20,0,0x00000000,0,0,0,0,0,0x00000000,0,0,0,0,0,0x00000000,0,0,0,0,0,0x00000000,0,0,0,0,0,0x00000000,0,0,0,0,0,0x00000000,0,0,0,0
1001167,1001167,1500047,Chachai,862982144,0x33701000,0,823,4,0,0,0x00000000,0,0,0,0,0,0x00000000,0,0,0,0,0,0x00000000,0,0,0,0,0,0x00000000,0,0,0,0,0,0x00000000,0,0,0,0,0,0x00000000,0,0,0,0
1001168,1001168,1500074,Fifilo,862982144,0x33701000,0,823,4,0,0,0x00000000,0,0,0,0,0,0x00000000,0,0,0,0,0,0x00000000,0,0,0,0,0,0x00000000,0,0,0,0,0,0x00000000,0,0,0,0,0,0x00000000,0,0,0,0
1001169,1001169,1200149,Pierriquet,862981120,0x33700C00,0,823,3,0,0,0x00000000,0,0,0,0,0,0x00000000,0,0,0,0,0,0x00000000,0,0,0,0,0,0x00000000,0,0,0,0,0,0x00000000,0,0,0,0,0,0x00000000,0,0,0,0
1001170,1001170,1600118,Mohtfryd,944787456,0x38505000,0,901,20,0,0,0x00000000,0,0,0,0,0,0x00000000,0,0,0,0,0,0x00000000,0,0,0,0,0,0x00000000,0,0,0,0,0,0x00000000,0,0,0,0,0,0x00000000,0,0,0,0
1001172,1001172,1000126,Gregory,79694848,0x04C00C00,0,76,3,0,32510976,0x01F01400,0,31,5,0,0,0x00000000,0,0,0,0,0,0x00000000,0,0,0,0,0,0x00000000,0,0,0,0,0,0x00000000,0,0,0,0,0,0x00000000,0,0,0,0
1001173,1001173,1000126,Gregory,210766898,0x0C900C32,0,201,3,50,236979210,0x0E20040A,0,226,1,10,0,0x00000000,0,0,0,0,0,0x00000000,0,0,0,0,0,0x00000000,0,0,0,0,231736331,0x0DD0040B,0,221,1,11,0,0x00000000,0,0,0,0
1001175,1001175,1100261,Chloe,210766898,0x0C900C32,0,201,3,50,236979210,0x0E20040A,0,226,1,10,0,0x00000000,0,0,0,0,0,0x00000000,0,0,0,0,0,0x00000000,0,0,0,0,0,0x00000000,0,0,0,0,0,0x00000000,0,0,0,0
1001176,1001176,1000022,Aeglyffe,79695883,0x04C0100B,0,76,4,11,32514078,0x01F0201E,0,31,8,30,0,0x00000000,0,0,0,0,0,0x00000000,0,0,0,0,0,0x00000000,0,0,0,0,0,0x00000000,0,0,0,0,0,0x00000000,0,0,0,0
1001177,1001177,1900092,D'biwali,79693874,0x04C00832,0,76,2,50,32510978,0x01F01402,0,31,5,2,0,0x00000000,0,0,0,0,0,0x00000000,0,0,0,0,0,0x00000000,0,0,0,0,0,0x00000000,0,0,0,0,0,0x00000000,0,0,0,0
1001195,1001195,1000126,Gregory,168825858,0x0A101402,0,161,5,2,0,0x00000000,0,0,0,0,0,0x00000000,0,0,0,0,0,0x00000000,0,0,0,0,0,0x00000000,0,0,0,0,0,0x00000000,0,0,0,0,0,0x00000000,0,0,0,0
1001196,1001196,1000126,Gregory,168825858,0x0A101402,0,161,5,2,0,0x00000000,0,0,0,0,0,0x00000000,0,0,0,0,0,0x00000000,0,0,0,0,0,0x00000000,0,0,0,0,0,0x00000000,0,0,0,0,0,0x00000000,0,0,0,0
1001199,1001199,1000126,Gregory,210765844,0x0C900814,0,201,2,20,236979210,0x0E20040A,0,226,1,10,0,0x00000000,0,0,0,0,0,0x00000000,0,0,0,0,0,0x00000000,0,0,0,0,0,0x00000000,0,0,0,0,0,0x00000000,0,0,0,0
1001200,1001200,1300139,Jannie,784335883,0x2EC0040B,0,748,1,11,0,0x00000000,0,0,0,0,0,0x00000000,0,0,0,0,0,0x00000000,0,0,0,0,0,0x00000000,0,0,0,0,0,0x00000000,0,0,0,0,0,0x00000000,0,0,0,0
1001201,1001201,1300124,Dylise,784335883,0x2EC0040B,0,748,1,11,0,0x00000000,0,0,0,0,0,0x00000000,0,0,0,0,0,0x00000000,0,0,0,0,0,0x00000000,0,0,0,0,0,0x00000000,0,0,0,0,0,0x00000000,0,0,0,0
1001202,1001202,1200169,Barnabaix,784335882,0x2EC0040A,0,748,1,10,0,0x00000000,0,0,0,0,0,0x00000000,0,0,0,0,0,0x00000000,0,0,0,0,0,0x00000000,0,0,0,0,0,0x00000000,0,0,0,0,0,0x00000000,0,0,0,0
1001212,1001212,1200144,Orchambaut,294650970,0x1190045A,0,281,1,90,0,0x00000000,0,0,0,0,0,0x00000000,0,0,0,0,0,0x00000000,0,0,0,0,0,0x00000000,0,0,0,0,0,0x00000000,0,0,0,0,0,0x00000000,0,0,0,0
1001220,1001220,4000408,jade bow-wielding archer,210764850,0x0C900432,0,201,1,50,236979210,0x0E20040A,0,226,1,10,0,0x00000000,0,0,0,0,0,0x00000000,0,0,0,0,0,0x00000000,0,0,0,0,0,0x00000000,0,0,0,0,0,0x00000000,0,0,0,0
1001221,1001221,4000409,gold helmed gladiator,79695882,0x04C0100A,0,76,4,10,32506900,0x01F00414,0,31,1,20,0,0x00000000,0,0,0,0,0,0x00000000,0,0,0,0,0,0x00000000,0,0,0,0,0,0x00000000,0,0,0,0,0,0x00000000,0,0,0,0
1001224,1001224,1000135,Hamon,79692900,0x04C00464,0,76,1,100,32514088,0x01F02028,0,31,8,40,0,0x00000000,0,0,0,0,0,0x00000000,0,0,0,0,0,0x00000000,0,0,0,0,0,0x00000000,0,0,0,0,0,0x00000000,0,0,0,0
1001228,1001228,1600159,Satzfloh,210764850,0x0C900432,0,201,1,50,236979210,0x0E20040A,0,226,1,10,0,0x00000000,0,0,0,0,0,0x00000000,0,0,0,0,0,0x00000000,0,0,0,0,0,0x00000000,0,0,0,0,0,0x00000000,0,0,0,0
1001229,1001229,1200152,Percevains,61867058,0x03B00432,0,59,1,50,60818482,0x03A00432,0,58,1,50,0,0x00000000,0,0,0,0,0,0x00000000,0,0,0,0,0,0x00000000,0,0,0,0,0,0x00000000,0,0,0,0,0,0x00000000,0,0,0,0
1001235,1001235,4000419,glaring gladiator,79695882,0x04C0100A,0,76,4,10,32506900,0x01F00414,0,31,1,20,0,0x00000000,0,0,0,0,0,0x00000000,0,0,0,0,0,0x00000000,0,0,0,0,0,0x00000000,0,0,0,0,0,0x00000000,0,0,0,0
1001236,1001236,4000420,concerned carpenter,705692712,0x2A100428,0,673,1,40,0,0x00000000,0,0,0,0,0,0x00000000,0,0,0,0,0,0x00000000,0,0,0,0,0,0x00000000,0,0,0,0,0,0x00000000,0,0,0,0,0,0x00000000,0,0,0,0
1001239,1001239,4000421,wounded rebel warrior,168823809,0x0A100C01,0,161,3,1,0,0x00000000,0,0,0,0,0,0x00000000,0,0,0,0,0,0x00000000,0,0,0,0,0,0x00000000,0,0,0,0,0,0x00000000,0,0,0,0,0,0x00000000,0,0,0,0
1001240,1001240,4000422,wordless rebel warrior,168823809,0x0A100C01,0,161,3,1,0,0x00000000,0,0,0,0,0,0x00000000,0,0,0,0,0,0x00000000,0,0,0,0,0,0x00000000,0,0,0,0,0,0x00000000,0,0,0,0,0,0x00000000,0,0,0,0
1001241,1001241,4000423,careworn rebel warrior,210764830,0x0C90041E,0,201,1,30,236979200,0x0E200400,0,226,1,0,0,0x00000000,0,0,0,0,0,0x00000000,0,0,0,0,0,0x00000000,0,0,0,0,231736351,0x0DD0041F,0,221,1,31,0,0x00000000,0,0,0,0
1001242,1001242,4000424,hardened rebel warrior,168823809,0x0A100C01,0,161,3,1,0,0x00000000,0,0,0,0,0,0x00000000,0,0,0,0,0,0x00000000,0,0,0,0,0,0x00000000,0,0,0,0,0,0x00000000,0,0,0,0,0,0x00000000,0,0,0,0
1001243,1001243,1000126,Gregory,79694869,0x04C00C15,0,76,3,21,32512010,0x01F0180A,0,31,6,10,0,0x00000000,0,0,0,0,0,0x00000000,0,0,0,0,0,0x00000000,0,0,0,0,0,0x00000000,0,0,0,0,0,0x00000000,0,0,0,0
1001244,1001244,1000126,Gregory,168825858,0x0A101402,0,161,5,2,0,0x00000000,0,0,0,0,0,0x00000000,0,0,0,0,0,0x00000000,0,0,0,0,0,0x00000000,0,0,0,0,0,0x00000000,0,0,0,0,0,0x00000000,0,0,0,0
1001245,1001245,1000126,Gregory,210765844,0x0C900814,0,201,2,20,236979210,0x0E20040A,0,226,1,10,0,0x00000000,0,0,0,0,0,0x00000000,0,0,0,0,0,0x00000000,0,0,0,0,0,0x00000000,0,0,0,0,0,0x00000000,0,0,0,0
1001247,1001247,1000126,Gregory,79694869,0x04C00C15,0,76,3,21,32512010,0x01F0180A,0,31,6,10,0,0x00000000,0,0,0,0,0,0x00000000,0,0,0,0,0,0x00000000,0,0,0,0,0,0x00000000,0,0,0,0,0,0x00000000,0,0,0,0
1001248,1001248,1000126,Gregory,210765844,0x0C900814,0,201,2,20,236979210,0x0E20040A,0,226,1,10,0,0x00000000,0,0,0,0,0,0x00000000,0,0,0,0,0,0x00000000,0,0,0,0,0,0x00000000,0,0,0,0,0,0x00000000,0,0,0,0
1001253,1001253,4000428,ill-bred pugilist,58723358,0x03800C1E,0,56,3,30,59771934,0x03900C1E,0,57,3,30,0,0x00000000,0,0,0,0,0,0x00000000,0,0,0,0,0,0x00000000,0,0,0,0,0,0x00000000,0,0,0,0,0,0x00000000,0,0,0,0
1001254,1001254,4000429,long-locked pugilist,60818472,0x03A00428,0,58,1,40,61867048,0x03B00428,0,59,1,40,0,0x00000000,0,0,0,0,0,0x00000000,0,0,0,0,0,0x00000000,0,0,0,0,0,0x00000000,0,0,0,0,0,0x00000000,0,0,0,0
1001255,1001255,4000430,phlegmatic pugilist,58723358,0x03800C1E,0,56,3,30,59771934,0x03900C1E,0,57,3,30,0,0x00000000,0,0,0,0,0,0x00000000,0,0,0,0,0,0x00000000,0,0,0,0,0,0x00000000,0,0,0,0,0,0x00000000,0,0,0,0
1001256,1001256,2200127,Gunnulf,58722334,0x0380081E,0,56,2,30,59770910,0x0390081E,0,57,2,30,0,0x00000000,0,0,0,0,0,0x00000000,0,0,0,0,0,0x00000000,0,0,0,0,0,0x00000000,0,0,0,0,0,0x00000000,0,0,0,0
1001257,1001257,1000322,Heibert,58722334,0x0380081E,0,56,2,30,59770910,0x0390081E,0,57,2,30,0,0x00000000,0,0,0,0,0,0x00000000,0,0,0,0,0,0x00000000,0,0,0,0,0,0x00000000,0,0,0,0,0,0x00000000,0,0,0,0
1001258,1001258,1300030,Bliaurette,58722344,0x03800828,0,56,2,40,59770920,0x03900828,0,57,2,40,0,0x00000000,0,0,0,0,0,0x00000000,0,0,0,0,0,0x00000000,0,0,0,0,0,0x00000000,0,0,0,0,0,0x00000000,0,0,0,0
1001259,1001259,1600190,Swyrbhar,58722334,0x0380081E,0,56,2,30,59770910,0x0390081E,0,57,2,30,0,0x00000000,0,0,0,0,0,0x00000000,0,0,0,0,0,0x00000000,0,0,0,0,0,0x00000000,0,0,0,0,0,0x00000000,0,0,0,0
1001260,1001260,1900082,I'paghlo,58722344,0x03800828,0,56,2,40,59770920,0x03900828,0,57,2,40,0,0x00000000,0,0,0,0,0,0x00000000,0,0,0,0,0,0x00000000,0,0,0,0,0,0x00000000,0,0,0,0,0,0x00000000,0,0,0,0
1001261,1001261,1300049,Listaile,79697950,0x04C0181E,0,76,6,30,32514058,0x01F0200A,0,31,8,10,0,0x00000000,0,0,0,0,0,0x00000000,0,0,0,0,0,0x00000000,0,0,0,0,0,0x00000000,0,0,0,0,0,0x00000000,0,0,0,0
1001262,1001262,1000072,Cole,79697950,0x04C0181E,0,76,6,30,32514058,0x01F0200A,0,31,8,10,0,0x00000000,0,0,0,0,0,0x00000000,0,0,0,0,0,0x00000000,0,0,0,0,0,0x00000000,0,0,0,0,0,0x00000000,0,0,0,0
1001263,1001263,1400132,Gamaga Yumaga,168821770,0x0A10040A,0,161,1,10,0,0x00000000,0,0,0,0,0,0x00000000,0,0,0,0,0,0x00000000,0,0,0,0,0,0x00000000,0,0,0,0,0,0x00000000,0,0,0,0,0,0x00000000,0,0,0,0
1001264,1001264,1900061,D'juramm,168821770,0x0A10040A,0,161,1,10,0,0x00000000,0,0,0,0,0,0x00000000,0,0,0,0,0,0x00000000,0,0,0,0,0,0x00000000,0,0,0,0,0,0x00000000,0,0,0,0,0,0x00000000,0,0,0,0
1001265,1001265,4000431,insatiable Ixal,79694848,0x04C00C00,0,76,3,0,32510976,0x01F01400,0,31,5,0,0,0x00000000,0,0,0,0,0,0x00000000,0,0,0,0,0,0x00000000,0,0,0,0,0,0x00000000,0,0,0,0,0,0x00000000,0,0,0,0
1001267,1001267,1200183,Rochedalaix,168822794,0x0A10080A,0,161,2,10,0,0x00000000,0,0,0,0,0,0x00000000,0,0,0,0,0,0x00000000,0,0,0,0,0,0x00000000,0,0,0,0,0,0x00000000,0,0,0,0,0,0x00000000,0,0,0,0
1001268,1001268,1300121,Jolaine,168822794,0x0A10080A,0,161,2,10,0,0x00000000,0,0,0,0,0,0x00000000,0,0,0,0,0,0x00000000,0,0,0,0,0,0x00000000,0,0,0,0,0,0x00000000,0,0,0,0,0,0x00000000,0,0,0,0
1001269,1001269,1200185,Tourcenet,168822794,0x0A10080A,0,161,2,10,0,0x00000000,0,0,0,0,0,0x00000000,0,0,0,0,0,0x00000000,0,0,0,0,0,0x00000000,0,0,0,0,0,0x00000000,0,0,0,0,0,0x00000000,0,0,0,0
1001276,1001276,4000437,abstracted gladiator,79698946,0x04C01C02,0,76,7,2,32507934,0x01F0081E,0,31,2,30,0,0x00000000,0,0,0,0,0,0x00000000,0,0,0,0,0,0x00000000,0,0,0,0,0,0x00000000,0,0,0,0,0,0x00000000,0,0,0,0
1001278,1001278,4000439,barratrous buccaneer,147853312,0x08D01000,0,141,4,0,0,0x00000000,0,0,0,0,0,0x00000000,0,0,0,0,0,0x00000000,0,0,0,0,0,0x00000000,0,0,0,0,0,0x00000000,0,0,0,0,0,0x00000000,0,0,0,0
1001280,1001280,4000441,indigo-eyed archer,210764820,0x0C900414,0,201,1,20,236979200,0x0E200400,0,226,1,0,0,0x00000000,0,0,0,0,0,0x00000000,0,0,0,0,0,0x00000000,0,0,0,0,231736350,0x0DD0041E,0,221,1,30,0,0x00000000,0,0,0,0
1001287,1001287,4000446,maudlin miner,862980106,0x3370080A,0,823,2,10,0,0x00000000,0,0,0,0,0,0x00000000,0,0,0,0,0,0x00000000,0,0,0,0,0,0x00000000,0,0,0,0,0,0x00000000,0,0,0,0,0,0x00000000,0,0,0,0
1001288,1001288,4000447,mocking miner,862980106,0x3370080A,0,823,2,10,0,0x00000000,0,0,0,0,0,0x00000000,0,0,0,0,0,0x00000000,0,0,0,0,0,0x00000000,0,0,0,0,0,0x00000000,0,0,0,0,0,0x00000000,0,0,0,0
1001291,1001291,4000111,ferry steersman,947914752,0x38800800,0,904,2,0,0,0x00000000,0,0,0,0,0,0x00000000,0,0,0,0,0,0x00000000,0,0,0,0,0,0x00000000,0,0,0,0,0,0x00000000,0,0,0,0,0,0x00000000,0,0,0,0
1001292,1001292,4000111,ferry steersman,947914752,0x38800800,0,904,2,0,0,0x00000000,0,0,0,0,0,0x00000000,0,0,0,0,0,0x00000000,0,0,0,0,0,0x00000000,0,0,0,0,0,0x00000000,0,0,0,0,0,0x00000000,0,0,0,0
1001293,1001293,4000111,ferry steersman,947914752,0x38800800,0,904,2,0,0,0x00000000,0,0,0,0,0,0x00000000,0,0,0,0,0,0x00000000,0,0,0,0,0,0x00000000,0,0,0,0,0,0x00000000,0,0,0,0,0,0x00000000,0,0,0,0
1001294,1001294,1300138,Iolaine,168821780,0x0A100414,0,161,1,20,0,0x00000000,0,0,0,0,0,0x00000000,0,0,0,0,0,0x00000000,0,0,0,0,0,0x00000000,0,0,0,0,0,0x00000000,0,0,0,0,0,0x00000000,0,0,0,0
1001295,1001295,1000065,Chamberlain,79697980,0x04C0183C,0,76,6,60,32514078,0x01F0201E,0,31,8,30,0,0x00000000,0,0,0,0,0,0x00000000,0,0,0,0,0,0x00000000,0,0,0,0,0,0x00000000,0,0,0,0,0,0x00000000,0,0,0,0
1001296,1001296,1600236,Wyntkelt,79697980,0x04C0183C,0,76,6,60,32514078,0x01F0201E,0,31,8,30,0,0x00000000,0,0,0,0,0,0x00000000,0,0,0,0,0,0x00000000,0,0,0,0,0,0x00000000,0,0,0,0,0,0x00000000,0,0,0,0
1001297,1001297,1100049,Audrye,79697980,0x04C0183C,0,76,6,60,32514078,0x01F0201E,0,31,8,30,0,0x00000000,0,0,0,0,0,0x00000000,0,0,0,0,0,0x00000000,0,0,0,0,0,0x00000000,0,0,0,0,0,0x00000000,0,0,0,0
1001304,1001304,1600169,Skribskoef,147851286,0x08D00816,0,141,2,22,0,0x00000000,0,0,0,0,0,0x00000000,0,0,0,0,0,0x00000000,0,0,0,0,0,0x00000000,0,0,0,0,0,0x00000000,0,0,0,0,0,0x00000000,0,0,0,0
1001305,1001305,1900017,Y'alabali,147851286,0x08D00816,0,141,2,22,0,0x00000000,0,0,0,0,0,0x00000000,0,0,0,0,0,0x00000000,0,0,0,0,0,0x00000000,0,0,0,0,0,0x00000000,0,0,0,0,0,0x00000000,0,0,0,0
1001312,1001312,1600291,Guiding Star,147851286,0x08D00816,0,141,2,22,0,0x00000000,0,0,0,0,0,0x00000000,0,0,0,0,0,0x00000000,0,0,0,0,0,0x00000000,0,0,0,0,0,0x00000000,0,0,0,0,0,0x00000000,0,0,0,0
1001313,1001313,1600303,Hundred Eyes,147851286,0x08D00816,0,141,2,22,0,0x00000000,0,0,0,0,0,0x00000000,0,0,0,0,0,0x00000000,0,0,0,0,0,0x00000000,0,0,0,0,0,0x00000000,0,0,0,0,0,0x00000000,0,0,0,0
1001320,1001320,1500012,Jajaba,79697980,0x04C0183C,0,76,6,60,32514078,0x01F0201E,0,31,8,30,0,0x00000000,0,0,0,0,0,0x00000000,0,0,0,0,0,0x00000000,0,0,0,0,0,0x00000000,0,0,0,0,0,0x00000000,0,0,0,0
1001321,1001321,1500018,Jujuya,79697980,0x04C0183C,0,76,6,60,32514078,0x01F0201E,0,31,8,30,0,0x00000000,0,0,0,0,0,0x00000000,0,0,0,0,0,0x00000000,0,0,0,0,0,0x00000000,0,0,0,0,0,0x00000000,0,0,0,0
1001344,1001344,1000093,Drystan,168821780,0x0A100414,0,161,1,20,0,0x00000000,0,0,0,0,0,0x00000000,0,0,0,0,0,0x00000000,0,0,0,0,0,0x00000000,0,0,0,0,0,0x00000000,0,0,0,0,0,0x00000000,0,0,0,0
1001345,1001345,1000094,Eadbert,168821780,0x0A100414,0,161,1,20,0,0x00000000,0,0,0,0,0,0x00000000,0,0,0,0,0,0x00000000,0,0,0,0,0,0x00000000,0,0,0,0,0,0x00000000,0,0,0,0,0,0x00000000,0,0,0,0
1001352,1001352,1100071,Ethelinda,168821780,0x0A100414,0,161,1,20,0,0x00000000,0,0,0,0,0,0x00000000,0,0,0,0,0,0x00000000,0,0,0,0,0,0x00000000,0,0,0,0,0,0x00000000,0,0,0,0,0,0x00000000,0,0,0,0
1001353,1001353,1100082,Hedheue,168821780,0x0A100414,0,161,1,20,0,0x00000000,0,0,0,0,0,0x00000000,0,0,0,0,0,0x00000000,0,0,0,0,0,0x00000000,0,0,0,0,0,0x00000000,0,0,0,0,0,0x00000000,0,0,0,0
1001356,1001356,1200164,Janlenoux,79698954,0x04C01C0A,0,76,7,10,32508948,0x01F00C14,0,31,3,20,0,0x00000000,0,0,0,0,0,0x00000000,0,0,0,0,0,0x00000000,0,0,0,0,0,0x00000000,0,0,0,0,0,0x00000000,0,0,0,0
1001360,1001360,1300102,Odeve,79698954,0x04C01C0A,0,76,7,10,32508948,0x01F00C14,0,31,3,20,0,0x00000000,0,0,0,0,0,0x00000000,0,0,0,0,0,0x00000000,0,0,0,0,0,0x00000000,0,0,0,0,0,0x00000000,0,0,0,0
1001361,1001361,1200159,Emerissel,79698954,0x04C01C0A,0,76,7,10,32508948,0x01F00C14,0,31,3,20,0,0x00000000,0,0,0,0,0,0x00000000,0,0,0,0,0,0x00000000,0,0,0,0,0,0x00000000,0,0,0,0,0,0x00000000,0,0,0,0
1001368,1001368,1200088,Armantel,79698954,0x04C01C0A,0,76,7,10,32508948,0x01F00C14,0,31,3,20,0,0x00000000,0,0,0,0,0,0x00000000,0,0,0,0,0,0x00000000,0,0,0,0,0,0x00000000,0,0,0,0,0,0x00000000,0,0,0,0
1001369,1001369,1300087,Iliette,79698954,0x04C01C0A,0,76,7,10,32508948,0x01F00C14,0,31,3,20,0,0x00000000,0,0,0,0,0,0x00000000,0,0,0,0,0,0x00000000,0,0,0,0,0,0x00000000,0,0,0,0,0,0x00000000,0,0,0,0
1001397,1001397,1000126,Gregory,784335873,0x2EC00401,0,748,1,1,0,0x00000000,0,0,0,0,0,0x00000000,0,0,0,0,0,0x00000000,0,0,0,0,0,0x00000000,0,0,0,0,0,0x00000000,0,0,0,0,0,0x00000000,0,0,0,0
1001420,1001420,1500124,Safufu,294652948,0x11900C14,0,281,3,20,0,0x00000000,0,0,0,0,0,0x00000000,0,0,0,0,0,0x00000000,0,0,0,0,0,0x00000000,0,0,0,0,0,0x00000000,0,0,0,0,0,0x00000000,0,0,0,0
1001421,1001421,1400119,Peneli Zuneli,294651984,0x11900850,0,281,2,80,0,0x00000000,0,0,0,0,0,0x00000000,0,0,0,0,0,0x00000000,0,0,0,0,0,0x00000000,0,0,0,0,0,0x00000000,0,0,0,0,0,0x00000000,0,0,0,0
1001422,1001422,1500126,Milgogo,79697980,0x04C0183C,0,76,6,60,32514078,0x01F0201E,0,31,8,30,0,0x00000000,0,0,0,0,0,0x00000000,0,0,0,0,0,0x00000000,0,0,0,0,0,0x00000000,0,0,0,0,0,0x00000000,0,0,0,0
1001423,1001423,1400155,Mumutano,79697980,0x04C0183C,0,76,6,60,32514078,0x01F0201E,0,31,8,30,0,0x00000000,0,0,0,0,0,0x00000000,0,0,0,0,0,0x00000000,0,0,0,0,0,0x00000000,0,0,0,0,0,0x00000000,0,0,0,0
1001424,1001424,1400157,Gegeissa,79697980,0x04C0183C,0,76,6,60,32514078,0x01F0201E,0,31,8,30,0,0x00000000,0,0,0,0,0,0x00000000,0,0,0,0,0,0x00000000,0,0,0,0,0,0x00000000,0,0,0,0,0,0x00000000,0,0,0,0
1001425,1001425,1900158,G'datnan,79697980,0x04C0183C,0,76,6,60,32514078,0x01F0201E,0,31,8,30,0,0x00000000,0,0,0,0,0,0x00000000,0,0,0,0,0,0x00000000,0,0,0,0,0,0x00000000,0,0,0,0,0,0x00000000,0,0,0,0
1001426,1001426,1500116,Hehena,79697980,0x04C0183C,0,76,6,60,32514078,0x01F0201E,0,31,8,30,0,0x00000000,0,0,0,0,0,0x00000000,0,0,0,0,0,0x00000000,0,0,0,0,0,0x00000000,0,0,0,0,0,0x00000000,0,0,0,0
1001427,1001427,1200153,Guillaunaux,79697980,0x04C0183C,0,76,6,60,32514078,0x01F0201E,0,31,8,30,0,0x00000000,0,0,0,0,0,0x00000000,0,0,0,0,0,0x00000000,0,0,0,0,0,0x00000000,0,0,0,0,0,0x00000000,0,0,0,0
1001428,1001428,1400156,Yuyuhase,79697950,0x04C0181E,0,76,6,30,32514058,0x01F0200A,0,31,8,10,0,0x00000000,0,0,0,0,0,0x00000000,0,0,0,0,0,0x00000000,0,0,0,0,0,0x00000000,0,0,0,0,0,0x00000000,0,0,0,0
1001429,1001429,1500117,Lulumo,79697950,0x04C0181E,0,76,6,30,32514058,0x01F0200A,0,31,8,10,0,0x00000000,0,0,0,0,0,0x00000000,0,0,0,0,0,0x00000000,0,0,0,0,0,0x00000000,0,0,0,0,0,0x00000000,0,0,0,0
1001430,1001430,1000157,Kinnison,168821780,0x0A100414,0,161,1,20,0,0x00000000,0,0,0,0,0,0x00000000,0,0,0,0,0,0x00000000,0,0,0,0,0,0x00000000,0,0,0,0,0,0x00000000,0,0,0,0,0,0x00000000,0,0,0,0
1001431,1001431,1100194,Genna,168821780,0x0A100414,0,161,1,20,0,0x00000000,0,0,0,0,0,0x00000000,0,0,0,0,0,0x00000000,0,0,0,0,0,0x00000000,0,0,0,0,0,0x00000000,0,0,0,0,0,0x00000000,0,0,0,0
1001432,1001432,1000172,Mathye,168821780,0x0A100414,0,161,1,20,0,0x00000000,0,0,0,0,0,0x00000000,0,0,0,0,0,0x00000000,0,0,0,0,0,0x00000000,0,0,0,0,0,0x00000000,0,0,0,0,0,0x00000000,0,0,0,0
1001433,1001433,2200228,Ulta,168821780,0x0A100414,0,161,1,20,0,0x00000000,0,0,0,0,0,0x00000000,0,0,0,0,0,0x00000000,0,0,0,0,0,0x00000000,0,0,0,0,0,0x00000000,0,0,0,0,0,0x00000000,0,0,0,0
1001434,1001434,1100396,Nicia,168821780,0x0A100414,0,161,1,20,0,0x00000000,0,0,0,0,0,0x00000000,0,0,0,0,0,0x00000000,0,0,0,0,0,0x00000000,0,0,0,0,0,0x00000000,0,0,0,0,0,0x00000000,0,0,0,0
1001435,1001435,1300131,Blandie,168821780,0x0A100414,0,161,1,20,0,0x00000000,0,0,0,0,0,0x00000000,0,0,0,0,0,0x00000000,0,0,0,0,0,0x00000000,0,0,0,0,0,0x00000000,0,0,0,0,0,0x00000000,0,0,0,0
1001436,1001436,1000188,Owyne,0,0x00000000,0,0,0,0,168821770,0x0A10040A,0,161,1,10,0,0x00000000,0,0,0,0,0,0x00000000,0,0,0,0,0,0x00000000,0,0,0,0,0,0x00000000,0,0,0,0,0,0x00000000,0,0,0,0
1001437,1001437,1100426,Sybell,0,0x00000000,0,0,0,0,168821770,0x0A10040A,0,161,1,10,0,0x00000000,0,0,0,0,0,0x00000000,0,0,0,0,0,0x00000000,0,0,0,0,0,0x00000000,0,0,0,0,0,0x00000000,0,0,0,0
1001458,1001458,1600172,Smydhaemr,721421333,0x2B000415,0,688,1,21,0,0x00000000,0,0,0,0,0,0x00000000,0,0,0,0,0,0x00000000,0,0,0,0,0,0x00000000,0,0,0,0,0,0x00000000,0,0,0,0,0,0x00000000,0,0,0,0
1001459,1001459,1300129,Flavielle,737150979,0x2BF00803,0,703,2,3,0,0x00000000,0,0,0,0,0,0x00000000,0,0,0,0,0,0x00000000,0,0,0,0,0,0x00000000,0,0,0,0,0,0x00000000,0,0,0,0,0,0x00000000,0,0,0,0
1001460,1001460,1300141,Marielle,737150979,0x2BF00803,0,703,2,3,0,0x00000000,0,0,0,0,0,0x00000000,0,0,0,0,0,0x00000000,0,0,0,0,0,0x00000000,0,0,0,0,0,0x00000000,0,0,0,0,0,0x00000000,0,0,0,0
1001461,1001461,1200180,Notrelchamps,737150979,0x2BF00803,0,703,2,3,0,0x00000000,0,0,0,0,0,0x00000000,0,0,0,0,0,0x00000000,0,0,0,0,0,0x00000000,0,0,0,0,0,0x00000000,0,0,0,0,0,0x00000000,0,0,0,0
1001467,1001467,1200171,Dariustel,79698954,0x04C01C0A,0,76,7,10,32508948,0x01F00C14,0,31,3,20,0,0x00000000,0,0,0,0,0,0x00000000,0,0,0,0,0,0x00000000,0,0,0,0,0,0x00000000,0,0,0,0,0,0x00000000,0,0,0,0
1001468,1001468,1100133,Guencen,58722344,0x03800828,0,56,2,40,59770920,0x03900828,0,57,2,40,0,0x00000000,0,0,0,0,0,0x00000000,0,0,0,0,0,0x00000000,0,0,0,0,0,0x00000000,0,0,0,0,0,0x00000000,0,0,0,0
1001469,1001469,1100061,Eldid,168821780,0x0A100414,0,161,1,20,0,0x00000000,0,0,0,0,0,0x00000000,0,0,0,0,0,0x00000000,0,0,0,0,0,0x00000000,0,0,0,0,0,0x00000000,0,0,0,0,0,0x00000000,0,0,0,0
1001470,1001470,1100445,Ylessa,168821780,0x0A100414,0,161,1,20,0,0x00000000,0,0,0,0,0,0x00000000,0,0,0,0,0,0x00000000,0,0,0,0,0,0x00000000,0,0,0,0,0,0x00000000,0,0,0,0,0,0x00000000,0,0,0,0
1001471,1001471,1500056,Kokobi,79697980,0x04C0183C,0,76,6,60,32514078,0x01F0201E,0,31,8,30,0,0x00000000,0,0,0,0,0,0x00000000,0,0,0,0,0,0x00000000,0,0,0,0,0,0x00000000,0,0,0,0,0,0x00000000,0,0,0,0
1001472,1001472,1500057,Mimishu,79697980,0x04C0183C,0,76,6,60,32514078,0x01F0201E,0,31,8,30,0,0x00000000,0,0,0,0,0,0x00000000,0,0,0,0,0,0x00000000,0,0,0,0,0,0x00000000,0,0,0,0,0,0x00000000,0,0,0,0
1001473,1001473,1900121,Thata Khamazom,147851286,0x08D00816,0,141,2,22,0,0x00000000,0,0,0,0,0,0x00000000,0,0,0,0,0,0x00000000,0,0,0,0,0,0x00000000,0,0,0,0,0,0x00000000,0,0,0,0,0,0x00000000,0,0,0,0
1001474,1001474,1600285,Roosting Crow,147851286,0x08D00816,0,141,2,22,0,0x00000000,0,0,0,0,0,0x00000000,0,0,0,0,0,0x00000000,0,0,0,0,0,0x00000000,0,0,0,0,0,0x00000000,0,0,0,0,0,0x00000000,0,0,0,0
1001477,1001477,1900148,Khona Kaatapoh,383779842,0x16E00402,0,366,1,2,0,0x00000000,0,0,0,0,0,0x00000000,0,0,0,0,0,0x00000000,0,0,0,0,0,0x00000000,0,0,0,0,0,0x00000000,0,0,0,0,0,0x00000000,0,0,0,0
1001497,1001497,1400161,Checheroya,862982145,0x33701001,0,823,4,1,0,0x00000000,0,0,0,0,0,0x00000000,0,0,0,0,0,0x00000000,0,0,0,0,0,0x00000000,0,0,0,0,0,0x00000000,0,0,0,0,0,0x00000000,0,0,0,0
1001499,1001499,1200181,Ortefauchel,168823829,0x0A100C15,0,161,3,21,0,0x00000000,0,0,0,0,0,0x00000000,0,0,0,0,0,0x00000000,0,0,0,0,0,0x00000000,0,0,0,0,0,0x00000000,0,0,0,0,0,0x00000000,0,0,0,0
1001500,1001500,1200175,Hourlinet,79695883,0x04C0100B,0,76,4,11,32515122,0x01F02432,0,31,9,50,0,0x00000000,0,0,0,0,0,0x00000000,0,0,0,0,0,0x00000000,0,0,0,0,0,0x00000000,0,0,0,0,0,0x00000000,0,0,0,0
1001501,1001501,1100420,Scarlet,168821780,0x0A100414,0,161,1,20,0,0x00000000,0,0,0,0,0,0x00000000,0,0,0,0,0,0x00000000,0,0,0,0,0,0x00000000,0,0,0,0,0,0x00000000,0,0,0,0,0,0x00000000,0,0,0,0
1001502,1001502,1600209,Ubylwezzn,168821780,0x0A100414,0,161,1,20,0,0x00000000,0,0,0,0,0,0x00000000,0,0,0,0,0,0x00000000,0,0,0,0,0,0x00000000,0,0,0,0,0,0x00000000,0,0,0,0,0,0x00000000,0,0,0,0
1001503,1001503,1000123,Gerland,79697980,0x04C0183C,0,76,6,60,32514078,0x01F0201E,0,31,8,30,0,0x00000000,0,0,0,0,0,0x00000000,0,0,0,0,0,0x00000000,0,0,0,0,0,0x00000000,0,0,0,0,0,0x00000000,0,0,0,0
1001508,1001508,1300051,Mareillie,147851286,0x08D00816,0,141,2,22,0,0x00000000,0,0,0,0,0,0x00000000,0,0,0,0,0,0x00000000,0,0,0,0,0,0x00000000,0,0,0,0,0,0x00000000,0,0,0,0,0,0x00000000,0,0,0,0
1001509,1001509,1600196,Syntberk,147851286,0x08D00816,0,141,2,22,0,0x00000000,0,0,0,0,0,0x00000000,0,0,0,0,0,0x00000000,0,0,0,0,0,0x00000000,0,0,0,0,0,0x00000000,0,0,0,0,0,0x00000000,0,0,0,0
1001510,1001510,1600305,Angry River,383779842,0x16E00402,0,366,1,2,0,0x00000000,0,0,0,0,0,0x00000000,0,0,0,0,0,0x00000000,0,0,0,0,0,0x00000000,0,0,0,0,0,0x00000000,0,0,0,0,0,0x00000000,0,0,0,0
1001511,1001511,1400154,Bibiraka,147851286,0x08D00816,0,141,2,22,0,0x00000000,0,0,0,0,0,0x00000000,0,0,0,0,0,0x00000000,0,0,0,0,0,0x00000000,0,0,0,0,0,0x00000000,0,0,0,0,0,0x00000000,0,0,0,0
1001512,1001512,2200211,Rolft,147851286,0x08D00816,0,141,2,22,0,0x00000000,0,0,0,0,0,0x00000000,0,0,0,0,0,0x00000000,0,0,0,0,0,0x00000000,0,0,0,0,0,0x00000000,0,0,0,0,0,0x00000000,0,0,0,0
1001513,1001513,1900156,C'intana,147851286,0x08D00816,0,141,2,22,0,0x00000000,0,0,0,0,0,0x00000000,0,0,0,0,0,0x00000000,0,0,0,0,0,0x00000000,0,0,0,0,0,0x00000000,0,0,0,0,0,0x00000000,0,0,0,0
1001518,1001518,1400012,Mimidoa,721421332,0x2B000414,0,688,1,20,0,0x00000000,0,0,0,0,0,0x00000000,0,0,0,0,0,0x00000000,0,0,0,0,0,0x00000000,0,0,0,0,0,0x00000000,0,0,0,0,0,0x00000000,0,0,0,0
1001525,1001525,4000257,???,294651964,0x1190083C,0,281,2,60,0,0x00000000,0,0,0,0,0,0x00000000,0,0,0,0,0,0x00000000,0,0,0,0,0,0x00000000,0,0,0,0,0,0x00000000,0,0,0,0,0,0x00000000,0,0,0,0
1001526,1001526,0,???,310379620,0x12800464,0,296,1,100,0,0x00000000,0,0,0,0,0,0x00000000,0,0,0,0,0,0x00000000,0,0,0,0,0,0x00000000,0,0,0,0,0,0x00000000,0,0,0,0,0,0x00000000,0,0,0,0
1001527,1001527,0,???,168821780,0x0A100414,0,161,1,20,0,0x00000000,0,0,0,0,0,0x00000000,0,0,0,0,0,0x00000000,0,0,0,0,0,0x00000000,0,0,0,0,0,0x00000000,0,0,0,0,0,0x00000000,0,0,0,0
1001566,1001566,1300021,Tiphainia,79693827,0x04C00803,0,76,2,3,0,0x00000000,0,0,0,0,0,0x00000000,0,0,0,0,0,0x00000000,0,0,0,0,0,0x00000000,0,0,0,0,0,0x00000000,0,0,0,0,0,0x00000000,0,0,0,0
1001568,1001568,1700011,Merlwyb,243270696,0x0E800428,0,232,1,40,0,0x00000000,0,0,0,0,0,0x00000000,0,0,0,0,0,0x00000000,0,0,0,0,0,0x00000000,0,0,0,0,0,0x00000000,0,0,0,0,0,0x00000000,0,0,0,0
1001569,1001569,2700006,Kan-E-Senna,347082752,0x14B01000,0,331,4,0,0,0x00000000,0,0,0,0,0,0x00000000,0,0,0,0,0,0x00000000,0,0,0,0,0,0x00000000,0,0,0,0,0,0x00000000,0,0,0,0,0,0x00000000,0,0,0,0
1001570,1001570,2700007,Raya-O-Senna,347083776,0x14B01400,0,331,5,0,0,0x00000000,0,0,0,0,0,0x00000000,0,0,0,0,0,0x00000000,0,0,0,0,0,0x00000000,0,0,0,0,0,0x00000000,0,0,0,0,0,0x00000000,0,0,0,0
1001571,1001571,2700008,A-Ruhn-Senna,348130304,0x14C00C00,0,332,3,0,0,0x00000000,0,0,0,0,0,0x00000000,0,0,0,0,0,0x00000000,0,0,0,0,0,0x00000000,0,0,0,0,0,0x00000000,0,0,0,0,0,0x00000000,0,0,0,0
1001575,1001575,1900166,L'trimmna,737152010,0x2BF00C0A,0,703,3,10,0,0x00000000,0,0,0,0,0,0x00000000,0,0,0,0,0,0x00000000,0,0,0,0,0,0x00000000,0,0,0,0,0,0x00000000,0,0,0,0,0,0x00000000,0,0,0,0
1001576,1001576,1000169,Lowell,737152010,0x2BF00C0A,0,703,3,10,0,0x00000000,0,0,0,0,0,0x00000000,0,0,0,0,0,0x00000000,0,0,0,0,0,0x00000000,0,0,0,0,0,0x00000000,0,0,0,0,0,0x00000000,0,0,0,0
1001582,1001582,1600184,Swaenhylt,800065536,0x2FB00800,0,763,2,0,0,0x00000000,0,0,0,0,0,0x00000000,0,0,0,0,0,0x00000000,0,0,0,0,0,0x00000000,0,0,0,0,0,0x00000000,0,0,0,0,0,0x00000000,0,0,0,0
1001583,1001583,1300175,Marcette,347081739,0x14B00C0B,0,331,3,11,0,0x00000000,0,0,0,0,0,0x00000000,0,0,0,0,0,0x00000000,0,0,0,0,0,0x00000000,0,0,0,0,0,0x00000000,0,0,0,0,0,0x00000000,0,0,0,0
1001599,1001599,1400163,Kokofubu,862979072,0x33700400,0,823,1,0,0,0x00000000,0,0,0,0,0,0x00000000,0,0,0,0,0,0x00000000,0,0,0,0,0,0x00000000,0,0,0,0,0,0x00000000,0,0,0,0,0,0x00000000,0,0,0,0
1001601,1001601,1000025,Aldebrand,862979072,0x33700400,0,823,1,0,0,0x00000000,0,0,0,0,0,0x00000000,0,0,0,0,0,0x00000000,0,0,0,0,0,0x00000000,0,0,0,0,0,0x00000000,0,0,0,0,0,0x00000000,0,0,0,0
1001602,1001602,1900143,Pyha Jawantal,58722324,0x03800814,0,56,2,20,59770900,0x03900814,0,57,2,20,0,0x00000000,0,0,0,0,0,0x00000000,0,0,0,0,0,0x00000000,0,0,0,0,0,0x00000000,0,0,0,0,0,0x00000000,0,0,0,0
1001603,1001603,1500063,Lolojo,878707712,0x34600400,0,838,1,0,0,0x00000000,0,0,0,0,0,0x00000000,0,0,0,0,0,0x00000000,0,0,0,0,0,0x00000000,0,0,0,0,0,0x00000000,0,0,0,0,0,0x00000000,0,0,0,0
1001604,1001604,1900139,Q'molosi,878707712,0x34600400,0,838,1,0,0,0x00000000,0,0,0,0,0,0x00000000,0,0,0,0,0,0x00000000,0,0,0,0,0,0x00000000,0,0,0,0,0,0x00000000,0,0,0,0,0,0x00000000,0,0,0,0
1001607,1001607,1100174,Brianna,878707712,0x34600400,0,838,1,0,0,0x00000000,0,0,0,0,0,0x00000000,0,0,0,0,0,0x00000000,0,0,0,0,0,0x00000000,0,0,0,0,0,0x00000000,0,0,0,0,0,0x00000000,0,0,0,0
1001608,1001608,1300151,Faine,878707712,0x34600400,0,838,1,0,0,0x00000000,0,0,0,0,0,0x00000000,0,0,0,0,0,0x00000000,0,0,0,0,0,0x00000000,0,0,0,0,0,0x00000000,0,0,0,0,0,0x00000000,0,0,0,0
1001609,1001609,1600005,Aerghaemr,147850241,0x08D00401,0,141,1,1,0,0x00000000,0,0,0,0,0,0x00000000,0,0,0,0,0,0x00000000,0,0,0,0,0,0x00000000,0,0,0,0,0,0x00000000,0,0,0,0,0,0x00000000,0,0,0,0
1001612,1001612,1100371,Lora,768607232,0x2DD00400,0,733,1,0,0,0x00000000,0,0,0,0,0,0x00000000,0,0,0,0,0,0x00000000,0,0,0,0,0,0x00000000,0,0,0,0,0,0x00000000,0,0,0,0,0,0x00000000,0,0,0,0
1001616,1001616,1000425,Storm Lieutenant Hardil,79693844,0x04C00814,0,76,2,20,0,0x00000000,0,0,0,0,0,0x00000000,0,0,0,0,0,0x00000000,0,0,0,0,0,0x00000000,0,0,0,0,0,0x00000000,0,0,0,0,0,0x00000000,0,0,0,0
1001617,1001617,1100454,Storm Sergeant Allond,147852288,0x08D00C00,0,141,3,0,0,0x00000000,0,0,0,0,0,0x00000000,0,0,0,0,0,0x00000000,0,0,0,0,0,0x00000000,0,0,0,0,0,0x00000000,0,0,0,0,0,0x00000000,0,0,0,0
1001618,1001618,1000426,Storm Private Dracht,147852298,0x08D00C0A,0,141,3,10,0,0x00000000,0,0,0,0,0,0x00000000,0,0,0,0,0,0x00000000,0,0,0,0,0,0x00000000,0,0,0,0,0,0x00000000,0,0,0,0,0,0x00000000,0,0,0,0
1001619,1001619,1600313,Storm Sergeant Solklinsyn,147852298,0x08D00C0A,0,141,3,10,0,0x00000000,0,0,0,0,0,0x00000000,0,0,0,0,0,0x00000000,0,0,0,0,0,0x00000000,0,0,0,0,0,0x00000000,0,0,0,0,0,0x00000000,0,0,0,0
1001620,1001620,1300200,Serpent Lieutenant Marette,168825856,0x0A101400,0,161,5,0,0,0x00000000,0,0,0,0,0,0x00000000,0,0,0,0,0,0x00000000,0,0,0,0,0,0x00000000,0,0,0,0,0,0x00000000,0,0,0,0,0,0x00000000,0,0,0,0
1001621,1001621,1200238,Serpent Sergeant Frilaix,168823808,0x0A100C00,0,161,3,0,0,0x00000000,0,0,0,0,0,0x00000000,0,0,0,0,0,0x00000000,0,0,0,0,0,0x00000000,0,0,0,0,0,0x00000000,0,0,0,0,0,0x00000000,0,0,0,0
1001622,1001622,1300201,Serpent Private Tristelle,168823828,0x0A100C14,0,161,3,20,0,0x00000000,0,0,0,0,0,0x00000000,0,0,0,0,0,0x00000000,0,0,0,0,0,0x00000000,0,0,0,0,0,0x00000000,0,0,0,0,0,0x00000000,0,0,0,0
1001623,1001623,1900265,Serpent Sergeant Nelhah,168823828,0x0A100C14,0,161,3,20,0,0x00000000,0,0,0,0,0,0x00000000,0,0,0,0,0,0x00000000,0,0,0,0,0,0x00000000,0,0,0,0,0,0x00000000,0,0,0,0,0,0x00000000,0,0,0,0
1001624,1001624,1600312,Flame Lieutenant Somber Meadow,79697950,0x04C0181E,0,76,6,30,0,0x00000000,0,0,0,0,0,0x00000000,0,0,0,0,0,0x00000000,0,0,0,0,0,0x00000000,0,0,0,0,0,0x00000000,0,0,0,0,0,0x00000000,0,0,0,0
1001625,1001625,1500202,Flame Sergeant Mimio Mio,79697930,0x04C0180A,0,76,6,10,32510977,0x01F01401,0,31,5,1,0,0x00000000,0,0,0,0,0,0x00000000,0,0,0,0,0,0x00000000,0,0,0,0,0,0x00000000,0,0,0,0,0,0x00000000,0,0,0,0
1001626,1001626,1400205,Flame Private Sisimuza Tetemuza,79697940,0x04C01814,0,76,6,20,32510978,0x01F01402,0,31,5,2,0,0x00000000,0,0,0,0,0,0x00000000,0,0,0,0,0,0x00000000,0,0,0,0,0,0x00000000,0,0,0,0,0,0x00000000,0,0,0,0
1001627,1001627,1400206,Flame Sergeant Gagaleo Pupuleo,79697940,0x04C01814,0,76,6,20,0,0x00000000,0,0,0,0,0,0x00000000,0,0,0,0,0,0x00000000,0,0,0,0,0,0x00000000,0,0,0,0,0,0x00000000,0,0,0,0,0,0x00000000,0,0,0,0
1001628,1001628,1100167,Ailith,310379560,0x12800428,0,296,1,40,0,0x00000000,0,0,0,0,0,0x00000000,0,0,0,0,0,0x00000000,0,0,0,0,0,0x00000000,0,0,0,0,0,0x00000000,0,0,0,0,0,0x00000000,0,0,0,0
1001634,1001634,1100375,Malin,243270657,0x0E800401,0,232,1,1,0,0x00000000,0,0,0,0,0,0x00000000,0,0,0,0,0,0x00000000,0,0,0,0,0,0x00000000,0,0,0,0,0,0x00000000,0,0,0,0,0,0x00000000,0,0,0,0
1001636,1001636,1900182,Lho Mujuuk,168821761,0x0A100401,0,161,1,1,0,0x00000000,0,0,0,0,0,0x00000000,0,0,0,0,0,0x00000000,0,0,0,0,0,0x00000000,0,0,0,0,0,0x00000000,0,0,0,0,0,0x00000000,0,0,0,0
1001637,1001637,1400165,Sholno Ralno,168821761,0x0A100401,0,161,1,1,0,0x00000000,0,0,0,0,0,0x00000000,0,0,0,0,0,0x00000000,0,0,0,0,0,0x00000000,0,0,0,0,0,0x00000000,0,0,0,0,0,0x00000000,0,0,0,0
1001638,1001638,1000416,Tuatkk,168821770,0x0A10040A,0,161,1,10,0,0x00000000,0,0,0,0,0,0x00000000,0,0,0,0,0,0x00000000,0,0,0,0,0,0x00000000,0,0,0,0,0,0x00000000,0,0,0,0,0,0x00000000,0,0,0,0
1001639,1001639,1200187,Yvelont,80741376,0x04D00400,0,77,1,0,32515092,0x01F02414,0,31,9,20,0,0x00000000,0,0,0,0,0,0x00000000,0,0,0,0,0,0x00000000,0,0,0,0,0,0x00000000,0,0,0,0,0,0x00000000,0,0,0,0
1001640,1001640,1600142,Raenhyml,80741376,0x04D00400,0,77,1,0,32515092,0x01F02414,0,31,9,20,0,0x00000000,0,0,0,0,0,0x00000000,0,0,0,0,0,0x00000000,0,0,0,0,0,0x00000000,0,0,0,0,0,0x00000000,0,0,0,0
1001641,1001641,1500159,Leleyo,80741376,0x04D00400,0,77,1,0,32515092,0x01F02414,0,31,9,20,0,0x00000000,0,0,0,0,0,0x00000000,0,0,0,0,0,0x00000000,0,0,0,0,0,0x00000000,0,0,0,0,0,0x00000000,0,0,0,0
1001648,1001648,4000611,unconcerned passerby,331351044,0x13C00404,0,316,1,4,0,0x00000000,0,0,0,0,0,0x00000000,0,0,0,0,0,0x00000000,0,0,0,0,0,0x00000000,0,0,0,0,0,0x00000000,0,0,0,0,0,0x00000000,0,0,0,0
1001649,1001649,4000604,sententious sellsword,58724372,0x03801014,0,56,4,20,59772948,0x03901014,0,57,4,20,0,0x00000000,0,0,0,0,0,0x00000000,0,0,0,0,0,0x00000000,0,0,0,0,0,0x00000000,0,0,0,0,0,0x00000000,0,0,0,0
1001650,1001650,4000605,solicitous sellsword,347079690,0x14B0040A,0,331,1,10,0,0x00000000,0,0,0,0,0,0x00000000,0,0,0,0,0,0x00000000,0,0,0,0,0,0x00000000,0,0,0,0,0,0x00000000,0,0,0,0,0,0x00000000,0,0,0,0
1001652,1001652,1600150,Rostnsthal,147850241,0x08D00401,0,141,1,1,0,0x00000000,0,0,0,0,0,0x00000000,0,0,0,0,0,0x00000000,0,0,0,0,0,0x00000000,0,0,0,0,0,0x00000000,0,0,0,0,0,0x00000000,0,0,0,0
1001681,1001681,1600083,Fyrilskyf,147851276,0x08D0080C,0,141,2,12,0,0x00000000,0,0,0,0,0,0x00000000,0,0,0,0,0,0x00000000,0,0,0,0,0,0x00000000,0,0,0,0,0,0x00000000,0,0,0,0,0,0x00000000,0,0,0,0
1001682,1001682,1000030,Albin,147851276,0x08D0080C,0,141,2,12,0,0x00000000,0,0,0,0,0,0x00000000,0,0,0,0,0,0x00000000,0,0,0,0,0,0x00000000,0,0,0,0,0,0x00000000,0,0,0,0,0,0x00000000,0,0,0,0
1001683,1001683,1900195,T'gizzoh,147851276,0x08D0080C,0,141,2,12,0,0x00000000,0,0,0,0,0,0x00000000,0,0,0,0,0,0x00000000,0,0,0,0,0,0x00000000,0,0,0,0,0,0x00000000,0,0,0,0,0,0x00000000,0,0,0,0
1001684,1001684,1000087,Denston,147851276,0x08D0080C,0,141,2,12,0,0x00000000,0,0,0,0,0,0x00000000,0,0,0,0,0,0x00000000,0,0,0,0,0,0x00000000,0,0,0,0,0,0x00000000,0,0,0,0,0,0x00000000,0,0,0,0
1001685,1001685,2200004,Flame Sergeant Cotter,79697930,0x04C0180A,0,76,6,10,32510977,0x01F01401,0,31,5,1,0,0x00000000,0,0,0,0,0,0x00000000,0,0,0,0,0,0x00000000,0,0,0,0,0,0x00000000,0,0,0,0,0,0x00000000,0,0,0,0
1001686,1001686,1000330,Flame Lieutenant Westin,79697940,0x04C01814,0,76,6,20,32510978,0x01F01402,0,31,5,2,0,0x00000000,0,0,0,0,0,0x00000000,0,0,0,0,0,0x00000000,0,0,0,0,0,0x00000000,0,0,0,0,0,0x00000000,0,0,0,0
1001687,1001687,1400166,Flame Private Salpa Hazalpa,347080704,0x14B00800,0,331,2,0,0,0x00000000,0,0,0,0,0,0x00000000,0,0,0,0,0,0x00000000,0,0,0,0,0,0x00000000,0,0,0,0,0,0x00000000,0,0,0,0,0,0x00000000,0,0,0,0
1001688,1001688,1100011,Flame Private Goodwife,168823808,0x0A100C00,0,161,3,0,0,0x00000000,0,0,0,0,0,0x00000000,0,0,0,0,0,0x00000000,0,0,0,0,0,0x00000000,0,0,0,0,0,0x00000000,0,0,0,0,0,0x00000000,0,0,0,0
1001689,1001689,1200221,Flame Sergeant Sailmet,210765824,0x0C900800,0,201,2,0,236979210,0x0E20040A,0,226,1,10,0,0x00000000,0,0,0,0,0,0x00000000,0,0,0,0,0,0x00000000,0,0,0,0,231736331,0x0DD0040B,0,221,1,11,0,0x00000000,0,0,0,0
1001690,1001690,1000059,Bryce,79692820,0x04C00414,0,76,1,20,0,0x00000000,0,0,0,0,0,0x00000000,0,0,0,0,0,0x00000000,0,0,0,0,0,0x00000000,0,0,0,0,0,0x00000000,0,0,0,0,0,0x00000000,0,0,0,0
1001691,1001691,1900188,C'kepaga,347079680,0x14B00400,0,331,1,0,0,0x00000000,0,0,0,0,0,0x00000000,0,0,0,0,0,0x00000000,0,0,0,0,0,0x00000000,0,0,0,0,231736331,0x0DD0040B,0,221,1,11,0,0x00000000,0,0,0,0
1001692,1001692,1000071,Colbert,168826881,0x0A101801,0,161,6,1,0,0x00000000,0,0,0,0,0,0x00000000,0,0,0,0,0,0x00000000,0,0,0,0,0,0x00000000,0,0,0,0,0,0x00000000,0,0,0,0,0,0x00000000,0,0,0,0
1001693,1001693,1200059,Keroucene,210764840,0x0C900428,0,201,1,40,236979210,0x0E20040A,0,226,1,10,0,0x00000000,0,0,0,0,0,0x00000000,0,0,0,0,0,0x00000000,0,0,0,0,231736331,0x0DD0040B,0,221,1,11,0,0x00000000,0,0,0,0
1001694,1001694,1600012,Ahctstymm,168826881,0x0A101801,0,161,6,1,0,0x00000000,0,0,0,0,0,0x00000000,0,0,0,0,0,0x00000000,0,0,0,0,0,0x00000000,0,0,0,0,0,0x00000000,0,0,0,0,0,0x00000000,0,0,0,0
1001695,1001695,1400153,Nanasomi,310379570,0x12800432,0,296,1,50,0,0x00000000,0,0,0,0,0,0x00000000,0,0,0,0,0,0x00000000,0,0,0,0,0,0x00000000,0,0,0,0,0,0x00000000,0,0,0,0,0,0x00000000,0,0,0,0
1001696,1001696,2300120,Yda,58723339,0x03800C0B,0,56,3,11,59771915,0x03900C0B,0,57,3,11,0,0x00000000,0,0,0,0,0,0x00000000,0,0,0,0,0,0x00000000,0,0,0,0,0,0x00000000,0,0,0,0,0,0x00000000,0,0,0,0
1001697,1001697,1000158,Storm Sergeant Nolan,383779841,0x16E00401,0,366,1,1,0,0x00000000,0,0,0,0,0,0x00000000,0,0,0,0,0,0x00000000,0,0,0,0,0,0x00000000,0,0,0,0,0,0x00000000,0,0,0,0,0,0x00000000,0,0,0,0
1001698,1001698,1400180,Serpent Sergeant Liflin Gulin,347079681,0x14B00401,0,331,1,1,0,0x00000000,0,0,0,0,0,0x00000000,0,0,0,0,0,0x00000000,0,0,0,0,0,0x00000000,0,0,0,0,0,0x00000000,0,0,0,0,0,0x00000000,0,0,0,0
1001699,1001699,1200057,Flame Sergeant Fouillel,79697930,0x04C0180A,0,76,6,10,32510977,0x01F01401,0,31,5,1,0,0x00000000,0,0,0,0,0,0x00000000,0,0,0,0,0,0x00000000,0,0,0,0,0,0x00000000,0,0,0,0,0,0x00000000,0,0,0,0
1001704,1001704,1600119,Murlskylt,147851286,0x08D00816,0,141,2,22,0,0x00000000,0,0,0,0,0,0x00000000,0,0,0,0,0,0x00000000,0,0,0,0,0,0x00000000,0,0,0,0,0,0x00000000,0,0,0,0,0,0x00000000,0,0,0,0
1001705,1001705,1300110,Aenore,147851286,0x08D00816,0,141,2,22,0,0x00000000,0,0,0,0,0,0x00000000,0,0,0,0,0,0x00000000,0,0,0,0,0,0x00000000,0,0,0,0,0,0x00000000,0,0,0,0,0,0x00000000,0,0,0,0
1001708,1001708,1200196,Beaudonet,210765824,0x0C900800,0,201,2,0,236979210,0x0E20040A,0,226,1,10,0,0x00000000,0,0,0,0,0,0x00000000,0,0,0,0,0,0x00000000,0,0,0,0,231736331,0x0DD0040B,0,221,1,11,0,0x00000000,0,0,0,0
1001709,1001709,1100073,Fryswyde,79698945,0x04C01C01,0,76,7,1,32514048,0x01F02000,0,31,8,0,0,0x00000000,0,0,0,0,0,0x00000000,0,0,0,0,0,0x00000000,0,0,0,0,0,0x00000000,0,0,0,0,0,0x00000000,0,0,0,0
1001710,1001710,1000257,Willielmus,168821780,0x0A100414,0,161,1,20,0,0x00000000,0,0,0,0,0,0x00000000,0,0,0,0,0,0x00000000,0,0,0,0,0,0x00000000,0,0,0,0,0,0x00000000,0,0,0,0,0,0x00000000,0,0,0,0
1001711,1001711,1900211,Q'zamqo,168821761,0x0A100401,0,161,1,1,0,0x00000000,0,0,0,0,0,0x00000000,0,0,0,0,0,0x00000000,0,0,0,0,0,0x00000000,0,0,0,0,0,0x00000000,0,0,0,0,0,0x00000000,0,0,0,0
1001716,1001716,1400170,Neymi Funomi,79697980,0x04C0183C,0,76,6,60,32514078,0x01F0201E,0,31,8,30,0,0x00000000,0,0,0,0,0,0x00000000,0,0,0,0,0,0x00000000,0,0,0,0,0,0x00000000,0,0,0,0,0,0x00000000,0,0,0,0
1001717,1001717,1100080,Goodife,79697980,0x04C0183C,0,76,6,60,32514078,0x01F0201E,0,31,8,30,0,0x00000000,0,0,0,0,0,0x00000000,0,0,0,0,0,0x00000000,0,0,0,0,0,0x00000000,0,0,0,0,0,0x00000000,0,0,0,0
1001718,1001718,1000221,Rycharde,79698954,0x04C01C0A,0,76,7,10,32508948,0x01F00C14,0,31,3,20,0,0x00000000,0,0,0,0,0,0x00000000,0,0,0,0,0,0x00000000,0,0,0,0,0,0x00000000,0,0,0,0,0,0x00000000,0,0,0,0
1001719,1001719,1200197,Charledore,79694869,0x04C00C15,0,76,3,21,32512010,0x01F0180A,0,31,6,10,0,0x00000000,0,0,0,0,0,0x00000000,0,0,0,0,0,0x00000000,0,0,0,0,0,0x00000000,0,0,0,0,0,0x00000000,0,0,0,0
1001723,1001723,1000326,Joldewin,752879636,0x2CE00814,0,718,2,20,0,0x00000000,0,0,0,0,0,0x00000000,0,0,0,0,0,0x00000000,0,0,0,0,0,0x00000000,0,0,0,0,0,0x00000000,0,0,0,0,0,0x00000000,0,0,0,0
1001724,1001724,1900187,E'qawhau,752878604,0x2CE0040C,0,718,1,12,0,0x00000000,0,0,0,0,0,0x00000000,0,0,0,0,0,0x00000000,0,0,0,0,0,0x00000000,0,0,0,0,0,0x00000000,0,0,0,0,0,0x00000000,0,0,0,0
1001725,1001725,1400174,Nolmo Lilmo,752878604,0x2CE0040C,0,718,1,12,0,0x00000000,0,0,0,0,0,0x00000000,0,0,0,0,0,0x00000000,0,0,0,0,0,0x00000000,0,0,0,0,0,0x00000000,0,0,0,0,0,0x00000000,0,0,0,0
1001728,1001728,1600189,Swynbroes,147850242,0x08D00402,0,141,1,2,0,0x00000000,0,0,0,0,0,0x00000000,0,0,0,0,0,0x00000000,0,0,0,0,0,0x00000000,0,0,0,0,0,0x00000000,0,0,0,0,0,0x00000000,0,0,0,0
1001729,1001729,1400187,Kokosamu,873464835,0x34100403,0,833,1,3,0,0x00000000,0,0,0,0,0,0x00000000,0,0,0,0,0,0x00000000,0,0,0,0,0,0x00000000,0,0,0,0,0,0x00000000,0,0,0,0,0,0x00000000,0,0,0,0
1001730,1001730,1900199,F'hobhas,747635722,0x2C90040A,0,713,1,10,0,0x00000000,0,0,0,0,0,0x00000000,0,0,0,0,0,0x00000000,0,0,0,0,0,0x00000000,0,0,0,0,0,0x00000000,0,0,0,0,0,0x00000000,0,0,0,0
1001734,1001734,1000039,Arthur,79693825,0x04C00801,0,76,2,1,0,0x00000000,0,0,0,0,0,0x00000000,0,0,0,0,0,0x00000000,0,0,0,0,0,0x00000000,0,0,0,0,0,0x00000000,0,0,0,0,0,0x00000000,0,0,0,0
1001740,1001740,4000619,hot-headed pirate,147851276,0x08D0080C,0,141,2,12,0,0x00000000,0,0,0,0,0,0x00000000,0,0,0,0,0,0x00000000,0,0,0,0,0,0x00000000,0,0,0,0,0,0x00000000,0,0,0,0,0,0x00000000,0,0,0,0
1001743,1001743,1000034,Aleyn,58722334,0x0380081E,0,56,2,30,59770910,0x0390081E,0,57,2,30,0,0x00000000,0,0,0,0,0,0x00000000,0,0,0,0,0,0x00000000,0,0,0,0,0,0x00000000,0,0,0,0,0,0x00000000,0,0,0,0
1001744,1001744,1900185,U'fhiroh,79694868,0x04C00C14,0,76,3,20,32510983,0x01F01407,0,31,5,7,0,0x00000000,0,0,0,0,0,0x00000000,0,0,0,0,0,0x00000000,0,0,0,0,0,0x00000000,0,0,0,0,0,0x00000000,0,0,0,0
1001745,1001745,1500132,Sedodo,294652948,0x11900C14,0,281,3,20,0,0x00000000,0,0,0,0,0,0x00000000,0,0,0,0,0,0x00000000,0,0,0,0,0,0x00000000,0,0,0,0,0,0x00000000,0,0,0,0,0,0x00000000,0,0,0,0
1001748,1001748,1000095,Storm Private Yaeger,147852288,0x08D00C00,0,141,3,0,0,0x00000000,0,0,0,0,0,0x00000000,0,0,0,0,0,0x00000000,0,0,0,0,0,0x00000000,0,0,0,0,0,0x00000000,0,0,0,0,0,0x00000000,0,0,0,0
1001749,1001749,1600055,Storm Private Aisborgsyn,147852288,0x08D00C00,0,141,3,0,0,0x00000000,0,0,0,0,0,0x00000000,0,0,0,0,0,0x00000000,0,0,0,0,0,0x00000000,0,0,0,0,0,0x00000000,0,0,0,0,0,0x00000000,0,0,0,0
1001750,1001750,1300150,Storm Private Bisaine,147852288,0x08D00C00,0,141,3,0,0,0x00000000,0,0,0,0,0,0x00000000,0,0,0,0,0,0x00000000,0,0,0,0,0,0x00000000,0,0,0,0,0,0x00000000,0,0,0,0,0,0x00000000,0,0,0,0
1001751,1001751,1000098,Eleazar,79695882,0x04C0100A,0,76,4,10,0,0x00000000,0,0,0,0,0,0x00000000,0,0,0,0,0,0x00000000,0,0,0,0,0,0x00000000,0,0,0,0,0,0x00000000,0,0,0,0,0,0x00000000,0,0,0,0
1001752,1001752,1600013,Ahctzirn,147853342,0x08D0101E,0,141,4,30,0,0x00000000,0,0,0,0,0,0x00000000,0,0,0,0,0,0x00000000,0,0,0,0,0,0x00000000,0,0,0,0,0,0x00000000,0,0,0,0,0,0x00000000,0,0,0,0
1001755,1001755,1400041,Mumukiya,862980106,0x3370080A,0,823,2,10,0,0x00000000,0,0,0,0,0,0x00000000,0,0,0,0,0,0x00000000,0,0,0,0,0,0x00000000,0,0,0,0,0,0x00000000,0,0,0,0,0,0x00000000,0,0,0,0
1001756,1001756,2200186,Storm Private Langdale,147852288,0x08D00C00,0,141,3,0,0,0x00000000,0,0,0,0,0,0x00000000,0,0,0,0,0,0x00000000,0,0,0,0,0,0x00000000,0,0,0,0,0,0x00000000,0,0,0,0,0,0x00000000,0,0,0,0
1001757,1001757,1900189,Storm Private Dhen,147852288,0x08D00C00,0,141,3,0,0,0x00000000,0,0,0,0,0,0x00000000,0,0,0,0,0,0x00000000,0,0,0,0,0,0x00000000,0,0,0,0,0,0x00000000,0,0,0,0,0,0x00000000,0,0,0,0
1001758,1001758,1000127,Flame Sergeant Dorne,79697940,0x04C01814,0,76,6,20,32510977,0x01F01401,0,31,5,1,0,0x00000000,0,0,0,0,0,0x00000000,0,0,0,0,0,0x00000000,0,0,0,0,0,0x00000000,0,0,0,0,0,0x00000000,0,0,0,0
1001764,1001764,1600030,Baenryss,147850240,0x08D00400,0,141,1,0,0,0x00000000,0,0,0,0,0,0x00000000,0,0,0,0,0,0x00000000,0,0,0,0,0,0x00000000,0,0,0,0,0,0x00000000,0,0,0,0,0,0x00000000,0,0,0,0
1001765,1001765,1500144,Chachapi,147852288,0x08D00C00,0,141,3,0,0,0x00000000,0,0,0,0,0,0x00000000,0,0,0,0,0,0x00000000,0,0,0,0,0,0x00000000,0,0,0,0,0,0x00000000,0,0,0,0,0,0x00000000,0,0,0,0
1001766,1001766,1200194,Forchetaix,147851264,0x08D00800,0,141,2,0,0,0x00000000,0,0,0,0,0,0x00000000,0,0,0,0,0,0x00000000,0,0,0,0,0,0x00000000,0,0,0,0,0,0x00000000,0,0,0,0,0,0x00000000,0,0,0,0
1001772,1001772,4000615,haughty gladiator,79695882,0x04C0100A,0,76,4,10,32506900,0x01F00414,0,31,1,20,0,0x00000000,0,0,0,0,0,0x00000000,0,0,0,0,0,0x00000000,0,0,0,0,0,0x00000000,0,0,0,0,0,0x00000000,0,0,0,0
1001773,1001773,4000616,blustering archer,210765825,0x0C900801,0,201,2,1,236979210,0x0E20040A,0,226,1,10,0,0x00000000,0,0,0,0,0,0x00000000,0,0,0,0,0,0x00000000,0,0,0,0,231736331,0x0DD0040B,0,221,1,11,0,0x00000000,0,0,0,0
1001774,1001774,4000617,pompous marauder,147853312,0x08D01000,0,141,4,0,0,0x00000000,0,0,0,0,0,0x00000000,0,0,0,0,0,0x00000000,0,0,0,0,0,0x00000000,0,0,0,0,0,0x00000000,0,0,0,0,0,0x00000000,0,0,0,0
1001775,1001775,4000618,excitable thaumaturge,294652958,0x11900C1E,0,281,3,30,0,0x00000000,0,0,0,0,0,0x00000000,0,0,0,0,0,0x00000000,0,0,0,0,0,0x00000000,0,0,0,0,0,0x00000000,0,0,0,0,0,0x00000000,0,0,0,0
1001776,1001776,1000126,Gregory,147852288,0x08D00C00,0,141,3,0,0,0x00000000,0,0,0,0,0,0x00000000,0,0,0,0,0,0x00000000,0,0,0,0,0,0x00000000,0,0,0,0,0,0x00000000,0,0,0,0,0,0x00000000,0,0,0,0
1001777,1001777,1000126,Gregory,147852288,0x08D00C00,0,141,3,0,0,0x00000000,0,0,0,0,0,0x00000000,0,0,0,0,0,0x00000000,0,0,0,0,0,0x00000000,0,0,0,0,0,0x00000000,0,0,0,0,0,0x00000000,0,0,0,0
1001778,1001778,1000126,Gregory,79697930,0x04C0180A,0,76,6,10,32510976,0x01F01400,0,31,5,0,0,0x00000000,0,0,0,0,0,0x00000000,0,0,0,0,0,0x00000000,0,0,0,0,0,0x00000000,0,0,0,0,0,0x00000000,0,0,0,0
1001779,1001779,1000126,Gregory,79697930,0x04C0180A,0,76,6,10,32510976,0x01F01400,0,31,5,0,0,0x00000000,0,0,0,0,0,0x00000000,0,0,0,0,0,0x00000000,0,0,0,0,0,0x00000000,0,0,0,0,0,0x00000000,0,0,0,0
1001780,1001780,1000126,Gregory,79697930,0x04C0180A,0,76,6,10,32510976,0x01F01400,0,31,5,0,0,0x00000000,0,0,0,0,0,0x00000000,0,0,0,0,0,0x00000000,0,0,0,0,0,0x00000000,0,0,0,0,0,0x00000000,0,0,0,0
1001782,1001782,1000126,Gregory,79702016,0x04C02800,0,76,10,0,32508958,0x01F00C1E,0,31,3,30,0,0x00000000,0,0,0,0,0,0x00000000,0,0,0,0,0,0x00000000,0,0,0,0,0,0x00000000,0,0,0,0,0,0x00000000,0,0,0,0
1001783,1001783,1000126,Gregory,210766918,0x0C900C46,0,201,3,70,236979200,0x0E200400,0,226,1,0,0,0x00000000,0,0,0,0,0,0x00000000,0,0,0,0,0,0x00000000,0,0,0,0,231736331,0x0DD0040B,0,221,1,11,0,0x00000000,0,0,0,0
1001784,1001784,1000126,Gregory,60818432,0x03A00400,0,58,1,0,61867008,0x03B00400,0,59,1,0,0,0x00000000,0,0,0,0,0,0x00000000,0,0,0,0,0,0x00000000,0,0,0,0,0,0x00000000,0,0,0,0,0,0x00000000,0,0,0,0
1001785,1001785,1000126,Gregory,147853322,0x08D0100A,0,141,4,10,0,0x00000000,0,0,0,0,0,0x00000000,0,0,0,0,0,0x00000000,0,0,0,0,0,0x00000000,0,0,0,0,0,0x00000000,0,0,0,0,0,0x00000000,0,0,0,0
1001786,1001786,1000126,Gregory,173016064,0x0A500400,0,165,1,0,0,0x00000000,0,0,0,0,0,0x00000000,0,0,0,0,0,0x00000000,0,0,0,0,0,0x00000000,0,0,0,0,0,0x00000000,0,0,0,0,0,0x00000000,0,0,0,0
1001787,1001787,1000126,Gregory,294651904,0x11900800,0,281,2,0,0,0x00000000,0,0,0,0,0,0x00000000,0,0,0,0,0,0x00000000,0,0,0,0,0,0x00000000,0,0,0,0,0,0x00000000,0,0,0,0,0,0x00000000,0,0,0,0
1001788,1001788,1000126,Gregory,347081758,0x14B00C1E,0,331,3,30,0,0x00000000,0,0,0,0,0,0x00000000,0,0,0,0,0,0x00000000,0,0,0,0,0,0x00000000,0,0,0,0,0,0x00000000,0,0,0,0,0,0x00000000,0,0,0,0
1001793,1001793,4000633,suspicious sellsword,147853322,0x08D0100A,0,141,4,10,0,0x00000000,0,0,0,0,0,0x00000000,0,0,0,0,0,0x00000000,0,0,0,0,0,0x00000000,0,0,0,0,0,0x00000000,0,0,0,0,0,0x00000000,0,0,0,0
1001796,1001796,4000636,suspicious smallholder,862981120,0x33700C00,0,823,3,0,0,0x00000000,0,0,0,0,0,0x00000000,0,0,0,0,0,0x00000000,0,0,0,0,0,0x00000000,0,0,0,0,0,0x00000000,0,0,0,0,0,0x00000000,0,0,0,0
1001805,1001805,1900144,Sizha Epocan,862982144,0x33701000,0,823,4,0,0,0x00000000,0,0,0,0,0,0x00000000,0,0,0,0,0,0x00000000,0,0,0,0,0,0x00000000,0,0,0,0,0,0x00000000,0,0,0,0,0,0x00000000,0,0,0,0
1001806,1001806,1300078,Enie,878707712,0x34600400,0,838,1,0,0,0x00000000,0,0,0,0,0,0x00000000,0,0,0,0,0,0x00000000,0,0,0,0,0,0x00000000,0,0,0,0,0,0x00000000,0,0,0,0,0,0x00000000,0,0,0,0
1001807,1001807,1600299,Serpent Captain Tall Oak,168823828,0x0A100C14,0,161,3,20,0,0x00000000,0,0,0,0,0,0x00000000,0,0,0,0,0,0x00000000,0,0,0,0,0,0x00000000,0,0,0,0,0,0x00000000,0,0,0,0,0,0x00000000,0,0,0,0
1001808,1001808,1100220,Serpent Commander Yarborough,168823828,0x0A100C14,0,161,3,20,0,0x00000000,0,0,0,0,0,0x00000000,0,0,0,0,0,0x00000000,0,0,0,0,0,0x00000000,0,0,0,0,0,0x00000000,0,0,0,0,0,0x00000000,0,0,0,0
1001809,1001809,1200218,Serpent Commander Flutaint,210765844,0x0C900814,0,201,2,20,236979210,0x0E20040A,0,226,1,10,0,0x00000000,0,0,0,0,0,0x00000000,0,0,0,0,0,0x00000000,0,0,0,0,231736332,0x0DD0040C,0,221,1,12,0,0x00000000,0,0,0,0
1001810,1001810,1900223,Storm Commander Rhiki,147852308,0x08D00C14,0,141,3,20,0,0x00000000,0,0,0,0,0,0x00000000,0,0,0,0,0,0x00000000,0,0,0,0,0,0x00000000,0,0,0,0,0,0x00000000,0,0,0,0,0,0x00000000,0,0,0,0
1001812,1001812,1600139,Pfrymloef,79698954,0x04C01C0A,0,76,7,10,0,0x00000000,0,0,0,0,0,0x00000000,0,0,0,0,0,0x00000000,0,0,0,0,0,0x00000000,0,0,0,0,0,0x00000000,0,0,0,0,0,0x00000000,0,0,0,0
1001813,1001813,1600122,Storm Captain Roehmannsyn,168822815,0x0A10081F,0,161,2,31,0,0x00000000,0,0,0,0,0,0x00000000,0,0,0,0,0,0x00000000,0,0,0,0,0,0x00000000,0,0,0,0,0,0x00000000,0,0,0,0,0,0x00000000,0,0,0,0
1001814,1001814,1600321,Storm Lieutenant Hidden Sunset,347081778,0x14B00C32,0,331,3,50,0,0x00000000,0,0,0,0,0,0x00000000,0,0,0,0,0,0x00000000,0,0,0,0,0,0x00000000,0,0,0,0,0,0x00000000,0,0,0,0,0,0x00000000,0,0,0,0
1001815,1001815,1000144,Flame Commander Ryder,79697970,0x04C01832,0,76,6,50,32510981,0x01F01405,0,31,5,5,0,0x00000000,0,0,0,0,0,0x00000000,0,0,0,0,0,0x00000000,0,0,0,0,0,0x00000000,0,0,0,0,0,0x00000000,0,0,0,0
1001816,1001816,1200148,Flame Private Sompt,79697930,0x04C0180A,0,76,6,10,32510976,0x01F01400,0,31,5,0,0,0x00000000,0,0,0,0,0,0x00000000,0,0,0,0,0,0x00000000,0,0,0,0,0,0x00000000,0,0,0,0,0,0x00000000,0,0,0,0
1001817,1001817,1900193,Flame Private Dhavha,168823808,0x0A100C00,0,161,3,0,0,0x00000000,0,0,0,0,0,0x00000000,0,0,0,0,0,0x00000000,0,0,0,0,0,0x00000000,0,0,0,0,0,0x00000000,0,0,0,0,0,0x00000000,0,0,0,0
1001818,1001818,1400178,Flame Private Makago Nokago,58722324,0x03800814,0,56,2,20,59770900,0x03900814,0,57,2,20,0,0x00000000,0,0,0,0,0,0x00000000,0,0,0,0,0,0x00000000,0,0,0,0,0,0x00000000,0,0,0,0,0,0x00000000,0,0,0,0
1001819,1001819,3207022,imperial centurion,79698947,0x04C01C03,0,76,7,3,32510983,0x01F01407,0,31,5,7,0,0x00000000,0,0,0,0,0,0x00000000,0,0,0,0,0,0x00000000,0,0,0,0,0,0x00000000,0,0,0,0,0,0x00000000,0,0,0,0
1001820,1001820,3280029,imperial hoplomachus,79694869,0x04C00C15,0,76,3,21,32512010,0x01F0180A,0,31,6,10,0,0x00000000,0,0,0,0,0,0x00000000,0,0,0,0,0,0x00000000,0,0,0,0,0,0x00000000,0,0,0,0,0,0x00000000,0,0,0,0
1001821,1001821,3280030,imperial signifer,310379580,0x1280043C,0,296,1,60,0,0x00000000,0,0,0,0,0,0x00000000,0,0,0,0,0,0x00000000,0,0,0,0,0,0x00000000,0,0,0,0,0,0x00000000,0,0,0,0,0,0x00000000,0,0,0,0
1001822,1001822,3280031,imperial laquearius,147850300,0x08D0043C,0,141,1,60,0,0x00000000,0,0,0,0,0,0x00000000,0,0,0,0,0,0x00000000,0,0,0,0,0,0x00000000,0,0,0,0,0,0x00000000,0,0,0,0,0,0x00000000,0,0,0,0
1001833,1001833,1000353,Storm Sergeant Brooks,147852288,0x08D00C00,0,141,3,0,0,0x00000000,0,0,0,0,0,0x00000000,0,0,0,0,0,0x00000000,0,0,0,0,0,0x00000000,0,0,0,0,0,0x00000000,0,0,0,0,0,0x00000000,0,0,0,0
1001834,1001834,2200183,Flame Commander Ashdale,210765836,0x0C90080C,0,201,2,12,236979210,0x0E20040A,0,226,1,10,0,0x00000000,0,0,0,0,0,0x00000000,0,0,0,0,0,0x00000000,0,0,0,0,231736332,0x0DD0040C,0,221,1,12,0,0x00000000,0,0,0,0
1001835,1001835,1200227,Serpent Commander Heuloix,210765844,0x0C900814,0,201,2,20,236979210,0x0E20040A,0,226,1,10,0,0x00000000,0,0,0,0,0,0x00000000,0,0,0,0,0,0x00000000,0,0,0,0,231736332,0x0DD0040C,0,221,1,12,0,0x00000000,0,0,0,0
1001840,1001840,1900246,Pahja Zhwan,862979072,0x33700400,0,823,1,0,0,0x00000000,0,0,0,0,0,0x00000000,0,0,0,0,0,0x00000000,0,0,0,0,0,0x00000000,0,0,0,0,0,0x00000000,0,0,0,0,0,0x00000000,0,0,0,0
1001841,1001841,1100397,Nicolaa,168823809,0x0A100C01,0,161,3,1,0,0x00000000,0,0,0,0,0,0x00000000,0,0,0,0,0,0x00000000,0,0,0,0,0,0x00000000,0,0,0,0,0,0x00000000,0,0,0,0,0,0x00000000,0,0,0,0
1001842,1001842,1100398,Olyffe,168823809,0x0A100C01,0,161,3,1,0,0x00000000,0,0,0,0,0,0x00000000,0,0,0,0,0,0x00000000,0,0,0,0,0,0x00000000,0,0,0,0,0,0x00000000,0,0,0,0,0,0x00000000,0,0,0,0
1001843,1001843,1100399,Ophellia,168823809,0x0A100C01,0,161,3,1,0,0x00000000,0,0,0,0,0,0x00000000,0,0,0,0,0,0x00000000,0,0,0,0,0,0x00000000,0,0,0,0,0,0x00000000,0,0,0,0,0,0x00000000,0,0,0,0
1001844,1001844,1900233,Rhela Nbolo,80741388,0x04D0040C,0,77,1,12,0,0x00000000,0,0,0,0,0,0x00000000,0,0,0,0,0,0x00000000,0,0,0,0,0,0x00000000,0,0,0,0,0,0x00000000,0,0,0,0,0,0x00000000,0,0,0,0
1001845,1001845,1900234,Doyoh Lihzeh,80741388,0x04D0040C,0,77,1,12,0,0x00000000,0,0,0,0,0,0x00000000,0,0,0,0,0,0x00000000,0,0,0,0,0,0x00000000,0,0,0,0,0,0x00000000,0,0,0,0,0,0x00000000,0,0,0,0
1001846,1001846,1900235,Qhom Jinjhal,80741388,0x04D0040C,0,77,1,12,0,0x00000000,0,0,0,0,0,0x00000000,0,0,0,0,0,0x00000000,0,0,0,0,0,0x00000000,0,0,0,0,0,0x00000000,0,0,0,0,0,0x00000000,0,0,0,0
1001853,1001853,3180002,imperial trooper,79694869,0x04C00C15,0,76,3,21,32512030,0x01F0181E,0,31,6,30,0,0x00000000,0,0,0,0,0,0x00000000,0,0,0,0,0,0x00000000,0,0,0,0,0,0x00000000,0,0,0,0,0,0x00000000,0,0,0,0
1001854,1001854,3180002,imperial trooper,147850300,0x08D0043C,0,141,1,60,0,0x00000000,0,0,0,0,0,0x00000000,0,0,0,0,0,0x00000000,0,0,0,0,0,0x00000000,0,0,0,0,0,0x00000000,0,0,0,0,0,0x00000000,0,0,0,0
1001855,1001855,3180002,imperial trooper,310379580,0x1280043C,0,296,1,60,0,0x00000000,0,0,0,0,0,0x00000000,0,0,0,0,0,0x00000000,0,0,0,0,0,0x00000000,0,0,0,0,0,0x00000000,0,0,0,0,0,0x00000000,0,0,0,0
1001869,1001869,1000126,Gregory,168821780,0x0A100414,0,161,1,20,0,0x00000000,0,0,0,0,0,0x00000000,0,0,0,0,0,0x00000000,0,0,0,0,0,0x00000000,0,0,0,0,0,0x00000000,0,0,0,0,0,0x00000000,0,0,0,0
1001870,1001870,1000126,Gregory,168821770,0x0A10040A,0,161,1,10,0,0x00000000,0,0,0,0,0,0x00000000,0,0,0,0,0,0x00000000,0,0,0,0,0,0x00000000,0,0,0,0,0,0x00000000,0,0,0,0,0,0x00000000,0,0,0,0
1001871,1001871,1000016,Lewin,210767912,0x0C901028,0,201,4,40,236979200,0x0E200400,0,226,1,0,0,0x00000000,0,0,0,0,0,0x00000000,0,0,0,0,0,0x00000000,0,0,0,0,231736353,0x0DD00421,0,221,1,33,0,0x00000000,0,0,0,0
1001872,1001872,1000126,Gregory,210766858,0x0C900C0A,0,201,3,10,236979210,0x0E20040A,0,226,1,10,0,0x00000000,0,0,0,0,0,0x00000000,0,0,0,0,0,0x00000000,0,0,0,0,231736332,0x0DD0040C,0,221,1,12,0,0x00000000,0,0,0,0
1001873,1001873,1600213,Ursbaen,210764810,0x0C90040A,0,201,1,10,236979210,0x0E20040A,0,226,1,10,0,0x00000000,0,0,0,0,0,0x00000000,0,0,0,0,0,0x00000000,0,0,0,0,231736331,0x0DD0040B,0,221,1,11,0,0x00000000,0,0,0,0
1001874,1001874,1200013,Handeloup,210764840,0x0C900428,0,201,1,40,236979210,0x0E20040A,0,226,1,10,0,0x00000000,0,0,0,0,0,0x00000000,0,0,0,0,0,0x00000000,0,0,0,0,231736350,0x0DD0041E,0,221,1,30,0,0x00000000,0,0,0,0
1001875,1001875,1100004,Elewys,210766898,0x0C900C32,0,201,3,50,236979200,0x0E200400,0,226,1,0,0,0x00000000,0,0,0,0,0,0x00000000,0,0,0,0,0,0x00000000,0,0,0,0,231736351,0x0DD0041F,0,221,1,31,0,0x00000000,0,0,0,0
1001876,1001876,1900026,T'kebbe,168821770,0x0A10040A,0,161,1,10,0,0x00000000,0,0,0,0,0,0x00000000,0,0,0,0,0,0x00000000,0,0,0,0,0,0x00000000,0,0,0,0,0,0x00000000,0,0,0,0,0,0x00000000,0,0,0,0
1001877,1001877,1900030,N'golbb,168821761,0x0A100401,0,161,1,1,0,0x00000000,0,0,0,0,0,0x00000000,0,0,0,0,0,0x00000000,0,0,0,0,0,0x00000000,0,0,0,0,0,0x00000000,0,0,0,0,0,0x00000000,0,0,0,0
1001878,1001878,1000126,Gregory,168821790,0x0A10041E,0,161,1,30,0,0x00000000,0,0,0,0,0,0x00000000,0,0,0,0,0,0x00000000,0,0,0,0,0,0x00000000,0,0,0,0,0,0x00000000,0,0,0,0,0,0x00000000,0,0,0,0
1001879,1001879,1500004,Nunumo,347079684,0x14B00404,0,331,1,4,0,0x00000000,0,0,0,0,0,0x00000000,0,0,0,0,0,0x00000000,0,0,0,0,0,0x00000000,0,0,0,0,0,0x00000000,0,0,0,0,0,0x00000000,0,0,0,0
1001880,1001880,1000297,Dunstan,168821810,0x0A100432,0,161,1,50,0,0x00000000,0,0,0,0,0,0x00000000,0,0,0,0,0,0x00000000,0,0,0,0,0,0x00000000,0,0,0,0,0,0x00000000,0,0,0,0,0,0x00000000,0,0,0,0
1001882,1001882,1000126,Gregory,768607243,0x2DD0040B,0,733,1,11,0,0x00000000,0,0,0,0,0,0x00000000,0,0,0,0,0,0x00000000,0,0,0,0,0,0x00000000,0,0,0,0,0,0x00000000,0,0,0,0,0,0x00000000,0,0,0,0
1001883,1001883,1000126,Gregory,878709770,0x34600C0A,0,838,3,10,0,0x00000000,0,0,0,0,0,0x00000000,0,0,0,0,0,0x00000000,0,0,0,0,0,0x00000000,0,0,0,0,0,0x00000000,0,0,0,0,0,0x00000000,0,0,0,0
1001884,1001884,1000126,Gregory,705692683,0x2A10040B,0,673,1,11,0,0x00000000,0,0,0,0,0,0x00000000,0,0,0,0,0,0x00000000,0,0,0,0,0,0x00000000,0,0,0,0,0,0x00000000,0,0,0,0,0,0x00000000,0,0,0,0
1001885,1001885,1000126,Gregory,80741426,0x04D00432,0,77,1,50,32509982,0x01F0101E,0,31,4,30,0,0x00000000,0,0,0,0,0,0x00000000,0,0,0,0,0,0x00000000,0,0,0,0,0,0x00000000,0,0,0,0,0,0x00000000,0,0,0,0
1001886,1001886,1000126,Gregory,168823811,0x0A100C03,0,161,3,3,0,0x00000000,0,0,0,0,0,0x00000000,0,0,0,0,0,0x00000000,0,0,0,0,0,0x00000000,0,0,0,0,0,0x00000000,0,0,0,0,0,0x00000000,0,0,0,0
1001887,1001887,1000126,Gregory,0,0x00000000,0,0,0,0,32507964,0x01F0083C,0,31,2,60,0,0x00000000,0,0,0,0,0,0x00000000,0,0,0,0,0,0x00000000,0,0,0,0,0,0x00000000,0,0,0,0,0,0x00000000,0,0,0,0
1001888,1001888,1000126,Gregory,210766850,0x0C900C02,0,201,3,2,236979200,0x0E200400,0,226,1,0,0,0x00000000,0,0,0,0,0,0x00000000,0,0,0,0,0,0x00000000,0,0,0,0,231736351,0x0DD0041F,0,221,1,31,0,0x00000000,0,0,0,0
1001889,1001889,1000126,Gregory,168825866,0x0A10140A,0,161,5,10,0,0x00000000,0,0,0,0,0,0x00000000,0,0,0,0,0,0x00000000,0,0,0,0,0,0x00000000,0,0,0,0,0,0x00000000,0,0,0,0,0,0x00000000,0,0,0,0
1001890,1001890,1000126,Gregory,347079685,0x14B00405,0,331,1,5,0,0x00000000,0,0,0,0,0,0x00000000,0,0,0,0,0,0x00000000,0,0,0,0,0,0x00000000,0,0,0,0,0,0x00000000,0,0,0,0,0,0x00000000,0,0,0,0
1001891,1001891,1000126,Gregory,210764830,0x0C90041E,0,201,1,30,236979200,0x0E200400,0,226,1,0,0,0x00000000,0,0,0,0,0,0x00000000,0,0,0,0,0,0x00000000,0,0,0,0,231736351,0x0DD0041F,0,221,1,31,0,0x00000000,0,0,0,0
1001894,1001894,1000090,Flame Private Greave,79697940,0x04C01814,0,76,6,20,0,0x00000000,0,0,0,0,0,0x00000000,0,0,0,0,0,0x00000000,0,0,0,0,0,0x00000000,0,0,0,0,0,0x00000000,0,0,0,0,0,0x00000000,0,0,0,0
1001896,1001896,4000651,Serpent Captain,168825856,0x0A101400,0,161,5,0,0,0x00000000,0,0,0,0,0,0x00000000,0,0,0,0,0,0x00000000,0,0,0,0,0,0x00000000,0,0,0,0,0,0x00000000,0,0,0,0,0,0x00000000,0,0,0,0
1001900,1001900,1100087,Langliva,347079683,0x14B00403,0,331,1,3,0,0x00000000,0,0,0,0,0,0x00000000,0,0,0,0,0,0x00000000,0,0,0,0,0,0x00000000,0,0,0,0,0,0x00000000,0,0,0,0,0,0x00000000,0,0,0,0
1001901,1001901,4000650,Second Serpent Commander,210766858,0x0C900C0A,0,201,3,10,236979200,0x0E200400,0,226,1,0,0,0x00000000,0,0,0,0,0,0x00000000,0,0,0,0,0,0x00000000,0,0,0,0,231736352,0x0DD00420,0,221,1,32,0,0x00000000,0,0,0,0
1001903,1001903,1000052,Bertrand,147851286,0x08D00816,0,141,2,22,0,0x00000000,0,0,0,0,0,0x00000000,0,0,0,0,0,0x00000000,0,0,0,0,0,0x00000000,0,0,0,0,0,0x00000000,0,0,0,0,0,0x00000000,0,0,0,0
1001904,1001904,1200191,Coultenet,80741376,0x04D00400,0,77,1,0,32515092,0x01F02414,0,31,9,20,0,0x00000000,0,0,0,0,0,0x00000000,0,0,0,0,0,0x00000000,0,0,0,0,0,0x00000000,0,0,0,0,0,0x00000000,0,0,0,0
1001906,1001906,4000648,Second Storm Commander,147852299,0x08D00C0B,0,141,3,11,0,0x00000000,0,0,0,0,0,0x00000000,0,0,0,0,0,0x00000000,0,0,0,0,0,0x00000000,0,0,0,0,0,0x00000000,0,0,0,0,0,0x00000000,0,0,0,0
1001911,1001911,1400200,Lolomaya,310379550,0x1280041E,0,296,1,30,0,0x00000000,0,0,0,0,0,0x00000000,0,0,0,0,0,0x00000000,0,0,0,0,0,0x00000000,0,0,0,0,0,0x00000000,0,0,0,0,0,0x00000000,0,0,0,0
1001913,1001913,1400202,Memenugu,79692850,0x04C00432,0,76,1,50,1049600,0x00100400,0,1,1,0,0,0x00000000,0,0,0,0,0,0x00000000,0,0,0,0,0,0x00000000,0,0,0,0,0,0x00000000,0,0,0,0,0,0x00000000,0,0,0,0
1001914,1001914,4000653,Second Flame Commander,79697960,0x04C01828,0,76,6,40,0,0x00000000,0,0,0,0,0,0x00000000,0,0,0,0,0,0x00000000,0,0,0,0,0,0x00000000,0,0,0,0,0,0x00000000,0,0,0,0,0,0x00000000,0,0,0,0
1001916,1001916,1500171,Tegogo,347079690,0x14B0040A,0,331,1,10,1049600,0x00100400,0,1,1,0,0,0x00000000,0,0,0,0,0,0x00000000,0,0,0,0,0,0x00000000,0,0,0,0,0,0x00000000,0,0,0,0,0,0x00000000,0,0,0,0
1001921,1001921,1600333,Dyrfhund,243270657,0x0E800401,0,232,1,1,1049600,0x00100400,0,1,1,0,0,0x00000000,0,0,0,0,0,0x00000000,0,0,0,0,0,0x00000000,0,0,0,0,0,0x00000000,0,0,0,0,0,0x00000000,0,0,0,0
1001922,1001922,1600334,Eidinsath,147850260,0x08D00414,0,141,1,20,0,0x00000000,0,0,0,0,0,0x00000000,0,0,0,0,0,0x00000000,0,0,0,0,0,0x00000000,0,0,0,0,0,0x00000000,0,0,0,0,0,0x00000000,0,0,0,0
1001925,1001925,1600337,Flame Private Hanskalsyn,79697930,0x04C0180A,0,76,6,10,0,0x00000000,0,0,0,0,0,0x00000000,0,0,0,0,0,0x00000000,0,0,0,0,0,0x00000000,0,0,0,0,0,0x00000000,0,0,0,0,0,0x00000000,0,0,0,0
1001926,1001926,1900216,J'rhoomale,210765825,0x0C900801,0,201,2,1,236979210,0x0E20040A,0,226,1,10,0,0x00000000,0,0,0,0,0,0x00000000,0,0,0,0,0,0x00000000,0,0,0,0,231736331,0x0DD0040B,0,221,1,11,0,0x00000000,0,0,0,0
1001927,1001927,1900217,Z'toldha,79695882,0x04C0100A,0,76,4,10,0,0x00000000,0,0,0,0,0,0x00000000,0,0,0,0,0,0x00000000,0,0,0,0,0,0x00000000,0,0,0,0,0,0x00000000,0,0,0,0,0,0x00000000,0,0,0,0
1001928,1001928,1900218,R'khebica,347079690,0x14B0040A,0,331,1,10,1049600,0x00100400,0,1,1,0,0,0x00000000,0,0,0,0,0,0x00000000,0,0,0,0,0,0x00000000,0,0,0,0,0,0x00000000,0,0,0,0,0,0x00000000,0,0,0,0
1001931,1001931,4000652,Flame Captain,79697930,0x04C0180A,0,76,6,10,0,0x00000000,0,0,0,0,0,0x00000000,0,0,0,0,0,0x00000000,0,0,0,0,0,0x00000000,0,0,0,0,0,0x00000000,0,0,0,0,0,0x00000000,0,0,0,0
1001952,1001952,4000649,Storm Captain,147852288,0x08D00C00,0,141,3,0,0,0x00000000,0,0,0,0,0,0x00000000,0,0,0,0,0,0x00000000,0,0,0,0,0,0x00000000,0,0,0,0,0,0x00000000,0,0,0,0,0,0x00000000,0,0,0,0
1001955,1001955,1200223,Tristechambel,80741376,0x04D00400,0,77,1,0,32515092,0x01F02414,0,31,9,20,0,0x00000000,0,0,0,0,0,0x00000000,0,0,0,0,0,0x00000000,0,0,0,0,0,0x00000000,0,0,0,0,0,0x00000000,0,0,0,0
1001956,1001956,1100221,Flame Private Stark,79697960,0x04C01828,0,76,6,40,0,0x00000000,0,0,0,0,0,0x00000000,0,0,0,0,0,0x00000000,0,0,0,0,0,0x00000000,0,0,0,0,0,0x00000000,0,0,0,0,0,0x00000000,0,0,0,0
1001961,1001961,3206412,Ixali scout,79697960,0x04C01828,0,76,6,40,32510979,0x01F01403,0,31,5,3,0,0x00000000,0,0,0,0,0,0x00000000,0,0,0,0,0,0x00000000,0,0,0,0,0,0x00000000,0,0,0,0,0,0x00000000,0,0,0,0
1001963,1001963,3206413,Yotoli Hueloc the Austere,347080814,0x14B0086E,0,331,2,110,0,0x00000000,0,0,0,0,0,0x00000000,0,0,0,0,0,0x00000000,0,0,0,0,0,0x00000000,0,0,0,0,0,0x00000000,0,0,0,0,0,0x00000000,0,0,0,0
1001964,1001964,3206414,Ixali sabreur,79697960,0x04C01828,0,76,6,40,32510979,0x01F01403,0,31,5,3,0,0x00000000,0,0,0,0,0,0x00000000,0,0,0,0,0,0x00000000,0,0,0,0,0,0x00000000,0,0,0,0,0,0x00000000,0,0,0,0
1001965,1001965,3206416,Ixali bravewing,147851276,0x08D0080C,0,141,2,12,0,0x00000000,0,0,0,0,0,0x00000000,0,0,0,0,0,0x00000000,0,0,0,0,0,0x00000000,0,0,0,0,0,0x00000000,0,0,0,0,0,0x00000000,0,0,0,0
1001978,1001978,3280322,Ala Mhigan pikeman,168823809,0x0A100C01,0,161,3,1,0,0x00000000,0,0,0,0,0,0x00000000,0,0,0,0,0,0x00000000,0,0,0,0,0,0x00000000,0,0,0,0,0,0x00000000,0,0,0,0,0,0x00000000,0,0,0,0
1001979,1001979,3280323,Ala Mhigan axeman,147850241,0x08D00401,0,141,1,1,0,0x00000000,0,0,0,0,0,0x00000000,0,0,0,0,0,0x00000000,0,0,0,0,0,0x00000000,0,0,0,0,0,0x00000000,0,0,0,0,0,0x00000000,0,0,0,0
1001980,1001980,3280324,Ala Mhigan bowman,210764800,0x0C900400,0,201,1,0,236979210,0x0E20040A,0,226,1,10,0,0x00000000,0,0,0,0,0,0x00000000,0,0,0,0,0,0x00000000,0,0,0,0,231736331,0x0DD0040B,0,221,1,11,0,0x00000000,0,0,0,0
1001981,1001981,3280325,Ala Mhigan shaman,294650880,0x11900400,0,281,1,0,0,0x00000000,0,0,0,0,0,0x00000000,0,0,0,0,0,0x00000000,0,0,0,0,0,0x00000000,0,0,0,0,0,0x00000000,0,0,0,0,0,0x00000000,0,0,0,0
1001983,1001983,1000126,Gregory,173016064,0x0A500400,0,165,1,0,0,0x00000000,0,0,0,0,0,0x00000000,0,0,0,0,0,0x00000000,0,0,0,0,0,0x00000000,0,0,0,0,0,0x00000000,0,0,0,0,0,0x00000000,0,0,0,0
1001984,1001984,3280318,Sultansworn elite,80741396,0x04D00414,0,77,1,20,32510979,0x01F01403,0,31,5,3,0,0x00000000,0,0,0,0,0,0x00000000,0,0,0,0,0,0x00000000,0,0,0,0,0,0x00000000,0,0,0,0,0,0x00000000,0,0,0,0
1001985,1001985,1600296,Broken Mountain,147856384,0x08D01C00,0,141,7,0,0,0x00000000,0,0,0,0,0,0x00000000,0,0,0,0,0,0x00000000,0,0,0,0,0,0x00000000,0,0,0,0,0,0x00000000,0,0,0,0,0,0x00000000,0,0,0,0
1002000,1002000,1100457,Yda,58723339,0x03800C0B,0,56,3,11,59771915,0x03900C0B,0,57,3,11,0,0x00000000,0,0,0,0,0,0x00000000,0,0,0,0,0,0x00000000,0,0,0,0,0,0x00000000,0,0,0,0,0,0x00000000,0,0,0,0
1002001,1002001,1000275,Alberic,168822815,0x0A10081F,0,161,2,31,0,0x00000000,0,0,0,0,0,0x00000000,0,0,0,0,0,0x00000000,0,0,0,0,0,0x00000000,0,0,0,0,0,0x00000000,0,0,0,0,0,0x00000000,0,0,0,0
1002023,1002023,2200241,Widargelt,65012736,0x03E00400,0,62,1,0,66061312,0x03F00400,0,63,1,0,0,0x00000000,0,0,0,0,0,0x00000000,0,0,0,0,0,0x00000000,0,0,0,0,0,0x00000000,0,0,0,0,0,0x00000000,0,0,0,0
1002024,1002024,1200133,Jehantel,210765844,0x0C900814,0,201,2,20,236979200,0x0E200400,0,226,1,0,0,0x00000000,0,0,0,0,0,0x00000000,0,0,0,0,0,0x00000000,0,0,0,0,231736333,0x0DD0040D,0,221,1,13,0,0x00000000,0,0,0,0
1002025,1002025,1700011,Merlwyb,243270696,0x0E800428,0,232,1,40,243270706,0x0E800432,0,232,1,50,0,0x00000000,0,0,0,0,0,0x00000000,0,0,0,0,0,0x00000000,0,0,0,0,0,0x00000000,0,0,0,0,0,0x00000000,0,0,0,0
1002027,1002027,4000644,Second Flame Lieutenant,79697960,0x04C01828,0,76,6,40,32510983,0x01F01407,0,31,5,7,0,0x00000000,0,0,0,0,0,0x00000000,0,0,0,0,0,0x00000000,0,0,0,0,0,0x00000000,0,0,0,0,0,0x00000000,0,0,0,0
1002028,1002028,4000654,Flame Sergeant Second Class,79697960,0x04C01828,0,76,6,40,32510983,0x01F01407,0,31,5,7,0,0x00000000,0,0,0,0,0,0x00000000,0,0,0,0,0,0x00000000,0,0,0,0,0,0x00000000,0,0,0,0,0,0x00000000,0,0,0,0
1002029,1002029,4000646,injured Flame Sergeant,79697960,0x04C01828,0,76,6,40,32510983,0x01F01407,0,31,5,7,0,0x00000000,0,0,0,0,0,0x00000000,0,0,0,0,0,0x00000000,0,0,0,0,0,0x00000000,0,0,0,0,0,0x00000000,0,0,0,0
1002030,1002030,4000645,Flame Sergeant Second Class,79697960,0x04C01828,0,76,6,40,32510983,0x01F01407,0,31,5,7,0,0x00000000,0,0,0,0,0,0x00000000,0,0,0,0,0,0x00000000,0,0,0,0,0,0x00000000,0,0,0,0,0,0x00000000,0,0,0,0
1002031,1002031,4000647,fallen Flame Sergeant,79697960,0x04C01828,0,76,6,40,32510983,0x01F01407,0,31,5,7,0,0x00000000,0,0,0,0,0,0x00000000,0,0,0,0,0,0x00000000,0,0,0,0,0,0x00000000,0,0,0,0,0,0x00000000,0,0,0,0
1002032,1002032,1200195,Asturmaux,1049600,0x00100400,0,1,1,0,168821760,0x0A100400,0,161,1,0,0,0x00000000,0,0,0,0,0,0x00000000,0,0,0,0,0,0x00000000,0,0,0,0,0,0x00000000,0,0,0,0,0,0x00000000,0,0,0,0
1002033,1002033,1000193,Peter,1049600,0x00100400,0,1,1,0,168821760,0x0A100400,0,161,1,0,0,0x00000000,0,0,0,0,0,0x00000000,0,0,0,0,0,0x00000000,0,0,0,0,0,0x00000000,0,0,0,0,0,0x00000000,0,0,0,0
1002034,1002034,1900214,A'telihgo,1049600,0x00100400,0,1,1,0,168821760,0x0A100400,0,161,1,0,0,0x00000000,0,0,0,0,0,0x00000000,0,0,0,0,0,0x00000000,0,0,0,0,0,0x00000000,0,0,0,0,0,0x00000000,0,0,0,0
1002035,1002035,1000109,Flambard,147851287,0x08D00817,0,141,2,23,0,0x00000000,0,0,0,0,0,0x00000000,0,0,0,0,0,0x00000000,0,0,0,0,0,0x00000000,0,0,0,0,0,0x00000000,0,0,0,0,0,0x00000000,0,0,0,0
1002036,1002036,1000126,Gregory,210764830,0x0C90041E,0,201,1,30,236979210,0x0E20040A,0,226,1,10,0,0x00000000,0,0,0,0,0,0x00000000,0,0,0,0,0,0x00000000,0,0,0,0,231736331,0x0DD0040B,0,221,1,11,0,0x00000000,0,0,0,0
1002037,1002037,1000126,Gregory,210764840,0x0C900428,0,201,1,40,236979210,0x0E20040A,0,226,1,10,0,0x00000000,0,0,0,0,0,0x00000000,0,0,0,0,0,0x00000000,0,0,0,0,231736331,0x0DD0040B,0,221,1,11,0,0x00000000,0,0,0,0
1002038,1002038,1000149,Joseph,210767873,0x0C901001,0,201,4,1,236979210,0x0E20040A,0,226,1,10,0,0x00000000,0,0,0,0,0,0x00000000,0,0,0,0,0,0x00000000,0,0,0,0,231736331,0x0DD0040B,0,221,1,11,0,0x00000000,0,0,0,0
1002039,1002039,1000126,Gregory,79697960,0x04C01828,0,76,6,40,32510983,0x01F01407,0,31,5,7,0,0x00000000,0,0,0,0,0,0x00000000,0,0,0,0,0,0x00000000,0,0,0,0,0,0x00000000,0,0,0,0,0,0x00000000,0,0,0,0
1002040,1002040,1000126,Gregory,79697960,0x04C01828,0,76,6,40,32510983,0x01F01407,0,31,5,7,0,0x00000000,0,0,0,0,0,0x00000000,0,0,0,0,0,0x00000000,0,0,0,0,0,0x00000000,0,0,0,0,0,0x00000000,0,0,0,0
1002041,1002041,1000126,Gregory,79697960,0x04C01828,0,76,6,40,32510983,0x01F01407,0,31,5,7,0,0x00000000,0,0,0,0,0,0x00000000,0,0,0,0,0,0x00000000,0,0,0,0,0,0x00000000,0,0,0,0,0,0x00000000,0,0,0,0
1002042,1002042,1000126,Gregory,243270656,0x0E800400,0,232,1,0,0,0x00000000,0,0,0,0,0,0x00000000,0,0,0,0,0,0x00000000,0,0,0,0,0,0x00000000,0,0,0,0,0,0x00000000,0,0,0,0,0,0x00000000,0,0,0,0
1002049,1002049,3180002,imperial trooper,79694869,0x04C00C15,0,76,3,21,32512030,0x01F0181E,0,31,6,30,0,0x00000000,0,0,0,0,0,0x00000000,0,0,0,0,0,0x00000000,0,0,0,0,0,0x00000000,0,0,0,0,0,0x00000000,0,0,0,0
1002050,1002050,3180002,imperial trooper,79694869,0x04C00C15,0,76,3,21,32512030,0x01F0181E,0,31,6,30,0,0x00000000,0,0,0,0,0,0x00000000,0,0,0,0,0,0x00000000,0,0,0,0,0,0x00000000,0,0,0,0,0,0x00000000,0,0,0,0
1002051,1002051,2700009,Raubahn,79700992,0x04C02400,0,76,9,0,32516096,0x01F02800,0,31,10,0,0,0x00000000,0,0,0,0,0,0x00000000,0,0,0,0,0,0x00000000,0,0,0,0,0,0x00000000,0,0,0,0,0,0x00000000,0,0,0,0
1002052,1002052,1600179,Sthalmann,147850241,0x08D00401,0,141,1,1,243270686,0x0E80041E,0,232,1,30,0,0x00000000,0,0,0,0,0,0x00000000,0,0,0,0,0,0x00000000,0,0,0,0,0,0x00000000,0,0,0,0,0,0x00000000,0,0,0,0
1002053,1002053,1600089,Greinfarr,79695902,0x04C0101E,0,76,4,30,0,0x00000000,0,0,0,0,0,0x00000000,0,0,0,0,0,0x00000000,0,0,0,0,0,0x00000000,0,0,0,0,0,0x00000000,0,0,0,0,0,0x00000000,0,0,0,0
1002054,1002054,1600091,Grymkrepf,147859456,0x08D02800,0,141,10,0,147859456,0x08D02800,0,141,10,0,0,0x00000000,0,0,0,0,0,0x00000000,0,0,0,0,0,0x00000000,0,0,0,0,0,0x00000000,0,0,0,0,0,0x00000000,0,0,0,0
1002055,1002055,1500032,Dedela,79694848,0x04C00C00,0,76,3,0,32508928,0x01F00C00,0,31,3,0,0,0x00000000,0,0,0,0,0,0x00000000,0,0,0,0,0,0x00000000,0,0,0,0,0,0x00000000,0,0,0,0,0,0x00000000,0,0,0,0
1002056,1002056,1500032,Dedela,310379580,0x1280043C,0,296,1,60,0,0x00000000,0,0,0,0,0,0x00000000,0,0,0,0,0,0x00000000,0,0,0,0,0,0x00000000,0,0,0,0,0,0x00000000,0,0,0,0,0,0x00000000,0,0,0,0
1002057,1002057,1500032,Dedela,310379570,0x12800432,0,296,1,50,0,0x00000000,0,0,0,0,0,0x00000000,0,0,0,0,0,0x00000000,0,0,0,0,0,0x00000000,0,0,0,0,0,0x00000000,0,0,0,0,0,0x00000000,0,0,0,0
1002058,1002058,1500032,Dedela,58723348,0x03800C14,0,56,3,20,59771924,0x03900C14,0,57,3,20,0,0x00000000,0,0,0,0,0,0x00000000,0,0,0,0,0,0x00000000,0,0,0,0,0,0x00000000,0,0,0,0,0,0x00000000,0,0,0,0
1002059,1002059,1500032,Dedela,210767873,0x0C901001,0,201,4,1,236979200,0x0E200400,0,226,1,0,0,0x00000000,0,0,0,0,0,0x00000000,0,0,0,0,0,0x00000000,0,0,0,0,231736331,0x0DD0040B,0,221,1,11,0,0x00000000,0,0,0,0
1002060,1002060,1,\[en],168821780,0x0A100414,0,161,1,20,0,0x00000000,0,0,0,0,0,0x00000000,0,0,0,0,0,0x00000000,0,0,0,0,0,0x00000000,0,0,0,0,0,0x00000000,0,0,0,0,0,0x00000000,0,0,0,0
1002061,1002061,1000013,Burchard,168821790,0x0A10041E,0,161,1,30,0,0x00000000,0,0,0,0,0,0x00000000,0,0,0,0,0,0x00000000,0,0,0,0,0,0x00000000,0,0,0,0,0,0x00000000,0,0,0,0,0,0x00000000,0,0,0,0
1002066,1002066,1000026,Abraham,79693826,0x04C00802,0,76,2,2,32510977,0x01F01401,0,31,5,1,0,0x00000000,0,0,0,0,0,0x00000000,0,0,0,0,0,0x00000000,0,0,0,0,0,0x00000000,0,0,0,0,0,0x00000000,0,0,0,0
1002067,1002067,2200152,Hildibrand,705692752,0x2A100450,0,673,1,80,0,0x00000000,0,0,0,0,0,0x00000000,0,0,0,0,0,0x00000000,0,0,0,0,0,0x00000000,0,0,0,0,0,0x00000000,0,0,0,0,0,0x00000000,0,0,0,0
1002069,1002069,2300120,Yda,58723339,0x03800C0B,0,56,3,11,59771915,0x03900C0B,0,57,3,11,0,0x00000000,0,0,0,0,0,0x00000000,0,0,0,0,0,0x00000000,0,0,0,0,0,0x00000000,0,0,0,0,0,0x00000000,0,0,0,0
1002070,1002070,1400004,Papalymo,310379590,0x12800446,0,296,1,70,0,0x00000000,0,0,0,0,0,0x00000000,0,0,0,0,0,0x00000000,0,0,0,0,0,0x00000000,0,0,0,0,0,0x00000000,0,0,0,0,0,0x00000000,0,0,0,0
1002074,1002074,1200226,Ursulien the Unseen,294650970,0x1190045A,0,281,1,90,0,0x00000000,0,0,0,0,0,0x00000000,0,0,0,0,0,0x00000000,0,0,0,0,0,0x00000000,0,0,0,0,0,0x00000000,0,0,0,0,0,0x00000000,0,0,0,0
1002075,1002075,4000657,militia archer,210765826,0x0C900802,0,201,2,2,236979210,0x0E20040A,0,226,1,10,0,0x00000000,0,0,0,0,0,0x00000000,0,0,0,0,0,0x00000000,0,0,0,0,231736351,0x0DD0041F,0,221,1,31,0,0x00000000,0,0,0,0
1002076,1002076,4000657,militia archer,210765826,0x0C900802,0,201,2,2,236979210,0x0E20040A,0,226,1,10,0,0x00000000,0,0,0,0,0,0x00000000,0,0,0,0,0,0x00000000,0,0,0,0,231736351,0x0DD0041F,0,221,1,31,0,0x00000000,0,0,0,0
1002077,1002077,4000657,militia archer,210765826,0x0C900802,0,201,2,2,236979210,0x0E20040A,0,226,1,10,0,0x00000000,0,0,0,0,0,0x00000000,0,0,0,0,0,0x00000000,0,0,0,0,231736351,0x0DD0041F,0,221,1,31,0,0x00000000,0,0,0,0
1002090,1002090,1000232,Serpent Private Hodder,210766849,0x0C900C01,0,201,3,1,236979210,0x0E20040A,0,226,1,10,0,0x00000000,0,0,0,0,0,0x00000000,0,0,0,0,0,0x00000000,0,0,0,0,231736331,0x0DD0040B,0,221,1,11,0,0x00000000,0,0,0,0
1002091,1002091,1300160,Serpent Private Dauremant,168825856,0x0A101400,0,161,5,0,0,0x00000000,0,0,0,0,0,0x00000000,0,0,0,0,0,0x00000000,0,0,0,0,0,0x00000000,0,0,0,0,0,0x00000000,0,0,0,0,0,0x00000000,0,0,0,0
1002102,1002102,1000425,Storm Lieutenant Hardil,79693844,0x04C00814,0,76,2,20,0,0x00000000,0,0,0,0,0,0x00000000,0,0,0,0,0,0x00000000,0,0,0,0,0,0x00000000,0,0,0,0,0,0x00000000,0,0,0,0,0,0x00000000,0,0,0,0
1002103,1002103,1100454,Storm Sergeant Allond,147852288,0x08D00C00,0,141,3,0,0,0x00000000,0,0,0,0,0,0x00000000,0,0,0,0,0,0x00000000,0,0,0,0,0,0x00000000,0,0,0,0,0,0x00000000,0,0,0,0,0,0x00000000,0,0,0,0
1002104,1002104,1000426,Storm Private Dracht,147852298,0x08D00C0A,0,141,3,10,0,0x00000000,0,0,0,0,0,0x00000000,0,0,0,0,0,0x00000000,0,0,0,0,0,0x00000000,0,0,0,0,0,0x00000000,0,0,0,0,0,0x00000000,0,0,0,0
1002105,1002105,1600313,Storm Sergeant Solklinsyn,147852298,0x08D00C0A,0,141,3,10,0,0x00000000,0,0,0,0,0,0x00000000,0,0,0,0,0,0x00000000,0,0,0,0,0,0x00000000,0,0,0,0,0,0x00000000,0,0,0,0,0,0x00000000,0,0,0,0
1002106,1002106,1300200,Serpent Lieutenant Marette,168825856,0x0A101400,0,161,5,0,0,0x00000000,0,0,0,0,0,0x00000000,0,0,0,0,0,0x00000000,0,0,0,0,0,0x00000000,0,0,0,0,0,0x00000000,0,0,0,0,0,0x00000000,0,0,0,0
1002107,1002107,1200238,Serpent Sergeant Frilaix,168823808,0x0A100C00,0,161,3,0,0,0x00000000,0,0,0,0,0,0x00000000,0,0,0,0,0,0x00000000,0,0,0,0,0,0x00000000,0,0,0,0,0,0x00000000,0,0,0,0,0,0x00000000,0,0,0,0
1002108,1002108,1300201,Serpent Private Tristelle,168823828,0x0A100C14,0,161,3,20,0,0x00000000,0,0,0,0,0,0x00000000,0,0,0,0,0,0x00000000,0,0,0,0,0,0x00000000,0,0,0,0,0,0x00000000,0,0,0,0,0,0x00000000,0,0,0,0
1002109,1002109,1900265,Serpent Sergeant Nelhah,168823828,0x0A100C14,0,161,3,20,0,0x00000000,0,0,0,0,0,0x00000000,0,0,0,0,0,0x00000000,0,0,0,0,0,0x00000000,0,0,0,0,0,0x00000000,0,0,0,0,0,0x00000000,0,0,0,0
1002110,1002110,1600312,Flame Lieutenant Somber Meadow,79697950,0x04C0181E,0,76,6,30,0,0x00000000,0,0,0,0,0,0x00000000,0,0,0,0,0,0x00000000,0,0,0,0,0,0x00000000,0,0,0,0,0,0x00000000,0,0,0,0,0,0x00000000,0,0,0,0
1002111,1002111,1500202,Flame Sergeant Mimio Mio,79697930,0x04C0180A,0,76,6,10,32510977,0x01F01401,0,31,5,1,0,0x00000000,0,0,0,0,0,0x00000000,0,0,0,0,0,0x00000000,0,0,0,0,0,0x00000000,0,0,0,0,0,0x00000000,0,0,0,0
1002112,1002112,1400205,Flame Private Sisimuza Tetemuza,79697940,0x04C01814,0,76,6,20,32510978,0x01F01402,0,31,5,2,0,0x00000000,0,0,0,0,0,0x00000000,0,0,0,0,0,0x00000000,0,0,0,0,0,0x00000000,0,0,0,0,0,0x00000000,0,0,0,0
1002113,1002113,1400206,Flame Sergeant Gagaleo Pupuleo,79697940,0x04C01814,0,76,6,20,0,0x00000000,0,0,0,0,0,0x00000000,0,0,0,0,0,0x00000000,0,0,0,0,0,0x00000000,0,0,0,0,0,0x00000000,0,0,0,0,0,0x00000000,0,0,0,0
1002115,1002115,2200152,Hildibrand,80741406,0x04D0041E,0,77,1,30,32508958,0x01F00C1E,0,31,3,30,0,0x00000000,0,0,0,0,0,0x00000000,0,0,0,0,0,0x00000000,0,0,0,0,0,0x00000000,0,0,0,0,0,0x00000000,0,0,0,0
1060003,1060003,2700001,Nael van Darnus,169870336,0x0A200400,0,162,1,0,0,0x00000000,0,0,0,0,0,0x00000000,0,0,0,0,0,0x00000000,0,0,0,0,0,0x00000000,0,0,0,0,0,0x00000000,0,0,0,0,0,0x00000000,0,0,0,0
1060004,1060004,1000052,Bertrand,147851286,0x08D00816,0,141,2,22,0,0x00000000,0,0,0,0,0,0x00000000,0,0,0,0,0,0x00000000,0,0,0,0,0,0x00000000,0,0,0,0,0,0x00000000,0,0,0,0,0,0x00000000,0,0,0,0
1060008,1060008,2700009,Raubahn,79700992,0x04C02400,0,76,9,0,32516096,0x01F02800,0,31,10,0,0,0x00000000,0,0,0,0,0,0x00000000,0,0,0,0,0,0x00000000,0,0,0,0,0,0x00000000,0,0,0,0,0,0x00000000,0,0,0,0
1060009,1060009,2700002,Urianger,383779883,0x16E0042B,0,366,1,43,0,0x00000000,0,0,0,0,0,0x00000000,0,0,0,0,0,0x00000000,0,0,0,0,0,0x00000000,0,0,0,0,0,0x00000000,0,0,0,0,0,0x00000000,0,0,0,0
1060022,1060022,2700013,Louisoix,347080744,0x14B00828,0,331,2,40,0,0x00000000,0,0,0,0,0,0x00000000,0,0,0,0,0,0x00000000,0,0,0,0,0,0x00000000,0,0,0,0,0,0x00000000,0,0,0,0,0,0x00000000,0,0,0,0
1060027,1060027,1000436,wandering minstrel,212861953,0x0CB00401,0,203,1,1,236982273,0x0E201001,0,226,4,1,0,0x00000000,0,0,0,0,0,0x00000000,0,0,0,0,0,0x00000000,0,0,0,0,231736333,0x0DD0040D,0,221,1,13,0,0x00000000,0,0,0,0
1060028,1060028,1600318,Curious Gorge,147856384,0x08D01C00,0,141,7,0,0,0x00000000,0,0,0,0,0,0x00000000,0,0,0,0,0,0x00000000,0,0,0,0,0,0x00000000,0,0,0,0,0,0x00000000,0,0,0,0,0,0x00000000,0,0,0,0
1060031,1060031,1000126,Gregory,79695902,0x04C0101E,0,76,4,30,0,0x00000000,0,0,0,0,0,0x00000000,0,0,0,0,0,0x00000000,0,0,0,0,0,0x00000000,0,0,0,0,0,0x00000000,0,0,0,0,0,0x00000000,0,0,0,0
1060032,1060032,2200241,Widargelt,65012736,0x03E00400,0,62,1,0,66061312,0x03F00400,0,63,1,0,0,0x00000000,0,0,0,0,0,0x00000000,0,0,0,0,0,0x00000000,0,0,0,0,0,0x00000000,0,0,0,0,0,0x00000000,0,0,0,0
1060034,1060034,1400197,Ququruka,310380544,0x12800800,0,296,2,0,0,0x00000000,0,0,0,0,0,0x00000000,0,0,0,0,0,0x00000000,0,0,0,0,0,0x00000000,0,0,0,0,0,0x00000000,0,0,0,0,0,0x00000000,0,0,0,0
1060035,1060035,1500186,Lalai,310380544,0x12800800,0,296,2,0,0,0x00000000,0,0,0,0,0,0x00000000,0,0,0,0,0,0x00000000,0,0,0,0,0,0x00000000,0,0,0,0,0,0x00000000,0,0,0,0,0,0x00000000,0,0,0,0
1060037,1060037,2430006,Dozol Meloc,79694848,0x04C00C00,0,76,3,0,32510976,0x01F01400,0,31,5,0,0,0x00000000,0,0,0,0,0,0x00000000,0,0,0,0,0,0x00000000,0,0,0,0,0,0x00000000,0,0,0,0,0,0x00000000,0,0,0,0
1060039,1060039,1200133,Jehantel,212861952,0x0CB00400,0,203,1,0,0,0x00000000,0,0,0,0,0,0x00000000,0,0,0,0,0,0x00000000,0,0,0,0,0,0x00000000,0,0,0,0,0,0x00000000,0,0,0,0,0,0x00000000,0,0,0,0
1060040,1060040,1200199,Estinien,173016065,0x0A500401,0,165,1,1,0,0x00000000,0,0,0,0,0,0x00000000,0,0,0,0,0,0x00000000,0,0,0,0,0,0x00000000,0,0,0,0,0,0x00000000,0,0,0,0,0,0x00000000,0,0,0,0
1060041,1060041,1600175,Solkzagyl,79702016,0x04C02800,0,76,10,0,32517120,0x01F02C00,0,31,11,0,0,0x00000000,0,0,0,0,0,0x00000000,0,0,0,0,0,0x00000000,0,0,0,0,0,0x00000000,0,0,0,0,0,0x00000000,0,0,0,0
1060042,1060042,1000146,Jenlyns,80741396,0x04D00414,0,77,1,20,32510978,0x01F01402,0,31,5,2,0,0x00000000,0,0,0,0,0,0x00000000,0,0,0,0,0,0x00000000,0,0,0,0,0,0x00000000,0,0,0,0,0,0x00000000,0,0,0,0
1060043,1060043,2200115,Gerolt,721421362,0x2B000432,0,688,1,50,1049600,0x00100400,0,1,1,0,0,0x00000000,0,0,0,0,0,0x00000000,0,0,0,0,0,0x00000000,0,0,0,0,0,0x00000000,0,0,0,0,0,0x00000000,0,0,0,0
1070001,1070001,2,\[en],79692860,0x04C0043C,0,76,1,60,32507914,0x01F0080A,0,31,2,10,0,0x00000000,0,0,0,0,0,0x00000000,0,0,0,0,0,0x00000000,0,0,0,0,0,0x00000000,0,0,0,0,0,0x00000000,0,0,0,0
1070002,1070002,2,\[en],79692860,0x04C0043C,0,76,1,60,32507914,0x01F0080A,0,31,2,10,0,0x00000000,0,0,0,0,0,0x00000000,0,0,0,0,0,0x00000000,0,0,0,0,0,0x00000000,0,0,0,0,0,0x00000000,0,0,0,0
1070003,1070003,2,\[en],79692860,0x04C0043C,0,76,1,60,32507914,0x01F0080A,0,31,2,10,0,0x00000000,0,0,0,0,0,0x00000000,0,0,0,0,0,0x00000000,0,0,0,0,0,0x00000000,0,0,0,0,0,0x00000000,0,0,0,0
1070004,1070004,2,\[en],79692860,0x04C0043C,0,76,1,60,32507914,0x01F0080A,0,31,2,10,0,0x00000000,0,0,0,0,0,0x00000000,0,0,0,0,0,0x00000000,0,0,0,0,0,0x00000000,0,0,0,0,0,0x00000000,0,0,0,0
1070005,1070005,2,\[en],79692860,0x04C0043C,0,76,1,60,32507914,0x01F0080A,0,31,2,10,0,0x00000000,0,0,0,0,0,0x00000000,0,0,0,0,0,0x00000000,0,0,0,0,0,0x00000000,0,0,0,0,0,0x00000000,0,0,0,0
1070006,1070006,2,\[en],79692860,0x04C0043C,0,76,1,60,32507914,0x01F0080A,0,31,2,10,0,0x00000000,0,0,0,0,0,0x00000000,0,0,0,0,0,0x00000000,0,0,0,0,0,0x00000000,0,0,0,0,0,0x00000000,0,0,0,0
1070007,1070007,2,\[en],79692860,0x04C0043C,0,76,1,60,32507914,0x01F0080A,0,31,2,10,0,0x00000000,0,0,0,0,0,0x00000000,0,0,0,0,0,0x00000000,0,0,0,0,0,0x00000000,0,0,0,0,0,0x00000000,0,0,0,0
1070008,1070008,2,\[en],79692860,0x04C0043C,0,76,1,60,32507914,0x01F0080A,0,31,2,10,0,0x00000000,0,0,0,0,0,0x00000000,0,0,0,0,0,0x00000000,0,0,0,0,0,0x00000000,0,0,0,0,0,0x00000000,0,0,0,0
1070009,1070009,2,\[en],79692860,0x04C0043C,0,76,1,60,32507914,0x01F0080A,0,31,2,10,0,0x00000000,0,0,0,0,0,0x00000000,0,0,0,0,0,0x00000000,0,0,0,0,0,0x00000000,0,0,0,0,0,0x00000000,0,0,0,0
1070010,1070010,2,\[en],79692860,0x04C0043C,0,76,1,60,32507914,0x01F0080A,0,31,2,10,0,0x00000000,0,0,0,0,0,0x00000000,0,0,0,0,0,0x00000000,0,0,0,0,0,0x00000000,0,0,0,0,0,0x00000000,0,0,0,0
1070011,1070011,2,\[en],79692860,0x04C0043C,0,76,1,60,32507914,0x01F0080A,0,31,2,10,0,0x00000000,0,0,0,0,0,0x00000000,0,0,0,0,0,0x00000000,0,0,0,0,0,0x00000000,0,0,0,0,0,0x00000000,0,0,0,0
1070012,1070012,2,\[en],79692860,0x04C0043C,0,76,1,60,32507914,0x01F0080A,0,31,2,10,0,0x00000000,0,0,0,0,0,0x00000000,0,0,0,0,0,0x00000000,0,0,0,0,0,0x00000000,0,0,0,0,0,0x00000000,0,0,0,0
1070013,1070013,2,\[en],79692860,0x04C0043C,0,76,1,60,32507914,0x01F0080A,0,31,2,10,0,0x00000000,0,0,0,0,0,0x00000000,0,0,0,0,0,0x00000000,0,0,0,0,0,0x00000000,0,0,0,0,0,0x00000000,0,0,0,0
1070014,1070014,2,\[en],79692860,0x04C0043C,0,76,1,60,32507914,0x01F0080A,0,31,2,10,0,0x00000000,0,0,0,0,0,0x00000000,0,0,0,0,0,0x00000000,0,0,0,0,0,0x00000000,0,0,0,0,0,0x00000000,0,0,0,0
1070015,1070015,2,\[en],79692860,0x04C0043C,0,76,1,60,32507914,0x01F0080A,0,31,2,10,0,0x00000000,0,0,0,0,0,0x00000000,0,0,0,0,0,0x00000000,0,0,0,0,0,0x00000000,0,0,0,0,0,0x00000000,0,0,0,0
1070016,1070016,2,\[en],79692860,0x04C0043C,0,76,1,60,32507914,0x01F0080A,0,31,2,10,0,0x00000000,0,0,0,0,0,0x00000000,0,0,0,0,0,0x00000000,0,0,0,0,0,0x00000000,0,0,0,0,0,0x00000000,0,0,0,0
1070017,1070017,2,\[en],168823828,0x0A100C14,0,161,3,20,0,0x00000000,0,0,0,0,0,0x00000000,0,0,0,0,0,0x00000000,0,0,0,0,0,0x00000000,0,0,0,0,0,0x00000000,0,0,0,0,0,0x00000000,0,0,0,0
1070018,1070018,2,\[en],168823828,0x0A100C14,0,161,3,20,0,0x00000000,0,0,0,0,0,0x00000000,0,0,0,0,0,0x00000000,0,0,0,0,0,0x00000000,0,0,0,0,0,0x00000000,0,0,0,0,0,0x00000000,0,0,0,0
1070019,1070019,2,\[en],168823828,0x0A100C14,0,161,3,20,0,0x00000000,0,0,0,0,0,0x00000000,0,0,0,0,0,0x00000000,0,0,0,0,0,0x00000000,0,0,0,0,0,0x00000000,0,0,0,0,0,0x00000000,0,0,0,0
1070020,1070020,2,\[en],168823828,0x0A100C14,0,161,3,20,0,0x00000000,0,0,0,0,0,0x00000000,0,0,0,0,0,0x00000000,0,0,0,0,0,0x00000000,0,0,0,0,0,0x00000000,0,0,0,0,0,0x00000000,0,0,0,0
1070021,1070021,2,\[en],168823828,0x0A100C14,0,161,3,20,0,0x00000000,0,0,0,0,0,0x00000000,0,0,0,0,0,0x00000000,0,0,0,0,0,0x00000000,0,0,0,0,0,0x00000000,0,0,0,0,0,0x00000000,0,0,0,0
1070022,1070022,2,\[en],168823828,0x0A100C14,0,161,3,20,0,0x00000000,0,0,0,0,0,0x00000000,0,0,0,0,0,0x00000000,0,0,0,0,0,0x00000000,0,0,0,0,0,0x00000000,0,0,0,0,0,0x00000000,0,0,0,0
1070023,1070023,2,\[en],168823828,0x0A100C14,0,161,3,20,0,0x00000000,0,0,0,0,0,0x00000000,0,0,0,0,0,0x00000000,0,0,0,0,0,0x00000000,0,0,0,0,0,0x00000000,0,0,0,0,0,0x00000000,0,0,0,0
1070024,1070024,2,\[en],168823828,0x0A100C14,0,161,3,20,0,0x00000000,0,0,0,0,0,0x00000000,0,0,0,0,0,0x00000000,0,0,0,0,0,0x00000000,0,0,0,0,0,0x00000000,0,0,0,0,0,0x00000000,0,0,0,0
1070025,1070025,2,\[en],168823828,0x0A100C14,0,161,3,20,0,0x00000000,0,0,0,0,0,0x00000000,0,0,0,0,0,0x00000000,0,0,0,0,0,0x00000000,0,0,0,0,0,0x00000000,0,0,0,0,0,0x00000000,0,0,0,0
1070026,1070026,2,\[en],168823828,0x0A100C14,0,161,3,20,0,0x00000000,0,0,0,0,0,0x00000000,0,0,0,0,0,0x00000000,0,0,0,0,0,0x00000000,0,0,0,0,0,0x00000000,0,0,0,0,0,0x00000000,0,0,0,0
1070027,1070027,2,\[en],168823828,0x0A100C14,0,161,3,20,0,0x00000000,0,0,0,0,0,0x00000000,0,0,0,0,0,0x00000000,0,0,0,0,0,0x00000000,0,0,0,0,0,0x00000000,0,0,0,0,0,0x00000000,0,0,0,0
1070028,1070028,2,\[en],168823828,0x0A100C14,0,161,3,20,0,0x00000000,0,0,0,0,0,0x00000000,0,0,0,0,0,0x00000000,0,0,0,0,0,0x00000000,0,0,0,0,0,0x00000000,0,0,0,0,0,0x00000000,0,0,0,0
1070029,1070029,2,\[en],168823828,0x0A100C14,0,161,3,20,0,0x00000000,0,0,0,0,0,0x00000000,0,0,0,0,0,0x00000000,0,0,0,0,0,0x00000000,0,0,0,0,0,0x00000000,0,0,0,0,0,0x00000000,0,0,0,0
1070030,1070030,2,\[en],168823828,0x0A100C14,0,161,3,20,0,0x00000000,0,0,0,0,0,0x00000000,0,0,0,0,0,0x00000000,0,0,0,0,0,0x00000000,0,0,0,0,0,0x00000000,0,0,0,0,0,0x00000000,0,0,0,0
1070031,1070031,2,\[en],168823828,0x0A100C14,0,161,3,20,0,0x00000000,0,0,0,0,0,0x00000000,0,0,0,0,0,0x00000000,0,0,0,0,0,0x00000000,0,0,0,0,0,0x00000000,0,0,0,0,0,0x00000000,0,0,0,0
1070032,1070032,2,\[en],168823828,0x0A100C14,0,161,3,20,0,0x00000000,0,0,0,0,0,0x00000000,0,0,0,0,0,0x00000000,0,0,0,0,0,0x00000000,0,0,0,0,0,0x00000000,0,0,0,0,0,0x00000000,0,0,0,0
1070033,1070033,2,\[en],210764820,0x0C900414,0,201,1,20,236979200,0x0E200400,0,226,1,0,0,0x00000000,0,0,0,0,0,0x00000000,0,0,0,0,0,0x00000000,0,0,0,0,231736350,0x0DD0041E,0,221,1,30,0,0x00000000,0,0,0,0
1070034,1070034,2,\[en],210764820,0x0C900414,0,201,1,20,236979200,0x0E200400,0,226,1,0,0,0x00000000,0,0,0,0,0,0x00000000,0,0,0,0,0,0x00000000,0,0,0,0,231736350,0x0DD0041E,0,221,1,30,0,0x00000000,0,0,0,0
1070035,1070035,2,\[en],210764820,0x0C900414,0,201,1,20,236979200,0x0E200400,0,226,1,0,0,0x00000000,0,0,0,0,0,0x00000000,0,0,0,0,0,0x00000000,0,0,0,0,231736350,0x0DD0041E,0,221,1,30,0,0x00000000,0,0,0,0
1070036,1070036,2,\[en],210764820,0x0C900414,0,201,1,20,236979200,0x0E200400,0,226,1,0,0,0x00000000,0,0,0,0,0,0x00000000,0,0,0,0,0,0x00000000,0,0,0,0,231736350,0x0DD0041E,0,221,1,30,0,0x00000000,0,0,0,0
1070037,1070037,2,\[en],210764820,0x0C900414,0,201,1,20,236979200,0x0E200400,0,226,1,0,0,0x00000000,0,0,0,0,0,0x00000000,0,0,0,0,0,0x00000000,0,0,0,0,231736350,0x0DD0041E,0,221,1,30,0,0x00000000,0,0,0,0
1070038,1070038,2,\[en],210764820,0x0C900414,0,201,1,20,236979200,0x0E200400,0,226,1,0,0,0x00000000,0,0,0,0,0,0x00000000,0,0,0,0,0,0x00000000,0,0,0,0,231736350,0x0DD0041E,0,221,1,30,0,0x00000000,0,0,0,0
1070039,1070039,2,\[en],210764820,0x0C900414,0,201,1,20,236979200,0x0E200400,0,226,1,0,0,0x00000000,0,0,0,0,0,0x00000000,0,0,0,0,0,0x00000000,0,0,0,0,231736350,0x0DD0041E,0,221,1,30,0,0x00000000,0,0,0,0
1070040,1070040,2,\[en],210764820,0x0C900414,0,201,1,20,236979200,0x0E200400,0,226,1,0,0,0x00000000,0,0,0,0,0,0x00000000,0,0,0,0,0,0x00000000,0,0,0,0,231736350,0x0DD0041E,0,221,1,30,0,0x00000000,0,0,0,0
1070041,1070041,2,\[en],210764820,0x0C900414,0,201,1,20,236979200,0x0E200400,0,226,1,0,0,0x00000000,0,0,0,0,0,0x00000000,0,0,0,0,0,0x00000000,0,0,0,0,231736350,0x0DD0041E,0,221,1,30,0,0x00000000,0,0,0,0
1070042,1070042,2,\[en],210764820,0x0C900414,0,201,1,20,236979200,0x0E200400,0,226,1,0,0,0x00000000,0,0,0,0,0,0x00000000,0,0,0,0,0,0x00000000,0,0,0,0,231736350,0x0DD0041E,0,221,1,30,0,0x00000000,0,0,0,0
1070043,1070043,2,\[en],210764820,0x0C900414,0,201,1,20,236979200,0x0E200400,0,226,1,0,0,0x00000000,0,0,0,0,0,0x00000000,0,0,0,0,0,0x00000000,0,0,0,0,231736350,0x0DD0041E,0,221,1,30,0,0x00000000,0,0,0,0
1070044,1070044,2,\[en],210764820,0x0C900414,0,201,1,20,236979200,0x0E200400,0,226,1,0,0,0x00000000,0,0,0,0,0,0x00000000,0,0,0,0,0,0x00000000,0,0,0,0,231736350,0x0DD0041E,0,221,1,30,0,0x00000000,0,0,0,0
1070045,1070045,2,\[en],210764820,0x0C900414,0,201,1,20,236979200,0x0E200400,0,226,1,0,0,0x00000000,0,0,0,0,0,0x00000000,0,0,0,0,0,0x00000000,0,0,0,0,231736350,0x0DD0041E,0,221,1,30,0,0x00000000,0,0,0,0
1070046,1070046,2,\[en],210764820,0x0C900414,0,201,1,20,236979200,0x0E200400,0,226,1,0,0,0x00000000,0,0,0,0,0,0x00000000,0,0,0,0,0,0x00000000,0,0,0,0,231736350,0x0DD0041E,0,221,1,30,0,0x00000000,0,0,0,0
1070047,1070047,2,\[en],210764820,0x0C900414,0,201,1,20,236979200,0x0E200400,0,226,1,0,0,0x00000000,0,0,0,0,0,0x00000000,0,0,0,0,0,0x00000000,0,0,0,0,231736350,0x0DD0041E,0,221,1,30,0,0x00000000,0,0,0,0
1070048,1070048,2,\[en],210764820,0x0C900414,0,201,1,20,236979200,0x0E200400,0,226,1,0,0,0x00000000,0,0,0,0,0,0x00000000,0,0,0,0,0,0x00000000,0,0,0,0,231736350,0x0DD0041E,0,221,1,30,0,0x00000000,0,0,0,0
1070049,1070049,2,\[en],331351042,0x13C00402,0,316,1,2,0,0x00000000,0,0,0,0,0,0x00000000,0,0,0,0,0,0x00000000,0,0,0,0,0,0x00000000,0,0,0,0,0,0x00000000,0,0,0,0,0,0x00000000,0,0,0,0
1070050,1070050,2,\[en],331351042,0x13C00402,0,316,1,2,0,0x00000000,0,0,0,0,0,0x00000000,0,0,0,0,0,0x00000000,0,0,0,0,0,0x00000000,0,0,0,0,0,0x00000000,0,0,0,0,0,0x00000000,0,0,0,0
1070051,1070051,2,\[en],331351042,0x13C00402,0,316,1,2,0,0x00000000,0,0,0,0,0,0x00000000,0,0,0,0,0,0x00000000,0,0,0,0,0,0x00000000,0,0,0,0,0,0x00000000,0,0,0,0,0,0x00000000,0,0,0,0
1070052,1070052,2,\[en],331351042,0x13C00402,0,316,1,2,0,0x00000000,0,0,0,0,0,0x00000000,0,0,0,0,0,0x00000000,0,0,0,0,0,0x00000000,0,0,0,0,0,0x00000000,0,0,0,0,0,0x00000000,0,0,0,0
1070053,1070053,2,\[en],331351042,0x13C00402,0,316,1,2,0,0x00000000,0,0,0,0,0,0x00000000,0,0,0,0,0,0x00000000,0,0,0,0,0,0x00000000,0,0,0,0,0,0x00000000,0,0,0,0,0,0x00000000,0,0,0,0
1070054,1070054,2,\[en],331351042,0x13C00402,0,316,1,2,0,0x00000000,0,0,0,0,0,0x00000000,0,0,0,0,0,0x00000000,0,0,0,0,0,0x00000000,0,0,0,0,0,0x00000000,0,0,0,0,0,0x00000000,0,0,0,0
1070055,1070055,2,\[en],331351042,0x13C00402,0,316,1,2,0,0x00000000,0,0,0,0,0,0x00000000,0,0,0,0,0,0x00000000,0,0,0,0,0,0x00000000,0,0,0,0,0,0x00000000,0,0,0,0,0,0x00000000,0,0,0,0
1070056,1070056,2,\[en],331351042,0x13C00402,0,316,1,2,0,0x00000000,0,0,0,0,0,0x00000000,0,0,0,0,0,0x00000000,0,0,0,0,0,0x00000000,0,0,0,0,0,0x00000000,0,0,0,0,0,0x00000000,0,0,0,0
1070057,1070057,2,\[en],331351042,0x13C00402,0,316,1,2,0,0x00000000,0,0,0,0,0,0x00000000,0,0,0,0,0,0x00000000,0,0,0,0,0,0x00000000,0,0,0,0,0,0x00000000,0,0,0,0,0,0x00000000,0,0,0,0
1070058,1070058,2,\[en],331351042,0x13C00402,0,316,1,2,0,0x00000000,0,0,0,0,0,0x00000000,0,0,0,0,0,0x00000000,0,0,0,0,0,0x00000000,0,0,0,0,0,0x00000000,0,0,0,0,0,0x00000000,0,0,0,0
1070059,1070059,2,\[en],331351042,0x13C00402,0,316,1,2,0,0x00000000,0,0,0,0,0,0x00000000,0,0,0,0,0,0x00000000,0,0,0,0,0,0x00000000,0,0,0,0,0,0x00000000,0,0,0,0,0,0x00000000,0,0,0,0
1070060,1070060,2,\[en],331351042,0x13C00402,0,316,1,2,0,0x00000000,0,0,0,0,0,0x00000000,0,0,0,0,0,0x00000000,0,0,0,0,0,0x00000000,0,0,0,0,0,0x00000000,0,0,0,0,0,0x00000000,0,0,0,0
1070061,1070061,2,\[en],331351042,0x13C00402,0,316,1,2,0,0x00000000,0,0,0,0,0,0x00000000,0,0,0,0,0,0x00000000,0,0,0,0,0,0x00000000,0,0,0,0,0,0x00000000,0,0,0,0,0,0x00000000,0,0,0,0
1070062,1070062,2,\[en],331351042,0x13C00402,0,316,1,2,0,0x00000000,0,0,0,0,0,0x00000000,0,0,0,0,0,0x00000000,0,0,0,0,0,0x00000000,0,0,0,0,0,0x00000000,0,0,0,0,0,0x00000000,0,0,0,0
1070063,1070063,2,\[en],331351042,0x13C00402,0,316,1,2,0,0x00000000,0,0,0,0,0,0x00000000,0,0,0,0,0,0x00000000,0,0,0,0,0,0x00000000,0,0,0,0,0,0x00000000,0,0,0,0,0,0x00000000,0,0,0,0
1070064,1070064,2,\[en],331351042,0x13C00402,0,316,1,2,0,0x00000000,0,0,0,0,0,0x00000000,0,0,0,0,0,0x00000000,0,0,0,0,0,0x00000000,0,0,0,0,0,0x00000000,0,0,0,0,0,0x00000000,0,0,0,0
1070065,1070065,2,\[en],294650900,0x11900414,0,281,1,20,0,0x00000000,0,0,0,0,0,0x00000000,0,0,0,0,0,0x00000000,0,0,0,0,0,0x00000000,0,0,0,0,0,0x00000000,0,0,0,0,0,0x00000000,0,0,0,0
1070066,1070066,2,\[en],294650900,0x11900414,0,281,1,20,0,0x00000000,0,0,0,0,0,0x00000000,0,0,0,0,0,0x00000000,0,0,0,0,0,0x00000000,0,0,0,0,0,0x00000000,0,0,0,0,0,0x00000000,0,0,0,0
1070067,1070067,2,\[en],294650900,0x11900414,0,281,1,20,0,0x00000000,0,0,0,0,0,0x00000000,0,0,0,0,0,0x00000000,0,0,0,0,0,0x00000000,0,0,0,0,0,0x00000000,0,0,0,0,0,0x00000000,0,0,0,0
1070068,1070068,2,\[en],294650900,0x11900414,0,281,1,20,0,0x00000000,0,0,0,0,0,0x00000000,0,0,0,0,0,0x00000000,0,0,0,0,0,0x00000000,0,0,0,0,0,0x00000000,0,0,0,0,0,0x00000000,0,0,0,0
1070069,1070069,2,\[en],294650900,0x11900414,0,281,1,20,0,0x00000000,0,0,0,0,0,0x00000000,0,0,0,0,0,0x00000000,0,0,0,0,0,0x00000000,0,0,0,0,0,0x00000000,0,0,0,0,0,0x00000000,0,0,0,0
1070070,1070070,2,\[en],294650900,0x11900414,0,281,1,20,0,0x00000000,0,0,0,0,0,0x00000000,0,0,0,0,0,0x00000000,0,0,0,0,0,0x00000000,0,0,0,0,0,0x00000000,0,0,0,0,0,0x00000000,0,0,0,0
1070071,1070071,2,\[en],294650900,0x11900414,0,281,1,20,0,0x00000000,0,0,0,0,0,0x00000000,0,0,0,0,0,0x00000000,0,0,0,0,0,0x00000000,0,0,0,0,0,0x00000000,0,0,0,0,0,0x00000000,0,0,0,0
1070072,1070072,2,\[en],294650900,0x11900414,0,281,1,20,0,0x00000000,0,0,0,0,0,0x00000000,0,0,0,0,0,0x00000000,0,0,0,0,0,0x00000000,0,0,0,0,0,0x00000000,0,0,0,0,0,0x00000000,0,0,0,0
1070073,1070073,2,\[en],294650900,0x11900414,0,281,1,20,0,0x00000000,0,0,0,0,0,0x00000000,0,0,0,0,0,0x00000000,0,0,0,0,0,0x00000000,0,0,0,0,0,0x00000000,0,0,0,0,0,0x00000000,0,0,0,0
1070074,1070074,2,\[en],294650900,0x11900414,0,281,1,20,0,0x00000000,0,0,0,0,0,0x00000000,0,0,0,0,0,0x00000000,0,0,0,0,0,0x00000000,0,0,0,0,0,0x00000000,0,0,0,0,0,0x00000000,0,0,0,0
1070075,1070075,2,\[en],294650900,0x11900414,0,281,1,20,0,0x00000000,0,0,0,0,0,0x00000000,0,0,0,0,0,0x00000000,0,0,0,0,0,0x00000000,0,0,0,0,0,0x00000000,0,0,0,0,0,0x00000000,0,0,0,0
1070076,1070076,2,\[en],294650900,0x11900414,0,281,1,20,0,0x00000000,0,0,0,0,0,0x00000000,0,0,0,0,0,0x00000000,0,0,0,0,0,0x00000000,0,0,0,0,0,0x00000000,0,0,0,0,0,0x00000000,0,0,0,0
1070077,1070077,2,\[en],294650900,0x11900414,0,281,1,20,0,0x00000000,0,0,0,0,0,0x00000000,0,0,0,0,0,0x00000000,0,0,0,0,0,0x00000000,0,0,0,0,0,0x00000000,0,0,0,0,0,0x00000000,0,0,0,0
1070078,1070078,2,\[en],294650900,0x11900414,0,281,1,20,0,0x00000000,0,0,0,0,0,0x00000000,0,0,0,0,0,0x00000000,0,0,0,0,0,0x00000000,0,0,0,0,0,0x00000000,0,0,0,0,0,0x00000000,0,0,0,0
1070079,1070079,2,\[en],294650900,0x11900414,0,281,1,20,0,0x00000000,0,0,0,0,0,0x00000000,0,0,0,0,0,0x00000000,0,0,0,0,0,0x00000000,0,0,0,0,0,0x00000000,0,0,0,0,0,0x00000000,0,0,0,0
1070080,1070080,2,\[en],294650900,0x11900414,0,281,1,20,0,0x00000000,0,0,0,0,0,0x00000000,0,0,0,0,0,0x00000000,0,0,0,0,0,0x00000000,0,0,0,0,0,0x00000000,0,0,0,0,0,0x00000000,0,0,0,0
1070081,1070081,2,\[en],79698944,0x04C01C00,0,76,7,0,32509952,0x01F01000,0,31,4,0,0,0x00000000,0,0,0,0,0,0x00000000,0,0,0,0,0,0x00000000,0,0,0,0,0,0x00000000,0,0,0,0,0,0x00000000,0,0,0,0
1070082,1070082,2,\[en],168823811,0x0A100C03,0,161,3,3,0,0x00000000,0,0,0,0,0,0x00000000,0,0,0,0,0,0x00000000,0,0,0,0,0,0x00000000,0,0,0,0,0,0x00000000,0,0,0,0,0,0x00000000,0,0,0,0
1070083,1070083,2,\[en],58724352,0x03801000,0,56,4,0,59772928,0x03901000,0,57,4,0,0,0x00000000,0,0,0,0,0,0x00000000,0,0,0,0,0,0x00000000,0,0,0,0,0,0x00000000,0,0,0,0,0,0x00000000,0,0,0,0
1070084,1070084,2,\[en],79698944,0x04C01C00,0,76,7,0,32509952,0x01F01000,0,31,4,0,0,0x00000000,0,0,0,0,0,0x00000000,0,0,0,0,0,0x00000000,0,0,0,0,0,0x00000000,0,0,0,0,0,0x00000000,0,0,0,0
1070085,1070085,2,\[en],168823811,0x0A100C03,0,161,3,3,0,0x00000000,0,0,0,0,0,0x00000000,0,0,0,0,0,0x00000000,0,0,0,0,0,0x00000000,0,0,0,0,0,0x00000000,0,0,0,0,0,0x00000000,0,0,0,0
1070086,1070086,2,\[en],58724352,0x03801000,0,56,4,0,59772928,0x03901000,0,57,4,0,0,0x00000000,0,0,0,0,0,0x00000000,0,0,0,0,0,0x00000000,0,0,0,0,0,0x00000000,0,0,0,0,0,0x00000000,0,0,0,0
1070087,1070087,2,\[en],79698944,0x04C01C00,0,76,7,0,32509952,0x01F01000,0,31,4,0,0,0x00000000,0,0,0,0,0,0x00000000,0,0,0,0,0,0x00000000,0,0,0,0,0,0x00000000,0,0,0,0,0,0x00000000,0,0,0,0
1070088,1070088,2,\[en],168823811,0x0A100C03,0,161,3,3,0,0x00000000,0,0,0,0,0,0x00000000,0,0,0,0,0,0x00000000,0,0,0,0,0,0x00000000,0,0,0,0,0,0x00000000,0,0,0,0,0,0x00000000,0,0,0,0
1070089,1070089,2,\[en],58724352,0x03801000,0,56,4,0,59772928,0x03901000,0,57,4,0,0,0x00000000,0,0,0,0,0,0x00000000,0,0,0,0,0,0x00000000,0,0,0,0,0,0x00000000,0,0,0,0,0,0x00000000,0,0,0,0
1070090,1070090,2,\[en],79698944,0x04C01C00,0,76,7,0,32509952,0x01F01000,0,31,4,0,0,0x00000000,0,0,0,0,0,0x00000000,0,0,0,0,0,0x00000000,0,0,0,0,0,0x00000000,0,0,0,0,0,0x00000000,0,0,0,0
1070091,1070091,2,\[en],168823811,0x0A100C03,0,161,3,3,0,0x00000000,0,0,0,0,0,0x00000000,0,0,0,0,0,0x00000000,0,0,0,0,0,0x00000000,0,0,0,0,0,0x00000000,0,0,0,0,0,0x00000000,0,0,0,0
1070092,1070092,2,\[en],58724352,0x03801000,0,56,4,0,59772928,0x03901000,0,57,4,0,0,0x00000000,0,0,0,0,0,0x00000000,0,0,0,0,0,0x00000000,0,0,0,0,0,0x00000000,0,0,0,0,0,0x00000000,0,0,0,0
1070093,1070093,2,\[en],79698944,0x04C01C00,0,76,7,0,32509952,0x01F01000,0,31,4,0,0,0x00000000,0,0,0,0,0,0x00000000,0,0,0,0,0,0x00000000,0,0,0,0,0,0x00000000,0,0,0,0,0,0x00000000,0,0,0,0
1070094,1070094,2,\[en],168823811,0x0A100C03,0,161,3,3,0,0x00000000,0,0,0,0,0,0x00000000,0,0,0,0,0,0x00000000,0,0,0,0,0,0x00000000,0,0,0,0,0,0x00000000,0,0,0,0,0,0x00000000,0,0,0,0
1070095,1070095,2,\[en],58724352,0x03801000,0,56,4,0,59772928,0x03901000,0,57,4,0,0,0x00000000,0,0,0,0,0,0x00000000,0,0,0,0,0,0x00000000,0,0,0,0,0,0x00000000,0,0,0,0,0,0x00000000,0,0,0,0
1070096,1070096,2,\[en],79698944,0x04C01C00,0,76,7,0,32509952,0x01F01000,0,31,4,0,0,0x00000000,0,0,0,0,0,0x00000000,0,0,0,0,0,0x00000000,0,0,0,0,0,0x00000000,0,0,0,0,0,0x00000000,0,0,0,0
1070097,1070097,2,\[en],168823811,0x0A100C03,0,161,3,3,0,0x00000000,0,0,0,0,0,0x00000000,0,0,0,0,0,0x00000000,0,0,0,0,0,0x00000000,0,0,0,0,0,0x00000000,0,0,0,0,0,0x00000000,0,0,0,0
1070098,1070098,2,\[en],58724352,0x03801000,0,56,4,0,59772928,0x03901000,0,57,4,0,0,0x00000000,0,0,0,0,0,0x00000000,0,0,0,0,0,0x00000000,0,0,0,0,0,0x00000000,0,0,0,0,0,0x00000000,0,0,0,0
1070099,1070099,2,\[en],79698944,0x04C01C00,0,76,7,0,32509952,0x01F01000,0,31,4,0,0,0x00000000,0,0,0,0,0,0x00000000,0,0,0,0,0,0x00000000,0,0,0,0,0,0x00000000,0,0,0,0,0,0x00000000,0,0,0,0
1070100,1070100,2,\[en],168823811,0x0A100C03,0,161,3,3,0,0x00000000,0,0,0,0,0,0x00000000,0,0,0,0,0,0x00000000,0,0,0,0,0,0x00000000,0,0,0,0,0,0x00000000,0,0,0,0,0,0x00000000,0,0,0,0
1070101,1070101,2,\[en],58724352,0x03801000,0,56,4,0,59772928,0x03901000,0,57,4,0,0,0x00000000,0,0,0,0,0,0x00000000,0,0,0,0,0,0x00000000,0,0,0,0,0,0x00000000,0,0,0,0,0,0x00000000,0,0,0,0
1070102,1070102,2,\[en],79698944,0x04C01C00,0,76,7,0,32509952,0x01F01000,0,31,4,0,0,0x00000000,0,0,0,0,0,0x00000000,0,0,0,0,0,0x00000000,0,0,0,0,0,0x00000000,0,0,0,0,0,0x00000000,0,0,0,0
1070103,1070103,2,\[en],168823811,0x0A100C03,0,161,3,3,0,0x00000000,0,0,0,0,0,0x00000000,0,0,0,0,0,0x00000000,0,0,0,0,0,0x00000000,0,0,0,0,0,0x00000000,0,0,0,0,0,0x00000000,0,0,0,0
1070104,1070104,2,\[en],58724352,0x03801000,0,56,4,0,59772928,0x03901000,0,57,4,0,0,0x00000000,0,0,0,0,0,0x00000000,0,0,0,0,0,0x00000000,0,0,0,0,0,0x00000000,0,0,0,0,0,0x00000000,0,0,0,0
1070105,1070105,2,\[en],79698944,0x04C01C00,0,76,7,0,32509952,0x01F01000,0,31,4,0,0,0x00000000,0,0,0,0,0,0x00000000,0,0,0,0,0,0x00000000,0,0,0,0,0,0x00000000,0,0,0,0,0,0x00000000,0,0,0,0
1070106,1070106,2,\[en],168823811,0x0A100C03,0,161,3,3,0,0x00000000,0,0,0,0,0,0x00000000,0,0,0,0,0,0x00000000,0,0,0,0,0,0x00000000,0,0,0,0,0,0x00000000,0,0,0,0,0,0x00000000,0,0,0,0
1070107,1070107,2,\[en],58724352,0x03801000,0,56,4,0,59772928,0x03901000,0,57,4,0,0,0x00000000,0,0,0,0,0,0x00000000,0,0,0,0,0,0x00000000,0,0,0,0,0,0x00000000,0,0,0,0,0,0x00000000,0,0,0,0
1200209,1200209,0,???,2136064,0x00209800,0,2,38,0,0,0x00000000,0,0,0,0,0,0x00000000,0,0,0,0,0,0x00000000,0,0,0,0,0,0x00000000,0,0,0,0,0,0x00000000,0,0,0,0,0,0x00000000,0,0,0,0
1200210,1200210,0,???,2135040,0x00209400,0,2,37,0,0,0x00000000,0,0,0,0,0,0x00000000,0,0,0,0,0,0x00000000,0,0,0,0,0,0x00000000,0,0,0,0,0,0x00000000,0,0,0,0,0,0x00000000,0,0,0,0
1200211,1200211,0,???,2134016,0x00209000,0,2,36,0,0,0x00000000,0,0,0,0,0,0x00000000,0,0,0,0,0,0x00000000,0,0,0,0,0,0x00000000,0,0,0,0,0,0x00000000,0,0,0,0,0,0x00000000,0,0,0,0
1500007,1500007,1400065,Didiwai,79693844,0x04C00814,0,76,2,20,0,0x00000000,0,0,0,0,0,0x00000000,0,0,0,0,0,0x00000000,0,0,0,0,0,0x00000000,0,0,0,0,0,0x00000000,0,0,0,0,0,0x00000000,0,0,0,0
1500008,1500008,2200128,Guntard,147851265,0x08D00801,0,141,2,1,0,0x00000000,0,0,0,0,0,0x00000000,0,0,0,0,0,0x00000000,0,0,0,0,0,0x00000000,0,0,0,0,0,0x00000000,0,0,0,0,0,0x00000000,0,0,0,0
1500009,1500009,1200105,Brunadier,147851265,0x08D00801,0,141,2,1,0,0x00000000,0,0,0,0,0,0x00000000,0,0,0,0,0,0x00000000,0,0,0,0,0,0x00000000,0,0,0,0,0,0x00000000,0,0,0,0,0,0x00000000,0,0,0,0
1500010,1500010,1900010,I'wonjhali,210767872,0x0C901000,0,201,4,0,236979210,0x0E20040A,0,226,1,10,0,0x00000000,0,0,0,0,0,0x00000000,0,0,0,0,0,0x00000000,0,0,0,0,231736331,0x0DD0040B,0,221,1,11,0,0x00000000,0,0,0,0
1500013,1500013,4000171,Bearded Rock battlewarden,79698945,0x04C01C01,0,76,7,1,32507944,0x01F00828,0,31,2,40,0,0x00000000,0,0,0,0,0,0x00000000,0,0,0,0,0,0x00000000,0,0,0,0,0,0x00000000,0,0,0,0,0,0x00000000,0,0,0,0
1500014,1500014,4000172,Skull Valley battlewarden,79698945,0x04C01C01,0,76,7,1,32507944,0x01F00828,0,31,2,40,0,0x00000000,0,0,0,0,0,0x00000000,0,0,0,0,0,0x00000000,0,0,0,0,0,0x00000000,0,0,0,0,0,0x00000000,0,0,0,0
1500015,1500015,4000173,Bald Knoll battlewarden,79698945,0x04C01C01,0,76,7,1,32507944,0x01F00828,0,31,2,40,0,0x00000000,0,0,0,0,0,0x00000000,0,0,0,0,0,0x00000000,0,0,0,0,0,0x00000000,0,0,0,0,0,0x00000000,0,0,0,0
1500016,1500016,4000174,Bloodshore battlewarden,79698945,0x04C01C01,0,76,7,1,32507944,0x01F00828,0,31,2,40,0,0x00000000,0,0,0,0,0,0x00000000,0,0,0,0,0,0x00000000,0,0,0,0,0,0x00000000,0,0,0,0,0,0x00000000,0,0,0,0
1500017,1500017,4000175,Iron Lake battlewarden,79698945,0x04C01C01,0,76,7,1,32507944,0x01F00828,0,31,2,40,0,0x00000000,0,0,0,0,0,0x00000000,0,0,0,0,0,0x00000000,0,0,0,0,0,0x00000000,0,0,0,0,0,0x00000000,0,0,0,0
1500018,1500018,4000176,Cedarwood battlewarden,79698945,0x04C01C01,0,76,7,1,32507944,0x01F00828,0,31,2,40,0,0x00000000,0,0,0,0,0,0x00000000,0,0,0,0,0,0x00000000,0,0,0,0,0,0x00000000,0,0,0,0,0,0x00000000,0,0,0,0
1500019,1500019,4000177,Tiger Helm battlewarden,79698945,0x04C01C01,0,76,7,1,32507944,0x01F00828,0,31,2,40,0,0x00000000,0,0,0,0,0,0x00000000,0,0,0,0,0,0x00000000,0,0,0,0,0,0x00000000,0,0,0,0,0,0x00000000,0,0,0,0
1500020,1500020,4000178,Mistbeard Cove battlewarden,79698945,0x04C01C01,0,76,7,1,32507944,0x01F00828,0,31,2,40,0,0x00000000,0,0,0,0,0,0x00000000,0,0,0,0,0,0x00000000,0,0,0,0,0,0x00000000,0,0,0,0,0,0x00000000,0,0,0,0
1500021,1500021,4000179,Cassiopeia Hollow battlewarden,79698945,0x04C01C01,0,76,7,1,32507944,0x01F00828,0,31,2,40,0,0x00000000,0,0,0,0,0,0x00000000,0,0,0,0,0,0x00000000,0,0,0,0,0,0x00000000,0,0,0,0,0,0x00000000,0,0,0,0
1500022,1500022,4000180,Walk of Tides battlewarden,79698945,0x04C01C01,0,76,7,1,32507944,0x01F00828,0,31,2,40,0,0x00000000,0,0,0,0,0,0x00000000,0,0,0,0,0,0x00000000,0,0,0,0,0,0x00000000,0,0,0,0,0,0x00000000,0,0,0,0
1500023,1500023,4000581,Black Brush battlewarden,79697950,0x04C0181E,0,76,6,30,32507944,0x01F00828,0,31,2,40,0,0x00000000,0,0,0,0,0,0x00000000,0,0,0,0,0,0x00000000,0,0,0,0,0,0x00000000,0,0,0,0,0,0x00000000,0,0,0,0
1500024,1500024,4000582,Drybone battlewarden,79697950,0x04C0181E,0,76,6,30,32507944,0x01F00828,0,31,2,40,0,0x00000000,0,0,0,0,0,0x00000000,0,0,0,0,0,0x00000000,0,0,0,0,0,0x00000000,0,0,0,0,0,0x00000000,0,0,0,0
1500025,1500025,4000583,Horizon's Edge battlewarden,79697950,0x04C0181E,0,76,6,30,32507944,0x01F00828,0,31,2,40,0,0x00000000,0,0,0,0,0,0x00000000,0,0,0,0,0,0x00000000,0,0,0,0,0,0x00000000,0,0,0,0,0,0x00000000,0,0,0,0
1500026,1500026,1000010,Thancred,79697950,0x04C0181E,0,76,6,30,32507944,0x01F00828,0,31,2,40,0,0x00000000,0,0,0,0,0,0x00000000,0,0,0,0,0,0x00000000,0,0,0,0,0,0x00000000,0,0,0,0,0,0x00000000,0,0,0,0
1500027,1500027,4000584,Broken Water battlewarden,79697950,0x04C0181E,0,76,6,30,32507944,0x01F00828,0,31,2,40,0,0x00000000,0,0,0,0,0,0x00000000,0,0,0,0,0,0x00000000,0,0,0,0,0,0x00000000,0,0,0,0,0,0x00000000,0,0,0,0
1500028,1500028,4000585,Halatali battlewarden,79697950,0x04C0181E,0,76,6,30,32507944,0x01F00828,0,31,2,40,0,0x00000000,0,0,0,0,0,0x00000000,0,0,0,0,0,0x00000000,0,0,0,0,0,0x00000000,0,0,0,0,0,0x00000000,0,0,0,0
1500029,1500029,4000586,Nophica's Wells battlewarden,79697950,0x04C0181E,0,76,6,30,32507944,0x01F00828,0,31,2,40,0,0x00000000,0,0,0,0,0,0x00000000,0,0,0,0,0,0x00000000,0,0,0,0,0,0x00000000,0,0,0,0,0,0x00000000,0,0,0,0
1500030,1500030,1000010,Thancred,79697950,0x04C0181E,0,76,6,30,32507944,0x01F00828,0,31,2,40,0,0x00000000,0,0,0,0,0,0x00000000,0,0,0,0,0,0x00000000,0,0,0,0,0,0x00000000,0,0,0,0,0,0x00000000,0,0,0,0
1500031,1500031,4000587,Nanawa Mines battlewarden,79697950,0x04C0181E,0,76,6,30,32507944,0x01F00828,0,31,2,40,0,0x00000000,0,0,0,0,0,0x00000000,0,0,0,0,0,0x00000000,0,0,0,0,0,0x00000000,0,0,0,0,0,0x00000000,0,0,0,0
1500032,1500032,1000010,Thancred,79697950,0x04C0181E,0,76,6,30,32507944,0x01F00828,0,31,2,40,0,0x00000000,0,0,0,0,0,0x00000000,0,0,0,0,0,0x00000000,0,0,0,0,0,0x00000000,0,0,0,0,0,0x00000000,0,0,0,0
1500033,1500033,1000010,Thancred,79697950,0x04C0181E,0,76,6,30,32507944,0x01F00828,0,31,2,40,0,0x00000000,0,0,0,0,0,0x00000000,0,0,0,0,0,0x00000000,0,0,0,0,0,0x00000000,0,0,0,0,0,0x00000000,0,0,0,0
1500034,1500034,4000588,Bentbranch battlewarden,79696976,0x04C01450,0,76,5,80,32507944,0x01F00828,0,31,2,40,0,0x00000000,0,0,0,0,0,0x00000000,0,0,0,0,0,0x00000000,0,0,0,0,0,0x00000000,0,0,0,0,0,0x00000000,0,0,0,0
1500035,1500035,4000589,Nine Ivies battlewarden,79696976,0x04C01450,0,76,5,80,32507944,0x01F00828,0,31,2,40,0,0x00000000,0,0,0,0,0,0x00000000,0,0,0,0,0,0x00000000,0,0,0,0,0,0x00000000,0,0,0,0,0,0x00000000,0,0,0,0
1500036,1500036,4000590,Emerald Moss battlewarden,79696976,0x04C01450,0,76,5,80,32507944,0x01F00828,0,31,2,40,0,0x00000000,0,0,0,0,0,0x00000000,0,0,0,0,0,0x00000000,0,0,0,0,0,0x00000000,0,0,0,0,0,0x00000000,0,0,0,0
1500037,1500037,1000010,Thancred,79696976,0x04C01450,0,76,5,80,32507944,0x01F00828,0,31,2,40,0,0x00000000,0,0,0,0,0,0x00000000,0,0,0,0,0,0x00000000,0,0,0,0,0,0x00000000,0,0,0,0,0,0x00000000,0,0,0,0
1500038,1500038,4000591,Tranquil battlewarden,79696976,0x04C01450,0,76,5,80,32507944,0x01F00828,0,31,2,40,0,0x00000000,0,0,0,0,0,0x00000000,0,0,0,0,0,0x00000000,0,0,0,0,0,0x00000000,0,0,0,0,0,0x00000000,0,0,0,0
1500039,1500039,4000592,Humblehearth battlewarden,79696976,0x04C01450,0,76,5,80,32507944,0x01F00828,0,31,2,40,0,0x00000000,0,0,0,0,0,0x00000000,0,0,0,0,0,0x00000000,0,0,0,0,0,0x00000000,0,0,0,0,0,0x00000000,0,0,0,0
1500040,1500040,4000593,Treespeak battlewarden,79696976,0x04C01450,0,76,5,80,32507944,0x01F00828,0,31,2,40,0,0x00000000,0,0,0,0,0,0x00000000,0,0,0,0,0,0x00000000,0,0,0,0,0,0x00000000,0,0,0,0,0,0x00000000,0,0,0,0
1500041,1500041,1000010,Thancred,79696976,0x04C01450,0,76,5,80,32507944,0x01F00828,0,31,2,40,0,0x00000000,0,0,0,0,0,0x00000000,0,0,0,0,0,0x00000000,0,0,0,0,0,0x00000000,0,0,0,0,0,0x00000000,0,0,0,0
1500042,1500042,4000181,Mun-Tuy battlewarden,79696976,0x04C01450,0,76,5,80,32507944,0x01F00828,0,31,2,40,0,0x00000000,0,0,0,0,0,0x00000000,0,0,0,0,0,0x00000000,0,0,0,0,0,0x00000000,0,0,0,0,0,0x00000000,0,0,0,0
1500043,1500043,4000182,Tam-Tara battlewarden,79696976,0x04C01450,0,76,5,80,32507944,0x01F00828,0,31,2,40,0,0x00000000,0,0,0,0,0,0x00000000,0,0,0,0,0,0x00000000,0,0,0,0,0,0x00000000,0,0,0,0,0,0x00000000,0,0,0,0
1500044,1500044,4000183,Toto-Rak battlewarden,79696976,0x04C01450,0,76,5,80,32507944,0x01F00828,0,31,2,40,0,0x00000000,0,0,0,0,0,0x00000000,0,0,0,0,0,0x00000000,0,0,0,0,0,0x00000000,0,0,0,0,0,0x00000000,0,0,0,0
1500045,1500045,1000010,Thancred,79698946,0x04C01C02,0,76,7,2,32507944,0x01F00828,0,31,2,40,0,0x00000000,0,0,0,0,0,0x00000000,0,0,0,0,0,0x00000000,0,0,0,0,0,0x00000000,0,0,0,0,0,0x00000000,0,0,0,0
1500046,1500046,1000010,Thancred,79698946,0x04C01C02,0,76,7,2,32507944,0x01F00828,0,31,2,40,0,0x00000000,0,0,0,0,0,0x00000000,0,0,0,0,0,0x00000000,0,0,0,0,0,0x00000000,0,0,0,0,0,0x00000000,0,0,0,0
1500047,1500047,1000010,Thancred,79698946,0x04C01C02,0,76,7,2,32507944,0x01F00828,0,31,2,40,0,0x00000000,0,0,0,0,0,0x00000000,0,0,0,0,0,0x00000000,0,0,0,0,0,0x00000000,0,0,0,0,0,0x00000000,0,0,0,0
1500048,1500048,1000010,Thancred,79698946,0x04C01C02,0,76,7,2,32507944,0x01F00828,0,31,2,40,0,0x00000000,0,0,0,0,0,0x00000000,0,0,0,0,0,0x00000000,0,0,0,0,0,0x00000000,0,0,0,0,0,0x00000000,0,0,0,0
1500049,1500049,1000010,Thancred,79698946,0x04C01C02,0,76,7,2,32507944,0x01F00828,0,31,2,40,0,0x00000000,0,0,0,0,0,0x00000000,0,0,0,0,0,0x00000000,0,0,0,0,0,0x00000000,0,0,0,0,0,0x00000000,0,0,0,0
1500050,1500050,1000010,Thancred,79698946,0x04C01C02,0,76,7,2,32507944,0x01F00828,0,31,2,40,0,0x00000000,0,0,0,0,0,0x00000000,0,0,0,0,0,0x00000000,0,0,0,0,0,0x00000000,0,0,0,0,0,0x00000000,0,0,0,0
1500051,1500051,1000010,Thancred,79698946,0x04C01C02,0,76,7,2,32507944,0x01F00828,0,31,2,40,0,0x00000000,0,0,0,0,0,0x00000000,0,0,0,0,0,0x00000000,0,0,0,0,0,0x00000000,0,0,0,0,0,0x00000000,0,0,0,0
1500052,1500052,4000184,Aurum Vale battlewarden,79698946,0x04C01C02,0,76,7,2,32507944,0x01F00828,0,31,2,40,0,0x00000000,0,0,0,0,0,0x00000000,0,0,0,0,0,0x00000000,0,0,0,0,0,0x00000000,0,0,0,0,0,0x00000000,0,0,0,0
1500053,1500053,4000185,Gaelth's Fist battlewarden,79698946,0x04C01C02,0,76,7,2,32507944,0x01F00828,0,31,2,40,0,0x00000000,0,0,0,0,0,0x00000000,0,0,0,0,0,0x00000000,0,0,0,0,0,0x00000000,0,0,0,0,0,0x00000000,0,0,0,0
1500054,1500054,1000010,Thancred,79698946,0x04C01C02,0,76,7,2,32507944,0x01F00828,0,31,2,40,0,0x00000000,0,0,0,0,0,0x00000000,0,0,0,0,0,0x00000000,0,0,0,0,0,0x00000000,0,0,0,0,0,0x00000000,0,0,0,0
1500062,1500062,1000054,Blavier,168821770,0x0A10040A,0,161,1,10,0,0x00000000,0,0,0,0,0,0x00000000,0,0,0,0,0,0x00000000,0,0,0,0,0,0x00000000,0,0,0,0,0,0x00000000,0,0,0,0,0,0x00000000,0,0,0,0
1500068,1500068,1300085,Manine,168821780,0x0A100414,0,161,1,20,0,0x00000000,0,0,0,0,0,0x00000000,0,0,0,0,0,0x00000000,0,0,0,0,0,0x00000000,0,0,0,0,0,0x00000000,0,0,0,0,0,0x00000000,0,0,0,0
1500069,1500069,1600021,Ahldwaen,168821780,0x0A100414,0,161,1,20,0,0x00000000,0,0,0,0,0,0x00000000,0,0,0,0,0,0x00000000,0,0,0,0,0,0x00000000,0,0,0,0,0,0x00000000,0,0,0,0,0,0x00000000,0,0,0,0
1500070,1500070,1900040,R'dyunbu,168821770,0x0A10040A,0,161,1,10,0,0x00000000,0,0,0,0,0,0x00000000,0,0,0,0,0,0x00000000,0,0,0,0,0,0x00000000,0,0,0,0,0,0x00000000,0,0,0,0,0,0x00000000,0,0,0,0
1500071,1500071,1500064,Yayamo,168821761,0x0A100401,0,161,1,1,0,0x00000000,0,0,0,0,0,0x00000000,0,0,0,0,0,0x00000000,0,0,0,0,0,0x00000000,0,0,0,0,0,0x00000000,0,0,0,0,0,0x00000000,0,0,0,0
1500072,1500072,1000320,Hab,168821770,0x0A10040A,0,161,1,10,0,0x00000000,0,0,0,0,0,0x00000000,0,0,0,0,0,0x00000000,0,0,0,0,0,0x00000000,0,0,0,0,0,0x00000000,0,0,0,0,0,0x00000000,0,0,0,0
1500073,1500073,1200106,Ludovraint,79697980,0x04C0183C,0,76,6,60,32514078,0x01F0201E,0,31,8,30,0,0x00000000,0,0,0,0,0,0x00000000,0,0,0,0,0,0x00000000,0,0,0,0,0,0x00000000,0,0,0,0,0,0x00000000,0,0,0,0
1500074,1500074,1600058,Doesfolg,79697950,0x04C0181E,0,76,6,30,32514058,0x01F0200A,0,31,8,10,0,0x00000000,0,0,0,0,0,0x00000000,0,0,0,0,0,0x00000000,0,0,0,0,0,0x00000000,0,0,0,0,0,0x00000000,0,0,0,0
1500075,1500075,1400079,Ririgeo,79697950,0x04C0181E,0,76,6,30,32514058,0x01F0200A,0,31,8,10,0,0x00000000,0,0,0,0,0,0x00000000,0,0,0,0,0,0x00000000,0,0,0,0,0,0x00000000,0,0,0,0,0,0x00000000,0,0,0,0
1500076,1500076,1900045,J'dyalani,79697950,0x04C0181E,0,76,6,30,32514058,0x01F0200A,0,31,8,10,0,0x00000000,0,0,0,0,0,0x00000000,0,0,0,0,0,0x00000000,0,0,0,0,0,0x00000000,0,0,0,0,0,0x00000000,0,0,0,0
1500077,1500077,1000063,Caspar,79697950,0x04C0181E,0,76,6,30,32514058,0x01F0200A,0,31,8,10,0,0x00000000,0,0,0,0,0,0x00000000,0,0,0,0,0,0x00000000,0,0,0,0,0,0x00000000,0,0,0,0,0,0x00000000,0,0,0,0
1500078,1500078,1100096,Mildthryth,79698954,0x04C01C0A,0,76,7,10,32508948,0x01F00C14,0,31,3,20,0,0x00000000,0,0,0,0,0,0x00000000,0,0,0,0,0,0x00000000,0,0,0,0,0,0x00000000,0,0,0,0,0,0x00000000,0,0,0,0
1500079,1500079,1900125,Panha Jaab,79698946,0x04C01C02,0,76,7,2,32508938,0x01F00C0A,0,31,3,10,0,0x00000000,0,0,0,0,0,0x00000000,0,0,0,0,0,0x00000000,0,0,0,0,0,0x00000000,0,0,0,0,0,0x00000000,0,0,0,0
1500080,1500080,1400056,Momoroto,79698946,0x04C01C02,0,76,7,2,32508938,0x01F00C0A,0,31,3,10,0,0x00000000,0,0,0,0,0,0x00000000,0,0,0,0,0,0x00000000,0,0,0,0,0,0x00000000,0,0,0,0,0,0x00000000,0,0,0,0
1500081,1500081,1200126,Firmien,79698954,0x04C01C0A,0,76,7,10,32508948,0x01F00C14,0,31,3,20,0,0x00000000,0,0,0,0,0,0x00000000,0,0,0,0,0,0x00000000,0,0,0,0,0,0x00000000,0,0,0,0,0,0x00000000,0,0,0,0
1500082,1500082,1900007,K'leytai,79698946,0x04C01C02,0,76,7,2,32508938,0x01F00C0A,0,31,3,10,0,0x00000000,0,0,0,0,0,0x00000000,0,0,0,0,0,0x00000000,0,0,0,0,0,0x00000000,0,0,0,0,0,0x00000000,0,0,0,0
1500083,1500083,1600171,Slafborn,79698946,0x04C01C02,0,76,7,2,32508938,0x01F00C0A,0,31,3,10,0,0x00000000,0,0,0,0,0,0x00000000,0,0,0,0,0,0x00000000,0,0,0,0,0,0x00000000,0,0,0,0,0,0x00000000,0,0,0,0
1500084,1500084,1200005,Beltardois,79698944,0x04C01C00,0,76,7,0,32508928,0x01F00C00,0,31,3,0,0,0x00000000,0,0,0,0,0,0x00000000,0,0,0,0,0,0x00000000,0,0,0,0,0,0x00000000,0,0,0,0,0,0x00000000,0,0,0,0
1500098,1500098,1200093,Juliembert,168821770,0x0A10040A,0,161,1,10,0,0x00000000,0,0,0,0,0,0x00000000,0,0,0,0,0,0x00000000,0,0,0,0,0,0x00000000,0,0,0,0,0,0x00000000,0,0,0,0,0,0x00000000,0,0,0,0
1500120,1500120,1600311,War Wolf,79695902,0x04C0101E,0,76,4,30,32507954,0x01F00832,0,31,2,50,0,0x00000000,0,0,0,0,0,0x00000000,0,0,0,0,0,0x00000000,0,0,0,0,0,0x00000000,0,0,0,0,0,0x00000000,0,0,0,0
1500121,1500121,1900183,W'mhelgo Hena,79696966,0x04C01446,0,76,5,70,32513064,0x01F01C28,0,31,7,40,0,0x00000000,0,0,0,0,0,0x00000000,0,0,0,0,0,0x00000000,0,0,0,0,0,0x00000000,0,0,0,0,0,0x00000000,0,0,0,0
1500122,1500122,1000424,Diego Athral,79693855,0x04C0081F,0,76,2,31,32512010,0x01F0180A,0,31,6,10,0,0x00000000,0,0,0,0,0,0x00000000,0,0,0,0,0,0x00000000,0,0,0,0,0,0x00000000,0,0,0,0,0,0x00000000,0,0,0,0
1500127,1500127,1200119,Prosperlain,210767873,0x0C901001,0,201,4,1,236979210,0x0E20040A,0,226,1,10,0,0x00000000,0,0,0,0,0,0x00000000,0,0,0,0,0,0x00000000,0,0,0,0,231736331,0x0DD0040B,0,221,1,11,0,0x00000000,0,0,0,0
1500131,1500131,4000533,imperial centurion,79698947,0x04C01C03,0,76,7,3,32510983,0x01F01407,0,31,5,7,0,0x00000000,0,0,0,0,0,0x00000000,0,0,0,0,0,0x00000000,0,0,0,0,0,0x00000000,0,0,0,0,0,0x00000000,0,0,0,0
1500139,1500139,1300090,Finia,243270658,0x0E800402,0,232,1,2,0,0x00000000,0,0,0,0,0,0x00000000,0,0,0,0,0,0x00000000,0,0,0,0,0,0x00000000,0,0,0,0,0,0x00000000,0,0,0,0,0,0x00000000,0,0,0,0
1500140,1500140,1400159,Shushutaby,147851275,0x08D0080B,0,141,2,11,0,0x00000000,0,0,0,0,0,0x00000000,0,0,0,0,0,0x00000000,0,0,0,0,0,0x00000000,0,0,0,0,0,0x00000000,0,0,0,0,0,0x00000000,0,0,0,0
1500141,1500141,1400159,Shushutaby,147851275,0x08D0080B,0,141,2,11,0,0x00000000,0,0,0,0,0,0x00000000,0,0,0,0,0,0x00000000,0,0,0,0,0,0x00000000,0,0,0,0,0,0x00000000,0,0,0,0,0,0x00000000,0,0,0,0
1500181,1500181,1400164,Koppo Aroppo,383779840,0x16E00400,0,366,1,0,0,0x00000000,0,0,0,0,0,0x00000000,0,0,0,0,0,0x00000000,0,0,0,0,0,0x00000000,0,0,0,0,0,0x00000000,0,0,0,0,0,0x00000000,0,0,0,0
1500204,1500204,2700002,Urianger,383779883,0x16E0042B,0,366,1,43,0,0x00000000,0,0,0,0,0,0x00000000,0,0,0,0,0,0x00000000,0,0,0,0,0,0x00000000,0,0,0,0,0,0x00000000,0,0,0,0,0,0x00000000,0,0,0,0
1500205,1500205,4000612,militia outrider,147850240,0x08D00400,0,141,1,0,0,0x00000000,0,0,0,0,0,0x00000000,0,0,0,0,0,0x00000000,0,0,0,0,0,0x00000000,0,0,0,0,0,0x00000000,0,0,0,0,0,0x00000000,0,0,0,0
1500213,1500213,1300165,Storm Sergeant Friont,171967488,0x0A400400,0,164,1,0,0,0x00000000,0,0,0,0,0,0x00000000,0,0,0,0,0,0x00000000,0,0,0,0,0,0x00000000,0,0,0,0,0,0x00000000,0,0,0,0,0,0x00000000,0,0,0,0
1500214,1500214,1300112,Serpent Sergeant Marquaile,171969536,0x0A400C00,0,164,3,0,0,0x00000000,0,0,0,0,0,0x00000000,0,0,0,0,0,0x00000000,0,0,0,0,0,0x00000000,0,0,0,0,0,0x00000000,0,0,0,0,0,0x00000000,0,0,0,0
1500215,1500215,1300161,Flame Sergeant Mourelz,171968512,0x0A400800,0,164,2,0,0,0x00000000,0,0,0,0,0,0x00000000,0,0,0,0,0,0x00000000,0,0,0,0,0,0x00000000,0,0,0,0,0,0x00000000,0,0,0,0,0,0x00000000,0,0,0,0
1500219,1500219,1600170,Skyfryn,171967488,0x0A400400,0,164,1,0,0,0x00000000,0,0,0,0,0,0x00000000,0,0,0,0,0,0x00000000,0,0,0,0,0,0x00000000,0,0,0,0,0,0x00000000,0,0,0,0,0,0x00000000,0,0,0,0
1500220,1500220,1600251,Zaeshanth,171969536,0x0A400C00,0,164,3,0,0,0x00000000,0,0,0,0,0,0x00000000,0,0,0,0,0,0x00000000,0,0,0,0,0,0x00000000,0,0,0,0,0,0x00000000,0,0,0,0,0,0x00000000,0,0,0,0
1500221,1500221,1600271,Horskfhis,171968512,0x0A400800,0,164,2,0,0,0x00000000,0,0,0,0,0,0x00000000,0,0,0,0,0,0x00000000,0,0,0,0,0,0x00000000,0,0,0,0,0,0x00000000,0,0,0,0,0,0x00000000,0,0,0,0
1500222,1500222,2200035,Storm Sergeant Hammil,171967488,0x0A400400,0,164,1,0,0,0x00000000,0,0,0,0,0,0x00000000,0,0,0,0,0,0x00000000,0,0,0,0,0,0x00000000,0,0,0,0,0,0x00000000,0,0,0,0,0,0x00000000,0,0,0,0
1500223,1500223,2200045,Storm Sergeant Sternn,171967488,0x0A400400,0,164,1,0,0,0x00000000,0,0,0,0,0,0x00000000,0,0,0,0,0,0x00000000,0,0,0,0,0,0x00000000,0,0,0,0,0,0x00000000,0,0,0,0,0,0x00000000,0,0,0,0
1500224,1500224,2200067,Serpent Sergeant Cordwyk,171969536,0x0A400C00,0,164,3,0,0,0x00000000,0,0,0,0,0,0x00000000,0,0,0,0,0,0x00000000,0,0,0,0,0,0x00000000,0,0,0,0,0,0x00000000,0,0,0,0,0,0x00000000,0,0,0,0
1500225,1500225,2200070,Serpent Sergeant Lodall,171969536,0x0A400C00,0,164,3,0,0,0x00000000,0,0,0,0,0,0x00000000,0,0,0,0,0,0x00000000,0,0,0,0,0,0x00000000,0,0,0,0,0,0x00000000,0,0,0,0,0,0x00000000,0,0,0,0
1500226,1500226,2200077,Flame Sergeant Byrne,171968512,0x0A400800,0,164,2,0,0,0x00000000,0,0,0,0,0,0x00000000,0,0,0,0,0,0x00000000,0,0,0,0,0,0x00000000,0,0,0,0,0,0x00000000,0,0,0,0,0,0x00000000,0,0,0,0
1500227,1500227,2200089,Flame Sergeant Dalvag,171968512,0x0A400800,0,164,2,0,0,0x00000000,0,0,0,0,0,0x00000000,0,0,0,0,0,0x00000000,0,0,0,0,0,0x00000000,0,0,0,0,0,0x00000000,0,0,0,0,0,0x00000000,0,0,0,0
1500271,1500271,1600143,Rammbroes,368051240,0x15F00428,0,351,1,40,0,0x00000000,0,0,0,0,0,0x00000000,0,0,0,0,0,0x00000000,0,0,0,0,0,0x00000000,0,0,0,0,0,0x00000000,0,0,0,0,0,0x00000000,0,0,0,0
1500273,1500273,1100409,Rebeccah,383779870,0x16E0041E,0,366,1,30,0,0x00000000,0,0,0,0,0,0x00000000,0,0,0,0,0,0x00000000,0,0,0,0,0,0x00000000,0,0,0,0,0,0x00000000,0,0,0,0,0,0x00000000,0,0,0,0
1500277,1500277,1000435,Nedrick Ironheart,79693826,0x04C00802,0,76,2,2,0,0x00000000,0,0,0,0,0,0x00000000,0,0,0,0,0,0x00000000,0,0,0,0,0,0x00000000,0,0,0,0,0,0x00000000,0,0,0,0,0,0x00000000,0,0,0,0
1500278,1500278,1100455,Millith Ironheart,79693826,0x04C00802,0,76,2,2,0,0x00000000,0,0,0,0,0,0x00000000,0,0,0,0,0,0x00000000,0,0,0,0,0,0x00000000,0,0,0,0,0,0x00000000,0,0,0,0,0,0x00000000,0,0,0,0
1500284,1500284,1300166,Storm Sergeant Larille,171967488,0x0A400400,0,164,1,0,0,0x00000000,0,0,0,0,0,0x00000000,0,0,0,0,0,0x00000000,0,0,0,0,0,0x00000000,0,0,0,0,0,0x00000000,0,0,0,0,0,0x00000000,0,0,0,0
1500285,1500285,1300167,Serpent Sergeant Brenaile,171969536,0x0A400C00,0,164,3,0,0,0x00000000,0,0,0,0,0,0x00000000,0,0,0,0,0,0x00000000,0,0,0,0,0,0x00000000,0,0,0,0,0,0x00000000,0,0,0,0,0,0x00000000,0,0,0,0
1500286,1500286,1300168,Flame Sergeant Hanette,171968512,0x0A400800,0,164,2,0,0,0x00000000,0,0,0,0,0,0x00000000,0,0,0,0,0,0x00000000,0,0,0,0,0,0x00000000,0,0,0,0,0,0x00000000,0,0,0,0,0,0x00000000,0,0,0,0
1500290,1500290,1600330,Abylbenn,171967488,0x0A400400,0,164,1,0,0,0x00000000,0,0,0,0,0,0x00000000,0,0,0,0,0,0x00000000,0,0,0,0,0,0x00000000,0,0,0,0,0,0x00000000,0,0,0,0,0,0x00000000,0,0,0,0
1500291,1500291,1600331,Bhirsyng,171969536,0x0A400C00,0,164,3,0,0,0x00000000,0,0,0,0,0,0x00000000,0,0,0,0,0,0x00000000,0,0,0,0,0,0x00000000,0,0,0,0,0,0x00000000,0,0,0,0,0,0x00000000,0,0,0,0
1500292,1500292,1600332,Cweilorh,171968512,0x0A400800,0,164,2,0,0,0x00000000,0,0,0,0,0,0x00000000,0,0,0,0,0,0x00000000,0,0,0,0,0,0x00000000,0,0,0,0,0,0x00000000,0,0,0,0,0,0x00000000,0,0,0,0
1500314,1500314,2700002,Urianger,383779883,0x16E0042B,0,366,1,43,0,0x00000000,0,0,0,0,0,0x00000000,0,0,0,0,0,0x00000000,0,0,0,0,0,0x00000000,0,0,0,0,0,0x00000000,0,0,0,0,0,0x00000000,0,0,0,0
1500315,1500315,1600146,Militia Captain Rhotblaet,80741416,0x04D00428,0,77,1,40,0,0x00000000,0,0,0,0,0,0x00000000,0,0,0,0,0,0x00000000,0,0,0,0,0,0x00000000,0,0,0,0,0,0x00000000,0,0,0,0,0,0x00000000,0,0,0,0
1500316,1500316,1100341,Militia Quartermaster Jeanne,79693835,0x04C0080B,0,76,2,11,0,0x00000000,0,0,0,0,0,0x00000000,0,0,0,0,0,0x00000000,0,0,0,0,0,0x00000000,0,0,0,0,0,0x00000000,0,0,0,0,0,0x00000000,0,0,0,0
1500317,1500317,1000062,Militia Captain Carmine,79697970,0x04C01832,0,76,6,50,0,0x00000000,0,0,0,0,0,0x00000000,0,0,0,0,0,0x00000000,0,0,0,0,0,0x00000000,0,0,0,0,0,0x00000000,0,0,0,0,0,0x00000000,0,0,0,0
1500318,1500318,1500156,Militia Quartermaster Bebetta,79693835,0x04C0080B,0,76,2,11,0,0x00000000,0,0,0,0,0,0x00000000,0,0,0,0,0,0x00000000,0,0,0,0,0,0x00000000,0,0,0,0,0,0x00000000,0,0,0,0,0,0x00000000,0,0,0,0
1500319,1500319,1200220,Militia Captain Rontremont,79695883,0x04C0100B,0,76,4,11,0,0x00000000,0,0,0,0,0,0x00000000,0,0,0,0,0,0x00000000,0,0,0,0,0,0x00000000,0,0,0,0,0,0x00000000,0,0,0,0,0,0x00000000,0,0,0,0
1500320,1500320,1900236,Militia Quartermaster Dhebi Polaali,79693835,0x04C0080B,0,76,2,11,0,0x00000000,0,0,0,0,0,0x00000000,0,0,0,0,0,0x00000000,0,0,0,0,0,0x00000000,0,0,0,0,0,0x00000000,0,0,0,0,0,0x00000000,0,0,0,0
1500340,1500340,1600146,Militia Captain Rhotblaet,80741416,0x04D00428,0,77,1,40,0,0x00000000,0,0,0,0,0,0x00000000,0,0,0,0,0,0x00000000,0,0,0,0,0,0x00000000,0,0,0,0,0,0x00000000,0,0,0,0,0,0x00000000,0,0,0,0
1500341,1500341,1000062,Militia Captain Carmine,79697970,0x04C01832,0,76,6,50,0,0x00000000,0,0,0,0,0,0x00000000,0,0,0,0,0,0x00000000,0,0,0,0,0,0x00000000,0,0,0,0,0,0x00000000,0,0,0,0,0,0x00000000,0,0,0,0
1500342,1500342,1200220,Militia Captain Rontremont,79695883,0x04C0100B,0,76,4,11,0,0x00000000,0,0,0,0,0,0x00000000,0,0,0,0,0,0x00000000,0,0,0,0,0,0x00000000,0,0,0,0,0,0x00000000,0,0,0,0,0,0x00000000,0,0,0,0
1500343,1500343,1000126,Gregory,80741388,0x04D0040C,0,77,1,12,32509962,0x01F0100A,0,31,4,10,0,0x00000000,0,0,0,0,0,0x00000000,0,0,0,0,0,0x00000000,0,0,0,0,0,0x00000000,0,0,0,0,0,0x00000000,0,0,0,0
1500344,1500344,1000126,Gregory,80741388,0x04D0040C,0,77,1,12,32509962,0x01F0100A,0,31,4,10,0,0x00000000,0,0,0,0,0,0x00000000,0,0,0,0,0,0x00000000,0,0,0,0,0,0x00000000,0,0,0,0,0,0x00000000,0,0,0,0
1500345,1500345,1000126,Gregory,80741388,0x04D0040C,0,77,1,12,32509962,0x01F0100A,0,31,4,10,0,0x00000000,0,0,0,0,0,0x00000000,0,0,0,0,0,0x00000000,0,0,0,0,0,0x00000000,0,0,0,0,0,0x00000000,0,0,0,0
1500346,1500346,1000126,Gregory,80741388,0x04D0040C,0,77,1,12,32509962,0x01F0100A,0,31,4,10,0,0x00000000,0,0,0,0,0,0x00000000,0,0,0,0,0,0x00000000,0,0,0,0,0,0x00000000,0,0,0,0,0,0x00000000,0,0,0,0
1500347,1500347,1000126,Gregory,79695892,0x04C01014,0,76,4,20,32509962,0x01F0100A,0,31,4,10,0,0x00000000,0,0,0,0,0,0x00000000,0,0,0,0,0,0x00000000,0,0,0,0,0,0x00000000,0,0,0,0,0,0x00000000,0,0,0,0
1500348,1500348,1000126,Gregory,79695892,0x04C01014,0,76,4,20,32509962,0x01F0100A,0,31,4,10,0,0x00000000,0,0,0,0,0,0x00000000,0,0,0,0,0,0x00000000,0,0,0,0,0,0x00000000,0,0,0,0,0,0x00000000,0,0,0,0
1500349,1500349,1000126,Gregory,79695892,0x04C01014,0,76,4,20,32509962,0x01F0100A,0,31,4,10,0,0x00000000,0,0,0,0,0,0x00000000,0,0,0,0,0,0x00000000,0,0,0,0,0,0x00000000,0,0,0,0,0,0x00000000,0,0,0,0
1500350,1500350,1000126,Gregory,79695892,0x04C01014,0,76,4,20,32509962,0x01F0100A,0,31,4,10,0,0x00000000,0,0,0,0,0,0x00000000,0,0,0,0,0,0x00000000,0,0,0,0,0,0x00000000,0,0,0,0,0,0x00000000,0,0,0,0
1500351,1500351,1000126,Gregory,79697950,0x04C0181E,0,76,6,30,32509962,0x01F0100A,0,31,4,10,0,0x00000000,0,0,0,0,0,0x00000000,0,0,0,0,0,0x00000000,0,0,0,0,0,0x00000000,0,0,0,0,0,0x00000000,0,0,0,0
1500352,1500352,1000126,Gregory,79697950,0x04C0181E,0,76,6,30,32509962,0x01F0100A,0,31,4,10,0,0x00000000,0,0,0,0,0,0x00000000,0,0,0,0,0,0x00000000,0,0,0,0,0,0x00000000,0,0,0,0,0,0x00000000,0,0,0,0
1500353,1500353,1000126,Gregory,79697950,0x04C0181E,0,76,6,30,32509962,0x01F0100A,0,31,4,10,0,0x00000000,0,0,0,0,0,0x00000000,0,0,0,0,0,0x00000000,0,0,0,0,0,0x00000000,0,0,0,0,0,0x00000000,0,0,0,0
1500354,1500354,1000126,Gregory,79697950,0x04C0181E,0,76,6,30,32509962,0x01F0100A,0,31,4,10,0,0x00000000,0,0,0,0,0,0x00000000,0,0,0,0,0,0x00000000,0,0,0,0,0,0x00000000,0,0,0,0,0,0x00000000,0,0,0,0
1500355,1500355,1000126,Gregory,210765826,0x0C900802,0,201,2,2,236979210,0x0E20040A,0,226,1,10,0,0x00000000,0,0,0,0,0,0x00000000,0,0,0,0,0,0x00000000,0,0,0,0,231736351,0x0DD0041F,0,221,1,31,0,0x00000000,0,0,0,0
1500356,1500356,1000126,Gregory,210765826,0x0C900802,0,201,2,2,236979210,0x0E20040A,0,226,1,10,0,0x00000000,0,0,0,0,0,0x00000000,0,0,0,0,0,0x00000000,0,0,0,0,231736351,0x0DD0041F,0,221,1,31,0,0x00000000,0,0,0,0
1500357,1500357,1000126,Gregory,210765826,0x0C900802,0,201,2,2,236979210,0x0E20040A,0,226,1,10,0,0x00000000,0,0,0,0,0,0x00000000,0,0,0,0,0,0x00000000,0,0,0,0,231736351,0x0DD0041F,0,221,1,31,0,0x00000000,0,0,0,0
1500358,1500358,1000126,Gregory,210765826,0x0C900802,0,201,2,2,236979210,0x0E20040A,0,226,1,10,0,0x00000000,0,0,0,0,0,0x00000000,0,0,0,0,0,0x00000000,0,0,0,0,231736351,0x0DD0041F,0,221,1,31,0,0x00000000,0,0,0,0
1500359,1500359,1000126,Gregory,210765826,0x0C900802,0,201,2,2,236979210,0x0E20040A,0,226,1,10,0,0x00000000,0,0,0,0,0,0x00000000,0,0,0,0,0,0x00000000,0,0,0,0,231736351,0x0DD0041F,0,221,1,31,0,0x00000000,0,0,0,0
1500360,1500360,1000126,Gregory,210765826,0x0C900802,0,201,2,2,236979210,0x0E20040A,0,226,1,10,0,0x00000000,0,0,0,0,0,0x00000000,0,0,0,0,0,0x00000000,0,0,0,0,231736351,0x0DD0041F,0,221,1,31,0,0x00000000,0,0,0,0
1500361,1500361,1000126,Gregory,210765826,0x0C900802,0,201,2,2,236979210,0x0E20040A,0,226,1,10,0,0x00000000,0,0,0,0,0,0x00000000,0,0,0,0,0,0x00000000,0,0,0,0,231736351,0x0DD0041F,0,221,1,31,0,0x00000000,0,0,0,0
1500362,1500362,1000126,Gregory,210765826,0x0C900802,0,201,2,2,236979210,0x0E20040A,0,226,1,10,0,0x00000000,0,0,0,0,0,0x00000000,0,0,0,0,0,0x00000000,0,0,0,0,231736351,0x0DD0041F,0,221,1,31,0,0x00000000,0,0,0,0
1500363,1500363,1000126,Gregory,210765826,0x0C900802,0,201,2,2,236979210,0x0E20040A,0,226,1,10,0,0x00000000,0,0,0,0,0,0x00000000,0,0,0,0,0,0x00000000,0,0,0,0,231736351,0x0DD0041F,0,221,1,31,0,0x00000000,0,0,0,0
1500364,1500364,1000126,Gregory,210765826,0x0C900802,0,201,2,2,236979210,0x0E20040A,0,226,1,10,0,0x00000000,0,0,0,0,0,0x00000000,0,0,0,0,0,0x00000000,0,0,0,0,231736351,0x0DD0041F,0,221,1,31,0,0x00000000,0,0,0,0
1500365,1500365,1000126,Gregory,210765826,0x0C900802,0,201,2,2,236979210,0x0E20040A,0,226,1,10,0,0x00000000,0,0,0,0,0,0x00000000,0,0,0,0,0,0x00000000,0,0,0,0,231736351,0x0DD0041F,0,221,1,31,0,0x00000000,0,0,0,0
1500366,1500366,1000126,Gregory,210765826,0x0C900802,0,201,2,2,236979210,0x0E20040A,0,226,1,10,0,0x00000000,0,0,0,0,0,0x00000000,0,0,0,0,0,0x00000000,0,0,0,0,231736351,0x0DD0041F,0,221,1,31,0,0x00000000,0,0,0,0
1500367,1500367,1000126,Gregory,210765826,0x0C900802,0,201,2,2,236979210,0x0E20040A,0,226,1,10,0,0x00000000,0,0,0,0,0,0x00000000,0,0,0,0,0,0x00000000,0,0,0,0,231736351,0x0DD0041F,0,221,1,31,0,0x00000000,0,0,0,0
1500368,1500368,1000126,Gregory,210765826,0x0C900802,0,201,2,2,236979210,0x0E20040A,0,226,1,10,0,0x00000000,0,0,0,0,0,0x00000000,0,0,0,0,0,0x00000000,0,0,0,0,231736351,0x0DD0041F,0,221,1,31,0,0x00000000,0,0,0,0
1500369,1500369,1000126,Gregory,210765826,0x0C900802,0,201,2,2,236979210,0x0E20040A,0,226,1,10,0,0x00000000,0,0,0,0,0,0x00000000,0,0,0,0,0,0x00000000,0,0,0,0,231736351,0x0DD0041F,0,221,1,31,0,0x00000000,0,0,0,0
1500370,1500370,1000126,Gregory,210765826,0x0C900802,0,201,2,2,236979210,0x0E20040A,0,226,1,10,0,0x00000000,0,0,0,0,0,0x00000000,0,0,0,0,0,0x00000000,0,0,0,0,231736351,0x0DD0041F,0,221,1,31,0,0x00000000,0,0,0,0
1500371,1500371,1000126,Gregory,210765826,0x0C900802,0,201,2,2,236979210,0x0E20040A,0,226,1,10,0,0x00000000,0,0,0,0,0,0x00000000,0,0,0,0,0,0x00000000,0,0,0,0,231736351,0x0DD0041F,0,221,1,31,0,0x00000000,0,0,0,0
1500372,1500372,1000126,Gregory,210765826,0x0C900802,0,201,2,2,236979210,0x0E20040A,0,226,1,10,0,0x00000000,0,0,0,0,0,0x00000000,0,0,0,0,0,0x00000000,0,0,0,0,231736351,0x0DD0041F,0,221,1,31,0,0x00000000,0,0,0,0
1500373,1500373,1000126,Gregory,210765826,0x0C900802,0,201,2,2,236979210,0x0E20040A,0,226,1,10,0,0x00000000,0,0,0,0,0,0x00000000,0,0,0,0,0,0x00000000,0,0,0,0,231736351,0x0DD0041F,0,221,1,31,0,0x00000000,0,0,0,0
1500374,1500374,1000126,Gregory,210765826,0x0C900802,0,201,2,2,236979210,0x0E20040A,0,226,1,10,0,0x00000000,0,0,0,0,0,0x00000000,0,0,0,0,0,0x00000000,0,0,0,0,231736351,0x0DD0041F,0,221,1,31,0,0x00000000,0,0,0,0
1500375,1500375,1000126,Gregory,210765826,0x0C900802,0,201,2,2,236979210,0x0E20040A,0,226,1,10,0,0x00000000,0,0,0,0,0,0x00000000,0,0,0,0,0,0x00000000,0,0,0,0,231736351,0x0DD0041F,0,221,1,31,0,0x00000000,0,0,0,0
1500376,1500376,1000126,Gregory,210765826,0x0C900802,0,201,2,2,236979210,0x0E20040A,0,226,1,10,0,0x00000000,0,0,0,0,0,0x00000000,0,0,0,0,0,0x00000000,0,0,0,0,231736351,0x0DD0041F,0,221,1,31,0,0x00000000,0,0,0,0
1500377,1500377,1000126,Gregory,210765826,0x0C900802,0,201,2,2,236979210,0x0E20040A,0,226,1,10,0,0x00000000,0,0,0,0,0,0x00000000,0,0,0,0,0,0x00000000,0,0,0,0,231736351,0x0DD0041F,0,221,1,31,0,0x00000000,0,0,0,0
1500378,1500378,1000126,Gregory,210765826,0x0C900802,0,201,2,2,236979210,0x0E20040A,0,226,1,10,0,0x00000000,0,0,0,0,0,0x00000000,0,0,0,0,0,0x00000000,0,0,0,0,231736351,0x0DD0041F,0,221,1,31,0,0x00000000,0,0,0,0
1500379,1500379,1000126,Gregory,210765826,0x0C900802,0,201,2,2,236979210,0x0E20040A,0,226,1,10,0,0x00000000,0,0,0,0,0,0x00000000,0,0,0,0,0,0x00000000,0,0,0,0,231736351,0x0DD0041F,0,221,1,31,0,0x00000000,0,0,0,0
1500380,1500380,1000126,Gregory,210765826,0x0C900802,0,201,2,2,236979210,0x0E20040A,0,226,1,10,0,0x00000000,0,0,0,0,0,0x00000000,0,0,0,0,0,0x00000000,0,0,0,0,231736351,0x0DD0041F,0,221,1,31,0,0x00000000,0,0,0,0
1500381,1500381,1000126,Gregory,210765826,0x0C900802,0,201,2,2,236979210,0x0E20040A,0,226,1,10,0,0x00000000,0,0,0,0,0,0x00000000,0,0,0,0,0,0x00000000,0,0,0,0,231736351,0x0DD0041F,0,221,1,31,0,0x00000000,0,0,0,0
1500382,1500382,1000126,Gregory,210765826,0x0C900802,0,201,2,2,236979210,0x0E20040A,0,226,1,10,0,0x00000000,0,0,0,0,0,0x00000000,0,0,0,0,0,0x00000000,0,0,0,0,231736351,0x0DD0041F,0,221,1,31,0,0x00000000,0,0,0,0
1500383,1500383,1000126,Gregory,210765826,0x0C900802,0,201,2,2,236979210,0x0E20040A,0,226,1,10,0,0x00000000,0,0,0,0,0,0x00000000,0,0,0,0,0,0x00000000,0,0,0,0,231736351,0x0DD0041F,0,221,1,31,0,0x00000000,0,0,0,0
1500384,1500384,1000126,Gregory,210765826,0x0C900802,0,201,2,2,236979210,0x0E20040A,0,226,1,10,0,0x00000000,0,0,0,0,0,0x00000000,0,0,0,0,0,0x00000000,0,0,0,0,231736351,0x0DD0041F,0,221,1,31,0,0x00000000,0,0,0,0
1500385,1500385,1100341,Militia Quartermaster Jeanne,79693835,0x04C0080B,0,76,2,11,0,0x00000000,0,0,0,0,0,0x00000000,0,0,0,0,0,0x00000000,0,0,0,0,0,0x00000000,0,0,0,0,0,0x00000000,0,0,0,0,0,0x00000000,0,0,0,0
1500386,1500386,1500156,Militia Quartermaster Bebetta,79693835,0x04C0080B,0,76,2,11,0,0x00000000,0,0,0,0,0,0x00000000,0,0,0,0,0,0x00000000,0,0,0,0,0,0x00000000,0,0,0,0,0,0x00000000,0,0,0,0,0,0x00000000,0,0,0,0
1500387,1500387,1900236,Militia Quartermaster Dhebi Polaali,79693835,0x04C0080B,0,76,2,11,0,0x00000000,0,0,0,0,0,0x00000000,0,0,0,0,0,0x00000000,0,0,0,0,0,0x00000000,0,0,0,0,0,0x00000000,0,0,0,0,0,0x00000000,0,0,0,0
1500433,1500433,1900198,Militia Quartermaster B'davzzi,79693835,0x04C0080B,0,76,2,11,0,0x00000000,0,0,0,0,0,0x00000000,0,0,0,0,0,0x00000000,0,0,0,0,0,0x00000000,0,0,0,0,0,0x00000000,0,0,0,0,0,0x00000000,0,0,0,0
1500434,1500434,1900200,Militia Quartermaster P'lhabgo,79693835,0x04C0080B,0,76,2,11,0,0x00000000,0,0,0,0,0,0x00000000,0,0,0,0,0,0x00000000,0,0,0,0,0,0x00000000,0,0,0,0,0,0x00000000,0,0,0,0,0,0x00000000,0,0,0,0
1500435,1500435,1900198,Militia Quartermaster B'davzzi,79693835,0x04C0080B,0,76,2,11,0,0x00000000,0,0,0,0,0,0x00000000,0,0,0,0,0,0x00000000,0,0,0,0,0,0x00000000,0,0,0,0,0,0x00000000,0,0,0,0,0,0x00000000,0,0,0,0
1500436,1500436,1900200,Militia Quartermaster P'lhabgo,79693835,0x04C0080B,0,76,2,11,0,0x00000000,0,0,0,0,0,0x00000000,0,0,0,0,0,0x00000000,0,0,0,0,0,0x00000000,0,0,0,0,0,0x00000000,0,0,0,0,0,0x00000000,0,0,0,0
1500437,1500437,1400164,Koppo Aroppo,383779840,0x16E00400,0,366,1,0,0,0x00000000,0,0,0,0,0,0x00000000,0,0,0,0,0,0x00000000,0,0,0,0,0,0x00000000,0,0,0,0,0,0x00000000,0,0,0,0,0,0x00000000,0,0,0,0
1500438,1500438,1900183,W'mhelgo Hena,79696966,0x04C01446,0,76,5,70,32513064,0x01F01C28,0,31,7,40,0,0x00000000,0,0,0,0,0,0x00000000,0,0,0,0,0,0x00000000,0,0,0,0,0,0x00000000,0,0,0,0,0,0x00000000,0,0,0,0
1600018,1600018,1600176,Spaerfedar,768610324,0x2DD01014,0,733,4,20,0,0x00000000,0,0,0,0,0,0x00000000,0,0,0,0,0,0x00000000,0,0,0,0,0,0x00000000,0,0,0,0,0,0x00000000,0,0,0,0,0,0x00000000,0,0,0,0
1600020,1600020,1100107,Stanilde,815793163,0x30A0040B,0,778,1,11,0,0x00000000,0,0,0,0,0,0x00000000,0,0,0,0,0,0x00000000,0,0,0,0,0,0x00000000,0,0,0,0,0,0x00000000,0,0,0,0,0,0x00000000,0,0,0,0
1600021,1600021,1200109,Matheonien,737152010,0x2BF00C0A,0,703,3,10,0,0x00000000,0,0,0,0,0,0x00000000,0,0,0,0,0,0x00000000,0,0,0,0,0,0x00000000,0,0,0,0,0,0x00000000,0,0,0,0,0,0x00000000,0,0,0,0
1600022,1600022,1400052,Gagaulu,752878622,0x2CE0041E,0,718,1,30,0,0x00000000,0,0,0,0,0,0x00000000,0,0,0,0,0,0x00000000,0,0,0,0,0,0x00000000,0,0,0,0,0,0x00000000,0,0,0,0,0,0x00000000,0,0,0,0
1600023,1600023,1600017,Ahldiyrn,721421342,0x2B00041E,0,688,1,30,0,0x00000000,0,0,0,0,0,0x00000000,0,0,0,0,0,0x00000000,0,0,0,0,0,0x00000000,0,0,0,0,0,0x00000000,0,0,0,0,0,0x00000000,0,0,0,0
1600024,1600024,1300039,Foinine,784335912,0x2EC00428,0,748,1,40,0,0x00000000,0,0,0,0,0,0x00000000,0,0,0,0,0,0x00000000,0,0,0,0,0,0x00000000,0,0,0,0,0,0x00000000,0,0,0,0,0,0x00000000,0,0,0,0
1600025,1600025,1500079,Mumuko,800070656,0x2FB01C00,0,763,7,0,0,0x00000000,0,0,0,0,0,0x00000000,0,0,0,0,0,0x00000000,0,0,0,0,0,0x00000000,0,0,0,0,0,0x00000000,0,0,0,0,0,0x00000000,0,0,0,0
1600043,1600043,1900008,P'sonjha,815793167,0x30A0040F,0,778,1,15,0,0x00000000,0,0,0,0,0,0x00000000,0,0,0,0,0,0x00000000,0,0,0,0,0,0x00000000,0,0,0,0,0,0x00000000,0,0,0,0,0,0x00000000,0,0,0,0
1600044,1600044,1300010,Allenaure,737149955,0x2BF00403,0,703,1,3,0,0x00000000,0,0,0,0,0,0x00000000,0,0,0,0,0,0x00000000,0,0,0,0,0,0x00000000,0,0,0,0,0,0x00000000,0,0,0,0,0,0x00000000,0,0,0,0
1600045,1600045,1100063,Elgiva,768609300,0x2DD00C14,0,733,3,20,0,0x00000000,0,0,0,0,0,0x00000000,0,0,0,0,0,0x00000000,0,0,0,0,0,0x00000000,0,0,0,0,0,0x00000000,0,0,0,0,0,0x00000000,0,0,0,0
1600046,1600046,1600057,Doesdornn,721421325,0x2B00040D,0,688,1,13,0,0x00000000,0,0,0,0,0,0x00000000,0,0,0,0,0,0x00000000,0,0,0,0,0,0x00000000,0,0,0,0,0,0x00000000,0,0,0,0,0,0x00000000,0,0,0,0
1600047,1600047,1000043,Barryn,705692693,0x2A100415,0,673,1,21,0,0x00000000,0,0,0,0,0,0x00000000,0,0,0,0,0,0x00000000,0,0,0,0,0,0x00000000,0,0,0,0,0,0x00000000,0,0,0,0,0,0x00000000,0,0,0,0
1600058,1600058,1900103,W'nhalki,752879636,0x2CE00814,0,718,2,20,0,0x00000000,0,0,0,0,0,0x00000000,0,0,0,0,0,0x00000000,0,0,0,0,0,0x00000000,0,0,0,0,0,0x00000000,0,0,0,0,0,0x00000000,0,0,0,0
1700009,1700009,1300094,Vielle,79697950,0x04C0181E,0,76,6,30,0,0x00000000,0,0,0,0,0,0x00000000,0,0,0,0,0,0x00000000,0,0,0,0,0,0x00000000,0,0,0,0,0,0x00000000,0,0,0,0,0,0x00000000,0,0,0,0
1700010,1700010,4000559,chocobo carriage driver,210764830,0x0C90041E,0,201,1,30,236979210,0x0E20040A,0,226,1,10,0,0x00000000,0,0,0,0,0,0x00000000,0,0,0,0,0,0x00000000,0,0,0,0,0,0x00000000,0,0,0,0,0,0x00000000,0,0,0,0
1700012,1700012,4000201,slow-witted miner,862980106,0x3370080A,0,823,2,10,0,0x00000000,0,0,0,0,0,0x00000000,0,0,0,0,0,0x00000000,0,0,0,0,0,0x00000000,0,0,0,0,0,0x00000000,0,0,0,0,0,0x00000000,0,0,0,0
1700013,1700013,4000202,muscular miner,862980106,0x3370080A,0,823,2,10,0,0x00000000,0,0,0,0,0,0x00000000,0,0,0,0,0,0x00000000,0,0,0,0,0,0x00000000,0,0,0,0,0,0x00000000,0,0,0,0,0,0x00000000,0,0,0,0
1700014,1700014,4000203,winsome miner,862980106,0x3370080A,0,823,2,10,0,0x00000000,0,0,0,0,0,0x00000000,0,0,0,0,0,0x00000000,0,0,0,0,0,0x00000000,0,0,0,0,0,0x00000000,0,0,0,0,0,0x00000000,0,0,0,0
1700015,1700015,4000204,tear-struck miner,862980096,0x33700800,0,823,2,0,0,0x00000000,0,0,0,0,0,0x00000000,0,0,0,0,0,0x00000000,0,0,0,0,0,0x00000000,0,0,0,0,0,0x00000000,0,0,0,0,0,0x00000000,0,0,0,0
1700016,1700016,4000205,disconcerted miner,862980096,0x33700800,0,823,2,0,0,0x00000000,0,0,0,0,0,0x00000000,0,0,0,0,0,0x00000000,0,0,0,0,0,0x00000000,0,0,0,0,0,0x00000000,0,0,0,0,0,0x00000000,0,0,0,0
1700017,1700017,4000206,overtired miner,862981121,0x33700C01,0,823,3,1,0,0x00000000,0,0,0,0,0,0x00000000,0,0,0,0,0,0x00000000,0,0,0,0,0,0x00000000,0,0,0,0,0,0x00000000,0,0,0,0,0,0x00000000,0,0,0,0
1700018,1700018,4000207,uncouth miner,862981121,0x33700C01,0,823,3,1,0,0x00000000,0,0,0,0,0,0x00000000,0,0,0,0,0,0x00000000,0,0,0,0,0,0x00000000,0,0,0,0,0,0x00000000,0,0,0,0,0,0x00000000,0,0,0,0
1700019,1700019,4000208,scathed miner,862981121,0x33700C01,0,823,3,1,0,0x00000000,0,0,0,0,0,0x00000000,0,0,0,0,0,0x00000000,0,0,0,0,0,0x00000000,0,0,0,0,0,0x00000000,0,0,0,0,0,0x00000000,0,0,0,0
1700020,1700020,4000209,melancholy miner,862981120,0x33700C00,0,823,3,0,0,0x00000000,0,0,0,0,0,0x00000000,0,0,0,0,0,0x00000000,0,0,0,0,0,0x00000000,0,0,0,0,0,0x00000000,0,0,0,0,0,0x00000000,0,0,0,0
1700021,1700021,4000210,sprightly miner,862981120,0x33700C00,0,823,3,0,0,0x00000000,0,0,0,0,0,0x00000000,0,0,0,0,0,0x00000000,0,0,0,0,0,0x00000000,0,0,0,0,0,0x00000000,0,0,0,0,0,0x00000000,0,0,0,0
1700022,1700022,4000211,qualmish miner,862980116,0x33700814,0,823,2,20,0,0x00000000,0,0,0,0,0,0x00000000,0,0,0,0,0,0x00000000,0,0,0,0,0,0x00000000,0,0,0,0,0,0x00000000,0,0,0,0,0,0x00000000,0,0,0,0
1700026,1700026,1100263,Cicely,878708737,0x34600801,0,838,2,1,0,0x00000000,0,0,0,0,0,0x00000000,0,0,0,0,0,0x00000000,0,0,0,0,0,0x00000000,0,0,0,0,0,0x00000000,0,0,0,0,0,0x00000000,0,0,0,0
1700027,1700027,1100394,Nesta,705692693,0x2A100415,0,673,1,21,0,0x00000000,0,0,0,0,0,0x00000000,0,0,0,0,0,0x00000000,0,0,0,0,0,0x00000000,0,0,0,0,0,0x00000000,0,0,0,0,0,0x00000000,0,0,0,0
1700028,1700028,1100199,Keelty,210765827,0x0C900803,0,201,2,3,236979210,0x0E20040A,0,226,1,10,0,0x00000000,0,0,0,0,0,0x00000000,0,0,0,0,0,0x00000000,0,0,0,0,0,0x00000000,0,0,0,0,0,0x00000000,0,0,0,0
1700030,1700030,1300064,Soileine,347081798,0x14B00C46,0,331,3,70,0,0x00000000,0,0,0,0,0,0x00000000,0,0,0,0,0,0x00000000,0,0,0,0,0,0x00000000,0,0,0,0,0,0x00000000,0,0,0,0,0,0x00000000,0,0,0,0
1700031,1700031,1900046,J'moldva,168821780,0x0A100414,0,161,1,20,0,0x00000000,0,0,0,0,0,0x00000000,0,0,0,0,0,0x00000000,0,0,0,0,0,0x00000000,0,0,0,0,0,0x00000000,0,0,0,0,0,0x00000000,0,0,0,0
1700033,1700033,1500052,Hihine,721421324,0x2B00040C,0,688,1,12,731907074,0x2BA00402,0,698,1,2,0,0x00000000,0,0,0,0,0,0x00000000,0,0,0,0,0,0x00000000,0,0,0,0,0,0x00000000,0,0,0,0,0,0x00000000,0,0,0,0
1700034,1700034,1500071,Sosoze,721421314,0x2B000402,0,688,1,2,731907073,0x2BA00401,0,698,1,1,0,0x00000000,0,0,0,0,0,0x00000000,0,0,0,0,0,0x00000000,0,0,0,0,0,0x00000000,0,0,0,0,0,0x00000000,0,0,0,0
1700035,1700035,1300040,Frailoise,826278912,0x31400400,0,788,1,0,0,0x00000000,0,0,0,0,0,0x00000000,0,0,0,0,0,0x00000000,0,0,0,0,0,0x00000000,0,0,0,0,0,0x00000000,0,0,0,0,0,0x00000000,0,0,0,0
1700040,1700040,4000505,loyal Ixal,79694848,0x04C00C00,0,76,3,0,32510976,0x01F01400,0,31,5,0,0,0x00000000,0,0,0,0,0,0x00000000,0,0,0,0,0,0x00000000,0,0,0,0,0,0x00000000,0,0,0,0,0,0x00000000,0,0,0,0
1700041,1700041,4000508,able-bodied Amalj'aa,310379550,0x1280041E,0,296,1,30,0,0x00000000,0,0,0,0,0,0x00000000,0,0,0,0,0,0x00000000,0,0,0,0,0,0x00000000,0,0,0,0,0,0x00000000,0,0,0,0,0,0x00000000,0,0,0,0
1700044,1700044,4000153,mischievous adventurer,768607232,0x2DD00400,0,733,1,0,0,0x00000000,0,0,0,0,0,0x00000000,0,0,0,0,0,0x00000000,0,0,0,0,0,0x00000000,0,0,0,0,0,0x00000000,0,0,0,0,0,0x00000000,0,0,0,0
2101801,2101801,3101801,rotting corpse,168823838,0x0A100C1E,0,161,3,30,0,0x00000000,0,0,0,0,0,0x00000000,0,0,0,0,0,0x00000000,0,0,0,0,0,0x00000000,0,0,0,0,0,0x00000000,0,0,0,0,0,0x00000000,0,0,0,0
2101802,2101802,3101802,rotting corpse,168823838,0x0A100C1E,0,161,3,30,0,0x00000000,0,0,0,0,0,0x00000000,0,0,0,0,0,0x00000000,0,0,0,0,0,0x00000000,0,0,0,0,0,0x00000000,0,0,0,0,0,0x00000000,0,0,0,0
2101803,2101803,3101803,fallen soldier,168822804,0x0A100814,0,161,2,20,0,0x00000000,0,0,0,0,0,0x00000000,0,0,0,0,0,0x00000000,0,0,0,0,0,0x00000000,0,0,0,0,0,0x00000000,0,0,0,0,0,0x00000000,0,0,0,0
2101804,2101804,3101804,fallen soldier,168822804,0x0A100814,0,161,2,20,0,0x00000000,0,0,0,0,0,0x00000000,0,0,0,0,0,0x00000000,0,0,0,0,0,0x00000000,0,0,0,0,0,0x00000000,0,0,0,0,0,0x00000000,0,0,0,0
2101805,2101805,3101805,fallen pikeman,168822804,0x0A100814,0,161,2,20,0,0x00000000,0,0,0,0,0,0x00000000,0,0,0,0,0,0x00000000,0,0,0,0,0,0x00000000,0,0,0,0,0,0x00000000,0,0,0,0,0,0x00000000,0,0,0,0
2101806,2101806,3101806,fallen pikeman,168822804,0x0A100814,0,161,2,20,0,0x00000000,0,0,0,0,0,0x00000000,0,0,0,0,0,0x00000000,0,0,0,0,0,0x00000000,0,0,0,0,0,0x00000000,0,0,0,0,0,0x00000000,0,0,0,0
2101807,2101807,3101807,fallen captain,168822804,0x0A100814,0,161,2,20,0,0x00000000,0,0,0,0,0,0x00000000,0,0,0,0,0,0x00000000,0,0,0,0,0,0x00000000,0,0,0,0,0,0x00000000,0,0,0,0,0,0x00000000,0,0,0,0
2101808,2101808,3101808,rotting corpse,310379550,0x1280041E,0,296,1,30,0,0x00000000,0,0,0,0,0,0x00000000,0,0,0,0,0,0x00000000,0,0,0,0,0,0x00000000,0,0,0,0,0,0x00000000,0,0,0,0,0,0x00000000,0,0,0,0
2101809,2101809,3101809,rotting corpse,310379550,0x1280041E,0,296,1,30,0,0x00000000,0,0,0,0,0,0x00000000,0,0,0,0,0,0x00000000,0,0,0,0,0,0x00000000,0,0,0,0,0,0x00000000,0,0,0,0,0,0x00000000,0,0,0,0
2101810,2101810,3101810,fallen mage,310379570,0x12800432,0,296,1,50,0,0x00000000,0,0,0,0,0,0x00000000,0,0,0,0,0,0x00000000,0,0,0,0,0,0x00000000,0,0,0,0,0,0x00000000,0,0,0,0,0,0x00000000,0,0,0,0
2101811,2101811,3101811,fallen mage,310379570,0x12800432,0,296,1,50,0,0x00000000,0,0,0,0,0,0x00000000,0,0,0,0,0,0x00000000,0,0,0,0,0,0x00000000,0,0,0,0,0,0x00000000,0,0,0,0,0,0x00000000,0,0,0,0
2101812,2101812,3101812,fallen wizard,310379580,0x1280043C,0,296,1,60,0,0x00000000,0,0,0,0,0,0x00000000,0,0,0,0,0,0x00000000,0,0,0,0,0,0x00000000,0,0,0,0,0,0x00000000,0,0,0,0,0,0x00000000,0,0,0,0
2101813,2101813,3101813,fallen wizard,310379580,0x1280043C,0,296,1,60,0,0x00000000,0,0,0,0,0,0x00000000,0,0,0,0,0,0x00000000,0,0,0,0,0,0x00000000,0,0,0,0,0,0x00000000,0,0,0,0,0,0x00000000,0,0,0,0
2101814,2101814,3101814,fallen archmage,310379580,0x1280043C,0,296,1,60,0,0x00000000,0,0,0,0,0,0x00000000,0,0,0,0,0,0x00000000,0,0,0,0,0,0x00000000,0,0,0,0,0,0x00000000,0,0,0,0,0,0x00000000,0,0,0,0
2101815,2101815,3101817,dapper cadaver,168823838,0x0A100C1E,0,161,3,30,0,0x00000000,0,0,0,0,0,0x00000000,0,0,0,0,0,0x00000000,0,0,0,0,0,0x00000000,0,0,0,0,0,0x00000000,0,0,0,0,0,0x00000000,0,0,0,0
2101816,2101816,3101818,dapper cadaver,310379550,0x1280041E,0,296,1,30,0,0x00000000,0,0,0,0,0,0x00000000,0,0,0,0,0,0x00000000,0,0,0,0,0,0x00000000,0,0,0,0,0,0x00000000,0,0,0,0,0,0x00000000,0,0,0,0
2101817,2101817,3101815,zombie,168823838,0x0A100C1E,0,161,3,30,0,0x00000000,0,0,0,0,0,0x00000000,0,0,0,0,0,0x00000000,0,0,0,0,0,0x00000000,0,0,0,0,0,0x00000000,0,0,0,0,0,0x00000000,0,0,0,0
2101818,2101818,3101816,zombie,310379550,0x1280041E,0,296,1,30,0,0x00000000,0,0,0,0,0,0x00000000,0,0,0,0,0,0x00000000,0,0,0,0,0,0x00000000,0,0,0,0,0,0x00000000,0,0,0,0,0,0x00000000,0,0,0,0
2101819,2101819,3101819,deepvoid pikeman,168822804,0x0A100814,0,161,2,20,0,0x00000000,0,0,0,0,0,0x00000000,0,0,0,0,0,0x00000000,0,0,0,0,0,0x00000000,0,0,0,0,0,0x00000000,0,0,0,0,0,0x00000000,0,0,0,0
2101820,2101820,3101820,deepvoid wizard,310379580,0x1280043C,0,296,1,60,0,0x00000000,0,0,0,0,0,0x00000000,0,0,0,0,0,0x00000000,0,0,0,0,0,0x00000000,0,0,0,0,0,0x00000000,0,0,0,0,0,0x00000000,0,0,0,0
2101821,2101821,3101819,deepvoid pikeman,168822804,0x0A100814,0,161,2,20,0,0x00000000,0,0,0,0,0,0x00000000,0,0,0,0,0,0x00000000,0,0,0,0,0,0x00000000,0,0,0,0,0,0x00000000,0,0,0,0,0,0x00000000,0,0,0,0
2101822,2101822,3101820,deepvoid wizard,310379580,0x1280043C,0,296,1,60,0,0x00000000,0,0,0,0,0,0x00000000,0,0,0,0,0,0x00000000,0,0,0,0,0,0x00000000,0,0,0,0,0,0x00000000,0,0,0,0,0,0x00000000,0,0,0,0
2101901,2101901,3101901,magicked bones,79693884,0x04C0083C,0,76,2,60,32510986,0x01F0140A,0,31,5,10,0,0x00000000,0,0,0,0,0,0x00000000,0,0,0,0,0,0x00000000,0,0,0,0,0,0x00000000,0,0,0,0,0,0x00000000,0,0,0,0
2101902,2101902,3101902,magicked bones,79692910,0x04C0046E,0,76,1,110,32510986,0x01F0140A,0,31,5,10,0,0x00000000,0,0,0,0,0,0x00000000,0,0,0,0,0,0x00000000,0,0,0,0,0,0x00000000,0,0,0,0,0,0x00000000,0,0,0,0
2101903,2101903,3101903,skeleton swordbearer,79692880,0x04C00450,0,76,1,80,32514138,0x01F0205A,0,31,8,90,0,0x00000000,0,0,0,0,0,0x00000000,0,0,0,0,0,0x00000000,0,0,0,0,0,0x00000000,0,0,0,0,0,0x00000000,0,0,0,0
2101904,2101904,3101904,skeleton soldier,79697920,0x04C01800,0,76,6,0,32514138,0x01F0205A,0,31,8,90,0,0x00000000,0,0,0,0,0,0x00000000,0,0,0,0,0,0x00000000,0,0,0,0,0,0x00000000,0,0,0,0,0,0x00000000,0,0,0,0
2101905,2101905,3101905,wight warrior,79697920,0x04C01800,0,76,6,0,32507964,0x01F0083C,0,31,2,60,0,0x00000000,0,0,0,0,0,0x00000000,0,0,0,0,0,0x00000000,0,0,0,0,0,0x00000000,0,0,0,0,0,0x00000000,0,0,0,0
2101906,2101906,3101906,wight warrior,80741376,0x04D00400,0,77,1,0,32507964,0x01F0083C,0,31,2,60,0,0x00000000,0,0,0,0,0,0x00000000,0,0,0,0,0,0x00000000,0,0,0,0,0,0x00000000,0,0,0,0,0,0x00000000,0,0,0,0
2101907,2101907,3101907,wendigo,80741376,0x04D00400,0,77,1,0,32508968,0x01F00C28,0,31,3,40,0,0x00000000,0,0,0,0,0,0x00000000,0,0,0,0,0,0x00000000,0,0,0,0,0,0x00000000,0,0,0,0,0,0x00000000,0,0,0,0
2101908,2101908,3101909,wandering wight,79697920,0x04C01800,0,76,6,0,32514138,0x01F0205A,0,31,8,90,0,0x00000000,0,0,0,0,0,0x00000000,0,0,0,0,0,0x00000000,0,0,0,0,0,0x00000000,0,0,0,0,0,0x00000000,0,0,0,0
2101909,2101909,3101908,wight,80741376,0x04D00400,0,77,1,0,32510986,0x01F0140A,0,31,5,10,0,0x00000000,0,0,0,0,0,0x00000000,0,0,0,0,0,0x00000000,0,0,0,0,0,0x00000000,0,0,0,0,0,0x00000000,0,0,0,0
2101910,2101910,3101910,deepvoid warrior,80741376,0x04D00400,0,77,1,0,32508968,0x01F00C28,0,31,3,40,0,0x00000000,0,0,0,0,0,0x00000000,0,0,0,0,0,0x00000000,0,0,0,0,0,0x00000000,0,0,0,0,0,0x00000000,0,0,0,0
2101911,2101911,3101910,deepvoid warrior,80741376,0x04D00400,0,77,1,0,32508968,0x01F00C28,0,31,3,40,0,0x00000000,0,0,0,0,0,0x00000000,0,0,0,0,0,0x00000000,0,0,0,0,0,0x00000000,0,0,0,0,0,0x00000000,0,0,0,0
2106401,2106401,3106401,Ixali fencer,79697940,0x04C01814,0,76,6,20,32510979,0x01F01403,0,31,5,3,0,0x00000000,0,0,0,0,0,0x00000000,0,0,0,0,0,0x00000000,0,0,0,0,0,0x00000000,0,0,0,0,0,0x00000000,0,0,0,0
2106402,2106402,3106402,Ixali gladiator,80741396,0x04D00414,0,77,1,20,32507915,0x01F0080B,0,31,2,11,0,0x00000000,0,0,0,0,0,0x00000000,0,0,0,0,0,0x00000000,0,0,0,0,0,0x00000000,0,0,0,0,0,0x00000000,0,0,0,0
2106403,2106403,3106403,Ixali duelist,79695892,0x04C01014,0,76,4,20,32510981,0x01F01405,0,31,5,5,0,0x00000000,0,0,0,0,0,0x00000000,0,0,0,0,0,0x00000000,0,0,0,0,0,0x00000000,0,0,0,0,0,0x00000000,0,0,0,0
2106404,2106404,3106404,Ixali duelist,79697960,0x04C01828,0,76,6,40,32510976,0x01F01400,0,31,5,0,0,0x00000000,0,0,0,0,0,0x00000000,0,0,0,0,0,0x00000000,0,0,0,0,0,0x00000000,0,0,0,0,0,0x00000000,0,0,0,0
2106405,2106405,3106405,Ixali duelist,80741416,0x04D00428,0,77,1,40,32508948,0x01F00C14,0,31,3,20,0,0x00000000,0,0,0,0,0,0x00000000,0,0,0,0,0,0x00000000,0,0,0,0,0,0x00000000,0,0,0,0,0,0x00000000,0,0,0,0
2106406,2106406,3106406,Ixali duelist,79697970,0x04C01832,0,76,6,50,32510984,0x01F01408,0,31,5,8,0,0x00000000,0,0,0,0,0,0x00000000,0,0,0,0,0,0x00000000,0,0,0,0,0,0x00000000,0,0,0,0,0,0x00000000,0,0,0,0
2106407,2106407,3106407,Ixali duelist,79697970,0x04C01832,0,76,6,50,32510984,0x01F01408,0,31,5,8,0,0x00000000,0,0,0,0,0,0x00000000,0,0,0,0,0,0x00000000,0,0,0,0,0,0x00000000,0,0,0,0,0,0x00000000,0,0,0,0
2106408,2106408,3106408,Ixali warrior,79697940,0x04C01814,0,76,6,20,32510979,0x01F01403,0,31,5,3,0,0x00000000,0,0,0,0,0,0x00000000,0,0,0,0,0,0x00000000,0,0,0,0,0,0x00000000,0,0,0,0,0,0x00000000,0,0,0,0
2106409,2106409,3106409,Ixali warrior,79697940,0x04C01814,0,76,6,20,32510979,0x01F01403,0,31,5,3,0,0x00000000,0,0,0,0,0,0x00000000,0,0,0,0,0,0x00000000,0,0,0,0,0,0x00000000,0,0,0,0,0,0x00000000,0,0,0,0
2106410,2106410,3106410,Ixali warrior,79697940,0x04C01814,0,76,6,20,32510979,0x01F01403,0,31,5,3,0,0x00000000,0,0,0,0,0,0x00000000,0,0,0,0,0,0x00000000,0,0,0,0,0,0x00000000,0,0,0,0,0,0x00000000,0,0,0,0
2106411,2106411,3106401,Ixali fencer,79697940,0x04C01814,0,76,6,20,32510979,0x01F01403,0,31,5,3,0,0x00000000,0,0,0,0,0,0x00000000,0,0,0,0,0,0x00000000,0,0,0,0,0,0x00000000,0,0,0,0,0,0x00000000,0,0,0,0
2106412,2106412,3106401,Ixali fencer,79697940,0x04C01814,0,76,6,20,32510979,0x01F01403,0,31,5,3,0,0x00000000,0,0,0,0,0,0x00000000,0,0,0,0,0,0x00000000,0,0,0,0,0,0x00000000,0,0,0,0,0,0x00000000,0,0,0,0
2106413,2106413,3106401,Ixali fencer,79697940,0x04C01814,0,76,6,20,32510979,0x01F01403,0,31,5,3,0,0x00000000,0,0,0,0,0,0x00000000,0,0,0,0,0,0x00000000,0,0,0,0,0,0x00000000,0,0,0,0,0,0x00000000,0,0,0,0
2106414,2106414,3106411,Ixali fearcaller,347079681,0x14B00401,0,331,1,1,0,0x00000000,0,0,0,0,0,0x00000000,0,0,0,0,0,0x00000000,0,0,0,0,0,0x00000000,0,0,0,0,0,0x00000000,0,0,0,0,0,0x00000000,0,0,0,0
2106415,2106415,3106411,Ixali fearcaller,347079681,0x14B00401,0,331,1,1,0,0x00000000,0,0,0,0,0,0x00000000,0,0,0,0,0,0x00000000,0,0,0,0,0,0x00000000,0,0,0,0,0,0x00000000,0,0,0,0,0,0x00000000,0,0,0,0
2106416,2106416,3106411,Ixali fearcaller,347079681,0x14B00401,0,331,1,1,0,0x00000000,0,0,0,0,0,0x00000000,0,0,0,0,0,0x00000000,0,0,0,0,0,0x00000000,0,0,0,0,0,0x00000000,0,0,0,0,0,0x00000000,0,0,0,0
2106417,2106417,3106412,Ixali fogcaller,347079683,0x14B00403,0,331,1,3,0,0x00000000,0,0,0,0,0,0x00000000,0,0,0,0,0,0x00000000,0,0,0,0,0,0x00000000,0,0,0,0,0,0x00000000,0,0,0,0,0,0x00000000,0,0,0,0
2106418,2106418,3106412,Ixali fogcaller,347079683,0x14B00403,0,331,1,3,0,0x00000000,0,0,0,0,0,0x00000000,0,0,0,0,0,0x00000000,0,0,0,0,0,0x00000000,0,0,0,0,0,0x00000000,0,0,0,0,0,0x00000000,0,0,0,0
2106419,2106419,3106412,Ixali fogcaller,347079683,0x14B00403,0,331,1,3,0,0x00000000,0,0,0,0,0,0x00000000,0,0,0,0,0,0x00000000,0,0,0,0,0,0x00000000,0,0,0,0,0,0x00000000,0,0,0,0,0,0x00000000,0,0,0,0
2106420,2106420,3106413,Ixali fatecaller,347079685,0x14B00405,0,331,1,5,0,0x00000000,0,0,0,0,0,0x00000000,0,0,0,0,0,0x00000000,0,0,0,0,0,0x00000000,0,0,0,0,0,0x00000000,0,0,0,0,0,0x00000000,0,0,0,0
2106421,2106421,3106413,Ixali fatecaller,347079685,0x14B00405,0,331,1,5,0,0x00000000,0,0,0,0,0,0x00000000,0,0,0,0,0,0x00000000,0,0,0,0,0,0x00000000,0,0,0,0,0,0x00000000,0,0,0,0,0,0x00000000,0,0,0,0
2106422,2106422,3106413,Ixali fatecaller,347079685,0x14B00405,0,331,1,5,0,0x00000000,0,0,0,0,0,0x00000000,0,0,0,0,0,0x00000000,0,0,0,0,0,0x00000000,0,0,0,0,0,0x00000000,0,0,0,0,0,0x00000000,0,0,0,0
2106423,2106423,3106414,Ixali squire,79697940,0x04C01814,0,76,6,20,32510976,0x01F01400,0,31,5,0,0,0x00000000,0,0,0,0,0,0x00000000,0,0,0,0,0,0x00000000,0,0,0,0,0,0x00000000,0,0,0,0,0,0x00000000,0,0,0,0
2106424,2106424,3106414,Ixali squire,79697940,0x04C01814,0,76,6,20,32510976,0x01F01400,0,31,5,0,0,0x00000000,0,0,0,0,0,0x00000000,0,0,0,0,0,0x00000000,0,0,0,0,0,0x00000000,0,0,0,0,0,0x00000000,0,0,0,0
2106425,2106425,3106414,Ixali squire,79697940,0x04C01814,0,76,6,20,32510976,0x01F01400,0,31,5,0,0,0x00000000,0,0,0,0,0,0x00000000,0,0,0,0,0,0x00000000,0,0,0,0,0,0x00000000,0,0,0,0,0,0x00000000,0,0,0,0
2106426,2106426,3106415,Ixali swordfighter,79697930,0x04C0180A,0,76,6,10,32510978,0x01F01402,0,31,5,2,0,0x00000000,0,0,0,0,0,0x00000000,0,0,0,0,0,0x00000000,0,0,0,0,0,0x00000000,0,0,0,0,0,0x00000000,0,0,0,0
2106427,2106427,3106415,Ixali swordfighter,79697930,0x04C0180A,0,76,6,10,32510978,0x01F01402,0,31,5,2,0,0x00000000,0,0,0,0,0,0x00000000,0,0,0,0,0,0x00000000,0,0,0,0,0,0x00000000,0,0,0,0,0,0x00000000,0,0,0,0
2106428,2106428,3106415,Ixali swordfighter,79697930,0x04C0180A,0,76,6,10,32510978,0x01F01402,0,31,5,2,0,0x00000000,0,0,0,0,0,0x00000000,0,0,0,0,0,0x00000000,0,0,0,0,0,0x00000000,0,0,0,0,0,0x00000000,0,0,0,0
2106429,2106429,3106420,Ixali stillbeak,168825856,0x0A101400,0,161,5,0,0,0x00000000,0,0,0,0,0,0x00000000,0,0,0,0,0,0x00000000,0,0,0,0,0,0x00000000,0,0,0,0,0,0x00000000,0,0,0,0,0,0x00000000,0,0,0,0
2106430,2106430,3106420,Ixali stillbeak,168825856,0x0A101400,0,161,5,0,0,0x00000000,0,0,0,0,0,0x00000000,0,0,0,0,0,0x00000000,0,0,0,0,0,0x00000000,0,0,0,0,0,0x00000000,0,0,0,0,0,0x00000000,0,0,0,0
2106431,2106431,3106420,Ixali stillbeak,168825856,0x0A101400,0,161,5,0,0,0x00000000,0,0,0,0,0,0x00000000,0,0,0,0,0,0x00000000,0,0,0,0,0,0x00000000,0,0,0,0,0,0x00000000,0,0,0,0,0,0x00000000,0,0,0,0
2106432,2106432,3106421,Ixali swiftbeak,168825858,0x0A101402,0,161,5,2,0,0x00000000,0,0,0,0,0,0x00000000,0,0,0,0,0,0x00000000,0,0,0,0,0,0x00000000,0,0,0,0,0,0x00000000,0,0,0,0,0,0x00000000,0,0,0,0
2106433,2106433,3106421,Ixali swiftbeak,168825858,0x0A101402,0,161,5,2,0,0x00000000,0,0,0,0,0,0x00000000,0,0,0,0,0,0x00000000,0,0,0,0,0,0x00000000,0,0,0,0,0,0x00000000,0,0,0,0,0,0x00000000,0,0,0,0
2106434,2106434,3106421,Ixali swiftbeak,168825858,0x0A101402,0,161,5,2,0,0x00000000,0,0,0,0,0,0x00000000,0,0,0,0,0,0x00000000,0,0,0,0,0,0x00000000,0,0,0,0,0,0x00000000,0,0,0,0,0,0x00000000,0,0,0,0
2106435,2106435,3106422,Ixali strongbeak,168825866,0x0A10140A,0,161,5,10,0,0x00000000,0,0,0,0,0,0x00000000,0,0,0,0,0,0x00000000,0,0,0,0,0,0x00000000,0,0,0,0,0,0x00000000,0,0,0,0,0,0x00000000,0,0,0,0
2106436,2106436,3106422,Ixali strongbeak,168825866,0x0A10140A,0,161,5,10,0,0x00000000,0,0,0,0,0,0x00000000,0,0,0,0,0,0x00000000,0,0,0,0,0,0x00000000,0,0,0,0,0,0x00000000,0,0,0,0,0,0x00000000,0,0,0,0
2106437,2106437,3106422,Ixali strongbeak,168825866,0x0A10140A,0,161,5,10,0,0x00000000,0,0,0,0,0,0x00000000,0,0,0,0,0,0x00000000,0,0,0,0,0,0x00000000,0,0,0,0,0,0x00000000,0,0,0,0,0,0x00000000,0,0,0,0
2106438,2106438,3106427,Ixali boundwing,147851275,0x08D0080B,0,141,2,11,0,0x00000000,0,0,0,0,0,0x00000000,0,0,0,0,0,0x00000000,0,0,0,0,0,0x00000000,0,0,0,0,0,0x00000000,0,0,0,0,0,0x00000000,0,0,0,0
2106439,2106439,3106427,Ixali boundwing,147851275,0x08D0080B,0,141,2,11,0,0x00000000,0,0,0,0,0,0x00000000,0,0,0,0,0,0x00000000,0,0,0,0,0,0x00000000,0,0,0,0,0,0x00000000,0,0,0,0,0,0x00000000,0,0,0,0
2106440,2106440,3106427,Ixali boundwing,147851275,0x08D0080B,0,141,2,11,0,0x00000000,0,0,0,0,0,0x00000000,0,0,0,0,0,0x00000000,0,0,0,0,0,0x00000000,0,0,0,0,0,0x00000000,0,0,0,0,0,0x00000000,0,0,0,0
2106441,2106441,3106428,Ixali boldwing,147851276,0x08D0080C,0,141,2,12,0,0x00000000,0,0,0,0,0,0x00000000,0,0,0,0,0,0x00000000,0,0,0,0,0,0x00000000,0,0,0,0,0,0x00000000,0,0,0,0,0,0x00000000,0,0,0,0
2106442,2106442,3106428,Ixali boldwing,147851276,0x08D0080C,0,141,2,12,0,0x00000000,0,0,0,0,0,0x00000000,0,0,0,0,0,0x00000000,0,0,0,0,0,0x00000000,0,0,0,0,0,0x00000000,0,0,0,0,0,0x00000000,0,0,0,0
2106443,2106443,3106428,Ixali boldwing,147851276,0x08D0080C,0,141,2,12,0,0x00000000,0,0,0,0,0,0x00000000,0,0,0,0,0,0x00000000,0,0,0,0,0,0x00000000,0,0,0,0,0,0x00000000,0,0,0,0,0,0x00000000,0,0,0,0
2106444,2106444,3106429,Ixali bravewing,147851287,0x08D00817,0,141,2,23,0,0x00000000,0,0,0,0,0,0x00000000,0,0,0,0,0,0x00000000,0,0,0,0,0,0x00000000,0,0,0,0,0,0x00000000,0,0,0,0,0,0x00000000,0,0,0,0
2106445,2106445,3106429,Ixali bravewing,147851287,0x08D00817,0,141,2,23,0,0x00000000,0,0,0,0,0,0x00000000,0,0,0,0,0,0x00000000,0,0,0,0,0,0x00000000,0,0,0,0,0,0x00000000,0,0,0,0,0,0x00000000,0,0,0,0
2106446,2106446,3106429,Ixali bravewing,147851287,0x08D00817,0,141,2,23,0,0x00000000,0,0,0,0,0,0x00000000,0,0,0,0,0,0x00000000,0,0,0,0,0,0x00000000,0,0,0,0,0,0x00000000,0,0,0,0,0,0x00000000,0,0,0,0
2106447,2106447,3106416,Natalan pikecarver,168825867,0x0A10140B,0,161,5,11,0,0x00000000,0,0,0,0,0,0x00000000,0,0,0,0,0,0x00000000,0,0,0,0,0,0x00000000,0,0,0,0,0,0x00000000,0,0,0,0,0,0x00000000,0,0,0,0
2106448,2106448,3106416,Natalan pikecarver,168825867,0x0A10140B,0,161,5,11,0,0x00000000,0,0,0,0,0,0x00000000,0,0,0,0,0,0x00000000,0,0,0,0,0,0x00000000,0,0,0,0,0,0x00000000,0,0,0,0,0,0x00000000,0,0,0,0
2106449,2106449,3106417,Natalan gatekeeper,168825867,0x0A10140B,0,161,5,11,0,0x00000000,0,0,0,0,0,0x00000000,0,0,0,0,0,0x00000000,0,0,0,0,0,0x00000000,0,0,0,0,0,0x00000000,0,0,0,0,0,0x00000000,0,0,0,0
2106450,2106450,3106417,Natalan gatekeeper,168825867,0x0A10140B,0,161,5,11,0,0x00000000,0,0,0,0,0,0x00000000,0,0,0,0,0,0x00000000,0,0,0,0,0,0x00000000,0,0,0,0,0,0x00000000,0,0,0,0,0,0x00000000,0,0,0,0
2106451,2106451,3106418,Natalan sentry,168823848,0x0A100C28,0,161,3,40,0,0x00000000,0,0,0,0,0,0x00000000,0,0,0,0,0,0x00000000,0,0,0,0,0,0x00000000,0,0,0,0,0,0x00000000,0,0,0,0,0,0x00000000,0,0,0,0
2106452,2106452,3106419,Headsman's Lance,168823848,0x0A100C28,0,161,3,40,0,0x00000000,0,0,0,0,0,0x00000000,0,0,0,0,0,0x00000000,0,0,0,0,0,0x00000000,0,0,0,0,0,0x00000000,0,0,0,0,0,0x00000000,0,0,0,0
2106453,2106453,3106423,Natalan logsplitter,147851285,0x08D00815,0,141,2,21,0,0x00000000,0,0,0,0,0,0x00000000,0,0,0,0,0,0x00000000,0,0,0,0,0,0x00000000,0,0,0,0,0,0x00000000,0,0,0,0,0,0x00000000,0,0,0,0
2106454,2106454,3106423,Natalan logsplitter,147851285,0x08D00815,0,141,2,21,0,0x00000000,0,0,0,0,0,0x00000000,0,0,0,0,0,0x00000000,0,0,0,0,0,0x00000000,0,0,0,0,0,0x00000000,0,0,0,0,0,0x00000000,0,0,0,0
2106455,2106455,3106424,Natalan gatekeeper,147851285,0x08D00815,0,141,2,21,0,0x00000000,0,0,0,0,0,0x00000000,0,0,0,0,0,0x00000000,0,0,0,0,0,0x00000000,0,0,0,0,0,0x00000000,0,0,0,0,0,0x00000000,0,0,0,0
2106456,2106456,3106424,Natalan gatekeeper,147851285,0x08D00815,0,141,2,21,0,0x00000000,0,0,0,0,0,0x00000000,0,0,0,0,0,0x00000000,0,0,0,0,0,0x00000000,0,0,0,0,0,0x00000000,0,0,0,0,0,0x00000000,0,0,0,0
2106457,2106457,3106424,Natalan gatekeeper,147851285,0x08D00815,0,141,2,21,0,0x00000000,0,0,0,0,0,0x00000000,0,0,0,0,0,0x00000000,0,0,0,0,0,0x00000000,0,0,0,0,0,0x00000000,0,0,0,0,0,0x00000000,0,0,0,0
2106458,2106458,3106425,Natalan sentry,147851284,0x08D00814,0,141,2,20,0,0x00000000,0,0,0,0,0,0x00000000,0,0,0,0,0,0x00000000,0,0,0,0,0,0x00000000,0,0,0,0,0,0x00000000,0,0,0,0,0,0x00000000,0,0,0,0
2106459,2106459,3106426,Headsman's Axe,147851286,0x08D00816,0,141,2,22,0,0x00000000,0,0,0,0,0,0x00000000,0,0,0,0,0,0x00000000,0,0,0,0,0,0x00000000,0,0,0,0,0,0x00000000,0,0,0,0,0,0x00000000,0,0,0,0
2106460,2106460,3106430,Natalan wolftamer,79697960,0x04C01828,0,76,6,40,32510983,0x01F01407,0,31,5,7,0,0x00000000,0,0,0,0,0,0x00000000,0,0,0,0,0,0x00000000,0,0,0,0,0,0x00000000,0,0,0,0,0,0x00000000,0,0,0,0
2106461,2106461,3106430,Natalan wolftamer,79697960,0x04C01828,0,76,6,40,32510983,0x01F01407,0,31,5,7,0,0x00000000,0,0,0,0,0,0x00000000,0,0,0,0,0,0x00000000,0,0,0,0,0,0x00000000,0,0,0,0,0,0x00000000,0,0,0,0
2106462,2106462,3106430,Natalan wolftamer,79697960,0x04C01828,0,76,6,40,32510983,0x01F01407,0,31,5,7,0,0x00000000,0,0,0,0,0,0x00000000,0,0,0,0,0,0x00000000,0,0,0,0,0,0x00000000,0,0,0,0,0,0x00000000,0,0,0,0
2106463,2106463,3106431,Natalan gatekeeper,79697960,0x04C01828,0,76,6,40,32510983,0x01F01407,0,31,5,7,0,0x00000000,0,0,0,0,0,0x00000000,0,0,0,0,0,0x00000000,0,0,0,0,0,0x00000000,0,0,0,0,0,0x00000000,0,0,0,0
2106464,2106464,3106431,Natalan gatekeeper,79697960,0x04C01828,0,76,6,40,32510983,0x01F01407,0,31,5,7,0,0x00000000,0,0,0,0,0,0x00000000,0,0,0,0,0,0x00000000,0,0,0,0,0,0x00000000,0,0,0,0,0,0x00000000,0,0,0,0
2106465,2106465,3106432,Natalan sentry,79697970,0x04C01832,0,76,6,50,32510981,0x01F01405,0,31,5,5,0,0x00000000,0,0,0,0,0,0x00000000,0,0,0,0,0,0x00000000,0,0,0,0,0,0x00000000,0,0,0,0,0,0x00000000,0,0,0,0
2106466,2106466,3106433,Lozol Totoloq the Decapitator,79697980,0x04C0183C,0,76,6,60,32510984,0x01F01408,0,31,5,8,0,0x00000000,0,0,0,0,0,0x00000000,0,0,0,0,0,0x00000000,0,0,0,0,0,0x00000000,0,0,0,0,0,0x00000000,0,0,0,0
2106467,2106467,3106434,Natalan boneknitter,347080754,0x14B00832,0,331,2,50,0,0x00000000,0,0,0,0,0,0x00000000,0,0,0,0,0,0x00000000,0,0,0,0,0,0x00000000,0,0,0,0,0,0x00000000,0,0,0,0,0,0x00000000,0,0,0,0
2106468,2106468,3106434,Natalan boneknitter,347080754,0x14B00832,0,331,2,50,0,0x00000000,0,0,0,0,0,0x00000000,0,0,0,0,0,0x00000000,0,0,0,0,0,0x00000000,0,0,0,0,0,0x00000000,0,0,0,0,0,0x00000000,0,0,0,0
2106469,2106469,3106434,Natalan boneknitter,347080754,0x14B00832,0,331,2,50,0,0x00000000,0,0,0,0,0,0x00000000,0,0,0,0,0,0x00000000,0,0,0,0,0,0x00000000,0,0,0,0,0,0x00000000,0,0,0,0,0,0x00000000,0,0,0,0
2106470,2106470,3106435,Natalan gatekeeper,347080814,0x14B0086E,0,331,2,110,0,0x00000000,0,0,0,0,0,0x00000000,0,0,0,0,0,0x00000000,0,0,0,0,0,0x00000000,0,0,0,0,0,0x00000000,0,0,0,0,0,0x00000000,0,0,0,0
2106471,2106471,3106435,Natalan gatekeeper,347080814,0x14B0086E,0,331,2,110,0,0x00000000,0,0,0,0,0,0x00000000,0,0,0,0,0,0x00000000,0,0,0,0,0,0x00000000,0,0,0,0,0,0x00000000,0,0,0,0,0,0x00000000,0,0,0,0
2106472,2106472,3106436,Natalan sentry,347080814,0x14B0086E,0,331,2,110,0,0x00000000,0,0,0,0,0,0x00000000,0,0,0,0,0,0x00000000,0,0,0,0,0,0x00000000,0,0,0,0,0,0x00000000,0,0,0,0,0,0x00000000,0,0,0,0
2106473,2106473,3106437,Headsman's Hex,347080814,0x14B0086E,0,331,2,110,0,0x00000000,0,0,0,0,0,0x00000000,0,0,0,0,0,0x00000000,0,0,0,0,0,0x00000000,0,0,0,0,0,0x00000000,0,0,0,0,0,0x00000000,0,0,0,0
2106501,2106501,3106501,Amalj'aa drubber,60818482,0x03A00432,0,58,1,50,61867058,0x03B00432,0,59,1,50,0,0x00000000,0,0,0,0,0,0x00000000,0,0,0,0,0,0x00000000,0,0,0,0,0,0x00000000,0,0,0,0,0,0x00000000,0,0,0,0
2106502,2106502,3106502,Amalj'aa pugilist,58724382,0x0380101E,0,56,4,30,59772958,0x0390101E,0,57,4,30,0,0x00000000,0,0,0,0,0,0x00000000,0,0,0,0,0,0x00000000,0,0,0,0,0,0x00000000,0,0,0,0,0,0x00000000,0,0,0,0
2106503,2106503,3106503,Amalj'aa grappler,60818492,0x03A0043C,0,58,1,60,61867068,0x03B0043C,0,59,1,60,0,0x00000000,0,0,0,0,0,0x00000000,0,0,0,0,0,0x00000000,0,0,0,0,0,0x00000000,0,0,0,0,0,0x00000000,0,0,0,0
2106504,2106504,3106504,Amalj'aa grappler,58724354,0x03801002,0,56,4,2,59772930,0x03901002,0,57,4,2,0,0x00000000,0,0,0,0,0,0x00000000,0,0,0,0,0,0x00000000,0,0,0,0,0,0x00000000,0,0,0,0,0,0x00000000,0,0,0,0
2106505,2106505,3106505,Amalj'aa grappler,58723339,0x03800C0B,0,56,3,11,59771915,0x03900C0B,0,57,3,11,0,0x00000000,0,0,0,0,0,0x00000000,0,0,0,0,0,0x00000000,0,0,0,0,0,0x00000000,0,0,0,0,0,0x00000000,0,0,0,0
2106506,2106506,3106506,Amalj'aa grappler,58724393,0x03801029,0,56,4,41,59772969,0x03901029,0,57,4,41,0,0x00000000,0,0,0,0,0,0x00000000,0,0,0,0,0,0x00000000,0,0,0,0,0,0x00000000,0,0,0,0,0,0x00000000,0,0,0,0
2106507,2106507,3106507,Amalj'aa grappler,58724393,0x03801029,0,56,4,41,59772969,0x03901029,0,57,4,41,0,0x00000000,0,0,0,0,0,0x00000000,0,0,0,0,0,0x00000000,0,0,0,0,0,0x00000000,0,0,0,0,0,0x00000000,0,0,0,0
2106508,2106508,3106508,Amalj'aa lancer,168826882,0x0A101802,0,161,6,2,0,0x00000000,0,0,0,0,0,0x00000000,0,0,0,0,0,0x00000000,0,0,0,0,0,0x00000000,0,0,0,0,0,0x00000000,0,0,0,0,0,0x00000000,0,0,0,0
2106509,2106509,3106509,Amalj'aa halberdier,168821790,0x0A10041E,0,161,1,30,0,0x00000000,0,0,0,0,0,0x00000000,0,0,0,0,0,0x00000000,0,0,0,0,0,0x00000000,0,0,0,0,0,0x00000000,0,0,0,0,0,0x00000000,0,0,0,0
2106510,2106510,3106510,Amalj'aa impaler,168826885,0x0A101805,0,161,6,5,0,0x00000000,0,0,0,0,0,0x00000000,0,0,0,0,0,0x00000000,0,0,0,0,0,0x00000000,0,0,0,0,0,0x00000000,0,0,0,0,0,0x00000000,0,0,0,0
2106511,2106511,3106511,Amalj'aa impaler,168821800,0x0A100428,0,161,1,40,0,0x00000000,0,0,0,0,0,0x00000000,0,0,0,0,0,0x00000000,0,0,0,0,0,0x00000000,0,0,0,0,0,0x00000000,0,0,0,0,0,0x00000000,0,0,0,0
2106512,2106512,3106512,Amalj'aa impaler,168825858,0x0A101402,0,161,5,2,0,0x00000000,0,0,0,0,0,0x00000000,0,0,0,0,0,0x00000000,0,0,0,0,0,0x00000000,0,0,0,0,0,0x00000000,0,0,0,0,0,0x00000000,0,0,0,0
2106513,2106513,3106513,Amalj'aa impaler,168826884,0x0A101804,0,161,6,4,0,0x00000000,0,0,0,0,0,0x00000000,0,0,0,0,0,0x00000000,0,0,0,0,0,0x00000000,0,0,0,0,0,0x00000000,0,0,0,0,0,0x00000000,0,0,0,0
2106514,2106514,3106514,Amalj'aa impaler,168826884,0x0A101804,0,161,6,4,0,0x00000000,0,0,0,0,0,0x00000000,0,0,0,0,0,0x00000000,0,0,0,0,0,0x00000000,0,0,0,0,0,0x00000000,0,0,0,0,0,0x00000000,0,0,0,0
2106515,2106515,3106515,Amalj'aa bowyer,210766898,0x0C900C32,0,201,3,50,236979210,0x0E20040A,0,226,1,10,0,0x00000000,0,0,0,0,0,0x00000000,0,0,0,0,0,0x00000000,0,0,0,0,231736331,0x0DD0040B,0,221,1,11,0,0x00000000,0,0,0,0
2106516,2106516,3106516,Amalj'aa archer,210765835,0x0C90080B,0,201,2,11,236979210,0x0E20040A,0,226,1,10,0,0x00000000,0,0,0,0,0,0x00000000,0,0,0,0,0,0x00000000,0,0,0,0,231736331,0x0DD0040B,0,221,1,11,0,0x00000000,0,0,0,0
2106517,2106517,3106517,Amalj'aa marksman,210767873,0x0C901001,0,201,4,1,236979210,0x0E20040A,0,226,1,10,0,0x00000000,0,0,0,0,0,0x00000000,0,0,0,0,0,0x00000000,0,0,0,0,231736331,0x0DD0040B,0,221,1,11,0,0x00000000,0,0,0,0
2106518,2106518,3106518,Amalj'aa marksman,210765836,0x0C90080C,0,201,2,12,236979210,0x0E20040A,0,226,1,10,0,0x00000000,0,0,0,0,0,0x00000000,0,0,0,0,0,0x00000000,0,0,0,0,231736331,0x0DD0040B,0,221,1,11,0,0x00000000,0,0,0,0
2106519,2106519,3106519,Amalj'aa marksman,210765837,0x0C90080D,0,201,2,13,236979210,0x0E20040A,0,226,1,10,0,0x00000000,0,0,0,0,0,0x00000000,0,0,0,0,0,0x00000000,0,0,0,0,231736331,0x0DD0040B,0,221,1,11,0,0x00000000,0,0,0,0
2106520,2106520,3106520,Amalj'aa marksman,210765844,0x0C900814,0,201,2,20,236979210,0x0E20040A,0,226,1,10,0,0x00000000,0,0,0,0,0,0x00000000,0,0,0,0,0,0x00000000,0,0,0,0,231736331,0x0DD0040B,0,221,1,11,0,0x00000000,0,0,0,0
2106521,2106521,3106521,Amalj'aa marksman,210765844,0x0C900814,0,201,2,20,236979210,0x0E20040A,0,226,1,10,0,0x00000000,0,0,0,0,0,0x00000000,0,0,0,0,0,0x00000000,0,0,0,0,231736331,0x0DD0040B,0,221,1,11,0,0x00000000,0,0,0,0
2106522,2106522,3106522,Amalj'aa shaman,310379550,0x1280041E,0,296,1,30,0,0x00000000,0,0,0,0,0,0x00000000,0,0,0,0,0,0x00000000,0,0,0,0,0,0x00000000,0,0,0,0,0,0x00000000,0,0,0,0,0,0x00000000,0,0,0,0
2106523,2106523,3106523,Amalj'aa mesmerizer,310379570,0x12800432,0,296,1,50,0,0x00000000,0,0,0,0,0,0x00000000,0,0,0,0,0,0x00000000,0,0,0,0,0,0x00000000,0,0,0,0,0,0x00000000,0,0,0,0,0,0x00000000,0,0,0,0
2106524,2106524,3106524,Amalj'aa augur,310379570,0x12800432,0,296,1,50,0,0x00000000,0,0,0,0,0,0x00000000,0,0,0,0,0,0x00000000,0,0,0,0,0,0x00000000,0,0,0,0,0,0x00000000,0,0,0,0,0,0x00000000,0,0,0,0
2106525,2106525,3106525,Amalj'aa augur,310379580,0x1280043C,0,296,1,60,0,0x00000000,0,0,0,0,0,0x00000000,0,0,0,0,0,0x00000000,0,0,0,0,0,0x00000000,0,0,0,0,0,0x00000000,0,0,0,0,0,0x00000000,0,0,0,0
2106526,2106526,3106526,Amalj'aa augur,310379580,0x1280043C,0,296,1,60,0,0x00000000,0,0,0,0,0,0x00000000,0,0,0,0,0,0x00000000,0,0,0,0,0,0x00000000,0,0,0,0,0,0x00000000,0,0,0,0,0,0x00000000,0,0,0,0
2106527,2106527,3106527,Amalj'aa augur,310379620,0x12800464,0,296,1,100,0,0x00000000,0,0,0,0,0,0x00000000,0,0,0,0,0,0x00000000,0,0,0,0,0,0x00000000,0,0,0,0,0,0x00000000,0,0,0,0,0,0x00000000,0,0,0,0
2106528,2106528,3106528,Amalj'aa augur,310379620,0x12800464,0,296,1,100,0,0x00000000,0,0,0,0,0,0x00000000,0,0,0,0,0,0x00000000,0,0,0,0,0,0x00000000,0,0,0,0,0,0x00000000,0,0,0,0,0,0x00000000,0,0,0,0
2106529,2106529,3106529,Amalj'aa warrior,60818482,0x03A00432,0,58,1,50,61867058,0x03B00432,0,59,1,50,0,0x00000000,0,0,0,0,0,0x00000000,0,0,0,0,0,0x00000000,0,0,0,0,0,0x00000000,0,0,0,0,0,0x00000000,0,0,0,0
2106530,2106530,3106530,Amalj'aa warrior,168826882,0x0A101802,0,161,6,2,0,0x00000000,0,0,0,0,0,0x00000000,0,0,0,0,0,0x00000000,0,0,0,0,0,0x00000000,0,0,0,0,0,0x00000000,0,0,0,0,0,0x00000000,0,0,0,0
2106531,2106531,3106531,Amalj'aa warrior,210766898,0x0C900C32,0,201,3,50,236979210,0x0E20040A,0,226,1,10,0,0x00000000,0,0,0,0,0,0x00000000,0,0,0,0,0,0x00000000,0,0,0,0,231736331,0x0DD0040B,0,221,1,11,0,0x00000000,0,0,0,0
2106532,2106532,3106532,Amalj'aa warrior,310379550,0x1280041E,0,296,1,30,0,0x00000000,0,0,0,0,0,0x00000000,0,0,0,0,0,0x00000000,0,0,0,0,0,0x00000000,0,0,0,0,0,0x00000000,0,0,0,0,0,0x00000000,0,0,0,0
2106533,2106533,3106533,Amalj'aa warrior,60818482,0x03A00432,0,58,1,50,61867058,0x03B00432,0,59,1,50,0,0x00000000,0,0,0,0,0,0x00000000,0,0,0,0,0,0x00000000,0,0,0,0,0,0x00000000,0,0,0,0,0,0x00000000,0,0,0,0
2106534,2106534,3106534,Amalj'aa warrior,168826882,0x0A101802,0,161,6,2,0,0x00000000,0,0,0,0,0,0x00000000,0,0,0,0,0,0x00000000,0,0,0,0,0,0x00000000,0,0,0,0,0,0x00000000,0,0,0,0,0,0x00000000,0,0,0,0
2106535,2106535,3106535,Amalj'aa warrior,210766898,0x0C900C32,0,201,3,50,236979210,0x0E20040A,0,226,1,10,0,0x00000000,0,0,0,0,0,0x00000000,0,0,0,0,0,0x00000000,0,0,0,0,231736331,0x0DD0040B,0,221,1,11,0,0x00000000,0,0,0,0
2106536,2106536,3106536,Amalj'aa warrior,310379550,0x1280041E,0,296,1,30,0,0x00000000,0,0,0,0,0,0x00000000,0,0,0,0,0,0x00000000,0,0,0,0,0,0x00000000,0,0,0,0,0,0x00000000,0,0,0,0,0,0x00000000,0,0,0,0
2106537,2106537,3106537,Amalj'aa grunt,60818482,0x03A00432,0,58,1,50,61867058,0x03B00432,0,59,1,50,0,0x00000000,0,0,0,0,0,0x00000000,0,0,0,0,0,0x00000000,0,0,0,0,0,0x00000000,0,0,0,0,0,0x00000000,0,0,0,0
2106538,2106538,3106540,Amalj'aa drubber,60818482,0x03A00432,0,58,1,50,61867058,0x03B00432,0,59,1,50,0,0x00000000,0,0,0,0,0,0x00000000,0,0,0,0,0,0x00000000,0,0,0,0,0,0x00000000,0,0,0,0,0,0x00000000,0,0,0,0
2106539,2106539,3106540,Amalj'aa drubber,60818482,0x03A00432,0,58,1,50,61867058,0x03B00432,0,59,1,50,0,0x00000000,0,0,0,0,0,0x00000000,0,0,0,0,0,0x00000000,0,0,0,0,0,0x00000000,0,0,0,0,0,0x00000000,0,0,0,0
2106540,2106540,3106540,Amalj'aa drubber,60818482,0x03A00432,0,58,1,50,61867058,0x03B00432,0,59,1,50,0,0x00000000,0,0,0,0,0,0x00000000,0,0,0,0,0,0x00000000,0,0,0,0,0,0x00000000,0,0,0,0,0,0x00000000,0,0,0,0
2106541,2106541,3106538,Amalj'aa striker,60818482,0x03A00432,0,58,1,50,61867058,0x03B00432,0,59,1,50,0,0x00000000,0,0,0,0,0,0x00000000,0,0,0,0,0,0x00000000,0,0,0,0,0,0x00000000,0,0,0,0,0,0x00000000,0,0,0,0
2106542,2106542,3106539,Amalj'aa drudge,168826882,0x0A101802,0,161,6,2,0,0x00000000,0,0,0,0,0,0x00000000,0,0,0,0,0,0x00000000,0,0,0,0,0,0x00000000,0,0,0,0,0,0x00000000,0,0,0,0,0,0x00000000,0,0,0,0
2106601,2106601,3106601,kobold acolyte,294652928,0x11900C00,0,281,3,0,0,0x00000000,0,0,0,0,0,0x00000000,0,0,0,0,0,0x00000000,0,0,0,0,0,0x00000000,0,0,0,0,0,0x00000000,0,0,0,0,0,0x00000000,0,0,0,0
2106602,2106602,3106602,kobold mendicant,294652928,0x11900C00,0,281,3,0,0,0x00000000,0,0,0,0,0,0x00000000,0,0,0,0,0,0x00000000,0,0,0,0,0,0x00000000,0,0,0,0,0,0x00000000,0,0,0,0,0,0x00000000,0,0,0,0
2106603,2106603,3106603,kobold priest,294652958,0x11900C1E,0,281,3,30,0,0x00000000,0,0,0,0,0,0x00000000,0,0,0,0,0,0x00000000,0,0,0,0,0,0x00000000,0,0,0,0,0,0x00000000,0,0,0,0,0,0x00000000,0,0,0,0
2106604,2106604,3106604,kobold prelate,294652958,0x11900C1E,0,281,3,30,0,0x00000000,0,0,0,0,0,0x00000000,0,0,0,0,0,0x00000000,0,0,0,0,0,0x00000000,0,0,0,0,0,0x00000000,0,0,0,0,0,0x00000000,0,0,0,0
2106605,2106605,3106605,kobold,294652928,0x11900C00,0,281,3,0,0,0x00000000,0,0,0,0,0,0x00000000,0,0,0,0,0,0x00000000,0,0,0,0,0,0x00000000,0,0,0,0,0,0x00000000,0,0,0,0,0,0x00000000,0,0,0,0
2106606,2106606,3106606,kobold,294652928,0x11900C00,0,281,3,0,0,0x00000000,0,0,0,0,0,0x00000000,0,0,0,0,0,0x00000000,0,0,0,0,0,0x00000000,0,0,0,0,0,0x00000000,0,0,0,0,0,0x00000000,0,0,0,0
2106607,2106607,3106607,kobold mendicant,294652928,0x11900C00,0,281,3,0,0,0x00000000,0,0,0,0,0,0x00000000,0,0,0,0,0,0x00000000,0,0,0,0,0,0x00000000,0,0,0,0,0,0x00000000,0,0,0,0,0,0x00000000,0,0,0,0
2106608,2106608,3106607,kobold mendicant,294652928,0x11900C00,0,281,3,0,0,0x00000000,0,0,0,0,0,0x00000000,0,0,0,0,0,0x00000000,0,0,0,0,0,0x00000000,0,0,0,0,0,0x00000000,0,0,0,0,0,0x00000000,0,0,0,0
2106609,2106609,3106607,kobold mendicant,294652928,0x11900C00,0,281,3,0,0,0x00000000,0,0,0,0,0,0x00000000,0,0,0,0,0,0x00000000,0,0,0,0,0,0x00000000,0,0,0,0,0,0x00000000,0,0,0,0,0,0x00000000,0,0,0,0
2106610,2106610,3106612,kobold almsman,331351042,0x13C00402,0,316,1,2,0,0x00000000,0,0,0,0,0,0x00000000,0,0,0,0,0,0x00000000,0,0,0,0,0,0x00000000,0,0,0,0,0,0x00000000,0,0,0,0,0,0x00000000,0,0,0,0
2106611,2106611,3106612,kobold almsman,331351042,0x13C00402,0,316,1,2,0,0x00000000,0,0,0,0,0,0x00000000,0,0,0,0,0,0x00000000,0,0,0,0,0,0x00000000,0,0,0,0,0,0x00000000,0,0,0,0,0,0x00000000,0,0,0,0
2106612,2106612,3106612,kobold almsman,331351042,0x13C00402,0,316,1,2,0,0x00000000,0,0,0,0,0,0x00000000,0,0,0,0,0,0x00000000,0,0,0,0,0,0x00000000,0,0,0,0,0,0x00000000,0,0,0,0,0,0x00000000,0,0,0,0
2106613,2106613,3106613,kobold kirkman,331351051,0x13C0040B,0,316,1,11,0,0x00000000,0,0,0,0,0,0x00000000,0,0,0,0,0,0x00000000,0,0,0,0,0,0x00000000,0,0,0,0,0,0x00000000,0,0,0,0,0,0x00000000,0,0,0,0
2106614,2106614,3106613,kobold kirkman,331351051,0x13C0040B,0,316,1,11,0,0x00000000,0,0,0,0,0,0x00000000,0,0,0,0,0,0x00000000,0,0,0,0,0,0x00000000,0,0,0,0,0,0x00000000,0,0,0,0,0,0x00000000,0,0,0,0
2106615,2106615,3106613,kobold kirkman,331351051,0x13C0040B,0,316,1,11,0,0x00000000,0,0,0,0,0,0x00000000,0,0,0,0,0,0x00000000,0,0,0,0,0,0x00000000,0,0,0,0,0,0x00000000,0,0,0,0,0,0x00000000,0,0,0,0
2106616,2106616,3106614,kobold vestryman,331351049,0x13C00409,0,316,1,9,0,0x00000000,0,0,0,0,0,0x00000000,0,0,0,0,0,0x00000000,0,0,0,0,0,0x00000000,0,0,0,0,0,0x00000000,0,0,0,0,0,0x00000000,0,0,0,0
2106617,2106617,3106614,kobold vestryman,331351049,0x13C00409,0,316,1,9,0,0x00000000,0,0,0,0,0,0x00000000,0,0,0,0,0,0x00000000,0,0,0,0,0,0x00000000,0,0,0,0,0,0x00000000,0,0,0,0,0,0x00000000,0,0,0,0
2106618,2106618,3106614,kobold vestryman,331351049,0x13C00409,0,316,1,9,0,0x00000000,0,0,0,0,0,0x00000000,0,0,0,0,0,0x00000000,0,0,0,0,0,0x00000000,0,0,0,0,0,0x00000000,0,0,0,0,0,0x00000000,0,0,0,0
2106619,2106619,3106618,kobold packman,79693834,0x04C0080A,0,76,2,10,0,0x00000000,0,0,0,0,0,0x00000000,0,0,0,0,0,0x00000000,0,0,0,0,0,0x00000000,0,0,0,0,0,0x00000000,0,0,0,0,0,0x00000000,0,0,0,0
2106620,2106620,3106618,kobold packman,79693834,0x04C0080A,0,76,2,10,0,0x00000000,0,0,0,0,0,0x00000000,0,0,0,0,0,0x00000000,0,0,0,0,0,0x00000000,0,0,0,0,0,0x00000000,0,0,0,0,0,0x00000000,0,0,0,0
2106621,2106621,3106618,kobold packman,79693834,0x04C0080A,0,76,2,10,0,0x00000000,0,0,0,0,0,0x00000000,0,0,0,0,0,0x00000000,0,0,0,0,0,0x00000000,0,0,0,0,0,0x00000000,0,0,0,0,0,0x00000000,0,0,0,0
2106622,2106622,3106619,kobold footman,79693825,0x04C00801,0,76,2,1,0,0x00000000,0,0,0,0,0,0x00000000,0,0,0,0,0,0x00000000,0,0,0,0,0,0x00000000,0,0,0,0,0,0x00000000,0,0,0,0,0,0x00000000,0,0,0,0
2106623,2106623,3106619,kobold footman,79693825,0x04C00801,0,76,2,1,0,0x00000000,0,0,0,0,0,0x00000000,0,0,0,0,0,0x00000000,0,0,0,0,0,0x00000000,0,0,0,0,0,0x00000000,0,0,0,0,0,0x00000000,0,0,0,0
2106624,2106624,3106619,kobold footman,79693825,0x04C00801,0,76,2,1,0,0x00000000,0,0,0,0,0,0x00000000,0,0,0,0,0,0x00000000,0,0,0,0,0,0x00000000,0,0,0,0,0,0x00000000,0,0,0,0,0,0x00000000,0,0,0,0
2106625,2106625,3106620,kobold patrolman,79693835,0x04C0080B,0,76,2,11,0,0x00000000,0,0,0,0,0,0x00000000,0,0,0,0,0,0x00000000,0,0,0,0,0,0x00000000,0,0,0,0,0,0x00000000,0,0,0,0,0,0x00000000,0,0,0,0
2106626,2106626,3106620,kobold patrolman,79693835,0x04C0080B,0,76,2,11,0,0x00000000,0,0,0,0,0,0x00000000,0,0,0,0,0,0x00000000,0,0,0,0,0,0x00000000,0,0,0,0,0,0x00000000,0,0,0,0,0,0x00000000,0,0,0,0
2106627,2106627,3106620,kobold patrolman,79693835,0x04C0080B,0,76,2,11,0,0x00000000,0,0,0,0,0,0x00000000,0,0,0,0,0,0x00000000,0,0,0,0,0,0x00000000,0,0,0,0,0,0x00000000,0,0,0,0,0,0x00000000,0,0,0,0
2106628,2106628,3106624,kobold pickman,147850241,0x08D00401,0,141,1,1,0,0x00000000,0,0,0,0,0,0x00000000,0,0,0,0,0,0x00000000,0,0,0,0,0,0x00000000,0,0,0,0,0,0x00000000,0,0,0,0,0,0x00000000,0,0,0,0
2106629,2106629,3106624,kobold pickman,147850241,0x08D00401,0,141,1,1,0,0x00000000,0,0,0,0,0,0x00000000,0,0,0,0,0,0x00000000,0,0,0,0,0,0x00000000,0,0,0,0,0,0x00000000,0,0,0,0,0,0x00000000,0,0,0,0
2106630,2106630,3106624,kobold pickman,147850241,0x08D00401,0,141,1,1,0,0x00000000,0,0,0,0,0,0x00000000,0,0,0,0,0,0x00000000,0,0,0,0,0,0x00000000,0,0,0,0,0,0x00000000,0,0,0,0,0,0x00000000,0,0,0,0
2106631,2106631,3106625,kobold pitman,147850242,0x08D00402,0,141,1,2,0,0x00000000,0,0,0,0,0,0x00000000,0,0,0,0,0,0x00000000,0,0,0,0,0,0x00000000,0,0,0,0,0,0x00000000,0,0,0,0,0,0x00000000,0,0,0,0
2106632,2106632,3106625,kobold pitman,147850242,0x08D00402,0,141,1,2,0,0x00000000,0,0,0,0,0,0x00000000,0,0,0,0,0,0x00000000,0,0,0,0,0,0x00000000,0,0,0,0,0,0x00000000,0,0,0,0,0,0x00000000,0,0,0,0
2106633,2106633,3106625,kobold pitman,147850242,0x08D00402,0,141,1,2,0,0x00000000,0,0,0,0,0,0x00000000,0,0,0,0,0,0x00000000,0,0,0,0,0,0x00000000,0,0,0,0,0,0x00000000,0,0,0,0,0,0x00000000,0,0,0,0
2106634,2106634,3106626,kobold quarryman,147850270,0x08D0041E,0,141,1,30,0,0x00000000,0,0,0,0,0,0x00000000,0,0,0,0,0,0x00000000,0,0,0,0,0,0x00000000,0,0,0,0,0,0x00000000,0,0,0,0,0,0x00000000,0,0,0,0
2106635,2106635,3106626,kobold quarryman,147850270,0x08D0041E,0,141,1,30,0,0x00000000,0,0,0,0,0,0x00000000,0,0,0,0,0,0x00000000,0,0,0,0,0,0x00000000,0,0,0,0,0,0x00000000,0,0,0,0,0,0x00000000,0,0,0,0
2106636,2106636,3106626,kobold quarryman,147850270,0x08D0041E,0,141,1,30,0,0x00000000,0,0,0,0,0,0x00000000,0,0,0,0,0,0x00000000,0,0,0,0,0,0x00000000,0,0,0,0,0,0x00000000,0,0,0,0,0,0x00000000,0,0,0,0
2106637,2106637,3106629,kobold ascetic,294650892,0x1190040C,0,281,1,12,0,0x00000000,0,0,0,0,0,0x00000000,0,0,0,0,0,0x00000000,0,0,0,0,0,0x00000000,0,0,0,0,0,0x00000000,0,0,0,0,0,0x00000000,0,0,0,0
2106638,2106638,3106629,kobold ascetic,294650892,0x1190040C,0,281,1,12,0,0x00000000,0,0,0,0,0,0x00000000,0,0,0,0,0,0x00000000,0,0,0,0,0,0x00000000,0,0,0,0,0,0x00000000,0,0,0,0,0,0x00000000,0,0,0,0
2106639,2106639,3106629,kobold ascetic,294650892,0x1190040C,0,281,1,12,0,0x00000000,0,0,0,0,0,0x00000000,0,0,0,0,0,0x00000000,0,0,0,0,0,0x00000000,0,0,0,0,0,0x00000000,0,0,0,0,0,0x00000000,0,0,0,0
2106640,2106640,3106630,kobold acolyte,294650920,0x11900428,0,281,1,40,0,0x00000000,0,0,0,0,0,0x00000000,0,0,0,0,0,0x00000000,0,0,0,0,0,0x00000000,0,0,0,0,0,0x00000000,0,0,0,0,0,0x00000000,0,0,0,0
2106641,2106641,3106630,kobold acolyte,294650920,0x11900428,0,281,1,40,0,0x00000000,0,0,0,0,0,0x00000000,0,0,0,0,0,0x00000000,0,0,0,0,0,0x00000000,0,0,0,0,0,0x00000000,0,0,0,0,0,0x00000000,0,0,0,0
2106642,2106642,3106630,kobold acolyte,294650920,0x11900428,0,281,1,40,0,0x00000000,0,0,0,0,0,0x00000000,0,0,0,0,0,0x00000000,0,0,0,0,0,0x00000000,0,0,0,0,0,0x00000000,0,0,0,0,0,0x00000000,0,0,0,0
2106643,2106643,3106608,U'Ghamaro gurneyman,331351048,0x13C00408,0,316,1,8,0,0x00000000,0,0,0,0,0,0x00000000,0,0,0,0,0,0x00000000,0,0,0,0,0,0x00000000,0,0,0,0,0,0x00000000,0,0,0,0,0,0x00000000,0,0,0,0
2106644,2106644,3106608,U'Ghamaro gurneyman,331351047,0x13C00407,0,316,1,7,0,0x00000000,0,0,0,0,0,0x00000000,0,0,0,0,0,0x00000000,0,0,0,0,0,0x00000000,0,0,0,0,0,0x00000000,0,0,0,0,0,0x00000000,0,0,0,0
2106645,2106645,3106609,U'Ghamaro underman,331351049,0x13C00409,0,316,1,9,0,0x00000000,0,0,0,0,0,0x00000000,0,0,0,0,0,0x00000000,0,0,0,0,0,0x00000000,0,0,0,0,0,0x00000000,0,0,0,0,0,0x00000000,0,0,0,0
2106646,2106646,3106608,U'Ghamaro gurneyman,331351047,0x13C00407,0,316,1,7,0,0x00000000,0,0,0,0,0,0x00000000,0,0,0,0,0,0x00000000,0,0,0,0,0,0x00000000,0,0,0,0,0,0x00000000,0,0,0,0,0,0x00000000,0,0,0,0
2106647,2106647,3106608,U'Ghamaro gurneyman,331351047,0x13C00407,0,316,1,7,0,0x00000000,0,0,0,0,0,0x00000000,0,0,0,0,0,0x00000000,0,0,0,0,0,0x00000000,0,0,0,0,0,0x00000000,0,0,0,0,0,0x00000000,0,0,0,0
2106648,2106648,3106610,U'Ghamaro potman,331351051,0x13C0040B,0,316,1,11,0,0x00000000,0,0,0,0,0,0x00000000,0,0,0,0,0,0x00000000,0,0,0,0,0,0x00000000,0,0,0,0,0,0x00000000,0,0,0,0,0,0x00000000,0,0,0,0
2106649,2106649,3106611,Zu Ga's cup bearer,331351048,0x13C00408,0,316,1,8,0,0x00000000,0,0,0,0,0,0x00000000,0,0,0,0,0,0x00000000,0,0,0,0,0,0x00000000,0,0,0,0,0,0x00000000,0,0,0,0,0,0x00000000,0,0,0,0
2106650,2106650,3106615,U'Ghamaro ashman,79693827,0x04C00803,0,76,2,3,0,0x00000000,0,0,0,0,0,0x00000000,0,0,0,0,0,0x00000000,0,0,0,0,0,0x00000000,0,0,0,0,0,0x00000000,0,0,0,0,0,0x00000000,0,0,0,0
2106651,2106651,3106616,U'Ghamaro overman,79693874,0x04C00832,0,76,2,50,0,0x00000000,0,0,0,0,0,0x00000000,0,0,0,0,0,0x00000000,0,0,0,0,0,0x00000000,0,0,0,0,0,0x00000000,0,0,0,0,0,0x00000000,0,0,0,0
2106652,2106652,3106615,U'Ghamaro ashman,79693827,0x04C00803,0,76,2,3,0,0x00000000,0,0,0,0,0,0x00000000,0,0,0,0,0,0x00000000,0,0,0,0,0,0x00000000,0,0,0,0,0,0x00000000,0,0,0,0,0,0x00000000,0,0,0,0
2106653,2106653,3106615,U'Ghamaro ashman,79693827,0x04C00803,0,76,2,3,0,0x00000000,0,0,0,0,0,0x00000000,0,0,0,0,0,0x00000000,0,0,0,0,0,0x00000000,0,0,0,0,0,0x00000000,0,0,0,0,0,0x00000000,0,0,0,0
2106654,2106654,3106617,Zu Ga's sword bearer,79693874,0x04C00832,0,76,2,50,0,0x00000000,0,0,0,0,0,0x00000000,0,0,0,0,0,0x00000000,0,0,0,0,0,0x00000000,0,0,0,0,0,0x00000000,0,0,0,0,0,0x00000000,0,0,0,0
2106655,2106655,3106621,U'Ghamaro gateman,147850280,0x08D00428,0,141,1,40,0,0x00000000,0,0,0,0,0,0x00000000,0,0,0,0,0,0x00000000,0,0,0,0,0,0x00000000,0,0,0,0,0,0x00000000,0,0,0,0,0,0x00000000,0,0,0,0
2106656,2106656,3106622,U'Ghamaro junkman,147850280,0x08D00428,0,141,1,40,0,0x00000000,0,0,0,0,0,0x00000000,0,0,0,0,0,0x00000000,0,0,0,0,0,0x00000000,0,0,0,0,0,0x00000000,0,0,0,0,0,0x00000000,0,0,0,0
2106657,2106657,3106622,U'Ghamaro junkman,147850280,0x08D00428,0,141,1,40,0,0x00000000,0,0,0,0,0,0x00000000,0,0,0,0,0,0x00000000,0,0,0,0,0,0x00000000,0,0,0,0,0,0x00000000,0,0,0,0,0,0x00000000,0,0,0,0
2106658,2106658,3106622,U'Ghamaro junkman,147850280,0x08D00428,0,141,1,40,0,0x00000000,0,0,0,0,0,0x00000000,0,0,0,0,0,0x00000000,0,0,0,0,0,0x00000000,0,0,0,0,0,0x00000000,0,0,0,0,0,0x00000000,0,0,0,0
2106659,2106659,3106621,U'Ghamaro gateman,147850280,0x08D00428,0,141,1,40,0,0x00000000,0,0,0,0,0,0x00000000,0,0,0,0,0,0x00000000,0,0,0,0,0,0x00000000,0,0,0,0,0,0x00000000,0,0,0,0,0,0x00000000,0,0,0,0
2106660,2106660,3106623,Zu Ga's pick bearer,147850290,0x08D00432,0,141,1,50,0,0x00000000,0,0,0,0,0,0x00000000,0,0,0,0,0,0x00000000,0,0,0,0,0,0x00000000,0,0,0,0,0,0x00000000,0,0,0,0,0,0x00000000,0,0,0,0
2106661,2106661,3106627,kobold prelate,294652928,0x11900C00,0,281,3,0,0,0x00000000,0,0,0,0,0,0x00000000,0,0,0,0,0,0x00000000,0,0,0,0,0,0x00000000,0,0,0,0,0,0x00000000,0,0,0,0,0,0x00000000,0,0,0,0
2106662,2106662,3106627,kobold prelate,294652928,0x11900C00,0,281,3,0,0,0x00000000,0,0,0,0,0,0x00000000,0,0,0,0,0,0x00000000,0,0,0,0,0,0x00000000,0,0,0,0,0,0x00000000,0,0,0,0,0,0x00000000,0,0,0,0
2106663,2106663,3106627,kobold prelate,294652928,0x11900C00,0,281,3,0,0,0x00000000,0,0,0,0,0,0x00000000,0,0,0,0,0,0x00000000,0,0,0,0,0,0x00000000,0,0,0,0,0,0x00000000,0,0,0,0,0,0x00000000,0,0,0,0
2106664,2106664,3106627,kobold prelate,294652928,0x11900C00,0,281,3,0,0,0x00000000,0,0,0,0,0,0x00000000,0,0,0,0,0,0x00000000,0,0,0,0,0,0x00000000,0,0,0,0,0,0x00000000,0,0,0,0,0,0x00000000,0,0,0,0
2106665,2106665,3106628,Third Order Patriarch Zu Ga,294651984,0x11900850,0,281,2,80,0,0x00000000,0,0,0,0,0,0x00000000,0,0,0,0,0,0x00000000,0,0,0,0,0,0x00000000,0,0,0,0,0,0x00000000,0,0,0,0,0,0x00000000,0,0,0,0
2106666,2106666,3106631,kobold ashman,79693835,0x04C0080B,0,76,2,11,0,0x00000000,0,0,0,0,0,0x00000000,0,0,0,0,0,0x00000000,0,0,0,0,0,0x00000000,0,0,0,0,0,0x00000000,0,0,0,0,0,0x00000000,0,0,0,0
2106701,2106701,3106701,sylph whisper,331351042,0x13C00402,0,316,1,2,0,0x00000000,0,0,0,0,0,0x00000000,0,0,0,0,0,0x00000000,0,0,0,0,0,0x00000000,0,0,0,0,0,0x00000000,0,0,0,0,0,0x00000000,0,0,0,0
2106702,2106702,3106702,sylph whisper,331351042,0x13C00402,0,316,1,2,0,0x00000000,0,0,0,0,0,0x00000000,0,0,0,0,0,0x00000000,0,0,0,0,0,0x00000000,0,0,0,0,0,0x00000000,0,0,0,0,0,0x00000000,0,0,0,0
2106703,2106703,3106703,sylph whisper,331351042,0x13C00402,0,316,1,2,0,0x00000000,0,0,0,0,0,0x00000000,0,0,0,0,0,0x00000000,0,0,0,0,0,0x00000000,0,0,0,0,0,0x00000000,0,0,0,0,0,0x00000000,0,0,0,0
2106704,2106704,3106704,sylph whisper,331351042,0x13C00402,0,316,1,2,0,0x00000000,0,0,0,0,0,0x00000000,0,0,0,0,0,0x00000000,0,0,0,0,0,0x00000000,0,0,0,0,0,0x00000000,0,0,0,0,0,0x00000000,0,0,0,0
2106705,2106705,3106705,sylph whisper,331351042,0x13C00402,0,316,1,2,0,0x00000000,0,0,0,0,0,0x00000000,0,0,0,0,0,0x00000000,0,0,0,0,0,0x00000000,0,0,0,0,0,0x00000000,0,0,0,0,0,0x00000000,0,0,0,0
2106706,2106706,3106706,sylph whisper,331351042,0x13C00402,0,316,1,2,0,0x00000000,0,0,0,0,0,0x00000000,0,0,0,0,0,0x00000000,0,0,0,0,0,0x00000000,0,0,0,0,0,0x00000000,0,0,0,0,0,0x00000000,0,0,0,0
2106707,2106707,3106707,sylph echo,331351042,0x13C00402,0,316,1,2,0,0x00000000,0,0,0,0,0,0x00000000,0,0,0,0,0,0x00000000,0,0,0,0,0,0x00000000,0,0,0,0,0,0x00000000,0,0,0,0,0,0x00000000,0,0,0,0
2106708,2106708,3106708,sylph echo,331351042,0x13C00402,0,316,1,2,0,0x00000000,0,0,0,0,0,0x00000000,0,0,0,0,0,0x00000000,0,0,0,0,0,0x00000000,0,0,0,0,0,0x00000000,0,0,0,0,0,0x00000000,0,0,0,0
2106709,2106709,3106709,sylph echo,331351042,0x13C00402,0,316,1,2,0,0x00000000,0,0,0,0,0,0x00000000,0,0,0,0,0,0x00000000,0,0,0,0,0,0x00000000,0,0,0,0,0,0x00000000,0,0,0,0,0,0x00000000,0,0,0,0
2106710,2106710,3106710,sylph echo,331351042,0x13C00402,0,316,1,2,0,0x00000000,0,0,0,0,0,0x00000000,0,0,0,0,0,0x00000000,0,0,0,0,0,0x00000000,0,0,0,0,0,0x00000000,0,0,0,0,0,0x00000000,0,0,0,0
2106711,2106711,3106711,sylph echo,331351042,0x13C00402,0,316,1,2,0,0x00000000,0,0,0,0,0,0x00000000,0,0,0,0,0,0x00000000,0,0,0,0,0,0x00000000,0,0,0,0,0,0x00000000,0,0,0,0,0,0x00000000,0,0,0,0
2106712,2106712,3106712,sylph echo,331351042,0x13C00402,0,316,1,2,0,0x00000000,0,0,0,0,0,0x00000000,0,0,0,0,0,0x00000000,0,0,0,0,0,0x00000000,0,0,0,0,0,0x00000000,0,0,0,0,0,0x00000000,0,0,0,0
2106713,2106713,3106713,sylph susurrus,331351044,0x13C00404,0,316,1,4,0,0x00000000,0,0,0,0,0,0x00000000,0,0,0,0,0,0x00000000,0,0,0,0,0,0x00000000,0,0,0,0,0,0x00000000,0,0,0,0,0,0x00000000,0,0,0,0
2106714,2106714,3106714,sylph susurrus,331351044,0x13C00404,0,316,1,4,0,0x00000000,0,0,0,0,0,0x00000000,0,0,0,0,0,0x00000000,0,0,0,0,0,0x00000000,0,0,0,0,0,0x00000000,0,0,0,0,0,0x00000000,0,0,0,0
2106715,2106715,3106715,sylph susurrus,331351044,0x13C00404,0,316,1,4,0,0x00000000,0,0,0,0,0,0x00000000,0,0,0,0,0,0x00000000,0,0,0,0,0,0x00000000,0,0,0,0,0,0x00000000,0,0,0,0,0,0x00000000,0,0,0,0
2106716,2106716,3106716,sylph susurrus,331351044,0x13C00404,0,316,1,4,0,0x00000000,0,0,0,0,0,0x00000000,0,0,0,0,0,0x00000000,0,0,0,0,0,0x00000000,0,0,0,0,0,0x00000000,0,0,0,0,0,0x00000000,0,0,0,0
2106717,2106717,3106717,sylph susurrus,331351044,0x13C00404,0,316,1,4,0,0x00000000,0,0,0,0,0,0x00000000,0,0,0,0,0,0x00000000,0,0,0,0,0,0x00000000,0,0,0,0,0,0x00000000,0,0,0,0,0,0x00000000,0,0,0,0
2106718,2106718,3106718,sylph susurrus,331351044,0x13C00404,0,316,1,4,0,0x00000000,0,0,0,0,0,0x00000000,0,0,0,0,0,0x00000000,0,0,0,0,0,0x00000000,0,0,0,0,0,0x00000000,0,0,0,0,0,0x00000000,0,0,0,0
2106719,2106719,3106719,sylvan guardian,331351045,0x13C00405,0,316,1,5,0,0x00000000,0,0,0,0,0,0x00000000,0,0,0,0,0,0x00000000,0,0,0,0,0,0x00000000,0,0,0,0,0,0x00000000,0,0,0,0,0,0x00000000,0,0,0,0
2106720,2106720,3106720,sylvan guardian,331351045,0x13C00405,0,316,1,5,0,0x00000000,0,0,0,0,0,0x00000000,0,0,0,0,0,0x00000000,0,0,0,0,0,0x00000000,0,0,0,0,0,0x00000000,0,0,0,0,0,0x00000000,0,0,0,0
2106721,2106721,3106721,sylvan guardian,331351045,0x13C00405,0,316,1,5,0,0x00000000,0,0,0,0,0,0x00000000,0,0,0,0,0,0x00000000,0,0,0,0,0,0x00000000,0,0,0,0,0,0x00000000,0,0,0,0,0,0x00000000,0,0,0,0
2106722,2106722,3106722,sylvan guardian,331351045,0x13C00405,0,316,1,5,0,0x00000000,0,0,0,0,0,0x00000000,0,0,0,0,0,0x00000000,0,0,0,0,0,0x00000000,0,0,0,0,0,0x00000000,0,0,0,0,0,0x00000000,0,0,0,0
2106723,2106723,3106723,sylvan guardian,331351045,0x13C00405,0,316,1,5,0,0x00000000,0,0,0,0,0,0x00000000,0,0,0,0,0,0x00000000,0,0,0,0,0,0x00000000,0,0,0,0,0,0x00000000,0,0,0,0,0,0x00000000,0,0,0,0
2106724,2106724,3106724,sylvan guardian,331351045,0x13C00405,0,316,1,5,0,0x00000000,0,0,0,0,0,0x00000000,0,0,0,0,0,0x00000000,0,0,0,0,0,0x00000000,0,0,0,0,0,0x00000000,0,0,0,0,0,0x00000000,0,0,0,0
2106725,2106725,3106725,sylph,331351042,0x13C00402,0,316,1,2,0,0x00000000,0,0,0,0,0,0x00000000,0,0,0,0,0,0x00000000,0,0,0,0,0,0x00000000,0,0,0,0,0,0x00000000,0,0,0,0,0,0x00000000,0,0,0,0
2106726,2106726,3106726,sylph,331351042,0x13C00402,0,316,1,2,0,0x00000000,0,0,0,0,0,0x00000000,0,0,0,0,0,0x00000000,0,0,0,0,0,0x00000000,0,0,0,0,0,0x00000000,0,0,0,0,0,0x00000000,0,0,0,0
2106727,2106727,3106727,sylph,331351042,0x13C00402,0,316,1,2,0,0x00000000,0,0,0,0,0,0x00000000,0,0,0,0,0,0x00000000,0,0,0,0,0,0x00000000,0,0,0,0,0,0x00000000,0,0,0,0,0,0x00000000,0,0,0,0
2106728,2106728,3106728,sylph,331351042,0x13C00402,0,316,1,2,0,0x00000000,0,0,0,0,0,0x00000000,0,0,0,0,0,0x00000000,0,0,0,0,0,0x00000000,0,0,0,0,0,0x00000000,0,0,0,0,0,0x00000000,0,0,0,0
2106729,2106729,3106729,sylph,331351042,0x13C00402,0,316,1,2,0,0x00000000,0,0,0,0,0,0x00000000,0,0,0,0,0,0x00000000,0,0,0,0,0,0x00000000,0,0,0,0,0,0x00000000,0,0,0,0,0,0x00000000,0,0,0,0
2106730,2106730,3106730,sylph,331351042,0x13C00402,0,316,1,2,0,0x00000000,0,0,0,0,0,0x00000000,0,0,0,0,0,0x00000000,0,0,0,0,0,0x00000000,0,0,0,0,0,0x00000000,0,0,0,0,0,0x00000000,0,0,0,0
2106731,2106731,3106731,sylph,331351042,0x13C00402,0,316,1,2,0,0x00000000,0,0,0,0,0,0x00000000,0,0,0,0,0,0x00000000,0,0,0,0,0,0x00000000,0,0,0,0,0,0x00000000,0,0,0,0,0,0x00000000,0,0,0,0
2107002,2107002,3107002,imperial centurion,79698947,0x04C01C03,0,76,7,3,32510983,0x01F01407,0,31,5,7,0,0x00000000,0,0,0,0,0,0x00000000,0,0,0,0,0,0x00000000,0,0,0,0,0,0x00000000,0,0,0,0,0,0x00000000,0,0,0,0
2107003,2107003,3107003,VIIth Legion centurion,79698947,0x04C01C03,0,76,7,3,32510983,0x01F01407,0,31,5,7,0,0x00000000,0,0,0,0,0,0x00000000,0,0,0,0,0,0x00000000,0,0,0,0,0,0x00000000,0,0,0,0,0,0x00000000,0,0,0,0
2107004,2107004,3107004,VIIth Legion pilus prior,79698947,0x04C01C03,0,76,7,3,32510983,0x01F01407,0,31,5,7,0,0x00000000,0,0,0,0,0,0x00000000,0,0,0,0,0,0x00000000,0,0,0,0,0,0x00000000,0,0,0,0,0,0x00000000,0,0,0,0
2110301,2110301,3110301,goblin thug,79693825,0x04C00801,0,76,2,1,0,0x00000000,0,0,0,0,0,0x00000000,0,0,0,0,0,0x00000000,0,0,0,0,0,0x00000000,0,0,0,0,0,0x00000000,0,0,0,0,0,0x00000000,0,0,0,0
2110302,2110302,3110302,goblin thug,79693825,0x04C00801,0,76,2,1,0,0x00000000,0,0,0,0,0,0x00000000,0,0,0,0,0,0x00000000,0,0,0,0,0,0x00000000,0,0,0,0,0,0x00000000,0,0,0,0,0,0x00000000,0,0,0,0
2110303,2110303,3110303,goblin freesword,79692901,0x04C00465,0,76,1,101,0,0x00000000,0,0,0,0,0,0x00000000,0,0,0,0,0,0x00000000,0,0,0,0,0,0x00000000,0,0,0,0,0,0x00000000,0,0,0,0,0,0x00000000,0,0,0,0
2110304,2110304,3110304,goblin freesword,79692901,0x04C00465,0,76,1,101,0,0x00000000,0,0,0,0,0,0x00000000,0,0,0,0,0,0x00000000,0,0,0,0,0,0x00000000,0,0,0,0,0,0x00000000,0,0,0,0,0,0x00000000,0,0,0,0
2110305,2110305,3110305,goblin bouncer,80741386,0x04D0040A,0,77,1,10,0,0x00000000,0,0,0,0,0,0x00000000,0,0,0,0,0,0x00000000,0,0,0,0,0,0x00000000,0,0,0,0,0,0x00000000,0,0,0,0,0,0x00000000,0,0,0,0
2110306,2110306,3110306,goblin bouncer,80741386,0x04D0040A,0,77,1,10,0,0x00000000,0,0,0,0,0,0x00000000,0,0,0,0,0,0x00000000,0,0,0,0,0,0x00000000,0,0,0,0,0,0x00000000,0,0,0,0,0,0x00000000,0,0,0,0
2110307,2110307,3110307,goblin butcher,79697930,0x04C0180A,0,76,6,10,0,0x00000000,0,0,0,0,0,0x00000000,0,0,0,0,0,0x00000000,0,0,0,0,0,0x00000000,0,0,0,0,0,0x00000000,0,0,0,0,0,0x00000000,0,0,0,0
2110308,2110308,3110308,goblin butcher,79697930,0x04C0180A,0,76,6,10,0,0x00000000,0,0,0,0,0,0x00000000,0,0,0,0,0,0x00000000,0,0,0,0,0,0x00000000,0,0,0,0,0,0x00000000,0,0,0,0,0,0x00000000,0,0,0,0
2110309,2110309,3110309,goblin mugger,79697930,0x04C0180A,0,76,6,10,0,0x00000000,0,0,0,0,0,0x00000000,0,0,0,0,0,0x00000000,0,0,0,0,0,0x00000000,0,0,0,0,0,0x00000000,0,0,0,0,0,0x00000000,0,0,0,0
2110310,2110310,3110310,goblin bushwhacker,79697930,0x04C0180A,0,76,6,10,0,0x00000000,0,0,0,0,0,0x00000000,0,0,0,0,0,0x00000000,0,0,0,0,0,0x00000000,0,0,0,0,0,0x00000000,0,0,0,0,0,0x00000000,0,0,0,0
2110311,2110311,3110311,goblin headman,79697930,0x04C0180A,0,76,6,10,0,0x00000000,0,0,0,0,0,0x00000000,0,0,0,0,0,0x00000000,0,0,0,0,0,0x00000000,0,0,0,0,0,0x00000000,0,0,0,0,0,0x00000000,0,0,0,0
2110312,2110312,3110312,Haughtpox Bloatbelly,79697920,0x04C01800,0,76,6,0,0,0x00000000,0,0,0,0,0,0x00000000,0,0,0,0,0,0x00000000,0,0,0,0,0,0x00000000,0,0,0,0,0,0x00000000,0,0,0,0,0,0x00000000,0,0,0,0
2110313,2110313,3110313,goblin braggadocio,80741386,0x04D0040A,0,77,1,10,0,0x00000000,0,0,0,0,0,0x00000000,0,0,0,0,0,0x00000000,0,0,0,0,0,0x00000000,0,0,0,0,0,0x00000000,0,0,0,0,0,0x00000000,0,0,0,0
2110314,2110314,3110314,goblin,80741376,0x04D00400,0,77,1,0,0,0x00000000,0,0,0,0,0,0x00000000,0,0,0,0,0,0x00000000,0,0,0,0,0,0x00000000,0,0,0,0,0,0x00000000,0,0,0,0,0,0x00000000,0,0,0,0
2162001,2162001,3106541,Amalj'aa hunter,210766849,0x0C900C01,0,201,3,1,236979210,0x0E20040A,0,226,1,10,0,0x00000000,0,0,0,0,0,0x00000000,0,0,0,0,0,0x00000000,0,0,0,0,231736331,0x0DD0040B,0,221,1,11,0,0x00000000,0,0,0,0
2162002,2162002,3106541,Amalj'aa hunter,210766849,0x0C900C01,0,201,3,1,236979210,0x0E20040A,0,226,1,10,0,0x00000000,0,0,0,0,0,0x00000000,0,0,0,0,0,0x00000000,0,0,0,0,231736331,0x0DD0040B,0,221,1,11,0,0x00000000,0,0,0,0
2162003,2162003,3106541,Amalj'aa hunter,210766849,0x0C900C01,0,201,3,1,236979210,0x0E20040A,0,226,1,10,0,0x00000000,0,0,0,0,0,0x00000000,0,0,0,0,0,0x00000000,0,0,0,0,231736331,0x0DD0040B,0,221,1,11,0,0x00000000,0,0,0,0
2162004,2162004,3106542,Amalj'aa ranger,210766850,0x0C900C02,0,201,3,2,236979210,0x0E20040A,0,226,1,10,0,0x00000000,0,0,0,0,0,0x00000000,0,0,0,0,0,0x00000000,0,0,0,0,231736332,0x0DD0040C,0,221,1,12,0,0x00000000,0,0,0,0
2162005,2162005,3106542,Amalj'aa ranger,210766850,0x0C900C02,0,201,3,2,236979210,0x0E20040A,0,226,1,10,0,0x00000000,0,0,0,0,0,0x00000000,0,0,0,0,0,0x00000000,0,0,0,0,231736332,0x0DD0040C,0,221,1,12,0,0x00000000,0,0,0,0
2162006,2162006,3106542,Amalj'aa ranger,210766850,0x0C900C02,0,201,3,2,236979210,0x0E20040A,0,226,1,10,0,0x00000000,0,0,0,0,0,0x00000000,0,0,0,0,0,0x00000000,0,0,0,0,231736332,0x0DD0040C,0,221,1,12,0,0x00000000,0,0,0,0
2162007,2162007,3106543,Amalj'aa bowyer,210766858,0x0C900C0A,0,201,3,10,236979210,0x0E20040A,0,226,1,10,0,0x00000000,0,0,0,0,0,0x00000000,0,0,0,0,0,0x00000000,0,0,0,0,231736350,0x0DD0041E,0,221,1,30,0,0x00000000,0,0,0,0
2162008,2162008,3106543,Amalj'aa bowyer,210766858,0x0C900C0A,0,201,3,10,236979210,0x0E20040A,0,226,1,10,0,0x00000000,0,0,0,0,0,0x00000000,0,0,0,0,0,0x00000000,0,0,0,0,231736350,0x0DD0041E,0,221,1,30,0,0x00000000,0,0,0,0
2162009,2162009,3106543,Amalj'aa bowyer,210766858,0x0C900C0A,0,201,3,10,236979210,0x0E20040A,0,226,1,10,0,0x00000000,0,0,0,0,0,0x00000000,0,0,0,0,0,0x00000000,0,0,0,0,231736350,0x0DD0041E,0,221,1,30,0,0x00000000,0,0,0,0
2162010,2162010,3106544,Amalj'aa javelineer,168821760,0x0A100400,0,161,1,0,0,0x00000000,0,0,0,0,0,0x00000000,0,0,0,0,0,0x00000000,0,0,0,0,0,0x00000000,0,0,0,0,0,0x00000000,0,0,0,0,0,0x00000000,0,0,0,0
2162011,2162011,3106544,Amalj'aa javelineer,168821760,0x0A100400,0,161,1,0,0,0x00000000,0,0,0,0,0,0x00000000,0,0,0,0,0,0x00000000,0,0,0,0,0,0x00000000,0,0,0,0,0,0x00000000,0,0,0,0,0,0x00000000,0,0,0,0
2162012,2162012,3106544,Amalj'aa javelineer,168821760,0x0A100400,0,161,1,0,0,0x00000000,0,0,0,0,0,0x00000000,0,0,0,0,0,0x00000000,0,0,0,0,0,0x00000000,0,0,0,0,0,0x00000000,0,0,0,0,0,0x00000000,0,0,0,0
2162013,2162013,3106545,Amalj'aa harpooner,168821761,0x0A100401,0,161,1,1,0,0x00000000,0,0,0,0,0,0x00000000,0,0,0,0,0,0x00000000,0,0,0,0,0,0x00000000,0,0,0,0,0,0x00000000,0,0,0,0,0,0x00000000,0,0,0,0
2162014,2162014,3106545,Amalj'aa harpooner,168821761,0x0A100401,0,161,1,1,0,0x00000000,0,0,0,0,0,0x00000000,0,0,0,0,0,0x00000000,0,0,0,0,0,0x00000000,0,0,0,0,0,0x00000000,0,0,0,0,0,0x00000000,0,0,0,0
2162015,2162015,3106545,Amalj'aa harpooner,168821761,0x0A100401,0,161,1,1,0,0x00000000,0,0,0,0,0,0x00000000,0,0,0,0,0,0x00000000,0,0,0,0,0,0x00000000,0,0,0,0,0,0x00000000,0,0,0,0,0,0x00000000,0,0,0,0
2162016,2162016,3106546,Amalj'aa lancer,168821780,0x0A100414,0,161,1,20,0,0x00000000,0,0,0,0,0,0x00000000,0,0,0,0,0,0x00000000,0,0,0,0,0,0x00000000,0,0,0,0,0,0x00000000,0,0,0,0,0,0x00000000,0,0,0,0
2162017,2162017,3106546,Amalj'aa lancer,168821780,0x0A100414,0,161,1,20,0,0x00000000,0,0,0,0,0,0x00000000,0,0,0,0,0,0x00000000,0,0,0,0,0,0x00000000,0,0,0,0,0,0x00000000,0,0,0,0,0,0x00000000,0,0,0,0
2162018,2162018,3106546,Amalj'aa lancer,168821780,0x0A100414,0,161,1,20,0,0x00000000,0,0,0,0,0,0x00000000,0,0,0,0,0,0x00000000,0,0,0,0,0,0x00000000,0,0,0,0,0,0x00000000,0,0,0,0,0,0x00000000,0,0,0,0
2162019,2162019,3106547,Amalj'aa bruiser,58723358,0x03800C1E,0,56,3,30,59771934,0x03900C1E,0,57,3,30,0,0x00000000,0,0,0,0,0,0x00000000,0,0,0,0,0,0x00000000,0,0,0,0,0,0x00000000,0,0,0,0,0,0x00000000,0,0,0,0
2162020,2162020,3106547,Amalj'aa bruiser,58723358,0x03800C1E,0,56,3,30,59771934,0x03900C1E,0,57,3,30,0,0x00000000,0,0,0,0,0,0x00000000,0,0,0,0,0,0x00000000,0,0,0,0,0,0x00000000,0,0,0,0,0,0x00000000,0,0,0,0
2162021,2162021,3106547,Amalj'aa bruiser,58723358,0x03800C1E,0,56,3,30,59771934,0x03900C1E,0,57,3,30,0,0x00000000,0,0,0,0,0,0x00000000,0,0,0,0,0,0x00000000,0,0,0,0,0,0x00000000,0,0,0,0,0,0x00000000,0,0,0,0
2162022,2162022,3106548,Amalj'aa scout,58724352,0x03801000,0,56,4,0,59772928,0x03901000,0,57,4,0,0,0x00000000,0,0,0,0,0,0x00000000,0,0,0,0,0,0x00000000,0,0,0,0,0,0x00000000,0,0,0,0,0,0x00000000,0,0,0,0
2162023,2162023,3106548,Amalj'aa scout,58724352,0x03801000,0,56,4,0,59772928,0x03901000,0,57,4,0,0,0x00000000,0,0,0,0,0,0x00000000,0,0,0,0,0,0x00000000,0,0,0,0,0,0x00000000,0,0,0,0,0,0x00000000,0,0,0,0
2162024,2162024,3106548,Amalj'aa scout,58724352,0x03801000,0,56,4,0,59772928,0x03901000,0,57,4,0,0,0x00000000,0,0,0,0,0,0x00000000,0,0,0,0,0,0x00000000,0,0,0,0,0,0x00000000,0,0,0,0,0,0x00000000,0,0,0,0
2162025,2162025,3106549,Amalj'aa stargazer,310379520,0x12800400,0,296,1,0,0,0x00000000,0,0,0,0,0,0x00000000,0,0,0,0,0,0x00000000,0,0,0,0,0,0x00000000,0,0,0,0,0,0x00000000,0,0,0,0,0,0x00000000,0,0,0,0
2162026,2162026,3106549,Amalj'aa stargazer,310379520,0x12800400,0,296,1,0,0,0x00000000,0,0,0,0,0,0x00000000,0,0,0,0,0,0x00000000,0,0,0,0,0,0x00000000,0,0,0,0,0,0x00000000,0,0,0,0,0,0x00000000,0,0,0,0
2162027,2162027,3106549,Amalj'aa stargazer,310379520,0x12800400,0,296,1,0,0,0x00000000,0,0,0,0,0,0x00000000,0,0,0,0,0,0x00000000,0,0,0,0,0,0x00000000,0,0,0,0,0,0x00000000,0,0,0,0,0,0x00000000,0,0,0,0
2162028,2162028,3106550,Amalj'aa seer,310379550,0x1280041E,0,296,1,30,0,0x00000000,0,0,0,0,0,0x00000000,0,0,0,0,0,0x00000000,0,0,0,0,0,0x00000000,0,0,0,0,0,0x00000000,0,0,0,0,0,0x00000000,0,0,0,0
2162029,2162029,3106550,Amalj'aa seer,310379550,0x1280041E,0,296,1,30,0,0x00000000,0,0,0,0,0,0x00000000,0,0,0,0,0,0x00000000,0,0,0,0,0,0x00000000,0,0,0,0,0,0x00000000,0,0,0,0,0,0x00000000,0,0,0,0
2162030,2162030,3106550,Amalj'aa seer,310379550,0x1280041E,0,296,1,30,0,0x00000000,0,0,0,0,0,0x00000000,0,0,0,0,0,0x00000000,0,0,0,0,0,0x00000000,0,0,0,0,0,0x00000000,0,0,0,0,0,0x00000000,0,0,0,0
2162031,2162031,3106551,Amalj'aa divinator,310379610,0x1280045A,0,296,1,90,0,0x00000000,0,0,0,0,0,0x00000000,0,0,0,0,0,0x00000000,0,0,0,0,0,0x00000000,0,0,0,0,0,0x00000000,0,0,0,0,0,0x00000000,0,0,0,0
2162032,2162032,3106551,Amalj'aa divinator,310379630,0x1280046E,0,296,1,110,0,0x00000000,0,0,0,0,0,0x00000000,0,0,0,0,0,0x00000000,0,0,0,0,0,0x00000000,0,0,0,0,0,0x00000000,0,0,0,0,0,0x00000000,0,0,0,0
2162033,2162033,3106551,Amalj'aa divinator,310379620,0x12800464,0,296,1,100,0,0x00000000,0,0,0,0,0,0x00000000,0,0,0,0,0,0x00000000,0,0,0,0,0,0x00000000,0,0,0,0,0,0x00000000,0,0,0,0,0,0x00000000,0,0,0,0
2162034,2162034,3106552,Zahar'ak sniper,210766858,0x0C900C0A,0,201,3,10,236979210,0x0E20040A,0,226,1,10,0,0x00000000,0,0,0,0,0,0x00000000,0,0,0,0,0,0x00000000,0,0,0,0,231736360,0x0DD00428,0,221,1,40,0,0x00000000,0,0,0,0
2162035,2162035,3106552,Zahar'ak sniper,210766858,0x0C900C0A,0,201,3,10,236979210,0x0E20040A,0,226,1,10,0,0x00000000,0,0,0,0,0,0x00000000,0,0,0,0,0,0x00000000,0,0,0,0,231736360,0x0DD00428,0,221,1,40,0,0x00000000,0,0,0,0
2162036,2162036,3106552,Zahar'ak sniper,210766858,0x0C900C0A,0,201,3,10,236979210,0x0E20040A,0,226,1,10,0,0x00000000,0,0,0,0,0,0x00000000,0,0,0,0,0,0x00000000,0,0,0,0,231736360,0x0DD00428,0,221,1,40,0,0x00000000,0,0,0,0
2162037,2162037,3106552,Zahar'ak sniper,210766858,0x0C900C0A,0,201,3,10,236979210,0x0E20040A,0,226,1,10,0,0x00000000,0,0,0,0,0,0x00000000,0,0,0,0,0,0x00000000,0,0,0,0,231736360,0x0DD00428,0,221,1,40,0,0x00000000,0,0,0,0
2162038,2162038,3106553,Burned Sister,210766859,0x0C900C0B,0,201,3,11,236979210,0x0E20040A,0,226,1,10,0,0x00000000,0,0,0,0,0,0x00000000,0,0,0,0,0,0x00000000,0,0,0,0,231736361,0x0DD00429,0,221,1,41,0,0x00000000,0,0,0,0
2162039,2162039,3106554,Zahar'ak halberdier,168825867,0x0A10140B,0,161,5,11,0,0x00000000,0,0,0,0,0,0x00000000,0,0,0,0,0,0x00000000,0,0,0,0,0,0x00000000,0,0,0,0,0,0x00000000,0,0,0,0,0,0x00000000,0,0,0,0
2162040,2162040,3106554,Zahar'ak halberdier,168825867,0x0A10140B,0,161,5,11,0,0x00000000,0,0,0,0,0,0x00000000,0,0,0,0,0,0x00000000,0,0,0,0,0,0x00000000,0,0,0,0,0,0x00000000,0,0,0,0,0,0x00000000,0,0,0,0
2162041,2162041,3106554,Zahar'ak halberdier,168825867,0x0A10140B,0,161,5,11,0,0x00000000,0,0,0,0,0,0x00000000,0,0,0,0,0,0x00000000,0,0,0,0,0,0x00000000,0,0,0,0,0,0x00000000,0,0,0,0,0,0x00000000,0,0,0,0
2162042,2162042,3106554,Zahar'ak halberdier,168825867,0x0A10140B,0,161,5,11,0,0x00000000,0,0,0,0,0,0x00000000,0,0,0,0,0,0x00000000,0,0,0,0,0,0x00000000,0,0,0,0,0,0x00000000,0,0,0,0,0,0x00000000,0,0,0,0
2162043,2162043,3106554,Zahar'ak halberdier,168825867,0x0A10140B,0,161,5,11,0,0x00000000,0,0,0,0,0,0x00000000,0,0,0,0,0,0x00000000,0,0,0,0,0,0x00000000,0,0,0,0,0,0x00000000,0,0,0,0,0,0x00000000,0,0,0,0
2162044,2162044,3106554,Zahar'ak halberdier,168825867,0x0A10140B,0,161,5,11,0,0x00000000,0,0,0,0,0,0x00000000,0,0,0,0,0,0x00000000,0,0,0,0,0,0x00000000,0,0,0,0,0,0x00000000,0,0,0,0,0,0x00000000,0,0,0,0
2162045,2162045,3106555,Burned Brother,168825876,0x0A101414,0,161,5,20,0,0x00000000,0,0,0,0,0,0x00000000,0,0,0,0,0,0x00000000,0,0,0,0,0,0x00000000,0,0,0,0,0,0x00000000,0,0,0,0,0,0x00000000,0,0,0,0
2162046,2162046,3106556,Zahar'ak drubber,58722355,0x03800833,0,56,2,51,59770931,0x03900833,0,57,2,51,0,0x00000000,0,0,0,0,0,0x00000000,0,0,0,0,0,0x00000000,0,0,0,0,0,0x00000000,0,0,0,0,0,0x00000000,0,0,0,0
2162047,2162047,3106556,Zahar'ak drubber,58722355,0x03800833,0,56,2,51,59770931,0x03900833,0,57,2,51,0,0x00000000,0,0,0,0,0,0x00000000,0,0,0,0,0,0x00000000,0,0,0,0,0,0x00000000,0,0,0,0,0,0x00000000,0,0,0,0
2162048,2162048,3106556,Zahar'ak drubber,58722355,0x03800833,0,56,2,51,59770931,0x03900833,0,57,2,51,0,0x00000000,0,0,0,0,0,0x00000000,0,0,0,0,0,0x00000000,0,0,0,0,0,0x00000000,0,0,0,0,0,0x00000000,0,0,0,0
2162049,2162049,3106556,Zahar'ak drubber,58722355,0x03800833,0,56,2,51,59770931,0x03900833,0,57,2,51,0,0x00000000,0,0,0,0,0,0x00000000,0,0,0,0,0,0x00000000,0,0,0,0,0,0x00000000,0,0,0,0,0,0x00000000,0,0,0,0
2162050,2162050,3106556,Zahar'ak drubber,58722355,0x03800833,0,56,2,51,59770931,0x03900833,0,57,2,51,0,0x00000000,0,0,0,0,0,0x00000000,0,0,0,0,0,0x00000000,0,0,0,0,0,0x00000000,0,0,0,0,0,0x00000000,0,0,0,0
2162051,2162051,3106557,Flamefist Ahlygg Roh,58724402,0x03801032,0,56,4,50,59772978,0x03901032,0,57,4,50,0,0x00000000,0,0,0,0,0,0x00000000,0,0,0,0,0,0x00000000,0,0,0,0,0,0x00000000,0,0,0,0,0,0x00000000,0,0,0,0
2162052,2162052,3106558,Zahar'ak feretrar,310379600,0x12800450,0,296,1,80,0,0x00000000,0,0,0,0,0,0x00000000,0,0,0,0,0,0x00000000,0,0,0,0,0,0x00000000,0,0,0,0,0,0x00000000,0,0,0,0,0,0x00000000,0,0,0,0
2162053,2162053,3106559,Zahar'ak chandler,310379600,0x12800450,0,296,1,80,0,0x00000000,0,0,0,0,0,0x00000000,0,0,0,0,0,0x00000000,0,0,0,0,0,0x00000000,0,0,0,0,0,0x00000000,0,0,0,0,0,0x00000000,0,0,0,0
2162054,2162054,3106560,Zahar'ak scriniary,310379600,0x12800450,0,296,1,80,0,0x00000000,0,0,0,0,0,0x00000000,0,0,0,0,0,0x00000000,0,0,0,0,0,0x00000000,0,0,0,0,0,0x00000000,0,0,0,0,0,0x00000000,0,0,0,0
2162055,2162055,3106559,Zahar'ak chandler,310379600,0x12800450,0,296,1,80,0,0x00000000,0,0,0,0,0,0x00000000,0,0,0,0,0,0x00000000,0,0,0,0,0,0x00000000,0,0,0,0,0,0x00000000,0,0,0,0,0,0x00000000,0,0,0,0
2162056,2162056,3106561,Zahar'ak illuminator,310379600,0x12800450,0,296,1,80,0,0x00000000,0,0,0,0,0,0x00000000,0,0,0,0,0,0x00000000,0,0,0,0,0,0x00000000,0,0,0,0,0,0x00000000,0,0,0,0,0,0x00000000,0,0,0,0
2162057,2162057,3106559,Zahar'ak chandler,310379600,0x12800450,0,296,1,80,0,0x00000000,0,0,0,0,0,0x00000000,0,0,0,0,0,0x00000000,0,0,0,0,0,0x00000000,0,0,0,0,0,0x00000000,0,0,0,0,0,0x00000000,0,0,0,0
2162058,2162058,3106562,Zahar'ak ostiary,310379600,0x12800450,0,296,1,80,0,0x00000000,0,0,0,0,0,0x00000000,0,0,0,0,0,0x00000000,0,0,0,0,0,0x00000000,0,0,0,0,0,0x00000000,0,0,0,0,0,0x00000000,0,0,0,0
2162059,2162059,3106562,Zahar'ak ostiary,310379600,0x12800450,0,296,1,80,0,0x00000000,0,0,0,0,0,0x00000000,0,0,0,0,0,0x00000000,0,0,0,0,0,0x00000000,0,0,0,0,0,0x00000000,0,0,0,0,0,0x00000000,0,0,0,0
2162060,2162060,3106564,Burned Scrivner,310379640,0x12800478,0,296,1,120,0,0x00000000,0,0,0,0,0,0x00000000,0,0,0,0,0,0x00000000,0,0,0,0,0,0x00000000,0,0,0,0,0,0x00000000,0,0,0,0,0,0x00000000,0,0,0,0
2162061,2162061,3106563,Voidtongue Ahzabb Chah,310379620,0x12800464,0,296,1,100,0,0x00000000,0,0,0,0,0,0x00000000,0,0,0,0,0,0x00000000,0,0,0,0,0,0x00000000,0,0,0,0,0,0x00000000,0,0,0,0,0,0x00000000,0,0,0,0
2180001,2180001,3180001,imperial trooper,58723348,0x03800C14,0,56,3,20,59771924,0x03900C14,0,57,3,20,0,0x00000000,0,0,0,0,0,0x00000000,0,0,0,0,0,0x00000000,0,0,0,0,0,0x00000000,0,0,0,0,0,0x00000000,0,0,0,0
2180002,2180002,3180002,imperial trooper,79694869,0x04C00C15,0,76,3,21,32512010,0x01F0180A,0,31,6,10,0,0x00000000,0,0,0,0,0,0x00000000,0,0,0,0,0,0x00000000,0,0,0,0,0,0x00000000,0,0,0,0,0,0x00000000,0,0,0,0
2180003,2180003,3180003,imperial trooper,147850300,0x08D0043C,0,141,1,60,0,0x00000000,0,0,0,0,0,0x00000000,0,0,0,0,0,0x00000000,0,0,0,0,0,0x00000000,0,0,0,0,0,0x00000000,0,0,0,0,0,0x00000000,0,0,0,0
2180004,2180004,3180004,imperial trooper,168825858,0x0A101402,0,161,5,2,0,0x00000000,0,0,0,0,0,0x00000000,0,0,0,0,0,0x00000000,0,0,0,0,0,0x00000000,0,0,0,0,0,0x00000000,0,0,0,0,0,0x00000000,0,0,0,0
2180005,2180005,3180005,imperial trooper,210765844,0x0C900814,0,201,2,20,236979210,0x0E20040A,0,226,1,10,0,0x00000000,0,0,0,0,0,0x00000000,0,0,0,0,0,0x00000000,0,0,0,0,231736332,0x0DD0040C,0,221,1,12,0,0x00000000,0,0,0,0
2180006,2180006,3180006,imperial trooper,310379580,0x1280043C,0,296,1,60,0,0x00000000,0,0,0,0,0,0x00000000,0,0,0,0,0,0x00000000,0,0,0,0,0,0x00000000,0,0,0,0,0,0x00000000,0,0,0,0,0,0x00000000,0,0,0,0
2180007,2180007,3180007,imperial trooper,347079691,0x14B0040B,0,331,1,11,0,0x00000000,0,0,0,0,0,0x00000000,0,0,0,0,0,0x00000000,0,0,0,0,0,0x00000000,0,0,0,0,0,0x00000000,0,0,0,0,0,0x00000000,0,0,0,0
2180008,2180008,3180008,imperial trooper,383779881,0x16E00429,0,366,1,41,0,0x00000000,0,0,0,0,0,0x00000000,0,0,0,0,0,0x00000000,0,0,0,0,0,0x00000000,0,0,0,0,0,0x00000000,0,0,0,0,0,0x00000000,0,0,0,0
2180009,2180009,3180009,imperial secutor,58723348,0x03800C14,0,56,3,20,59771924,0x03900C14,0,57,3,20,0,0x00000000,0,0,0,0,0,0x00000000,0,0,0,0,0,0x00000000,0,0,0,0,0,0x00000000,0,0,0,0,0,0x00000000,0,0,0,0
2180010,2180010,3180010,elite secutor,58723348,0x03800C14,0,56,3,20,59771924,0x03900C14,0,57,3,20,0,0x00000000,0,0,0,0,0,0x00000000,0,0,0,0,0,0x00000000,0,0,0,0,0,0x00000000,0,0,0,0,0,0x00000000,0,0,0,0
2180011,2180011,3180011,imperial hoplomachus,79694869,0x04C00C15,0,76,3,21,32512010,0x01F0180A,0,31,6,10,0,0x00000000,0,0,0,0,0,0x00000000,0,0,0,0,0,0x00000000,0,0,0,0,0,0x00000000,0,0,0,0,0,0x00000000,0,0,0,0
2180012,2180012,3180012,elite hoplomachus,79694869,0x04C00C15,0,76,3,21,32512010,0x01F0180A,0,31,6,10,0,0x00000000,0,0,0,0,0,0x00000000,0,0,0,0,0,0x00000000,0,0,0,0,0,0x00000000,0,0,0,0,0,0x00000000,0,0,0,0
2180013,2180013,3180013,imperial laquearius,147850300,0x08D0043C,0,141,1,60,0,0x00000000,0,0,0,0,0,0x00000000,0,0,0,0,0,0x00000000,0,0,0,0,0,0x00000000,0,0,0,0,0,0x00000000,0,0,0,0,0,0x00000000,0,0,0,0
2180014,2180014,3180014,elite laquearius,147850300,0x08D0043C,0,141,1,60,0,0x00000000,0,0,0,0,0,0x00000000,0,0,0,0,0,0x00000000,0,0,0,0,0,0x00000000,0,0,0,0,0,0x00000000,0,0,0,0,0,0x00000000,0,0,0,0
2180015,2180015,3180015,imperial eques,168825858,0x0A101402,0,161,5,2,0,0x00000000,0,0,0,0,0,0x00000000,0,0,0,0,0,0x00000000,0,0,0,0,0,0x00000000,0,0,0,0,0,0x00000000,0,0,0,0,0,0x00000000,0,0,0,0
2180016,2180016,3180016,elite eques,168825858,0x0A101402,0,161,5,2,0,0x00000000,0,0,0,0,0,0x00000000,0,0,0,0,0,0x00000000,0,0,0,0,0,0x00000000,0,0,0,0,0,0x00000000,0,0,0,0,0,0x00000000,0,0,0,0
2180017,2180017,3180017,imperial sagittarius,210765844,0x0C900814,0,201,2,20,236979210,0x0E20040A,0,226,1,10,0,0x00000000,0,0,0,0,0,0x00000000,0,0,0,0,0,0x00000000,0,0,0,0,231736332,0x0DD0040C,0,221,1,12,0,0x00000000,0,0,0,0
2180018,2180018,3180018,elite sagittarius,210765844,0x0C900814,0,201,2,20,236979210,0x0E20040A,0,226,1,10,0,0x00000000,0,0,0,0,0,0x00000000,0,0,0,0,0,0x00000000,0,0,0,0,231736332,0x0DD0040C,0,221,1,12,0,0x00000000,0,0,0,0
2180019,2180019,3180019,imperial medicus,347079691,0x14B0040B,0,331,1,11,0,0x00000000,0,0,0,0,0,0x00000000,0,0,0,0,0,0x00000000,0,0,0,0,0,0x00000000,0,0,0,0,0,0x00000000,0,0,0,0,0,0x00000000,0,0,0,0
2180020,2180020,3180020,elite medicus,347079691,0x14B0040B,0,331,1,11,0,0x00000000,0,0,0,0,0,0x00000000,0,0,0,0,0,0x00000000,0,0,0,0,0,0x00000000,0,0,0,0,0,0x00000000,0,0,0,0,0,0x00000000,0,0,0,0
2180021,2180021,3180021,imperial signifer,310379580,0x1280043C,0,296,1,60,0,0x00000000,0,0,0,0,0,0x00000000,0,0,0,0,0,0x00000000,0,0,0,0,0,0x00000000,0,0,0,0,0,0x00000000,0,0,0,0,0,0x00000000,0,0,0,0
2180022,2180022,3180022,elite signifer,310379580,0x1280043C,0,296,1,60,0,0x00000000,0,0,0,0,0,0x00000000,0,0,0,0,0,0x00000000,0,0,0,0,0,0x00000000,0,0,0,0,0,0x00000000,0,0,0,0,0,0x00000000,0,0,0,0
2180023,2180023,3180009,imperial secutor,58723348,0x03800C14,0,56,3,20,59771924,0x03900C14,0,57,3,20,0,0x00000000,0,0,0,0,0,0x00000000,0,0,0,0,0,0x00000000,0,0,0,0,0,0x00000000,0,0,0,0,0,0x00000000,0,0,0,0
2180024,2180024,3180009,imperial secutor,58723348,0x03800C14,0,56,3,20,59771924,0x03900C14,0,57,3,20,0,0x00000000,0,0,0,0,0,0x00000000,0,0,0,0,0,0x00000000,0,0,0,0,0,0x00000000,0,0,0,0,0,0x00000000,0,0,0,0
2180025,2180025,3180011,imperial hoplomachus,79694869,0x04C00C15,0,76,3,21,32512010,0x01F0180A,0,31,6,10,0,0x00000000,0,0,0,0,0,0x00000000,0,0,0,0,0,0x00000000,0,0,0,0,0,0x00000000,0,0,0,0,0,0x00000000,0,0,0,0
2180026,2180026,3180011,imperial hoplomachus,79694869,0x04C00C15,0,76,3,21,32512010,0x01F0180A,0,31,6,10,0,0x00000000,0,0,0,0,0,0x00000000,0,0,0,0,0,0x00000000,0,0,0,0,0,0x00000000,0,0,0,0,0,0x00000000,0,0,0,0
2180027,2180027,3180013,imperial laquearius,147850300,0x08D0043C,0,141,1,60,0,0x00000000,0,0,0,0,0,0x00000000,0,0,0,0,0,0x00000000,0,0,0,0,0,0x00000000,0,0,0,0,0,0x00000000,0,0,0,0,0,0x00000000,0,0,0,0
2180028,2180028,3180013,imperial laquearius,147850300,0x08D0043C,0,141,1,60,0,0x00000000,0,0,0,0,0,0x00000000,0,0,0,0,0,0x00000000,0,0,0,0,0,0x00000000,0,0,0,0,0,0x00000000,0,0,0,0,0,0x00000000,0,0,0,0
2180029,2180029,3180015,imperial eques,168825858,0x0A101402,0,161,5,2,0,0x00000000,0,0,0,0,0,0x00000000,0,0,0,0,0,0x00000000,0,0,0,0,0,0x00000000,0,0,0,0,0,0x00000000,0,0,0,0,0,0x00000000,0,0,0,0
2180030,2180030,3180015,imperial eques,168825858,0x0A101402,0,161,5,2,0,0x00000000,0,0,0,0,0,0x00000000,0,0,0,0,0,0x00000000,0,0,0,0,0,0x00000000,0,0,0,0,0,0x00000000,0,0,0,0,0,0x00000000,0,0,0,0
2180031,2180031,3180017,imperial sagittarius,210765844,0x0C900814,0,201,2,20,236979210,0x0E20040A,0,226,1,10,0,0x00000000,0,0,0,0,0,0x00000000,0,0,0,0,0,0x00000000,0,0,0,0,231736332,0x0DD0040C,0,221,1,12,0,0x00000000,0,0,0,0
2180032,2180032,3180017,imperial sagittarius,210765844,0x0C900814,0,201,2,20,236979210,0x0E20040A,0,226,1,10,0,0x00000000,0,0,0,0,0,0x00000000,0,0,0,0,0,0x00000000,0,0,0,0,231736332,0x0DD0040C,0,221,1,12,0,0x00000000,0,0,0,0
2180033,2180033,3180019,imperial medicus,347079691,0x14B0040B,0,331,1,11,0,0x00000000,0,0,0,0,0,0x00000000,0,0,0,0,0,0x00000000,0,0,0,0,0,0x00000000,0,0,0,0,0,0x00000000,0,0,0,0,0,0x00000000,0,0,0,0
2180034,2180034,3180019,imperial medicus,347079691,0x14B0040B,0,331,1,11,0,0x00000000,0,0,0,0,0,0x00000000,0,0,0,0,0,0x00000000,0,0,0,0,0,0x00000000,0,0,0,0,0,0x00000000,0,0,0,0,0,0x00000000,0,0,0,0
2180035,2180035,3180021,imperial signifer,310379580,0x1280043C,0,296,1,60,0,0x00000000,0,0,0,0,0,0x00000000,0,0,0,0,0,0x00000000,0,0,0,0,0,0x00000000,0,0,0,0,0,0x00000000,0,0,0,0,0,0x00000000,0,0,0,0
2180036,2180036,3180021,imperial signifer,310379580,0x1280043C,0,296,1,60,0,0x00000000,0,0,0,0,0,0x00000000,0,0,0,0,0,0x00000000,0,0,0,0,0,0x00000000,0,0,0,0,0,0x00000000,0,0,0,0,0,0x00000000,0,0,0,0
2180037,2180037,3180023,VIIth Legion secutor,58723348,0x03800C14,0,56,3,20,59771924,0x03900C14,0,57,3,20,0,0x00000000,0,0,0,0,0,0x00000000,0,0,0,0,0,0x00000000,0,0,0,0,0,0x00000000,0,0,0,0,0,0x00000000,0,0,0,0
2180038,2180038,3180024,VIIth Legion eques,168825858,0x0A101402,0,161,5,2,0,0x00000000,0,0,0,0,0,0x00000000,0,0,0,0,0,0x00000000,0,0,0,0,0,0x00000000,0,0,0,0,0,0x00000000,0,0,0,0,0,0x00000000,0,0,0,0
2180039,2180039,3180025,VIIth Legion sagittarius,210765844,0x0C900814,0,201,2,20,236979210,0x0E20040A,0,226,1,10,0,0x00000000,0,0,0,0,0,0x00000000,0,0,0,0,0,0x00000000,0,0,0,0,231736332,0x0DD0040C,0,221,1,12,0,0x00000000,0,0,0,0
2180101,2180101,3180101,plains footpad,79692880,0x04C00450,0,76,1,80,32513024,0x01F01C00,0,31,7,0,0,0x00000000,0,0,0,0,0,0x00000000,0,0,0,0,0,0x00000000,0,0,0,0,0,0x00000000,0,0,0,0,0,0x00000000,0,0,0,0
2180102,2180102,3180102,Westroad footpad,79692880,0x04C00450,0,76,1,80,32513024,0x01F01C00,0,31,7,0,0,0x00000000,0,0,0,0,0,0x00000000,0,0,0,0,0,0x00000000,0,0,0,0,0,0x00000000,0,0,0,0,0,0x00000000,0,0,0,0
2180103,2180103,3180103,plains highwayman,168826880,0x0A101800,0,161,6,0,0,0x00000000,0,0,0,0,0,0x00000000,0,0,0,0,0,0x00000000,0,0,0,0,0,0x00000000,0,0,0,0,0,0x00000000,0,0,0,0,0,0x00000000,0,0,0,0
2180104,2180104,3180104,Westroad highwayman,168826880,0x0A101800,0,161,6,0,0,0x00000000,0,0,0,0,0,0x00000000,0,0,0,0,0,0x00000000,0,0,0,0,0,0x00000000,0,0,0,0,0,0x00000000,0,0,0,0,0,0x00000000,0,0,0,0
2180105,2180105,3180105,plains raider,210766848,0x0C900C00,0,201,3,0,236979210,0x0E20040A,0,226,1,10,0,0x00000000,0,0,0,0,0,0x00000000,0,0,0,0,0,0x00000000,0,0,0,0,231736331,0x0DD0040B,0,221,1,11,0,0x00000000,0,0,0,0
2180106,2180106,3180106,Westroad raider,210766878,0x0C900C1E,0,201,3,30,236979210,0x0E20040A,0,226,1,10,0,0x00000000,0,0,0,0,0,0x00000000,0,0,0,0,0,0x00000000,0,0,0,0,231736331,0x0DD0040B,0,221,1,11,0,0x00000000,0,0,0,0
2180107,2180107,3180107,Nightblade assassin,79693827,0x04C00803,0,76,2,3,0,0x00000000,0,0,0,0,0,0x00000000,0,0,0,0,0,0x00000000,0,0,0,0,0,0x00000000,0,0,0,0,0,0x00000000,0,0,0,0,0,0x00000000,0,0,0,0
2180108,2180108,3180108,Nightblade assassin,79693845,0x04C00815,0,76,2,21,0,0x00000000,0,0,0,0,0,0x00000000,0,0,0,0,0,0x00000000,0,0,0,0,0,0x00000000,0,0,0,0,0,0x00000000,0,0,0,0,0,0x00000000,0,0,0,0
2180109,2180109,3180109,Nightblade assassin,79693845,0x04C00815,0,76,2,21,0,0x00000000,0,0,0,0,0,0x00000000,0,0,0,0,0,0x00000000,0,0,0,0,0,0x00000000,0,0,0,0,0,0x00000000,0,0,0,0,0,0x00000000,0,0,0,0
2180110,2180110,3180110,Deathstroke assassin,58724372,0x03801014,0,56,4,20,59772948,0x03901014,0,57,4,20,0,0x00000000,0,0,0,0,0,0x00000000,0,0,0,0,0,0x00000000,0,0,0,0,0,0x00000000,0,0,0,0,0,0x00000000,0,0,0,0
2180111,2180111,3180111,Deathstroke assassin,58724372,0x03801014,0,56,4,20,59772948,0x03901014,0,57,4,20,0,0x00000000,0,0,0,0,0,0x00000000,0,0,0,0,0,0x00000000,0,0,0,0,0,0x00000000,0,0,0,0,0,0x00000000,0,0,0,0
2180112,2180112,3180112,Deathstroke assassin,58724353,0x03801001,0,56,4,1,59772929,0x03901001,0,57,4,1,0,0x00000000,0,0,0,0,0,0x00000000,0,0,0,0,0,0x00000000,0,0,0,0,0,0x00000000,0,0,0,0,0,0x00000000,0,0,0,0
2180113,2180113,3180113,Venomtongue assassin,310379550,0x1280041E,0,296,1,30,0,0x00000000,0,0,0,0,0,0x00000000,0,0,0,0,0,0x00000000,0,0,0,0,0,0x00000000,0,0,0,0,0,0x00000000,0,0,0,0,0,0x00000000,0,0,0,0
2180114,2180114,3180114,Venomtongue assassin,310379550,0x1280041E,0,296,1,30,0,0x00000000,0,0,0,0,0,0x00000000,0,0,0,0,0,0x00000000,0,0,0,0,0,0x00000000,0,0,0,0,0,0x00000000,0,0,0,0,0,0x00000000,0,0,0,0
2180115,2180115,3180115,Venomtongue assassin,310379570,0x12800432,0,296,1,50,0,0x00000000,0,0,0,0,0,0x00000000,0,0,0,0,0,0x00000000,0,0,0,0,0,0x00000000,0,0,0,0,0,0x00000000,0,0,0,0,0,0x00000000,0,0,0,0
2180116,2180116,3180116,toad poacher,58722324,0x03800814,0,56,2,20,59770900,0x03900814,0,57,2,20,0,0x00000000,0,0,0,0,0,0x00000000,0,0,0,0,0,0x00000000,0,0,0,0,0,0x00000000,0,0,0,0,0,0x00000000,0,0,0,0
2180117,2180117,3180117,toad poacher,58722324,0x03800814,0,56,2,20,59770900,0x03900814,0,57,2,20,0,0x00000000,0,0,0,0,0,0x00000000,0,0,0,0,0,0x00000000,0,0,0,0,0,0x00000000,0,0,0,0,0,0x00000000,0,0,0,0
2180118,2180118,3180118,toad poacher,58722334,0x0380081E,0,56,2,30,59770910,0x0390081E,0,57,2,30,0,0x00000000,0,0,0,0,0,0x00000000,0,0,0,0,0,0x00000000,0,0,0,0,0,0x00000000,0,0,0,0,0,0x00000000,0,0,0,0
2180119,2180119,3180119,eft poacher,168821780,0x0A100414,0,161,1,20,0,0x00000000,0,0,0,0,0,0x00000000,0,0,0,0,0,0x00000000,0,0,0,0,0,0x00000000,0,0,0,0,0,0x00000000,0,0,0,0,0,0x00000000,0,0,0,0
2180120,2180120,3180120,eft poacher,168821780,0x0A100414,0,161,1,20,0,0x00000000,0,0,0,0,0,0x00000000,0,0,0,0,0,0x00000000,0,0,0,0,0,0x00000000,0,0,0,0,0,0x00000000,0,0,0,0,0,0x00000000,0,0,0,0
2180121,2180121,3180121,eft poacher,168821790,0x0A10041E,0,161,1,30,0,0x00000000,0,0,0,0,0,0x00000000,0,0,0,0,0,0x00000000,0,0,0,0,0,0x00000000,0,0,0,0,0,0x00000000,0,0,0,0,0,0x00000000,0,0,0,0
2180122,2180122,3180122,vulture poacher,210767892,0x0C901014,0,201,4,20,236979210,0x0E20040A,0,226,1,10,0,0x00000000,0,0,0,0,0,0x00000000,0,0,0,0,0,0x00000000,0,0,0,0,231736331,0x0DD0040B,0,221,1,11,0,0x00000000,0,0,0,0
2180123,2180123,3180123,vulture poacher,210767892,0x0C901014,0,201,4,20,236979210,0x0E20040A,0,226,1,10,0,0x00000000,0,0,0,0,0,0x00000000,0,0,0,0,0,0x00000000,0,0,0,0,231736331,0x0DD0040B,0,221,1,11,0,0x00000000,0,0,0,0
2180124,2180124,3180124,vulture poacher,210767902,0x0C90101E,0,201,4,30,236979210,0x0E20040A,0,226,1,10,0,0x00000000,0,0,0,0,0,0x00000000,0,0,0,0,0,0x00000000,0,0,0,0,231736331,0x0DD0040B,0,221,1,11,0,0x00000000,0,0,0,0
2180125,2180125,3180125,bandit spearman,168826880,0x0A101800,0,161,6,0,0,0x00000000,0,0,0,0,0,0x00000000,0,0,0,0,0,0x00000000,0,0,0,0,0,0x00000000,0,0,0,0,0,0x00000000,0,0,0,0,0,0x00000000,0,0,0,0
2180126,2180126,3180126,bandit spearman,168826880,0x0A101800,0,161,6,0,0,0x00000000,0,0,0,0,0,0x00000000,0,0,0,0,0,0x00000000,0,0,0,0,0,0x00000000,0,0,0,0,0,0x00000000,0,0,0,0,0,0x00000000,0,0,0,0
2180127,2180127,3180127,bandit halberdier,168826883,0x0A101803,0,161,6,3,0,0x00000000,0,0,0,0,0,0x00000000,0,0,0,0,0,0x00000000,0,0,0,0,0,0x00000000,0,0,0,0,0,0x00000000,0,0,0,0,0,0x00000000,0,0,0,0
2180128,2180128,3180128,bandit archer,210764820,0x0C900414,0,201,1,20,236979210,0x0E20040A,0,226,1,10,0,0x00000000,0,0,0,0,0,0x00000000,0,0,0,0,0,0x00000000,0,0,0,0,231736331,0x0DD0040B,0,221,1,11,0,0x00000000,0,0,0,0
2180129,2180129,3180129,bandit archer,210764820,0x0C900414,0,201,1,20,236979210,0x0E20040A,0,226,1,10,0,0x00000000,0,0,0,0,0,0x00000000,0,0,0,0,0,0x00000000,0,0,0,0,231736331,0x0DD0040B,0,221,1,11,0,0x00000000,0,0,0,0
2180130,2180130,3180130,bandit marksman,210764840,0x0C900428,0,201,1,40,236979210,0x0E20040A,0,226,1,10,0,0x00000000,0,0,0,0,0,0x00000000,0,0,0,0,0,0x00000000,0,0,0,0,231736331,0x0DD0040B,0,221,1,11,0,0x00000000,0,0,0,0
2180131,2180131,3180131,bandit mage,347079684,0x14B00404,0,331,1,4,0,0x00000000,0,0,0,0,0,0x00000000,0,0,0,0,0,0x00000000,0,0,0,0,0,0x00000000,0,0,0,0,0,0x00000000,0,0,0,0,0,0x00000000,0,0,0,0
2180132,2180132,3180132,bandit mage,347079684,0x14B00404,0,331,1,4,0,0x00000000,0,0,0,0,0,0x00000000,0,0,0,0,0,0x00000000,0,0,0,0,0,0x00000000,0,0,0,0,0,0x00000000,0,0,0,0,0,0x00000000,0,0,0,0
2180133,2180133,3180133,bandit sorceror,347079683,0x14B00403,0,331,1,3,0,0x00000000,0,0,0,0,0,0x00000000,0,0,0,0,0,0x00000000,0,0,0,0,0,0x00000000,0,0,0,0,0,0x00000000,0,0,0,0,0,0x00000000,0,0,0,0
2180134,2180134,3180134,audacious harrier,80741376,0x04D00400,0,77,1,0,32508968,0x01F00C28,0,31,3,40,0,0x00000000,0,0,0,0,0,0x00000000,0,0,0,0,0,0x00000000,0,0,0,0,0,0x00000000,0,0,0,0,0,0x00000000,0,0,0,0
2180135,2180135,3180135,daring harrier,80741376,0x04D00400,0,77,1,0,32508968,0x01F00C28,0,31,3,40,0,0x00000000,0,0,0,0,0,0x00000000,0,0,0,0,0,0x00000000,0,0,0,0,0,0x00000000,0,0,0,0,0,0x00000000,0,0,0,0
2180136,2180136,3180136,daring harrier,80741388,0x04D0040C,0,77,1,12,32508968,0x01F00C28,0,31,3,40,0,0x00000000,0,0,0,0,0,0x00000000,0,0,0,0,0,0x00000000,0,0,0,0,0,0x00000000,0,0,0,0,0,0x00000000,0,0,0,0
2180137,2180137,3180137,ravenous harrier,147853322,0x08D0100A,0,141,4,10,0,0x00000000,0,0,0,0,0,0x00000000,0,0,0,0,0,0x00000000,0,0,0,0,0,0x00000000,0,0,0,0,0,0x00000000,0,0,0,0,0,0x00000000,0,0,0,0
2180138,2180138,3180138,ravenous harrier,147853322,0x08D0100A,0,141,4,10,0,0x00000000,0,0,0,0,0,0x00000000,0,0,0,0,0,0x00000000,0,0,0,0,0,0x00000000,0,0,0,0,0,0x00000000,0,0,0,0,0,0x00000000,0,0,0,0
2180139,2180139,3180139,rampaging harrier,147853313,0x08D01001,0,141,4,1,0,0x00000000,0,0,0,0,0,0x00000000,0,0,0,0,0,0x00000000,0,0,0,0,0,0x00000000,0,0,0,0,0,0x00000000,0,0,0,0,0,0x00000000,0,0,0,0
2180140,2180140,3180140,hexing harrier,310379570,0x12800432,0,296,1,50,0,0x00000000,0,0,0,0,0,0x00000000,0,0,0,0,0,0x00000000,0,0,0,0,0,0x00000000,0,0,0,0,0,0x00000000,0,0,0,0,0,0x00000000,0,0,0,0
2180141,2180141,3180141,hexing harrier,310379570,0x12800432,0,296,1,50,0,0x00000000,0,0,0,0,0,0x00000000,0,0,0,0,0,0x00000000,0,0,0,0,0,0x00000000,0,0,0,0,0,0x00000000,0,0,0,0,0,0x00000000,0,0,0,0
2180142,2180142,3180142,apostate harrier,310379580,0x1280043C,0,296,1,60,0,0x00000000,0,0,0,0,0,0x00000000,0,0,0,0,0,0x00000000,0,0,0,0,0,0x00000000,0,0,0,0,0,0x00000000,0,0,0,0,0,0x00000000,0,0,0,0
2180151,2180151,3107101,Nightblade assassin,79693845,0x04C00815,0,76,2,21,0,0x00000000,0,0,0,0,0,0x00000000,0,0,0,0,0,0x00000000,0,0,0,0,0,0x00000000,0,0,0,0,0,0x00000000,0,0,0,0,0,0x00000000,0,0,0,0
2180152,2180152,3107101,Nightblade assassin,79693845,0x04C00815,0,76,2,21,0,0x00000000,0,0,0,0,0,0x00000000,0,0,0,0,0,0x00000000,0,0,0,0,0,0x00000000,0,0,0,0,0,0x00000000,0,0,0,0,0,0x00000000,0,0,0,0
2180153,2180153,3107102,Venomtongue assassin,310379550,0x1280041E,0,296,1,30,0,0x00000000,0,0,0,0,0,0x00000000,0,0,0,0,0,0x00000000,0,0,0,0,0,0x00000000,0,0,0,0,0,0x00000000,0,0,0,0,0,0x00000000,0,0,0,0
2180154,2180154,3107102,Venomtongue assassin,310379550,0x1280041E,0,296,1,30,0,0x00000000,0,0,0,0,0,0x00000000,0,0,0,0,0,0x00000000,0,0,0,0,0,0x00000000,0,0,0,0,0,0x00000000,0,0,0,0,0,0x00000000,0,0,0,0
2180155,2180155,3107103,Deathstroke assassin,58724372,0x03801014,0,56,4,20,59772948,0x03901014,0,57,4,20,0,0x00000000,0,0,0,0,0,0x00000000,0,0,0,0,0,0x00000000,0,0,0,0,0,0x00000000,0,0,0,0,0,0x00000000,0,0,0,0
2180156,2180156,3107103,Deathstroke assassin,58724372,0x03801014,0,56,4,20,59772948,0x03901014,0,57,4,20,0,0x00000000,0,0,0,0,0,0x00000000,0,0,0,0,0,0x00000000,0,0,0,0,0,0x00000000,0,0,0,0,0,0x00000000,0,0,0,0
2180157,2180157,3107104,vulture poacher,210767892,0x0C901014,0,201,4,20,236979210,0x0E20040A,0,226,1,10,0,0x00000000,0,0,0,0,0,0x00000000,0,0,0,0,0,0x00000000,0,0,0,0,231736331,0x0DD0040B,0,221,1,11,0,0x00000000,0,0,0,0
2180158,2180158,3107104,vulture poacher,210767892,0x0C901014,0,201,4,20,236979210,0x0E20040A,0,226,1,10,0,0x00000000,0,0,0,0,0,0x00000000,0,0,0,0,0,0x00000000,0,0,0,0,231736331,0x0DD0040B,0,221,1,11,0,0x00000000,0,0,0,0
2180159,2180159,3107105,eft poacher,168821780,0x0A100414,0,161,1,20,0,0x00000000,0,0,0,0,0,0x00000000,0,0,0,0,0,0x00000000,0,0,0,0,0,0x00000000,0,0,0,0,0,0x00000000,0,0,0,0,0,0x00000000,0,0,0,0
2180160,2180160,3107105,eft poacher,168821780,0x0A100414,0,161,1,20,0,0x00000000,0,0,0,0,0,0x00000000,0,0,0,0,0,0x00000000,0,0,0,0,0,0x00000000,0,0,0,0,0,0x00000000,0,0,0,0,0,0x00000000,0,0,0,0
2180161,2180161,3107106,toad poacher,58722324,0x03800814,0,56,2,20,59770900,0x03900814,0,57,2,20,0,0x00000000,0,0,0,0,0,0x00000000,0,0,0,0,0,0x00000000,0,0,0,0,0,0x00000000,0,0,0,0,0,0x00000000,0,0,0,0
2180162,2180162,3107106,toad poacher,58722324,0x03800814,0,56,2,20,59770900,0x03900814,0,57,2,20,0,0x00000000,0,0,0,0,0,0x00000000,0,0,0,0,0,0x00000000,0,0,0,0,0,0x00000000,0,0,0,0,0,0x00000000,0,0,0,0
2180163,2180163,3107107,bandit mage,347079684,0x14B00404,0,331,1,4,0,0x00000000,0,0,0,0,0,0x00000000,0,0,0,0,0,0x00000000,0,0,0,0,0,0x00000000,0,0,0,0,0,0x00000000,0,0,0,0,0,0x00000000,0,0,0,0
2180164,2180164,3107107,bandit mage,347079683,0x14B00403,0,331,1,3,0,0x00000000,0,0,0,0,0,0x00000000,0,0,0,0,0,0x00000000,0,0,0,0,0,0x00000000,0,0,0,0,0,0x00000000,0,0,0,0,0,0x00000000,0,0,0,0
2180165,2180165,3107107,bandit mage,347079683,0x14B00403,0,331,1,3,0,0x00000000,0,0,0,0,0,0x00000000,0,0,0,0,0,0x00000000,0,0,0,0,0,0x00000000,0,0,0,0,0,0x00000000,0,0,0,0,0,0x00000000,0,0,0,0
2180166,2180166,3107108,bandit spearman,168826880,0x0A101800,0,161,6,0,0,0x00000000,0,0,0,0,0,0x00000000,0,0,0,0,0,0x00000000,0,0,0,0,0,0x00000000,0,0,0,0,0,0x00000000,0,0,0,0,0,0x00000000,0,0,0,0
2180167,2180167,3107108,bandit spearman,168826880,0x0A101800,0,161,6,0,0,0x00000000,0,0,0,0,0,0x00000000,0,0,0,0,0,0x00000000,0,0,0,0,0,0x00000000,0,0,0,0,0,0x00000000,0,0,0,0,0,0x00000000,0,0,0,0
2180168,2180168,3107108,bandit spearman,168826880,0x0A101800,0,161,6,0,0,0x00000000,0,0,0,0,0,0x00000000,0,0,0,0,0,0x00000000,0,0,0,0,0,0x00000000,0,0,0,0,0,0x00000000,0,0,0,0,0,0x00000000,0,0,0,0
2180169,2180169,3107109,bandit archer,210764820,0x0C900414,0,201,1,20,236979210,0x0E20040A,0,226,1,10,0,0x00000000,0,0,0,0,0,0x00000000,0,0,0,0,0,0x00000000,0,0,0,0,231736331,0x0DD0040B,0,221,1,11,0,0x00000000,0,0,0,0
2180170,2180170,3107109,bandit archer,210764840,0x0C900428,0,201,1,40,236979210,0x0E20040A,0,226,1,10,0,0x00000000,0,0,0,0,0,0x00000000,0,0,0,0,0,0x00000000,0,0,0,0,231736331,0x0DD0040B,0,221,1,11,0,0x00000000,0,0,0,0
2180171,2180171,3107109,bandit archer,210764820,0x0C900414,0,201,1,20,236979210,0x0E20040A,0,226,1,10,0,0x00000000,0,0,0,0,0,0x00000000,0,0,0,0,0,0x00000000,0,0,0,0,231736331,0x0DD0040B,0,221,1,11,0,0x00000000,0,0,0,0
2180201,2180201,3180201,Rhotano buccaneer,79697920,0x04C01800,0,76,6,0,32507964,0x01F0083C,0,31,2,60,0,0x00000000,0,0,0,0,0,0x00000000,0,0,0,0,0,0x00000000,0,0,0,0,0,0x00000000,0,0,0,0,0,0x00000000,0,0,0,0
2180202,2180202,3180202,Mistbeard buccaneer,79697920,0x04C01800,0,76,6,0,32507964,0x01F0083C,0,31,2,60,0,0x00000000,0,0,0,0,0,0x00000000,0,0,0,0,0,0x00000000,0,0,0,0,0,0x00000000,0,0,0,0,0,0x00000000,0,0,0,0
2180203,2180203,3180203,Mistbeard buccaneer,79697950,0x04C0181E,0,76,6,30,32507964,0x01F0083C,0,31,2,60,0,0x00000000,0,0,0,0,0,0x00000000,0,0,0,0,0,0x00000000,0,0,0,0,0,0x00000000,0,0,0,0,0,0x00000000,0,0,0,0
2180204,2180204,3180204,Rhotano buccaneer,147852298,0x08D00C0A,0,141,3,10,0,0x00000000,0,0,0,0,0,0x00000000,0,0,0,0,0,0x00000000,0,0,0,0,0,0x00000000,0,0,0,0,0,0x00000000,0,0,0,0,0,0x00000000,0,0,0,0
2180205,2180205,3180205,Mistbeard buccaneer,147852298,0x08D00C0A,0,141,3,10,0,0x00000000,0,0,0,0,0,0x00000000,0,0,0,0,0,0x00000000,0,0,0,0,0,0x00000000,0,0,0,0,0,0x00000000,0,0,0,0,0,0x00000000,0,0,0,0
2180206,2180206,3180206,Mistbeard buccaneer,147852289,0x08D00C01,0,141,3,1,0,0x00000000,0,0,0,0,0,0x00000000,0,0,0,0,0,0x00000000,0,0,0,0,0,0x00000000,0,0,0,0,0,0x00000000,0,0,0,0,0,0x00000000,0,0,0,0
2180207,2180207,3180207,Rhotano buccaneer,210765835,0x0C90080B,0,201,2,11,236979210,0x0E20040A,0,226,1,10,0,0x00000000,0,0,0,0,0,0x00000000,0,0,0,0,0,0x00000000,0,0,0,0,231736331,0x0DD0040B,0,221,1,11,0,0x00000000,0,0,0,0
2180208,2180208,3180208,Mistbeard buccaneer,210765835,0x0C90080B,0,201,2,11,236979210,0x0E20040A,0,226,1,10,0,0x00000000,0,0,0,0,0,0x00000000,0,0,0,0,0,0x00000000,0,0,0,0,231736331,0x0DD0040B,0,221,1,11,0,0x00000000,0,0,0,0
2180209,2180209,3180209,Mistbeard buccaneer,210765827,0x0C900803,0,201,2,3,236979210,0x0E20040A,0,226,1,10,0,0x00000000,0,0,0,0,0,0x00000000,0,0,0,0,0,0x00000000,0,0,0,0,231736331,0x0DD0040B,0,221,1,11,0,0x00000000,0,0,0,0
2180210,2180210,3180211,Stormcry quartermaster,79697920,0x04C01800,0,76,6,0,32507964,0x01F0083C,0,31,2,60,0,0x00000000,0,0,0,0,0,0x00000000,0,0,0,0,0,0x00000000,0,0,0,0,0,0x00000000,0,0,0,0,0,0x00000000,0,0,0,0
2180211,2180211,3180212,Stormcry boatswain,147852298,0x08D00C0A,0,141,3,10,0,0x00000000,0,0,0,0,0,0x00000000,0,0,0,0,0,0x00000000,0,0,0,0,0,0x00000000,0,0,0,0,0,0x00000000,0,0,0,0,0,0x00000000,0,0,0,0
2180212,2180212,3180213,Stormcry powder monkey,210765835,0x0C90080B,0,201,2,11,236979210,0x0E20040A,0,226,1,10,0,0x00000000,0,0,0,0,0,0x00000000,0,0,0,0,0,0x00000000,0,0,0,0,231736331,0x0DD0040B,0,221,1,11,0,0x00000000,0,0,0,0
2180214,2180214,3180220,Black Crow swashbuckler,79697920,0x04C01800,0,76,6,0,32507964,0x01F0083C,0,31,2,60,0,0x00000000,0,0,0,0,0,0x00000000,0,0,0,0,0,0x00000000,0,0,0,0,0,0x00000000,0,0,0,0,0,0x00000000,0,0,0,0
2180215,2180215,3180221,Black Crow archer,210765835,0x0C90080B,0,201,2,11,236979210,0x0E20040A,0,226,1,10,0,0x00000000,0,0,0,0,0,0x00000000,0,0,0,0,0,0x00000000,0,0,0,0,231736331,0x0DD0040B,0,221,1,11,0,0x00000000,0,0,0,0
2180216,2180216,3180221,Black Crow archer,210765835,0x0C90080B,0,201,2,11,236979210,0x0E20040A,0,226,1,10,0,0x00000000,0,0,0,0,0,0x00000000,0,0,0,0,0,0x00000000,0,0,0,0,231736331,0x0DD0040B,0,221,1,11,0,0x00000000,0,0,0,0
2180217,2180217,3180222,Black Crow cleaver,147852298,0x08D00C0A,0,141,3,10,0,0x00000000,0,0,0,0,0,0x00000000,0,0,0,0,0,0x00000000,0,0,0,0,0,0x00000000,0,0,0,0,0,0x00000000,0,0,0,0,0,0x00000000,0,0,0,0
2180218,2180218,3180220,Black Crow swashbuckler,79697950,0x04C0181E,0,76,6,30,32507964,0x01F0083C,0,31,2,60,0,0x00000000,0,0,0,0,0,0x00000000,0,0,0,0,0,0x00000000,0,0,0,0,0,0x00000000,0,0,0,0,0,0x00000000,0,0,0,0
2180219,2180219,3180222,Black Crow cleaver,147852298,0x08D00C0A,0,141,3,10,0,0x00000000,0,0,0,0,0,0x00000000,0,0,0,0,0,0x00000000,0,0,0,0,0,0x00000000,0,0,0,0,0,0x00000000,0,0,0,0,0,0x00000000,0,0,0,0
2180301,2180301,3180301,Serpent Reaver claw,79697950,0x04C0181E,0,76,6,30,32510986,0x01F0140A,0,31,5,10,0,0x00000000,0,0,0,0,0,0x00000000,0,0,0,0,0,0x00000000,0,0,0,0,0,0x00000000,0,0,0,0,0,0x00000000,0,0,0,0
2180302,2180302,3180302,Serpent Reaver fin,147853332,0x08D01014,0,141,4,20,0,0x00000000,0,0,0,0,0,0x00000000,0,0,0,0,0,0x00000000,0,0,0,0,0,0x00000000,0,0,0,0,0,0x00000000,0,0,0,0,0,0x00000000,0,0,0,0
2180303,2180303,3180303,Serpent Reaver eye,210765835,0x0C90080B,0,201,2,11,236979210,0x0E20040A,0,226,1,10,0,0x00000000,0,0,0,0,0,0x00000000,0,0,0,0,0,0x00000000,0,0,0,0,231736332,0x0DD0040C,0,221,1,12,0,0x00000000,0,0,0,0
2201801,2201801,3201801,zombie pikeman,168823838,0x0A100C1E,0,161,3,30,0,0x00000000,0,0,0,0,0,0x00000000,0,0,0,0,0,0x00000000,0,0,0,0,0,0x00000000,0,0,0,0,0,0x00000000,0,0,0,0,0,0x00000000,0,0,0,0
2201802,2201802,3201802,zombie pikeman,168823838,0x0A100C1E,0,161,3,30,0,0x00000000,0,0,0,0,0,0x00000000,0,0,0,0,0,0x00000000,0,0,0,0,0,0x00000000,0,0,0,0,0,0x00000000,0,0,0,0,0,0x00000000,0,0,0,0
2201803,2201803,3201803,zombie mage,310379550,0x1280041E,0,296,1,30,0,0x00000000,0,0,0,0,0,0x00000000,0,0,0,0,0,0x00000000,0,0,0,0,0,0x00000000,0,0,0,0,0,0x00000000,0,0,0,0,0,0x00000000,0,0,0,0
2201804,2201804,3201804,zombie mage,310379550,0x1280041E,0,296,1,30,0,0x00000000,0,0,0,0,0,0x00000000,0,0,0,0,0,0x00000000,0,0,0,0,0,0x00000000,0,0,0,0,0,0x00000000,0,0,0,0,0,0x00000000,0,0,0,0
2201805,2201805,3201805,ashkin walker,79692910,0x04C0046E,0,76,1,110,0,0x00000000,0,0,0,0,0,0x00000000,0,0,0,0,0,0x00000000,0,0,0,0,0,0x00000000,0,0,0,0,0,0x00000000,0,0,0,0,0,0x00000000,0,0,0,0
2201806,2201806,3201806,zombie mage,310379550,0x1280041E,0,296,1,30,0,0x00000000,0,0,0,0,0,0x00000000,0,0,0,0,0,0x00000000,0,0,0,0,0,0x00000000,0,0,0,0,0,0x00000000,0,0,0,0,0,0x00000000,0,0,0,0
2201807,2201807,3201807,wandering soldier,168823838,0x0A100C1E,0,161,3,30,0,0x00000000,0,0,0,0,0,0x00000000,0,0,0,0,0,0x00000000,0,0,0,0,0,0x00000000,0,0,0,0,0,0x00000000,0,0,0,0,0,0x00000000,0,0,0,0
2201808,2201808,3201808,wandering mage,310379550,0x1280041E,0,296,1,30,0,0x00000000,0,0,0,0,0,0x00000000,0,0,0,0,0,0x00000000,0,0,0,0,0,0x00000000,0,0,0,0,0,0x00000000,0,0,0,0,0,0x00000000,0,0,0,0
2201809,2201809,3201809,zombie mage,310379550,0x1280041E,0,296,1,30,0,0x00000000,0,0,0,0,0,0x00000000,0,0,0,0,0,0x00000000,0,0,0,0,0,0x00000000,0,0,0,0,0,0x00000000,0,0,0,0,0,0x00000000,0,0,0,0
2201810,2201810,3201810,rotting servant,168823838,0x0A100C1E,0,161,3,30,0,0x00000000,0,0,0,0,0,0x00000000,0,0,0,0,0,0x00000000,0,0,0,0,0,0x00000000,0,0,0,0,0,0x00000000,0,0,0,0,0,0x00000000,0,0,0,0
2201811,2201811,3201811,rotting noble,310379550,0x1280041E,0,296,1,30,0,0x00000000,0,0,0,0,0,0x00000000,0,0,0,0,0,0x00000000,0,0,0,0,0,0x00000000,0,0,0,0,0,0x00000000,0,0,0,0,0,0x00000000,0,0,0,0
2201901,2201901,3201901,wight,79693884,0x04C0083C,0,76,2,60,32510986,0x01F0140A,0,31,5,10,0,0x00000000,0,0,0,0,0,0x00000000,0,0,0,0,0,0x00000000,0,0,0,0,0,0x00000000,0,0,0,0,0,0x00000000,0,0,0,0
2201902,2201902,3201902,wight,79692910,0x04C0046E,0,76,1,110,32510986,0x01F0140A,0,31,5,10,0,0x00000000,0,0,0,0,0,0x00000000,0,0,0,0,0,0x00000000,0,0,0,0,0,0x00000000,0,0,0,0,0,0x00000000,0,0,0,0
2201903,2201903,3201903,wight,79692880,0x04C00450,0,76,1,80,32514138,0x01F0205A,0,31,8,90,0,0x00000000,0,0,0,0,0,0x00000000,0,0,0,0,0,0x00000000,0,0,0,0,0,0x00000000,0,0,0,0,0,0x00000000,0,0,0,0
2201904,2201904,3201904,wight,79697920,0x04C01800,0,76,6,0,32514138,0x01F0205A,0,31,8,90,0,0x00000000,0,0,0,0,0,0x00000000,0,0,0,0,0,0x00000000,0,0,0,0,0,0x00000000,0,0,0,0,0,0x00000000,0,0,0,0
2201905,2201905,3201905,wight,80741376,0x04D00400,0,77,1,0,32510986,0x01F0140A,0,31,5,10,0,0x00000000,0,0,0,0,0,0x00000000,0,0,0,0,0,0x00000000,0,0,0,0,0,0x00000000,0,0,0,0,0,0x00000000,0,0,0,0
2206401,2206401,3206401,Ixali bravo,79697940,0x04C01814,0,76,6,20,32510979,0x01F01403,0,31,5,3,0,0x00000000,0,0,0,0,0,0x00000000,0,0,0,0,0,0x00000000,0,0,0,0,0,0x00000000,0,0,0,0,0,0x00000000,0,0,0,0
2206402,2206402,3206403,Natali Xlotl the Howler,79697940,0x04C01814,0,76,6,20,32510979,0x01F01403,0,31,5,3,0,0x00000000,0,0,0,0,0,0x00000000,0,0,0,0,0,0x00000000,0,0,0,0,0,0x00000000,0,0,0,0,0,0x00000000,0,0,0,0
2206403,2206403,3206402,Ixali bombardier,79697940,0x04C01814,0,76,6,20,32510979,0x01F01403,0,31,5,3,0,0x00000000,0,0,0,0,0,0x00000000,0,0,0,0,0,0x00000000,0,0,0,0,0,0x00000000,0,0,0,0,0,0x00000000,0,0,0,0
2206404,2206404,3206404,Ixali swordfighter,79697940,0x04C01814,0,76,6,20,32510979,0x01F01403,0,31,5,3,0,0x00000000,0,0,0,0,0,0x00000000,0,0,0,0,0,0x00000000,0,0,0,0,0,0x00000000,0,0,0,0,0,0x00000000,0,0,0,0
2206405,2206405,3206405,Ixali warrior,79697940,0x04C01814,0,76,6,20,32510979,0x01F01403,0,31,5,3,0,0x00000000,0,0,0,0,0,0x00000000,0,0,0,0,0,0x00000000,0,0,0,0,0,0x00000000,0,0,0,0,0,0x00000000,0,0,0,0
2206406,2206406,3206406,Ixali warrior,79697940,0x04C01814,0,76,6,20,32510979,0x01F01403,0,31,5,3,0,0x00000000,0,0,0,0,0,0x00000000,0,0,0,0,0,0x00000000,0,0,0,0,0,0x00000000,0,0,0,0,0,0x00000000,0,0,0,0
2206407,2206407,3206407,Ixali warrior,79697940,0x04C01814,0,76,6,20,32510979,0x01F01403,0,31,5,3,0,0x00000000,0,0,0,0,0,0x00000000,0,0,0,0,0,0x00000000,0,0,0,0,0,0x00000000,0,0,0,0,0,0x00000000,0,0,0,0
2206408,2206408,3206408,Ixali bravo,79697940,0x04C01814,0,76,6,20,32510979,0x01F01403,0,31,5,3,0,0x00000000,0,0,0,0,0,0x00000000,0,0,0,0,0,0x00000000,0,0,0,0,0,0x00000000,0,0,0,0,0,0x00000000,0,0,0,0
2206409,2206409,3206409,Ixali limbcutter,79697940,0x04C01814,0,76,6,20,32510979,0x01F01403,0,31,5,3,0,0x00000000,0,0,0,0,0,0x00000000,0,0,0,0,0,0x00000000,0,0,0,0,0,0x00000000,0,0,0,0,0,0x00000000,0,0,0,0
2206410,2206410,3206410,Ixali soilseer,347079685,0x14B00405,0,331,1,5,0,0x00000000,0,0,0,0,0,0x00000000,0,0,0,0,0,0x00000000,0,0,0,0,0,0x00000000,0,0,0,0,0,0x00000000,0,0,0,0,0,0x00000000,0,0,0,0
2206411,2206411,3206411,Ixali cloudwalker,168825867,0x0A10140B,0,161,5,11,0,0x00000000,0,0,0,0,0,0x00000000,0,0,0,0,0,0x00000000,0,0,0,0,0,0x00000000,0,0,0,0,0,0x00000000,0,0,0,0,0,0x00000000,0,0,0,0
2206412,2206412,3206412,Ixali scout,79697940,0x04C01814,0,76,6,20,32510979,0x01F01403,0,31,5,3,0,0x00000000,0,0,0,0,0,0x00000000,0,0,0,0,0,0x00000000,0,0,0,0,0,0x00000000,0,0,0,0,0,0x00000000,0,0,0,0
2206413,2206413,3206413,Yotoli Hueloc the Austere,347080814,0x14B0086E,0,331,2,110,0,0x00000000,0,0,0,0,0,0x00000000,0,0,0,0,0,0x00000000,0,0,0,0,0,0x00000000,0,0,0,0,0,0x00000000,0,0,0,0,0,0x00000000,0,0,0,0
2206414,2206414,3206414,Ixali sabreur,79697940,0x04C01814,0,76,6,20,32510979,0x01F01403,0,31,5,3,0,0x00000000,0,0,0,0,0,0x00000000,0,0,0,0,0,0x00000000,0,0,0,0,0,0x00000000,0,0,0,0,0,0x00000000,0,0,0,0
2206415,2206415,3206415,Ixali strongbeak,168825867,0x0A10140B,0,161,5,11,0,0x00000000,0,0,0,0,0,0x00000000,0,0,0,0,0,0x00000000,0,0,0,0,0,0x00000000,0,0,0,0,0,0x00000000,0,0,0,0,0,0x00000000,0,0,0,0
2206416,2206416,3206416,Ixali bravewing,147851287,0x08D00817,0,141,2,23,0,0x00000000,0,0,0,0,0,0x00000000,0,0,0,0,0,0x00000000,0,0,0,0,0,0x00000000,0,0,0,0,0,0x00000000,0,0,0,0,0,0x00000000,0,0,0,0
2206417,2206417,3206417,Ixali fogcaller,347079685,0x14B00405,0,331,1,5,0,0x00000000,0,0,0,0,0,0x00000000,0,0,0,0,0,0x00000000,0,0,0,0,0,0x00000000,0,0,0,0,0,0x00000000,0,0,0,0,0,0x00000000,0,0,0,0
2206418,2206418,3206418,Ixali point,79697960,0x04C01828,0,76,6,40,32510979,0x01F01403,0,31,5,3,0,0x00000000,0,0,0,0,0,0x00000000,0,0,0,0,0,0x00000000,0,0,0,0,0,0x00000000,0,0,0,0,0,0x00000000,0,0,0,0
2206419,2206419,3206422,Sazel Ciloc the Divine,79697980,0x04C0183C,0,76,6,60,32510976,0x01F01400,0,31,5,0,0,0x00000000,0,0,0,0,0,0x00000000,0,0,0,0,0,0x00000000,0,0,0,0,0,0x00000000,0,0,0,0,0,0x00000000,0,0,0,0
2206420,2206420,3206420,Ixali point,79697940,0x04C01814,0,76,6,20,32510979,0x01F01403,0,31,5,3,0,0x00000000,0,0,0,0,0,0x00000000,0,0,0,0,0,0x00000000,0,0,0,0,0,0x00000000,0,0,0,0,0,0x00000000,0,0,0,0
2206421,2206421,3206421,Ixali point,79697940,0x04C01814,0,76,6,20,32510979,0x01F01403,0,31,5,3,0,0x00000000,0,0,0,0,0,0x00000000,0,0,0,0,0,0x00000000,0,0,0,0,0,0x00000000,0,0,0,0,0,0x00000000,0,0,0,0
2206422,2206422,3206422,Sazel Ciloc the Divine,79697940,0x04C01814,0,76,6,20,32510979,0x01F01403,0,31,5,3,0,0x00000000,0,0,0,0,0,0x00000000,0,0,0,0,0,0x00000000,0,0,0,0,0,0x00000000,0,0,0,0,0,0x00000000,0,0,0,0
2206423,2206423,3206423,Ixali sabreur,79697940,0x04C01814,0,76,6,20,32510979,0x01F01403,0,31,5,3,0,0x00000000,0,0,0,0,0,0x00000000,0,0,0,0,0,0x00000000,0,0,0,0,0,0x00000000,0,0,0,0,0,0x00000000,0,0,0,0
2206424,2206424,3206424,Ixali sabreur,79697950,0x04C0181E,0,76,6,30,32510981,0x01F01405,0,31,5,5,0,0x00000000,0,0,0,0,0,0x00000000,0,0,0,0,0,0x00000000,0,0,0,0,0,0x00000000,0,0,0,0,0,0x00000000,0,0,0,0
2206425,2206425,3206425,Ixali strongbeak,168825857,0x0A101401,0,161,5,1,0,0x00000000,0,0,0,0,0,0x00000000,0,0,0,0,0,0x00000000,0,0,0,0,0,0x00000000,0,0,0,0,0,0x00000000,0,0,0,0,0,0x00000000,0,0,0,0
2206426,2206426,3206426,Ixali strongbeak,168825866,0x0A10140A,0,161,5,10,0,0x00000000,0,0,0,0,0,0x00000000,0,0,0,0,0,0x00000000,0,0,0,0,0,0x00000000,0,0,0,0,0,0x00000000,0,0,0,0,0,0x00000000,0,0,0,0
2206427,2206427,3206427,Ixali fogcaller,347080706,0x14B00802,0,331,2,2,0,0x00000000,0,0,0,0,0,0x00000000,0,0,0,0,0,0x00000000,0,0,0,0,0,0x00000000,0,0,0,0,0,0x00000000,0,0,0,0,0,0x00000000,0,0,0,0
2206428,2206428,3206428,Ixali fogcaller,347080814,0x14B0086E,0,331,2,110,0,0x00000000,0,0,0,0,0,0x00000000,0,0,0,0,0,0x00000000,0,0,0,0,0,0x00000000,0,0,0,0,0,0x00000000,0,0,0,0,0,0x00000000,0,0,0,0
2206429,2206429,3206429,Ixali sabreur,79694859,0x04C00C0B,0,76,3,11,32507964,0x01F0083C,0,31,2,60,0,0x00000000,0,0,0,0,0,0x00000000,0,0,0,0,0,0x00000000,0,0,0,0,0,0x00000000,0,0,0,0,0,0x00000000,0,0,0,0
2206430,2206430,3206430,Ixali strongbeak,168821810,0x0A100432,0,161,1,50,0,0x00000000,0,0,0,0,0,0x00000000,0,0,0,0,0,0x00000000,0,0,0,0,0,0x00000000,0,0,0,0,0,0x00000000,0,0,0,0,0,0x00000000,0,0,0,0
2206431,2206431,3206431,Ixali fogcaller,347081758,0x14B00C1E,0,331,3,30,0,0x00000000,0,0,0,0,0,0x00000000,0,0,0,0,0,0x00000000,0,0,0,0,0,0x00000000,0,0,0,0,0,0x00000000,0,0,0,0,0,0x00000000,0,0,0,0
2206432,2206432,3206432,Nazel Xlotl the Fleet,79697940,0x04C01814,0,76,6,20,32510979,0x01F01403,0,31,5,3,0,0x00000000,0,0,0,0,0,0x00000000,0,0,0,0,0,0x00000000,0,0,0,0,0,0x00000000,0,0,0,0,0,0x00000000,0,0,0,0
2206433,2206433,3206433,Ixali bravewing,147851287,0x08D00817,0,141,2,23,0,0x00000000,0,0,0,0,0,0x00000000,0,0,0,0,0,0x00000000,0,0,0,0,0,0x00000000,0,0,0,0,0,0x00000000,0,0,0,0,0,0x00000000,0,0,0,0
2206434,2206434,3206434,Ixali strongbeak,168825867,0x0A10140B,0,161,5,11,0,0x00000000,0,0,0,0,0,0x00000000,0,0,0,0,0,0x00000000,0,0,0,0,0,0x00000000,0,0,0,0,0,0x00000000,0,0,0,0,0,0x00000000,0,0,0,0
2206435,2206435,3206435,Ixali fogcaller,347079685,0x14B00405,0,331,1,5,0,0x00000000,0,0,0,0,0,0x00000000,0,0,0,0,0,0x00000000,0,0,0,0,0,0x00000000,0,0,0,0,0,0x00000000,0,0,0,0,0,0x00000000,0,0,0,0
2206436,2206436,3106422,Ixali strongbeak,168825867,0x0A10140B,0,161,5,11,0,0x00000000,0,0,0,0,0,0x00000000,0,0,0,0,0,0x00000000,0,0,0,0,0,0x00000000,0,0,0,0,0,0x00000000,0,0,0,0,0,0x00000000,0,0,0,0
2206437,2206437,3106429,Ixali bravewing,147851285,0x08D00815,0,141,2,21,0,0x00000000,0,0,0,0,0,0x00000000,0,0,0,0,0,0x00000000,0,0,0,0,0,0x00000000,0,0,0,0,0,0x00000000,0,0,0,0,0,0x00000000,0,0,0,0
2206438,2206438,3206423,Ixali sabreur,79697960,0x04C01828,0,76,6,40,32510983,0x01F01407,0,31,5,7,0,0x00000000,0,0,0,0,0,0x00000000,0,0,0,0,0,0x00000000,0,0,0,0,0,0x00000000,0,0,0,0,0,0x00000000,0,0,0,0
2206439,2206439,3106412,Ixali fogcaller,347080754,0x14B00832,0,331,2,50,0,0x00000000,0,0,0,0,0,0x00000000,0,0,0,0,0,0x00000000,0,0,0,0,0,0x00000000,0,0,0,0,0,0x00000000,0,0,0,0,0,0x00000000,0,0,0,0
2206501,2206501,3206501,Amalj'aa transfisticator,60818482,0x03A00432,0,58,1,50,61867058,0x03B00432,0,59,1,50,0,0x00000000,0,0,0,0,0,0x00000000,0,0,0,0,0,0x00000000,0,0,0,0,0,0x00000000,0,0,0,0,0,0x00000000,0,0,0,0
2206502,2206502,3206502,Amalj'aa transfisticator,60818482,0x03A00432,0,58,1,50,61867058,0x03B00432,0,59,1,50,0,0x00000000,0,0,0,0,0,0x00000000,0,0,0,0,0,0x00000000,0,0,0,0,0,0x00000000,0,0,0,0,0,0x00000000,0,0,0,0
2206503,2206503,3206503,Amalj'aa drubber,60818482,0x03A00432,0,58,1,50,61867058,0x03B00432,0,59,1,50,0,0x00000000,0,0,0,0,0,0x00000000,0,0,0,0,0,0x00000000,0,0,0,0,0,0x00000000,0,0,0,0,0,0x00000000,0,0,0,0
2206504,2206504,3206504,Amalj'aa pugilist,60818482,0x03A00432,0,58,1,50,61867058,0x03B00432,0,59,1,50,0,0x00000000,0,0,0,0,0,0x00000000,0,0,0,0,0,0x00000000,0,0,0,0,0,0x00000000,0,0,0,0,0,0x00000000,0,0,0,0
2206505,2206505,3206505,Amalj'aa transfixer,168826882,0x0A101802,0,161,6,2,0,0x00000000,0,0,0,0,0,0x00000000,0,0,0,0,0,0x00000000,0,0,0,0,0,0x00000000,0,0,0,0,0,0x00000000,0,0,0,0,0,0x00000000,0,0,0,0
2206506,2206506,3206508,Amalj'aa,168821780,0x0A100414,0,161,1,20,0,0x00000000,0,0,0,0,0,0x00000000,0,0,0,0,0,0x00000000,0,0,0,0,0,0x00000000,0,0,0,0,0,0x00000000,0,0,0,0,0,0x00000000,0,0,0,0
2206507,2206507,3206506,Amalj'aa inculcator,168826882,0x0A101802,0,161,6,2,0,0x00000000,0,0,0,0,0,0x00000000,0,0,0,0,0,0x00000000,0,0,0,0,0,0x00000000,0,0,0,0,0,0x00000000,0,0,0,0,0,0x00000000,0,0,0,0
2206508,2206508,3206507,Amalj'aa lancer,168826882,0x0A101802,0,161,6,2,0,0x00000000,0,0,0,0,0,0x00000000,0,0,0,0,0,0x00000000,0,0,0,0,0,0x00000000,0,0,0,0,0,0x00000000,0,0,0,0,0,0x00000000,0,0,0,0
2206509,2206509,3206509,Amalj'aa trooper,210766898,0x0C900C32,0,201,3,50,236979210,0x0E20040A,0,226,1,10,0,0x00000000,0,0,0,0,0,0x00000000,0,0,0,0,0,0x00000000,0,0,0,0,231736331,0x0DD0040B,0,221,1,11,0,0x00000000,0,0,0,0
2206510,2206510,3206510,Amalj'aa trooper,210766898,0x0C900C32,0,201,3,50,236979210,0x0E20040A,0,226,1,10,0,0x00000000,0,0,0,0,0,0x00000000,0,0,0,0,0,0x00000000,0,0,0,0,231736331,0x0DD0040B,0,221,1,11,0,0x00000000,0,0,0,0
2206511,2206511,3206511,Amalj'aa bowyer,210766898,0x0C900C32,0,201,3,50,236979210,0x0E20040A,0,226,1,10,0,0x00000000,0,0,0,0,0,0x00000000,0,0,0,0,0,0x00000000,0,0,0,0,231736331,0x0DD0040B,0,221,1,11,0,0x00000000,0,0,0,0
2206512,2206512,3206512,Amalj'aa archer,210766898,0x0C900C32,0,201,3,50,236979210,0x0E20040A,0,226,1,10,0,0x00000000,0,0,0,0,0,0x00000000,0,0,0,0,0,0x00000000,0,0,0,0,231736331,0x0DD0040B,0,221,1,11,0,0x00000000,0,0,0,0
2206513,2206513,3206518,Amalj'aa,310379620,0x12800464,0,296,1,100,0,0x00000000,0,0,0,0,0,0x00000000,0,0,0,0,0,0x00000000,0,0,0,0,0,0x00000000,0,0,0,0,0,0x00000000,0,0,0,0,0,0x00000000,0,0,0,0
2206514,2206514,3206513,Amalj'aa transfigurator,310379550,0x1280041E,0,296,1,30,0,0x00000000,0,0,0,0,0,0x00000000,0,0,0,0,0,0x00000000,0,0,0,0,0,0x00000000,0,0,0,0,0,0x00000000,0,0,0,0,0,0x00000000,0,0,0,0
2206515,2206515,3206515,Goldfang Adebb Chah,310379550,0x1280041E,0,296,1,30,0,0x00000000,0,0,0,0,0,0x00000000,0,0,0,0,0,0x00000000,0,0,0,0,0,0x00000000,0,0,0,0,0,0x00000000,0,0,0,0,0,0x00000000,0,0,0,0
2206516,2206516,3206514,Amalj'aa transfigurator,310379550,0x1280041E,0,296,1,30,0,0x00000000,0,0,0,0,0,0x00000000,0,0,0,0,0,0x00000000,0,0,0,0,0,0x00000000,0,0,0,0,0,0x00000000,0,0,0,0,0,0x00000000,0,0,0,0
2206517,2206517,3206516,Amalj'aa shaman,310379550,0x1280041E,0,296,1,30,0,0x00000000,0,0,0,0,0,0x00000000,0,0,0,0,0,0x00000000,0,0,0,0,0,0x00000000,0,0,0,0,0,0x00000000,0,0,0,0,0,0x00000000,0,0,0,0
2206518,2206518,3206517,Amalj'aa augur,310379550,0x1280041E,0,296,1,30,0,0x00000000,0,0,0,0,0,0x00000000,0,0,0,0,0,0x00000000,0,0,0,0,0,0x00000000,0,0,0,0,0,0x00000000,0,0,0,0,0,0x00000000,0,0,0,0
2206519,2206519,3206519,Amalj'aa,60818482,0x03A00432,0,58,1,50,61867058,0x03B00432,0,59,1,50,0,0x00000000,0,0,0,0,0,0x00000000,0,0,0,0,0,0x00000000,0,0,0,0,0,0x00000000,0,0,0,0,0,0x00000000,0,0,0,0
2206520,2206520,3206520,Amalj'aa,168826882,0x0A101802,0,161,6,2,0,0x00000000,0,0,0,0,0,0x00000000,0,0,0,0,0,0x00000000,0,0,0,0,0,0x00000000,0,0,0,0,0,0x00000000,0,0,0,0,0,0x00000000,0,0,0,0
2206521,2206521,3206521,Amalj'aa,210766898,0x0C900C32,0,201,3,50,236979210,0x0E20040A,0,226,1,10,0,0x00000000,0,0,0,0,0,0x00000000,0,0,0,0,0,0x00000000,0,0,0,0,231736331,0x0DD0040B,0,221,1,11,0,0x00000000,0,0,0,0
2206522,2206522,3206522,Amalj'aa,310379550,0x1280041E,0,296,1,30,0,0x00000000,0,0,0,0,0,0x00000000,0,0,0,0,0,0x00000000,0,0,0,0,0,0x00000000,0,0,0,0,0,0x00000000,0,0,0,0,0,0x00000000,0,0,0,0
2206523,2206523,3206523,Amalj'aa lancer,168826882,0x0A101802,0,161,6,2,0,0x00000000,0,0,0,0,0,0x00000000,0,0,0,0,0,0x00000000,0,0,0,0,0,0x00000000,0,0,0,0,0,0x00000000,0,0,0,0,0,0x00000000,0,0,0,0
2206524,2206524,3206524,Amalj'aa shaman,310379550,0x1280041E,0,296,1,30,0,0x00000000,0,0,0,0,0,0x00000000,0,0,0,0,0,0x00000000,0,0,0,0,0,0x00000000,0,0,0,0,0,0x00000000,0,0,0,0,0,0x00000000,0,0,0,0
2206525,2206525,3206525,Amalj'aa pennoncier,60818482,0x03A00432,0,58,1,50,61867058,0x03B00432,0,59,1,50,0,0x00000000,0,0,0,0,0,0x00000000,0,0,0,0,0,0x00000000,0,0,0,0,0,0x00000000,0,0,0,0,0,0x00000000,0,0,0,0
2206526,2206526,3206526,Amalj'aa pennoncier captain,60818482,0x03A00432,0,58,1,50,61867058,0x03B00432,0,59,1,50,0,0x00000000,0,0,0,0,0,0x00000000,0,0,0,0,0,0x00000000,0,0,0,0,0,0x00000000,0,0,0,0,0,0x00000000,0,0,0,0
2206527,2206527,3206527,Amalj'aa high divinator,310379550,0x1280041E,0,296,1,30,0,0x00000000,0,0,0,0,0,0x00000000,0,0,0,0,0,0x00000000,0,0,0,0,0,0x00000000,0,0,0,0,0,0x00000000,0,0,0,0,0,0x00000000,0,0,0,0
2206528,2206528,3206528,Amalj'aa chief,60818482,0x03A00432,0,58,1,50,61867058,0x03B00432,0,59,1,50,0,0x00000000,0,0,0,0,0,0x00000000,0,0,0,0,0,0x00000000,0,0,0,0,0,0x00000000,0,0,0,0,0,0x00000000,0,0,0,0
2206529,2206529,3206532,Stonespike Tanadd Gah,60818502,0x03A00446,0,58,1,70,61867078,0x03B00446,0,59,1,70,0,0x00000000,0,0,0,0,0,0x00000000,0,0,0,0,0,0x00000000,0,0,0,0,0,0x00000000,0,0,0,0,0,0x00000000,0,0,0,0
2206530,2206530,3206530,Amalj'aa chief,60818482,0x03A00432,0,58,1,50,61867058,0x03B00432,0,59,1,50,0,0x00000000,0,0,0,0,0,0x00000000,0,0,0,0,0,0x00000000,0,0,0,0,0,0x00000000,0,0,0,0,0,0x00000000,0,0,0,0
2206531,2206531,3206531,Amalj'aa chief,60818482,0x03A00432,0,58,1,50,61867058,0x03B00432,0,59,1,50,0,0x00000000,0,0,0,0,0,0x00000000,0,0,0,0,0,0x00000000,0,0,0,0,0,0x00000000,0,0,0,0,0,0x00000000,0,0,0,0
2206532,2206532,3206532,Stonespike Tanadd Gah,60818482,0x03A00432,0,58,1,50,61867058,0x03B00432,0,59,1,50,0,0x00000000,0,0,0,0,0,0x00000000,0,0,0,0,0,0x00000000,0,0,0,0,0,0x00000000,0,0,0,0,0,0x00000000,0,0,0,0
2206533,2206533,3206533,Amalj'aa pugilist,60818462,0x03A0041E,0,58,1,30,61867038,0x03B0041E,0,59,1,30,0,0x00000000,0,0,0,0,0,0x00000000,0,0,0,0,0,0x00000000,0,0,0,0,0,0x00000000,0,0,0,0,0,0x00000000,0,0,0,0
2206534,2206534,3206534,Amalj'aa pugilist,60818472,0x03A00428,0,58,1,40,61867048,0x03B00428,0,59,1,40,0,0x00000000,0,0,0,0,0,0x00000000,0,0,0,0,0,0x00000000,0,0,0,0,0,0x00000000,0,0,0,0,0,0x00000000,0,0,0,0
2206535,2206535,3206535,Amalj'aa lancer,168826882,0x0A101802,0,161,6,2,0,0x00000000,0,0,0,0,0,0x00000000,0,0,0,0,0,0x00000000,0,0,0,0,0,0x00000000,0,0,0,0,0,0x00000000,0,0,0,0,0,0x00000000,0,0,0,0
2206536,2206536,3206536,Amalj'aa lancer,168826883,0x0A101803,0,161,6,3,0,0x00000000,0,0,0,0,0,0x00000000,0,0,0,0,0,0x00000000,0,0,0,0,0,0x00000000,0,0,0,0,0,0x00000000,0,0,0,0,0,0x00000000,0,0,0,0
2206537,2206537,3206537,Amalj'aa shaman,310379550,0x1280041E,0,296,1,30,0,0x00000000,0,0,0,0,0,0x00000000,0,0,0,0,0,0x00000000,0,0,0,0,0,0x00000000,0,0,0,0,0,0x00000000,0,0,0,0,0,0x00000000,0,0,0,0
2206538,2206538,3206538,Amalj'aa shaman,310379580,0x1280043C,0,296,1,60,0,0x00000000,0,0,0,0,0,0x00000000,0,0,0,0,0,0x00000000,0,0,0,0,0,0x00000000,0,0,0,0,0,0x00000000,0,0,0,0,0,0x00000000,0,0,0,0
2206539,2206539,3206539,Amalj'aa pugilist,58723329,0x03800C01,0,56,3,1,59771905,0x03900C01,0,57,3,1,0,0x00000000,0,0,0,0,0,0x00000000,0,0,0,0,0,0x00000000,0,0,0,0,0,0x00000000,0,0,0,0,0,0x00000000,0,0,0,0
2206540,2206540,3206540,Amalj'aa lancer,168823811,0x0A100C03,0,161,3,3,0,0x00000000,0,0,0,0,0,0x00000000,0,0,0,0,0,0x00000000,0,0,0,0,0,0x00000000,0,0,0,0,0,0x00000000,0,0,0,0,0,0x00000000,0,0,0,0
2206541,2206541,3206541,Amalj'aa shaman,310379620,0x12800464,0,296,1,100,0,0x00000000,0,0,0,0,0,0x00000000,0,0,0,0,0,0x00000000,0,0,0,0,0,0x00000000,0,0,0,0,0,0x00000000,0,0,0,0,0,0x00000000,0,0,0,0
2206542,2206542,3206542,Longtail Sebedd Gah,60818502,0x03A00446,0,58,1,70,61867078,0x03B00446,0,59,1,70,0,0x00000000,0,0,0,0,0,0x00000000,0,0,0,0,0,0x00000000,0,0,0,0,0,0x00000000,0,0,0,0,0,0x00000000,0,0,0,0
2206543,2206543,3206543,true Longtail Sebedd Gah,60818502,0x03A00446,0,58,1,70,61867078,0x03B00446,0,59,1,70,0,0x00000000,0,0,0,0,0,0x00000000,0,0,0,0,0,0x00000000,0,0,0,0,0,0x00000000,0,0,0,0,0,0x00000000,0,0,0,0
2206544,2206544,3106515,Amalj'aa bowyer,210766858,0x0C900C0A,0,201,3,10,236979210,0x0E20040A,0,226,1,10,0,0x00000000,0,0,0,0,0,0x00000000,0,0,0,0,0,0x00000000,0,0,0,0,231736360,0x0DD00428,0,221,1,40,0,0x00000000,0,0,0,0
2206545,2206545,3106508,Amalj'aa lancer,168825867,0x0A10140B,0,161,5,11,0,0x00000000,0,0,0,0,0,0x00000000,0,0,0,0,0,0x00000000,0,0,0,0,0,0x00000000,0,0,0,0,0,0x00000000,0,0,0,0,0,0x00000000,0,0,0,0
2206546,2206546,3106502,Amalj'aa pugilist,58722355,0x03800833,0,56,2,51,59770931,0x03900833,0,57,2,51,0,0x00000000,0,0,0,0,0,0x00000000,0,0,0,0,0,0x00000000,0,0,0,0,0,0x00000000,0,0,0,0,0,0x00000000,0,0,0,0
2206547,2206547,3106522,Amalj'aa shaman,310379600,0x12800450,0,296,1,80,0,0x00000000,0,0,0,0,0,0x00000000,0,0,0,0,0,0x00000000,0,0,0,0,0,0x00000000,0,0,0,0,0,0x00000000,0,0,0,0,0,0x00000000,0,0,0,0
2206601,2206601,3206601,kobold supplicant,294652928,0x11900C00,0,281,3,0,0,0x00000000,0,0,0,0,0,0x00000000,0,0,0,0,0,0x00000000,0,0,0,0,0,0x00000000,0,0,0,0,0,0x00000000,0,0,0,0,0,0x00000000,0,0,0,0
2206602,2206602,3206602,kobold supplicant,294652958,0x11900C1E,0,281,3,30,0,0x00000000,0,0,0,0,0,0x00000000,0,0,0,0,0,0x00000000,0,0,0,0,0,0x00000000,0,0,0,0,0,0x00000000,0,0,0,0,0,0x00000000,0,0,0,0
2206603,2206603,3206604,kobold,294652928,0x11900C00,0,281,3,0,0,0x00000000,0,0,0,0,0,0x00000000,0,0,0,0,0,0x00000000,0,0,0,0,0,0x00000000,0,0,0,0,0,0x00000000,0,0,0,0,0,0x00000000,0,0,0,0
2206604,2206604,3206603,kobold,294652928,0x11900C00,0,281,3,0,0,0x00000000,0,0,0,0,0,0x00000000,0,0,0,0,0,0x00000000,0,0,0,0,0,0x00000000,0,0,0,0,0,0x00000000,0,0,0,0,0,0x00000000,0,0,0,0
2206605,2206605,3106629,kobold ascetic,294652928,0x11900C00,0,281,3,0,0,0x00000000,0,0,0,0,0,0x00000000,0,0,0,0,0,0x00000000,0,0,0,0,0,0x00000000,0,0,0,0,0,0x00000000,0,0,0,0,0,0x00000000,0,0,0,0
2206606,2206606,3206605,kobold cragsman,147850270,0x08D0041E,0,141,1,30,0,0x00000000,0,0,0,0,0,0x00000000,0,0,0,0,0,0x00000000,0,0,0,0,0,0x00000000,0,0,0,0,0,0x00000000,0,0,0,0,0,0x00000000,0,0,0,0
2206607,2206607,3206606,kobold roundsman,79693835,0x04C0080B,0,76,2,11,0,0x00000000,0,0,0,0,0,0x00000000,0,0,0,0,0,0x00000000,0,0,0,0,0,0x00000000,0,0,0,0,0,0x00000000,0,0,0,0,0,0x00000000,0,0,0,0
2206608,2206608,3206607,kobold bedesman,331351049,0x13C00409,0,316,1,9,0,0x00000000,0,0,0,0,0,0x00000000,0,0,0,0,0,0x00000000,0,0,0,0,0,0x00000000,0,0,0,0,0,0x00000000,0,0,0,0,0,0x00000000,0,0,0,0
2206609,2206609,3206608,kobold foreman,294652928,0x11900C00,0,281,3,0,0,0x00000000,0,0,0,0,0,0x00000000,0,0,0,0,0,0x00000000,0,0,0,0,0,0x00000000,0,0,0,0,0,0x00000000,0,0,0,0,0,0x00000000,0,0,0,0
2206610,2206610,3206612,11th Order Patriarch Gu Bu,294652968,0x11900C28,0,281,3,40,0,0x00000000,0,0,0,0,0,0x00000000,0,0,0,0,0,0x00000000,0,0,0,0,0,0x00000000,0,0,0,0,0,0x00000000,0,0,0,0,0,0x00000000,0,0,0,0
2206611,2206611,3206610,kobold foreman,294652928,0x11900C00,0,281,3,0,0,0x00000000,0,0,0,0,0,0x00000000,0,0,0,0,0,0x00000000,0,0,0,0,0,0x00000000,0,0,0,0,0,0x00000000,0,0,0,0,0,0x00000000,0,0,0,0
2206612,2206612,3206611,kobold foreman,294652928,0x11900C00,0,281,3,0,0,0x00000000,0,0,0,0,0,0x00000000,0,0,0,0,0,0x00000000,0,0,0,0,0,0x00000000,0,0,0,0,0,0x00000000,0,0,0,0,0,0x00000000,0,0,0,0
2206613,2206613,3206612,11th Order Patriarch Gu Bu,294652928,0x11900C00,0,281,3,0,0,0x00000000,0,0,0,0,0,0x00000000,0,0,0,0,0,0x00000000,0,0,0,0,0,0x00000000,0,0,0,0,0,0x00000000,0,0,0,0,0,0x00000000,0,0,0,0
2206614,2206614,3206613,kobold ashman,79693835,0x04C0080B,0,76,2,11,0,0x00000000,0,0,0,0,0,0x00000000,0,0,0,0,0,0x00000000,0,0,0,0,0,0x00000000,0,0,0,0,0,0x00000000,0,0,0,0,0,0x00000000,0,0,0,0
2206615,2206615,3206614,kobold ashman,79693845,0x04C00815,0,76,2,21,0,0x00000000,0,0,0,0,0,0x00000000,0,0,0,0,0,0x00000000,0,0,0,0,0,0x00000000,0,0,0,0,0,0x00000000,0,0,0,0,0,0x00000000,0,0,0,0
2206616,2206616,3206615,kobold junkman,147850260,0x08D00414,0,141,1,20,0,0x00000000,0,0,0,0,0,0x00000000,0,0,0,0,0,0x00000000,0,0,0,0,0,0x00000000,0,0,0,0,0,0x00000000,0,0,0,0,0,0x00000000,0,0,0,0
2206617,2206617,3206616,kobold junkman,147850290,0x08D00432,0,141,1,50,0,0x00000000,0,0,0,0,0,0x00000000,0,0,0,0,0,0x00000000,0,0,0,0,0,0x00000000,0,0,0,0,0,0x00000000,0,0,0,0,0,0x00000000,0,0,0,0
2206618,2206618,3206617,kobold priest,294652928,0x11900C00,0,281,3,0,0,0x00000000,0,0,0,0,0,0x00000000,0,0,0,0,0,0x00000000,0,0,0,0,0,0x00000000,0,0,0,0,0,0x00000000,0,0,0,0,0,0x00000000,0,0,0,0
2206619,2206619,3206618,kobold priest,294652958,0x11900C1E,0,281,3,30,0,0x00000000,0,0,0,0,0,0x00000000,0,0,0,0,0,0x00000000,0,0,0,0,0,0x00000000,0,0,0,0,0,0x00000000,0,0,0,0,0,0x00000000,0,0,0,0
2206620,2206620,3206619,kobold ashman,79697960,0x04C01828,0,76,6,40,0,0x00000000,0,0,0,0,0,0x00000000,0,0,0,0,0,0x00000000,0,0,0,0,0,0x00000000,0,0,0,0,0,0x00000000,0,0,0,0,0,0x00000000,0,0,0,0
2206621,2206621,3206620,kobold junkman,147853332,0x08D01014,0,141,4,20,0,0x00000000,0,0,0,0,0,0x00000000,0,0,0,0,0,0x00000000,0,0,0,0,0,0x00000000,0,0,0,0,0,0x00000000,0,0,0,0,0,0x00000000,0,0,0,0
2206622,2206622,3206621,kobold priest,294651010,0x11900482,0,281,1,130,0,0x00000000,0,0,0,0,0,0x00000000,0,0,0,0,0,0x00000000,0,0,0,0,0,0x00000000,0,0,0,0,0,0x00000000,0,0,0,0,0,0x00000000,0,0,0,0
2206623,2206623,3206622,59th Order Matriarch Go Zu,294651010,0x11900482,0,281,1,130,0,0x00000000,0,0,0,0,0,0x00000000,0,0,0,0,0,0x00000000,0,0,0,0,0,0x00000000,0,0,0,0,0,0x00000000,0,0,0,0,0,0x00000000,0,0,0,0
2206624,2206624,3206623,Go Zu's sword bearer,79697960,0x04C01828,0,76,6,40,0,0x00000000,0,0,0,0,0,0x00000000,0,0,0,0,0,0x00000000,0,0,0,0,0,0x00000000,0,0,0,0,0,0x00000000,0,0,0,0,0,0x00000000,0,0,0,0
2206625,2206625,3206624,kobold zealot,147853332,0x08D01014,0,141,4,20,0,0x00000000,0,0,0,0,0,0x00000000,0,0,0,0,0,0x00000000,0,0,0,0,0,0x00000000,0,0,0,0,0,0x00000000,0,0,0,0,0,0x00000000,0,0,0,0
2206626,2206626,3206607,kobold bedesman,331351049,0x13C00409,0,316,1,9,0,0x00000000,0,0,0,0,0,0x00000000,0,0,0,0,0,0x00000000,0,0,0,0,0,0x00000000,0,0,0,0,0,0x00000000,0,0,0,0,0,0x00000000,0,0,0,0
2206627,2206627,3206613,kobold ashman,79693827,0x04C00803,0,76,2,3,0,0x00000000,0,0,0,0,0,0x00000000,0,0,0,0,0,0x00000000,0,0,0,0,0,0x00000000,0,0,0,0,0,0x00000000,0,0,0,0,0,0x00000000,0,0,0,0
2206628,2206628,3206615,kobold junkman,147850280,0x08D00428,0,141,1,40,0,0x00000000,0,0,0,0,0,0x00000000,0,0,0,0,0,0x00000000,0,0,0,0,0,0x00000000,0,0,0,0,0,0x00000000,0,0,0,0,0,0x00000000,0,0,0,0
2206629,2206629,3206617,kobold priest,294652928,0x11900C00,0,281,3,0,0,0x00000000,0,0,0,0,0,0x00000000,0,0,0,0,0,0x00000000,0,0,0,0,0,0x00000000,0,0,0,0,0,0x00000000,0,0,0,0,0,0x00000000,0,0,0,0
2206701,2206701,3206701,red dewflower sylph,331351042,0x13C00402,0,316,1,2,0,0x00000000,0,0,0,0,0,0x00000000,0,0,0,0,0,0x00000000,0,0,0,0,0,0x00000000,0,0,0,0,0,0x00000000,0,0,0,0,0,0x00000000,0,0,0,0
2206702,2206702,3206702,turquoise dewflower sylph,331351042,0x13C00402,0,316,1,2,0,0x00000000,0,0,0,0,0,0x00000000,0,0,0,0,0,0x00000000,0,0,0,0,0,0x00000000,0,0,0,0,0,0x00000000,0,0,0,0,0,0x00000000,0,0,0,0
2206703,2206703,3206703,green dewflower sylph,331351042,0x13C00402,0,316,1,2,0,0x00000000,0,0,0,0,0,0x00000000,0,0,0,0,0,0x00000000,0,0,0,0,0,0x00000000,0,0,0,0,0,0x00000000,0,0,0,0,0,0x00000000,0,0,0,0
2206704,2206704,3206704,yellow dewflower sylph,331351042,0x13C00402,0,316,1,2,0,0x00000000,0,0,0,0,0,0x00000000,0,0,0,0,0,0x00000000,0,0,0,0,0,0x00000000,0,0,0,0,0,0x00000000,0,0,0,0,0,0x00000000,0,0,0,0
2206705,2206705,3206705,violet dewflower sylph,331351042,0x13C00402,0,316,1,2,0,0x00000000,0,0,0,0,0,0x00000000,0,0,0,0,0,0x00000000,0,0,0,0,0,0x00000000,0,0,0,0,0,0x00000000,0,0,0,0,0,0x00000000,0,0,0,0
2206706,2206706,3206706,blue dewflower sylph,331351042,0x13C00402,0,316,1,2,0,0x00000000,0,0,0,0,0,0x00000000,0,0,0,0,0,0x00000000,0,0,0,0,0,0x00000000,0,0,0,0,0,0x00000000,0,0,0,0,0,0x00000000,0,0,0,0
2206707,2206707,3206707,delinquent sylph,331351044,0x13C00404,0,316,1,4,0,0x00000000,0,0,0,0,0,0x00000000,0,0,0,0,0,0x00000000,0,0,0,0,0,0x00000000,0,0,0,0,0,0x00000000,0,0,0,0,0,0x00000000,0,0,0,0
2206708,2206708,3206708,delinquent sylph,331351044,0x13C00404,0,316,1,4,0,0x00000000,0,0,0,0,0,0x00000000,0,0,0,0,0,0x00000000,0,0,0,0,0,0x00000000,0,0,0,0,0,0x00000000,0,0,0,0,0,0x00000000,0,0,0,0
2206709,2206709,3206709,delinquent sylph,331351044,0x13C00404,0,316,1,4,0,0x00000000,0,0,0,0,0,0x00000000,0,0,0,0,0,0x00000000,0,0,0,0,0,0x00000000,0,0,0,0,0,0x00000000,0,0,0,0,0,0x00000000,0,0,0,0
2206710,2206710,3206710,delinquent sylph,331351044,0x13C00404,0,316,1,4,0,0x00000000,0,0,0,0,0,0x00000000,0,0,0,0,0,0x00000000,0,0,0,0,0,0x00000000,0,0,0,0,0,0x00000000,0,0,0,0,0,0x00000000,0,0,0,0
2206711,2206711,3206711,delinquent sylph,331351044,0x13C00404,0,316,1,4,0,0x00000000,0,0,0,0,0,0x00000000,0,0,0,0,0,0x00000000,0,0,0,0,0,0x00000000,0,0,0,0,0,0x00000000,0,0,0,0,0,0x00000000,0,0,0,0
2206712,2206712,3206712,delinquent sylph,331351044,0x13C00404,0,316,1,4,0,0x00000000,0,0,0,0,0,0x00000000,0,0,0,0,0,0x00000000,0,0,0,0,0,0x00000000,0,0,0,0,0,0x00000000,0,0,0,0,0,0x00000000,0,0,0,0
2206713,2206713,3206713,delinquent sylph,331351042,0x13C00402,0,316,1,2,0,0x00000000,0,0,0,0,0,0x00000000,0,0,0,0,0,0x00000000,0,0,0,0,0,0x00000000,0,0,0,0,0,0x00000000,0,0,0,0,0,0x00000000,0,0,0,0
2206714,2206714,3206714,delinquent sylph,331351042,0x13C00402,0,316,1,2,0,0x00000000,0,0,0,0,0,0x00000000,0,0,0,0,0,0x00000000,0,0,0,0,0,0x00000000,0,0,0,0,0,0x00000000,0,0,0,0,0,0x00000000,0,0,0,0
2206715,2206715,3206715,sylph,331351042,0x13C00402,0,316,1,2,0,0x00000000,0,0,0,0,0,0x00000000,0,0,0,0,0,0x00000000,0,0,0,0,0,0x00000000,0,0,0,0,0,0x00000000,0,0,0,0,0,0x00000000,0,0,0,0
2207001,2207001,3207001,imperial centurion,79698947,0x04C01C03,0,76,7,3,32510983,0x01F01407,0,31,5,7,0,0x00000000,0,0,0,0,0,0x00000000,0,0,0,0,0,0x00000000,0,0,0,0,0,0x00000000,0,0,0,0,0,0x00000000,0,0,0,0
2207003,2207003,3207003,imperial guy,79698947,0x04C01C03,0,76,7,3,32510983,0x01F01407,0,31,5,7,0,0x00000000,0,0,0,0,0,0x00000000,0,0,0,0,0,0x00000000,0,0,0,0,0,0x00000000,0,0,0,0,0,0x00000000,0,0,0,0
2207004,2207004,3207006,imperial centurion,79698947,0x04C01C03,0,76,7,3,32510983,0x01F01407,0,31,5,7,0,0x00000000,0,0,0,0,0,0x00000000,0,0,0,0,0,0x00000000,0,0,0,0,0,0x00000000,0,0,0,0,0,0x00000000,0,0,0,0
2207005,2207005,3207021,imperial pilus prior,79698947,0x04C01C03,0,76,7,3,32510983,0x01F01407,0,31,5,7,0,0x00000000,0,0,0,0,0,0x00000000,0,0,0,0,0,0x00000000,0,0,0,0,0,0x00000000,0,0,0,0,0,0x00000000,0,0,0,0
2207006,2207006,3207022,imperial centurion,79698947,0x04C01C03,0,76,7,3,32510983,0x01F01407,0,31,5,7,0,0x00000000,0,0,0,0,0,0x00000000,0,0,0,0,0,0x00000000,0,0,0,0,0,0x00000000,0,0,0,0,0,0x00000000,0,0,0,0
2207007,2207007,3207023,imperial pilus prior,79695883,0x04C0100B,0,76,4,11,32510984,0x01F01408,0,31,5,8,0,0x00000000,0,0,0,0,0,0x00000000,0,0,0,0,0,0x00000000,0,0,0,0,0,0x00000000,0,0,0,0,0,0x00000000,0,0,0,0
2207008,2207008,3207028,imperial centurion,79698947,0x04C01C03,0,76,7,3,32510983,0x01F01407,0,31,5,7,0,0x00000000,0,0,0,0,0,0x00000000,0,0,0,0,0,0x00000000,0,0,0,0,0,0x00000000,0,0,0,0,0,0x00000000,0,0,0,0
2207009,2207009,3207001,imperial centurion,79698947,0x04C01C03,0,76,7,3,32510983,0x01F01407,0,31,5,7,0,0x00000000,0,0,0,0,0,0x00000000,0,0,0,0,0,0x00000000,0,0,0,0,0,0x00000000,0,0,0,0,0,0x00000000,0,0,0,0
2210301,2210301,3210301,goblin,80741386,0x04D0040A,0,77,1,10,0,0x00000000,0,0,0,0,0,0x00000000,0,0,0,0,0,0x00000000,0,0,0,0,0,0x00000000,0,0,0,0,0,0x00000000,0,0,0,0,0,0x00000000,0,0,0,0
2210302,2210302,3210302,goblin,80741376,0x04D00400,0,77,1,0,0,0x00000000,0,0,0,0,0,0x00000000,0,0,0,0,0,0x00000000,0,0,0,0,0,0x00000000,0,0,0,0,0,0x00000000,0,0,0,0,0,0x00000000,0,0,0,0
2210303,2210303,3210303,goblin robber,80741376,0x04D00400,0,77,1,0,0,0x00000000,0,0,0,0,0,0x00000000,0,0,0,0,0,0x00000000,0,0,0,0,0,0x00000000,0,0,0,0,0,0x00000000,0,0,0,0,0,0x00000000,0,0,0,0
2210901,2210901,2700001,Nael van Darnus,169870336,0x0A200400,0,162,1,0,0,0x00000000,0,0,0,0,0,0x00000000,0,0,0,0,0,0x00000000,0,0,0,0,0,0x00000000,0,0,0,0,0,0x00000000,0,0,0,0,0,0x00000000,0,0,0,0
2210902,2210902,3210902,Nael deus Darnus,169870336,0x0A200400,0,162,1,0,0,0x00000000,0,0,0,0,0,0x00000000,0,0,0,0,0,0x00000000,0,0,0,0,0,0x00000000,0,0,0,0,0,0x00000000,0,0,0,0,0,0x00000000,0,0,0,0
2210909,2210909,3210902,Nael deus Darnus,169870336,0x0A200400,0,162,1,0,0,0x00000000,0,0,0,0,0,0x00000000,0,0,0,0,0,0x00000000,0,0,0,0,0,0x00000000,0,0,0,0,0,0x00000000,0,0,0,0,0,0x00000000,0,0,0,0
2280001,2280001,3280001,imperial secutor,58723348,0x03800C14,0,56,3,20,59771924,0x03900C14,0,57,3,20,0,0x00000000,0,0,0,0,0,0x00000000,0,0,0,0,0,0x00000000,0,0,0,0,0,0x00000000,0,0,0,0,0,0x00000000,0,0,0,0
2280002,2280002,3280002,imperial triarius,79694869,0x04C00C15,0,76,3,21,32512010,0x01F0180A,0,31,6,10,0,0x00000000,0,0,0,0,0,0x00000000,0,0,0,0,0,0x00000000,0,0,0,0,0,0x00000000,0,0,0,0,0,0x00000000,0,0,0,0
2280003,2280003,3280003,imperial hoplomachus,79694869,0x04C00C15,0,76,3,21,32512010,0x01F0180A,0,31,6,10,0,0x00000000,0,0,0,0,0,0x00000000,0,0,0,0,0,0x00000000,0,0,0,0,0,0x00000000,0,0,0,0,0,0x00000000,0,0,0,0
2280004,2280004,3280004,imperial retiarius,168825858,0x0A101402,0,161,5,2,0,0x00000000,0,0,0,0,0,0x00000000,0,0,0,0,0,0x00000000,0,0,0,0,0,0x00000000,0,0,0,0,0,0x00000000,0,0,0,0,0,0x00000000,0,0,0,0
2280005,2280005,3280005,imperial hastatus,168825858,0x0A101402,0,161,5,2,0,0x00000000,0,0,0,0,0,0x00000000,0,0,0,0,0,0x00000000,0,0,0,0,0,0x00000000,0,0,0,0,0,0x00000000,0,0,0,0,0,0x00000000,0,0,0,0
2280006,2280006,3280006,imperial sagittarius,210765844,0x0C900814,0,201,2,20,236979210,0x0E20040A,0,226,1,10,0,0x00000000,0,0,0,0,0,0x00000000,0,0,0,0,0,0x00000000,0,0,0,0,231736331,0x0DD0040B,0,221,1,11,0,0x00000000,0,0,0,0
2280007,2280007,3280007,imperial signifer,310379580,0x1280043C,0,296,1,60,0,0x00000000,0,0,0,0,0,0x00000000,0,0,0,0,0,0x00000000,0,0,0,0,0,0x00000000,0,0,0,0,0,0x00000000,0,0,0,0,0,0x00000000,0,0,0,0
2280008,2280008,3280008,imperial speculator,347079691,0x14B0040B,0,331,1,11,0,0x00000000,0,0,0,0,0,0x00000000,0,0,0,0,0,0x00000000,0,0,0,0,0,0x00000000,0,0,0,0,0,0x00000000,0,0,0,0,0,0x00000000,0,0,0,0
2280009,2280009,3280009,imperial trooper,58723348,0x03800C14,0,56,3,20,59771924,0x03900C14,0,57,3,20,0,0x00000000,0,0,0,0,0,0x00000000,0,0,0,0,0,0x00000000,0,0,0,0,0,0x00000000,0,0,0,0,0,0x00000000,0,0,0,0
2280010,2280010,3280010,imperial trooper,79694869,0x04C00C15,0,76,3,21,32512010,0x01F0180A,0,31,6,10,0,0x00000000,0,0,0,0,0,0x00000000,0,0,0,0,0,0x00000000,0,0,0,0,0,0x00000000,0,0,0,0,0,0x00000000,0,0,0,0
2280011,2280011,3280011,imperial trooper,147850300,0x08D0043C,0,141,1,60,0,0x00000000,0,0,0,0,0,0x00000000,0,0,0,0,0,0x00000000,0,0,0,0,0,0x00000000,0,0,0,0,0,0x00000000,0,0,0,0,0,0x00000000,0,0,0,0
2280012,2280012,3280012,imperial trooper,168825858,0x0A101402,0,161,5,2,0,0x00000000,0,0,0,0,0,0x00000000,0,0,0,0,0,0x00000000,0,0,0,0,0,0x00000000,0,0,0,0,0,0x00000000,0,0,0,0,0,0x00000000,0,0,0,0
2280013,2280013,3280013,imperial trooper,210765844,0x0C900814,0,201,2,20,236979210,0x0E20040A,0,226,1,10,0,0x00000000,0,0,0,0,0,0x00000000,0,0,0,0,0,0x00000000,0,0,0,0,231736332,0x0DD0040C,0,221,1,12,0,0x00000000,0,0,0,0
2280014,2280014,3280014,imperial trooper,310379580,0x1280043C,0,296,1,60,0,0x00000000,0,0,0,0,0,0x00000000,0,0,0,0,0,0x00000000,0,0,0,0,0,0x00000000,0,0,0,0,0,0x00000000,0,0,0,0,0,0x00000000,0,0,0,0
2280015,2280015,3280015,imperial trooper,347079691,0x14B0040B,0,331,1,11,0,0x00000000,0,0,0,0,0,0x00000000,0,0,0,0,0,0x00000000,0,0,0,0,0,0x00000000,0,0,0,0,0,0x00000000,0,0,0,0,0,0x00000000,0,0,0,0
2280016,2280016,3280016,imperial trooper,383779881,0x16E00429,0,366,1,41,0,0x00000000,0,0,0,0,0,0x00000000,0,0,0,0,0,0x00000000,0,0,0,0,0,0x00000000,0,0,0,0,0,0x00000000,0,0,0,0,0,0x00000000,0,0,0,0
2280017,2280017,3280017,imperial bestiarius,168825858,0x0A101402,0,161,5,2,0,0x00000000,0,0,0,0,0,0x00000000,0,0,0,0,0,0x00000000,0,0,0,0,0,0x00000000,0,0,0,0,0,0x00000000,0,0,0,0,0,0x00000000,0,0,0,0
2280018,2280018,3280018,imperial funditor,210765844,0x0C900814,0,201,2,20,236979210,0x0E20040A,0,226,1,10,0,0x00000000,0,0,0,0,0,0x00000000,0,0,0,0,0,0x00000000,0,0,0,0,231736332,0x0DD0040C,0,221,1,12,0,0x00000000,0,0,0,0
2280019,2280019,3280019,imperial triarius,79694869,0x04C00C15,0,76,3,21,32512010,0x01F0180A,0,31,6,10,0,0x00000000,0,0,0,0,0,0x00000000,0,0,0,0,0,0x00000000,0,0,0,0,0,0x00000000,0,0,0,0,0,0x00000000,0,0,0,0
2280020,2280020,3280020,imperial triarius,79694869,0x04C00C15,0,76,3,21,32512010,0x01F0180A,0,31,6,10,0,0x00000000,0,0,0,0,0,0x00000000,0,0,0,0,0,0x00000000,0,0,0,0,0,0x00000000,0,0,0,0,0,0x00000000,0,0,0,0
2280021,2280021,3280021,imperial speculator,347079691,0x14B0040B,0,331,1,11,0,0x00000000,0,0,0,0,0,0x00000000,0,0,0,0,0,0x00000000,0,0,0,0,0,0x00000000,0,0,0,0,0,0x00000000,0,0,0,0,0,0x00000000,0,0,0,0
2280022,2280022,3280022,imperial veles,58723348,0x03800C14,0,56,3,20,59771924,0x03900C14,0,57,3,20,0,0x00000000,0,0,0,0,0,0x00000000,0,0,0,0,0,0x00000000,0,0,0,0,0,0x00000000,0,0,0,0,0,0x00000000,0,0,0,0
2280023,2280023,3207010,imperial veles,58723348,0x03800C14,0,56,3,20,59771924,0x03900C14,0,57,3,20,0,0x00000000,0,0,0,0,0,0x00000000,0,0,0,0,0,0x00000000,0,0,0,0,0,0x00000000,0,0,0,0,0,0x00000000,0,0,0,0
2280024,2280024,3207011,imperial triarius,79694869,0x04C00C15,0,76,3,21,32512010,0x01F0180A,0,31,6,10,0,0x00000000,0,0,0,0,0,0x00000000,0,0,0,0,0,0x00000000,0,0,0,0,0,0x00000000,0,0,0,0,0,0x00000000,0,0,0,0
2280025,2280025,3207012,imperial myrmillo,147850300,0x08D0043C,0,141,1,60,0,0x00000000,0,0,0,0,0,0x00000000,0,0,0,0,0,0x00000000,0,0,0,0,0,0x00000000,0,0,0,0,0,0x00000000,0,0,0,0,0,0x00000000,0,0,0,0
2280026,2280026,3207013,imperial bestiarius,168825858,0x0A101402,0,161,5,2,0,0x00000000,0,0,0,0,0,0x00000000,0,0,0,0,0,0x00000000,0,0,0,0,0,0x00000000,0,0,0,0,0,0x00000000,0,0,0,0,0,0x00000000,0,0,0,0
2280027,2280027,3207014,imperial funditor,210765844,0x0C900814,0,201,2,20,236979210,0x0E20040A,0,226,1,10,0,0x00000000,0,0,0,0,0,0x00000000,0,0,0,0,0,0x00000000,0,0,0,0,231736332,0x0DD0040C,0,221,1,12,0,0x00000000,0,0,0,0
2280028,2280028,3207015,imperial imaginifer,310379580,0x1280043C,0,296,1,60,0,0x00000000,0,0,0,0,0,0x00000000,0,0,0,0,0,0x00000000,0,0,0,0,0,0x00000000,0,0,0,0,0,0x00000000,0,0,0,0,0,0x00000000,0,0,0,0
2280029,2280029,3207016,imperial speculator,347079691,0x14B0040B,0,331,1,11,0,0x00000000,0,0,0,0,0,0x00000000,0,0,0,0,0,0x00000000,0,0,0,0,0,0x00000000,0,0,0,0,0,0x00000000,0,0,0,0,0,0x00000000,0,0,0,0
2280030,2280030,3207017,elite triarius,79695883,0x04C0100B,0,76,4,11,32512030,0x01F0181E,0,31,6,30,0,0x00000000,0,0,0,0,0,0x00000000,0,0,0,0,0,0x00000000,0,0,0,0,0,0x00000000,0,0,0,0,0,0x00000000,0,0,0,0
2280031,2280031,3207018,elite bestiarius,168826884,0x0A101804,0,161,6,4,0,0x00000000,0,0,0,0,0,0x00000000,0,0,0,0,0,0x00000000,0,0,0,0,0,0x00000000,0,0,0,0,0,0x00000000,0,0,0,0,0,0x00000000,0,0,0,0
2280032,2280032,3207019,elite funditor,210767922,0x0C901032,0,201,4,50,236979200,0x0E200400,0,226,1,0,0,0x00000000,0,0,0,0,0,0x00000000,0,0,0,0,0,0x00000000,0,0,0,0,231736332,0x0DD0040C,0,221,1,12,0,0x00000000,0,0,0,0
2280033,2280033,3207020,elite speculator,347079691,0x14B0040B,0,331,1,11,0,0x00000000,0,0,0,0,0,0x00000000,0,0,0,0,0,0x00000000,0,0,0,0,0,0x00000000,0,0,0,0,0,0x00000000,0,0,0,0,0,0x00000000,0,0,0,0
2280034,2280034,3280023,imperial hoplomachus,79694869,0x04C00C15,0,76,3,21,32512010,0x01F0180A,0,31,6,10,0,0x00000000,0,0,0,0,0,0x00000000,0,0,0,0,0,0x00000000,0,0,0,0,0,0x00000000,0,0,0,0,0,0x00000000,0,0,0,0
2280035,2280035,3280024,imperial medicus,347079691,0x14B0040B,0,331,1,11,0,0x00000000,0,0,0,0,0,0x00000000,0,0,0,0,0,0x00000000,0,0,0,0,0,0x00000000,0,0,0,0,0,0x00000000,0,0,0,0,0,0x00000000,0,0,0,0
2280036,2280036,3280025,imperial secutor,58723348,0x03800C14,0,56,3,20,59771924,0x03900C14,0,57,3,20,0,0x00000000,0,0,0,0,0,0x00000000,0,0,0,0,0,0x00000000,0,0,0,0,0,0x00000000,0,0,0,0,0,0x00000000,0,0,0,0
2280037,2280037,3280026,imperial eques,168825858,0x0A101402,0,161,5,2,0,0x00000000,0,0,0,0,0,0x00000000,0,0,0,0,0,0x00000000,0,0,0,0,0,0x00000000,0,0,0,0,0,0x00000000,0,0,0,0,0,0x00000000,0,0,0,0
2280038,2280038,3280027,imperial signifer,310379580,0x1280043C,0,296,1,60,0,0x00000000,0,0,0,0,0,0x00000000,0,0,0,0,0,0x00000000,0,0,0,0,0,0x00000000,0,0,0,0,0,0x00000000,0,0,0,0,0,0x00000000,0,0,0,0
2280039,2280039,3280028,imperial sagittarius,210765844,0x0C900814,0,201,2,20,236979210,0x0E20040A,0,226,1,10,0,0x00000000,0,0,0,0,0,0x00000000,0,0,0,0,0,0x00000000,0,0,0,0,231736332,0x0DD0040C,0,221,1,12,0,0x00000000,0,0,0,0
2280040,2280040,3280029,imperial hoplomachus,79694869,0x04C00C15,0,76,3,21,32512010,0x01F0180A,0,31,6,10,0,0x00000000,0,0,0,0,0,0x00000000,0,0,0,0,0,0x00000000,0,0,0,0,0,0x00000000,0,0,0,0,0,0x00000000,0,0,0,0
2280041,2280041,3280030,imperial signifer,310379580,0x1280043C,0,296,1,60,0,0x00000000,0,0,0,0,0,0x00000000,0,0,0,0,0,0x00000000,0,0,0,0,0,0x00000000,0,0,0,0,0,0x00000000,0,0,0,0,0,0x00000000,0,0,0,0
2280042,2280042,3280031,imperial laquearius,147850300,0x08D0043C,0,141,1,60,0,0x00000000,0,0,0,0,0,0x00000000,0,0,0,0,0,0x00000000,0,0,0,0,0,0x00000000,0,0,0,0,0,0x00000000,0,0,0,0,0,0x00000000,0,0,0,0
2280043,2280043,3280032,imperial secutor,58723348,0x03800C14,0,56,3,20,59771924,0x03900C14,0,57,3,20,0,0x00000000,0,0,0,0,0,0x00000000,0,0,0,0,0,0x00000000,0,0,0,0,0,0x00000000,0,0,0,0,0,0x00000000,0,0,0,0
2280044,2280044,3280033,imperial sagittarius,210765844,0x0C900814,0,201,2,20,236979210,0x0E20040A,0,226,1,10,0,0x00000000,0,0,0,0,0,0x00000000,0,0,0,0,0,0x00000000,0,0,0,0,231736332,0x0DD0040C,0,221,1,12,0,0x00000000,0,0,0,0
2280045,2280045,3280034,imperial signifer,310379580,0x1280043C,0,296,1,60,0,0x00000000,0,0,0,0,0,0x00000000,0,0,0,0,0,0x00000000,0,0,0,0,0,0x00000000,0,0,0,0,0,0x00000000,0,0,0,0,0,0x00000000,0,0,0,0
2280046,2280046,3207024,elite triarius,79695883,0x04C0100B,0,76,4,11,32512030,0x01F0181E,0,31,6,30,0,0x00000000,0,0,0,0,0,0x00000000,0,0,0,0,0,0x00000000,0,0,0,0,0,0x00000000,0,0,0,0,0,0x00000000,0,0,0,0
2280047,2280047,3207025,elite bestiarius,168826884,0x0A101804,0,161,6,4,0,0x00000000,0,0,0,0,0,0x00000000,0,0,0,0,0,0x00000000,0,0,0,0,0,0x00000000,0,0,0,0,0,0x00000000,0,0,0,0,0,0x00000000,0,0,0,0
2280048,2280048,3207026,elite funditor,210767922,0x0C901032,0,201,4,50,236979200,0x0E200400,0,226,1,0,0,0x00000000,0,0,0,0,0,0x00000000,0,0,0,0,0,0x00000000,0,0,0,0,231736332,0x0DD0040C,0,221,1,12,0,0x00000000,0,0,0,0
2280049,2280049,3207027,elite speculator,347079691,0x14B0040B,0,331,1,11,0,0x00000000,0,0,0,0,0,0x00000000,0,0,0,0,0,0x00000000,0,0,0,0,0,0x00000000,0,0,0,0,0,0x00000000,0,0,0,0,0,0x00000000,0,0,0,0
2280050,2280050,3207024,elite triarius,79695883,0x04C0100B,0,76,4,11,32512030,0x01F0181E,0,31,6,30,0,0x00000000,0,0,0,0,0,0x00000000,0,0,0,0,0,0x00000000,0,0,0,0,0,0x00000000,0,0,0,0,0,0x00000000,0,0,0,0
2280051,2280051,3280035,VIIth Legion secutor,58723348,0x03800C14,0,56,3,20,59771924,0x03900C14,0,57,3,20,0,0x00000000,0,0,0,0,0,0x00000000,0,0,0,0,0,0x00000000,0,0,0,0,0,0x00000000,0,0,0,0,0,0x00000000,0,0,0,0
2280052,2280052,3280036,VIIth Legion hoplomachus,79694869,0x04C00C15,0,76,3,21,32512010,0x01F0180A,0,31,6,10,0,0x00000000,0,0,0,0,0,0x00000000,0,0,0,0,0,0x00000000,0,0,0,0,0,0x00000000,0,0,0,0,0,0x00000000,0,0,0,0
2280053,2280053,3280037,VIIth Legion laquearius,147850300,0x08D0043C,0,141,1,60,0,0x00000000,0,0,0,0,0,0x00000000,0,0,0,0,0,0x00000000,0,0,0,0,0,0x00000000,0,0,0,0,0,0x00000000,0,0,0,0,0,0x00000000,0,0,0,0
2280054,2280054,3280038,VIIth Legion eques,168825858,0x0A101402,0,161,5,2,0,0x00000000,0,0,0,0,0,0x00000000,0,0,0,0,0,0x00000000,0,0,0,0,0,0x00000000,0,0,0,0,0,0x00000000,0,0,0,0,0,0x00000000,0,0,0,0
2280055,2280055,3280039,VIIth Legion sagittarius,210765844,0x0C900814,0,201,2,20,236979210,0x0E20040A,0,226,1,10,0,0x00000000,0,0,0,0,0,0x00000000,0,0,0,0,0,0x00000000,0,0,0,0,231736332,0x0DD0040C,0,221,1,12,0,0x00000000,0,0,0,0
2280056,2280056,3280040,VIIth Legion medicus,347079691,0x14B0040B,0,331,1,11,0,0x00000000,0,0,0,0,0,0x00000000,0,0,0,0,0,0x00000000,0,0,0,0,0,0x00000000,0,0,0,0,0,0x00000000,0,0,0,0,0,0x00000000,0,0,0,0
2280057,2280057,3280041,VIIth Legion signifer,310379580,0x1280043C,0,296,1,60,0,0x00000000,0,0,0,0,0,0x00000000,0,0,0,0,0,0x00000000,0,0,0,0,0,0x00000000,0,0,0,0,0,0x00000000,0,0,0,0,0,0x00000000,0,0,0,0
2280058,2280058,3180009,imperial secutor,58723348,0x03800C14,0,56,3,20,59771924,0x03900C14,0,57,3,20,0,0x00000000,0,0,0,0,0,0x00000000,0,0,0,0,0,0x00000000,0,0,0,0,0,0x00000000,0,0,0,0,0,0x00000000,0,0,0,0
2280059,2280059,3180011,imperial hoplomachus,79694869,0x04C00C15,0,76,3,21,32512010,0x01F0180A,0,31,6,10,0,0x00000000,0,0,0,0,0,0x00000000,0,0,0,0,0,0x00000000,0,0,0,0,0,0x00000000,0,0,0,0,0,0x00000000,0,0,0,0
2280060,2280060,3180013,imperial laquearius,147850300,0x08D0043C,0,141,1,60,0,0x00000000,0,0,0,0,0,0x00000000,0,0,0,0,0,0x00000000,0,0,0,0,0,0x00000000,0,0,0,0,0,0x00000000,0,0,0,0,0,0x00000000,0,0,0,0
2280061,2280061,3180015,imperial eques,168825858,0x0A101402,0,161,5,2,0,0x00000000,0,0,0,0,0,0x00000000,0,0,0,0,0,0x00000000,0,0,0,0,0,0x00000000,0,0,0,0,0,0x00000000,0,0,0,0,0,0x00000000,0,0,0,0
2280062,2280062,3180017,imperial sagittarius,210765844,0x0C900814,0,201,2,20,236979210,0x0E20040A,0,226,1,10,0,0x00000000,0,0,0,0,0,0x00000000,0,0,0,0,0,0x00000000,0,0,0,0,231736332,0x0DD0040C,0,221,1,12,0,0x00000000,0,0,0,0
2280063,2280063,3180019,imperial medicus,347079691,0x14B0040B,0,331,1,11,0,0x00000000,0,0,0,0,0,0x00000000,0,0,0,0,0,0x00000000,0,0,0,0,0,0x00000000,0,0,0,0,0,0x00000000,0,0,0,0,0,0x00000000,0,0,0,0
2280064,2280064,3180021,imperial signifer,310379580,0x1280043C,0,296,1,60,0,0x00000000,0,0,0,0,0,0x00000000,0,0,0,0,0,0x00000000,0,0,0,0,0,0x00000000,0,0,0,0,0,0x00000000,0,0,0,0,0,0x00000000,0,0,0,0
2280065,2280065,3180010,elite secutor,58723348,0x03800C14,0,56,3,20,59771924,0x03900C14,0,57,3,20,0,0x00000000,0,0,0,0,0,0x00000000,0,0,0,0,0,0x00000000,0,0,0,0,0,0x00000000,0,0,0,0,0,0x00000000,0,0,0,0
2280066,2280066,3180014,elite laquearius,147850300,0x08D0043C,0,141,1,60,0,0x00000000,0,0,0,0,0,0x00000000,0,0,0,0,0,0x00000000,0,0,0,0,0,0x00000000,0,0,0,0,0,0x00000000,0,0,0,0,0,0x00000000,0,0,0,0
2280067,2280067,3180016,elite eques,168825858,0x0A101402,0,161,5,2,0,0x00000000,0,0,0,0,0,0x00000000,0,0,0,0,0,0x00000000,0,0,0,0,0,0x00000000,0,0,0,0,0,0x00000000,0,0,0,0,0,0x00000000,0,0,0,0
2280068,2280068,3180018,elite sagittarius,210765844,0x0C900814,0,201,2,20,236979210,0x0E20040A,0,226,1,10,0,0x00000000,0,0,0,0,0,0x00000000,0,0,0,0,0,0x00000000,0,0,0,0,231736332,0x0DD0040C,0,221,1,12,0,0x00000000,0,0,0,0
2280069,2280069,3180020,elite medicus,347079691,0x14B0040B,0,331,1,11,0,0x00000000,0,0,0,0,0,0x00000000,0,0,0,0,0,0x00000000,0,0,0,0,0,0x00000000,0,0,0,0,0,0x00000000,0,0,0,0,0,0x00000000,0,0,0,0
2280070,2280070,3180022,elite signifer,310379580,0x1280043C,0,296,1,60,0,0x00000000,0,0,0,0,0,0x00000000,0,0,0,0,0,0x00000000,0,0,0,0,0,0x00000000,0,0,0,0,0,0x00000000,0,0,0,0,0,0x00000000,0,0,0,0
2280101,2280101,3280101,amateur footpad,79692880,0x04C00450,0,76,1,80,32513024,0x01F01C00,0,31,7,0,0,0x00000000,0,0,0,0,0,0x00000000,0,0,0,0,0,0x00000000,0,0,0,0,0,0x00000000,0,0,0,0,0,0x00000000,0,0,0,0
2280102,2280102,3280102,fleet-footed footpad,79692880,0x04C00450,0,76,1,80,32513024,0x01F01C00,0,31,7,0,0,0x00000000,0,0,0,0,0,0x00000000,0,0,0,0,0,0x00000000,0,0,0,0,0,0x00000000,0,0,0,0,0,0x00000000,0,0,0,0
2280103,2280103,3280103,amateur highwayman,168826880,0x0A101800,0,161,6,0,0,0x00000000,0,0,0,0,0,0x00000000,0,0,0,0,0,0x00000000,0,0,0,0,0,0x00000000,0,0,0,0,0,0x00000000,0,0,0,0,0,0x00000000,0,0,0,0
2280104,2280104,3280104,fleet-footed highwayman,168826880,0x0A101800,0,161,6,0,0,0x00000000,0,0,0,0,0,0x00000000,0,0,0,0,0,0x00000000,0,0,0,0,0,0x00000000,0,0,0,0,0,0x00000000,0,0,0,0,0,0x00000000,0,0,0,0
2280105,2280105,3280105,amateur raider,210766848,0x0C900C00,0,201,3,0,236979210,0x0E20040A,0,226,1,10,0,0x00000000,0,0,0,0,0,0x00000000,0,0,0,0,0,0x00000000,0,0,0,0,231736331,0x0DD0040B,0,221,1,11,0,0x00000000,0,0,0,0
2280106,2280106,3280106,fleet-footed raider,210766878,0x0C900C1E,0,201,3,30,236979210,0x0E20040A,0,226,1,10,0,0x00000000,0,0,0,0,0,0x00000000,0,0,0,0,0,0x00000000,0,0,0,0,231736331,0x0DD0040B,0,221,1,11,0,0x00000000,0,0,0,0
2280107,2280107,3280107,Xha Viqqoh the Nibbler,168826880,0x0A101800,0,161,6,0,0,0x00000000,0,0,0,0,0,0x00000000,0,0,0,0,0,0x00000000,0,0,0,0,0,0x00000000,0,0,0,0,0,0x00000000,0,0,0,0,0,0x00000000,0,0,0,0
2280108,2280108,3280108,Palemoon Parazuzu,210766848,0x0C900C00,0,201,3,0,236979210,0x0E20040A,0,226,1,10,0,0x00000000,0,0,0,0,0,0x00000000,0,0,0,0,0,0x00000000,0,0,0,0,231736331,0x0DD0040B,0,221,1,11,0,0x00000000,0,0,0,0
2280109,2280109,3280109,Ser Aucheforne of the High Tide,168826880,0x0A101800,0,161,6,0,0,0x00000000,0,0,0,0,0,0x00000000,0,0,0,0,0,0x00000000,0,0,0,0,0,0x00000000,0,0,0,0,0,0x00000000,0,0,0,0,0,0x00000000,0,0,0,0
2280110,2280110,3280110,Godwin Goodgoat,79692880,0x04C00450,0,76,1,80,32513024,0x01F01C00,0,31,7,0,0,0x00000000,0,0,0,0,0,0x00000000,0,0,0,0,0,0x00000000,0,0,0,0,0,0x00000000,0,0,0,0,0,0x00000000,0,0,0,0
2280111,2280111,3280111,Mathistien of the Cloven Hoof,347079691,0x14B0040B,0,331,1,11,0,0x00000000,0,0,0,0,0,0x00000000,0,0,0,0,0,0x00000000,0,0,0,0,0,0x00000000,0,0,0,0,0,0x00000000,0,0,0,0,0,0x00000000,0,0,0,0
2280112,2280112,3280112,Nightblade assassin,79693827,0x04C00803,0,76,2,3,0,0x00000000,0,0,0,0,0,0x00000000,0,0,0,0,0,0x00000000,0,0,0,0,0,0x00000000,0,0,0,0,0,0x00000000,0,0,0,0,0,0x00000000,0,0,0,0
2280113,2280113,3280113,Nightblade assassin,79693845,0x04C00815,0,76,2,21,0,0x00000000,0,0,0,0,0,0x00000000,0,0,0,0,0,0x00000000,0,0,0,0,0,0x00000000,0,0,0,0,0,0x00000000,0,0,0,0,0,0x00000000,0,0,0,0
2280114,2280114,3280114,Nightblade assassin,79693827,0x04C00803,0,76,2,3,0,0x00000000,0,0,0,0,0,0x00000000,0,0,0,0,0,0x00000000,0,0,0,0,0,0x00000000,0,0,0,0,0,0x00000000,0,0,0,0,0,0x00000000,0,0,0,0
2280115,2280115,3280115,Deathstroke assassin,58724372,0x03801014,0,56,4,20,59772948,0x03901014,0,57,4,20,0,0x00000000,0,0,0,0,0,0x00000000,0,0,0,0,0,0x00000000,0,0,0,0,0,0x00000000,0,0,0,0,0,0x00000000,0,0,0,0
2280116,2280116,3280116,Deathstroke assassin,58724372,0x03801014,0,56,4,20,59772948,0x03901014,0,57,4,20,0,0x00000000,0,0,0,0,0,0x00000000,0,0,0,0,0,0x00000000,0,0,0,0,0,0x00000000,0,0,0,0,0,0x00000000,0,0,0,0
2280117,2280117,3280117,Deathstroke assassin,58724372,0x03801014,0,56,4,20,59772948,0x03901014,0,57,4,20,0,0x00000000,0,0,0,0,0,0x00000000,0,0,0,0,0,0x00000000,0,0,0,0,0,0x00000000,0,0,0,0,0,0x00000000,0,0,0,0
2280118,2280118,3280118,Venomtongue assassin,310379550,0x1280041E,0,296,1,30,0,0x00000000,0,0,0,0,0,0x00000000,0,0,0,0,0,0x00000000,0,0,0,0,0,0x00000000,0,0,0,0,0,0x00000000,0,0,0,0,0,0x00000000,0,0,0,0
2280119,2280119,3280119,Venomtongue assassin,310379550,0x1280041E,0,296,1,30,0,0x00000000,0,0,0,0,0,0x00000000,0,0,0,0,0,0x00000000,0,0,0,0,0,0x00000000,0,0,0,0,0,0x00000000,0,0,0,0,0,0x00000000,0,0,0,0
2280120,2280120,3280120,Venomtongue assassin,310379550,0x1280041E,0,296,1,30,0,0x00000000,0,0,0,0,0,0x00000000,0,0,0,0,0,0x00000000,0,0,0,0,0,0x00000000,0,0,0,0,0,0x00000000,0,0,0,0,0,0x00000000,0,0,0,0
2280121,2280121,3280121,B'khenna the Phoenixfire,79693845,0x04C00815,0,76,2,21,0,0x00000000,0,0,0,0,0,0x00000000,0,0,0,0,0,0x00000000,0,0,0,0,0,0x00000000,0,0,0,0,0,0x00000000,0,0,0,0,0,0x00000000,0,0,0,0
2280122,2280122,3280122,wolf poacher,58722324,0x03800814,0,56,2,20,59770900,0x03900814,0,57,2,20,0,0x00000000,0,0,0,0,0,0x00000000,0,0,0,0,0,0x00000000,0,0,0,0,0,0x00000000,0,0,0,0,0,0x00000000,0,0,0,0
2280123,2280123,3280123,wolf poacher,58722324,0x03800814,0,56,2,20,59770900,0x03900814,0,57,2,20,0,0x00000000,0,0,0,0,0,0x00000000,0,0,0,0,0,0x00000000,0,0,0,0,0,0x00000000,0,0,0,0,0,0x00000000,0,0,0,0
2280124,2280124,3280124,wolf poacher,58722324,0x03800814,0,56,2,20,59770900,0x03900814,0,57,2,20,0,0x00000000,0,0,0,0,0,0x00000000,0,0,0,0,0,0x00000000,0,0,0,0,0,0x00000000,0,0,0,0,0,0x00000000,0,0,0,0
2280125,2280125,3280125,raptor poacher,168821780,0x0A100414,0,161,1,20,0,0x00000000,0,0,0,0,0,0x00000000,0,0,0,0,0,0x00000000,0,0,0,0,0,0x00000000,0,0,0,0,0,0x00000000,0,0,0,0,0,0x00000000,0,0,0,0
2280126,2280126,3280126,raptor poacher,168821780,0x0A100414,0,161,1,20,0,0x00000000,0,0,0,0,0,0x00000000,0,0,0,0,0,0x00000000,0,0,0,0,0,0x00000000,0,0,0,0,0,0x00000000,0,0,0,0,0,0x00000000,0,0,0,0
2280127,2280127,3280127,raptor poacher,168821780,0x0A100414,0,161,1,20,0,0x00000000,0,0,0,0,0,0x00000000,0,0,0,0,0,0x00000000,0,0,0,0,0,0x00000000,0,0,0,0,0,0x00000000,0,0,0,0,0,0x00000000,0,0,0,0
2280128,2280128,3280128,boar poacher,210767892,0x0C901014,0,201,4,20,236979210,0x0E20040A,0,226,1,10,0,0x00000000,0,0,0,0,0,0x00000000,0,0,0,0,0,0x00000000,0,0,0,0,231736331,0x0DD0040B,0,221,1,11,0,0x00000000,0,0,0,0
2280129,2280129,3280129,boar poacher,210767892,0x0C901014,0,201,4,20,236979210,0x0E20040A,0,226,1,10,0,0x00000000,0,0,0,0,0,0x00000000,0,0,0,0,0,0x00000000,0,0,0,0,231736331,0x0DD0040B,0,221,1,11,0,0x00000000,0,0,0,0
2280130,2280130,3280130,boar poacher,210767892,0x0C901014,0,201,4,20,236979210,0x0E20040A,0,226,1,10,0,0x00000000,0,0,0,0,0,0x00000000,0,0,0,0,0,0x00000000,0,0,0,0,231736331,0x0DD0040B,0,221,1,11,0,0x00000000,0,0,0,0
2280131,2280131,3280131,Rorogun the Tailtamer,58722324,0x03800814,0,56,2,20,59770900,0x03900814,0,57,2,20,0,0x00000000,0,0,0,0,0,0x00000000,0,0,0,0,0,0x00000000,0,0,0,0,0,0x00000000,0,0,0,0,0,0x00000000,0,0,0,0
2280132,2280132,3280132,Coiled Adder,168821780,0x0A100414,0,161,1,20,0,0x00000000,0,0,0,0,0,0x00000000,0,0,0,0,0,0x00000000,0,0,0,0,0,0x00000000,0,0,0,0,0,0x00000000,0,0,0,0,0,0x00000000,0,0,0,0
2280133,2280133,3280133,Alvara Sourkiss,210767892,0x0C901014,0,201,4,20,236979210,0x0E20040A,0,226,1,10,0,0x00000000,0,0,0,0,0,0x00000000,0,0,0,0,0,0x00000000,0,0,0,0,231736331,0x0DD0040B,0,221,1,11,0,0x00000000,0,0,0,0
2280134,2280134,3280173,Hooknosed Wylla,210767892,0x0C901014,0,201,4,20,236979210,0x0E20040A,0,226,1,10,0,0x00000000,0,0,0,0,0,0x00000000,0,0,0,0,0,0x00000000,0,0,0,0,231736331,0x0DD0040B,0,221,1,11,0,0x00000000,0,0,0,0
2280135,2280135,3280134,bandit spearman,168826880,0x0A101800,0,161,6,0,0,0x00000000,0,0,0,0,0,0x00000000,0,0,0,0,0,0x00000000,0,0,0,0,0,0x00000000,0,0,0,0,0,0x00000000,0,0,0,0,0,0x00000000,0,0,0,0
2280136,2280136,3280135,bandit spearman,168826883,0x0A101803,0,161,6,3,0,0x00000000,0,0,0,0,0,0x00000000,0,0,0,0,0,0x00000000,0,0,0,0,0,0x00000000,0,0,0,0,0,0x00000000,0,0,0,0,0,0x00000000,0,0,0,0
2280137,2280137,3280136,bandit skirmisher,168826880,0x0A101800,0,161,6,0,0,0x00000000,0,0,0,0,0,0x00000000,0,0,0,0,0,0x00000000,0,0,0,0,0,0x00000000,0,0,0,0,0,0x00000000,0,0,0,0,0,0x00000000,0,0,0,0
2280138,2280138,3280137,bandit skirmisher,168826880,0x0A101800,0,161,6,0,0,0x00000000,0,0,0,0,0,0x00000000,0,0,0,0,0,0x00000000,0,0,0,0,0,0x00000000,0,0,0,0,0,0x00000000,0,0,0,0,0,0x00000000,0,0,0,0
2280139,2280139,3280138,bandit archer,210764820,0x0C900414,0,201,1,20,236979210,0x0E20040A,0,226,1,10,0,0x00000000,0,0,0,0,0,0x00000000,0,0,0,0,0,0x00000000,0,0,0,0,231736331,0x0DD0040B,0,221,1,11,0,0x00000000,0,0,0,0
2280140,2280140,3280139,bandit archer,210764840,0x0C900428,0,201,1,40,236979210,0x0E20040A,0,226,1,10,0,0x00000000,0,0,0,0,0,0x00000000,0,0,0,0,0,0x00000000,0,0,0,0,231736331,0x0DD0040B,0,221,1,11,0,0x00000000,0,0,0,0
2280141,2280141,3280140,bandit bowman,210764820,0x0C900414,0,201,1,20,236979210,0x0E20040A,0,226,1,10,0,0x00000000,0,0,0,0,0,0x00000000,0,0,0,0,0,0x00000000,0,0,0,0,231736331,0x0DD0040B,0,221,1,11,0,0x00000000,0,0,0,0
2280142,2280142,3280141,bandit bowman,210764820,0x0C900414,0,201,1,20,236979210,0x0E20040A,0,226,1,10,0,0x00000000,0,0,0,0,0,0x00000000,0,0,0,0,0,0x00000000,0,0,0,0,231736331,0x0DD0040B,0,221,1,11,0,0x00000000,0,0,0,0
2280143,2280143,3280142,bandit mage,347079684,0x14B00404,0,331,1,4,0,0x00000000,0,0,0,0,0,0x00000000,0,0,0,0,0,0x00000000,0,0,0,0,0,0x00000000,0,0,0,0,0,0x00000000,0,0,0,0,0,0x00000000,0,0,0,0
2280144,2280144,3280143,bandit mage,347079683,0x14B00403,0,331,1,3,0,0x00000000,0,0,0,0,0,0x00000000,0,0,0,0,0,0x00000000,0,0,0,0,0,0x00000000,0,0,0,0,0,0x00000000,0,0,0,0,0,0x00000000,0,0,0,0
2280145,2280145,3280144,bandit caster,347079684,0x14B00404,0,331,1,4,0,0x00000000,0,0,0,0,0,0x00000000,0,0,0,0,0,0x00000000,0,0,0,0,0,0x00000000,0,0,0,0,0,0x00000000,0,0,0,0,0,0x00000000,0,0,0,0
2280146,2280146,3280145,bandit caster,347079684,0x14B00404,0,331,1,4,0,0x00000000,0,0,0,0,0,0x00000000,0,0,0,0,0,0x00000000,0,0,0,0,0,0x00000000,0,0,0,0,0,0x00000000,0,0,0,0,0,0x00000000,0,0,0,0
2280147,2280147,3280146,Toadsquatter Femomo,347079683,0x14B00403,0,331,1,3,0,0x00000000,0,0,0,0,0,0x00000000,0,0,0,0,0,0x00000000,0,0,0,0,0,0x00000000,0,0,0,0,0,0x00000000,0,0,0,0,0,0x00000000,0,0,0,0
2280148,2280148,3280147,heretical harrier,80741376,0x04D00400,0,77,1,0,32508968,0x01F00C28,0,31,3,40,0,0x00000000,0,0,0,0,0,0x00000000,0,0,0,0,0,0x00000000,0,0,0,0,0,0x00000000,0,0,0,0,0,0x00000000,0,0,0,0
2280149,2280149,3280148,heretical harrier,80741376,0x04D00400,0,77,1,0,32508968,0x01F00C28,0,31,3,40,0,0x00000000,0,0,0,0,0,0x00000000,0,0,0,0,0,0x00000000,0,0,0,0,0,0x00000000,0,0,0,0,0,0x00000000,0,0,0,0
2280150,2280150,3280149,heretical harrier,80741376,0x04D00400,0,77,1,0,32508968,0x01F00C28,0,31,3,40,0,0x00000000,0,0,0,0,0,0x00000000,0,0,0,0,0,0x00000000,0,0,0,0,0,0x00000000,0,0,0,0,0,0x00000000,0,0,0,0
2280151,2280151,3280150,ravaging harrier,147853322,0x08D0100A,0,141,4,10,0,0x00000000,0,0,0,0,0,0x00000000,0,0,0,0,0,0x00000000,0,0,0,0,0,0x00000000,0,0,0,0,0,0x00000000,0,0,0,0,0,0x00000000,0,0,0,0
2280152,2280152,3280151,ravaging harrier,147853322,0x08D0100A,0,141,4,10,0,0x00000000,0,0,0,0,0,0x00000000,0,0,0,0,0,0x00000000,0,0,0,0,0,0x00000000,0,0,0,0,0,0x00000000,0,0,0,0,0,0x00000000,0,0,0,0
2280153,2280153,3280152,ravaging harrier,147853322,0x08D0100A,0,141,4,10,0,0x00000000,0,0,0,0,0,0x00000000,0,0,0,0,0,0x00000000,0,0,0,0,0,0x00000000,0,0,0,0,0,0x00000000,0,0,0,0,0,0x00000000,0,0,0,0
2280154,2280154,3280153,witching harrier,310379570,0x12800432,0,296,1,50,0,0x00000000,0,0,0,0,0,0x00000000,0,0,0,0,0,0x00000000,0,0,0,0,0,0x00000000,0,0,0,0,0,0x00000000,0,0,0,0,0,0x00000000,0,0,0,0
2280155,2280155,3280154,witching harrier,310379570,0x12800432,0,296,1,50,0,0x00000000,0,0,0,0,0,0x00000000,0,0,0,0,0,0x00000000,0,0,0,0,0,0x00000000,0,0,0,0,0,0x00000000,0,0,0,0,0,0x00000000,0,0,0,0
2280156,2280156,3280155,witching harrier,310379570,0x12800432,0,296,1,50,0,0x00000000,0,0,0,0,0,0x00000000,0,0,0,0,0,0x00000000,0,0,0,0,0,0x00000000,0,0,0,0,0,0x00000000,0,0,0,0,0,0x00000000,0,0,0,0
2280157,2280157,3280156,tourney gladiator,79692880,0x04C00450,0,76,1,80,32513024,0x01F01C00,0,31,7,0,0,0x00000000,0,0,0,0,0,0x00000000,0,0,0,0,0,0x00000000,0,0,0,0,0,0x00000000,0,0,0,0,0,0x00000000,0,0,0,0
2280158,2280158,3280157,Furline mosstrooper,58723329,0x03800C01,0,56,3,1,59771905,0x03900C01,0,57,3,1,0,0x00000000,0,0,0,0,0,0x00000000,0,0,0,0,0,0x00000000,0,0,0,0,0,0x00000000,0,0,0,0,0,0x00000000,0,0,0,0
2280159,2280159,3280158,Furline mosstrooper,58723329,0x03800C01,0,56,3,1,59771905,0x03900C01,0,57,3,1,0,0x00000000,0,0,0,0,0,0x00000000,0,0,0,0,0,0x00000000,0,0,0,0,0,0x00000000,0,0,0,0,0,0x00000000,0,0,0,0
2280160,2280160,3280159,Furline mosstrooper,58723329,0x03800C01,0,56,3,1,59771905,0x03900C01,0,57,3,1,0,0x00000000,0,0,0,0,0,0x00000000,0,0,0,0,0,0x00000000,0,0,0,0,0,0x00000000,0,0,0,0,0,0x00000000,0,0,0,0
2280161,2280161,3280160,Furline mosstrooper,347079684,0x14B00404,0,331,1,4,0,0x00000000,0,0,0,0,0,0x00000000,0,0,0,0,0,0x00000000,0,0,0,0,0,0x00000000,0,0,0,0,0,0x00000000,0,0,0,0,0,0x00000000,0,0,0,0
2280162,2280162,3280161,Furline mosstrooper,347079684,0x14B00404,0,331,1,4,0,0x00000000,0,0,0,0,0,0x00000000,0,0,0,0,0,0x00000000,0,0,0,0,0,0x00000000,0,0,0,0,0,0x00000000,0,0,0,0,0,0x00000000,0,0,0,0
2280163,2280163,3280162,Furline mosstrooper,347079684,0x14B00404,0,331,1,4,0,0x00000000,0,0,0,0,0,0x00000000,0,0,0,0,0,0x00000000,0,0,0,0,0,0x00000000,0,0,0,0,0,0x00000000,0,0,0,0,0,0x00000000,0,0,0,0
2280164,2280164,3280163,bandit scout,210764820,0x0C900414,0,201,1,20,236979210,0x0E20040A,0,226,1,10,0,0x00000000,0,0,0,0,0,0x00000000,0,0,0,0,0,0x00000000,0,0,0,0,231736331,0x0DD0040B,0,221,1,11,0,0x00000000,0,0,0,0
2280165,2280165,3280164,bandit pathfinder,347079684,0x14B00404,0,331,1,4,0,0x00000000,0,0,0,0,0,0x00000000,0,0,0,0,0,0x00000000,0,0,0,0,0,0x00000000,0,0,0,0,0,0x00000000,0,0,0,0,0,0x00000000,0,0,0,0
2280174,2280174,3280174,unsavory character,79692880,0x04C00450,0,76,1,80,32507904,0x01F00800,0,31,2,0,0,0x00000000,0,0,0,0,0,0x00000000,0,0,0,0,0,0x00000000,0,0,0,0,0,0x00000000,0,0,0,0,0,0x00000000,0,0,0,0
2280175,2280175,3280175,unsavory character,210766848,0x0C900C00,0,201,3,0,236979210,0x0E20040A,0,226,1,10,0,0x00000000,0,0,0,0,0,0x00000000,0,0,0,0,0,0x00000000,0,0,0,0,231736331,0x0DD0040B,0,221,1,11,0,0x00000000,0,0,0,0
2280176,2280176,3280176,unsavory character,347080706,0x14B00802,0,331,2,2,0,0x00000000,0,0,0,0,0,0x00000000,0,0,0,0,0,0x00000000,0,0,0,0,0,0x00000000,0,0,0,0,0,0x00000000,0,0,0,0,0,0x00000000,0,0,0,0
2280177,2280177,3280177,roadside gladiator,79692880,0x04C00450,0,76,1,80,32513024,0x01F01C00,0,31,7,0,0,0x00000000,0,0,0,0,0,0x00000000,0,0,0,0,0,0x00000000,0,0,0,0,0,0x00000000,0,0,0,0,0,0x00000000,0,0,0,0
2280178,2280178,3280178,roadside lancer,168826880,0x0A101800,0,161,6,0,0,0x00000000,0,0,0,0,0,0x00000000,0,0,0,0,0,0x00000000,0,0,0,0,0,0x00000000,0,0,0,0,0,0x00000000,0,0,0,0,0,0x00000000,0,0,0,0
2280179,2280179,3280179,roadside archer,210766878,0x0C900C1E,0,201,3,30,236979210,0x0E20040A,0,226,1,10,0,0x00000000,0,0,0,0,0,0x00000000,0,0,0,0,0,0x00000000,0,0,0,0,231736331,0x0DD0040B,0,221,1,11,0,0x00000000,0,0,0,0
2280180,2280180,3280180,roadside trapper,58722324,0x03800814,0,56,2,20,59770900,0x03900814,0,57,2,20,0,0x00000000,0,0,0,0,0,0x00000000,0,0,0,0,0,0x00000000,0,0,0,0,0,0x00000000,0,0,0,0,0,0x00000000,0,0,0,0
2280181,2280181,3280181,roadside poacher,168821780,0x0A100414,0,161,1,20,0,0x00000000,0,0,0,0,0,0x00000000,0,0,0,0,0,0x00000000,0,0,0,0,0,0x00000000,0,0,0,0,0,0x00000000,0,0,0,0,0,0x00000000,0,0,0,0
2280182,2280182,3280182,roadside tracker,210767892,0x0C901014,0,201,4,20,236979210,0x0E20040A,0,226,1,10,0,0x00000000,0,0,0,0,0,0x00000000,0,0,0,0,0,0x00000000,0,0,0,0,231736331,0x0DD0040B,0,221,1,11,0,0x00000000,0,0,0,0
2280183,2280183,3280183,roadside backstabber,79693827,0x04C00803,0,76,2,3,0,0x00000000,0,0,0,0,0,0x00000000,0,0,0,0,0,0x00000000,0,0,0,0,0,0x00000000,0,0,0,0,0,0x00000000,0,0,0,0,0,0x00000000,0,0,0,0
2280184,2280184,3280184,roadside bludgeoner,58724372,0x03801014,0,56,4,20,59772948,0x03901014,0,57,4,20,0,0x00000000,0,0,0,0,0,0x00000000,0,0,0,0,0,0x00000000,0,0,0,0,0,0x00000000,0,0,0,0,0,0x00000000,0,0,0,0
2280185,2280185,3280185,roadside bewitcher,310379550,0x1280041E,0,296,1,30,0,0x00000000,0,0,0,0,0,0x00000000,0,0,0,0,0,0x00000000,0,0,0,0,0,0x00000000,0,0,0,0,0,0x00000000,0,0,0,0,0,0x00000000,0,0,0,0
2280186,2280186,3280186,wayside pugilist,58722354,0x03800832,0,56,2,50,59770930,0x03900832,0,57,2,50,0,0x00000000,0,0,0,0,0,0x00000000,0,0,0,0,0,0x00000000,0,0,0,0,0,0x00000000,0,0,0,0,0,0x00000000,0,0,0,0
2280187,2280187,3280187,wayside lancer,168821780,0x0A100414,0,161,1,20,0,0x00000000,0,0,0,0,0,0x00000000,0,0,0,0,0,0x00000000,0,0,0,0,0,0x00000000,0,0,0,0,0,0x00000000,0,0,0,0,0,0x00000000,0,0,0,0
2280188,2280188,3280188,wayside archer,210767902,0x0C90101E,0,201,4,30,236979210,0x0E20040A,0,226,1,10,0,0x00000000,0,0,0,0,0,0x00000000,0,0,0,0,0,0x00000000,0,0,0,0,231736332,0x0DD0040C,0,221,1,12,0,0x00000000,0,0,0,0
2280189,2280189,3280189,wayside backstabber,79693845,0x04C00815,0,76,2,21,0,0x00000000,0,0,0,0,0,0x00000000,0,0,0,0,0,0x00000000,0,0,0,0,0,0x00000000,0,0,0,0,0,0x00000000,0,0,0,0,0,0x00000000,0,0,0,0
2280190,2280190,3280190,wayside bludgeoner,58724372,0x03801014,0,56,4,20,59772948,0x03901014,0,57,4,20,0,0x00000000,0,0,0,0,0,0x00000000,0,0,0,0,0,0x00000000,0,0,0,0,0,0x00000000,0,0,0,0,0,0x00000000,0,0,0,0
2280191,2280191,3280191,wayside bewitcher,310379570,0x12800432,0,296,1,50,0,0x00000000,0,0,0,0,0,0x00000000,0,0,0,0,0,0x00000000,0,0,0,0,0,0x00000000,0,0,0,0,0,0x00000000,0,0,0,0,0,0x00000000,0,0,0,0
2280192,2280192,3280192,lunatic follower,147853322,0x08D0100A,0,141,4,10,0,0x00000000,0,0,0,0,0,0x00000000,0,0,0,0,0,0x00000000,0,0,0,0,0,0x00000000,0,0,0,0,0,0x00000000,0,0,0,0,0,0x00000000,0,0,0,0
2280193,2280193,3280193,lunatic priest,310379570,0x12800432,0,296,1,50,0,0x00000000,0,0,0,0,0,0x00000000,0,0,0,0,0,0x00000000,0,0,0,0,0,0x00000000,0,0,0,0,0,0x00000000,0,0,0,0,0,0x00000000,0,0,0,0
2280194,2280194,3280194,Striped Lightning tamer,168823848,0x0A100C28,0,161,3,40,0,0x00000000,0,0,0,0,0,0x00000000,0,0,0,0,0,0x00000000,0,0,0,0,0,0x00000000,0,0,0,0,0,0x00000000,0,0,0,0,0,0x00000000,0,0,0,0
2280195,2280195,3280195,Striped Lightning thug,210765827,0x0C900803,0,201,2,3,236979210,0x0E20040A,0,226,1,10,0,0x00000000,0,0,0,0,0,0x00000000,0,0,0,0,0,0x00000000,0,0,0,0,231736331,0x0DD0040B,0,221,1,11,0,0x00000000,0,0,0,0
2280196,2280196,3280196,lunatic lamb,58724382,0x0380101E,0,56,4,30,59772958,0x0390101E,0,57,4,30,0,0x00000000,0,0,0,0,0,0x00000000,0,0,0,0,0,0x00000000,0,0,0,0,0,0x00000000,0,0,0,0,0,0x00000000,0,0,0,0
2280197,2280197,3280197,lunatic lamb,168821800,0x0A100428,0,161,1,40,0,0x00000000,0,0,0,0,0,0x00000000,0,0,0,0,0,0x00000000,0,0,0,0,0,0x00000000,0,0,0,0,0,0x00000000,0,0,0,0,0,0x00000000,0,0,0,0
2280198,2280198,3280198,lunatic lamb,210767892,0x0C901014,0,201,4,20,236979210,0x0E20040A,0,226,1,10,0,0x00000000,0,0,0,0,0,0x00000000,0,0,0,0,0,0x00000000,0,0,0,0,231737405,0x0DD0083D,0,221,2,61,0,0x00000000,0,0,0,0
2280201,2280201,3280201,sanguinary buccaneer,79697920,0x04C01800,0,76,6,0,32507964,0x01F0083C,0,31,2,60,0,0x00000000,0,0,0,0,0,0x00000000,0,0,0,0,0,0x00000000,0,0,0,0,0,0x00000000,0,0,0,0,0,0x00000000,0,0,0,0
2280202,2280202,3280202,sanguinary buccaneer,79697950,0x04C0181E,0,76,6,30,32507964,0x01F0083C,0,31,2,60,0,0x00000000,0,0,0,0,0,0x00000000,0,0,0,0,0,0x00000000,0,0,0,0,0,0x00000000,0,0,0,0,0,0x00000000,0,0,0,0
2280203,2280203,3280203,bloodied buccaneer,79697920,0x04C01800,0,76,6,0,32507964,0x01F0083C,0,31,2,60,0,0x00000000,0,0,0,0,0,0x00000000,0,0,0,0,0,0x00000000,0,0,0,0,0,0x00000000,0,0,0,0,0,0x00000000,0,0,0,0
2280204,2280204,3280204,bloodied buccaneer,79697920,0x04C01800,0,76,6,0,32507964,0x01F0083C,0,31,2,60,0,0x00000000,0,0,0,0,0,0x00000000,0,0,0,0,0,0x00000000,0,0,0,0,0,0x00000000,0,0,0,0,0,0x00000000,0,0,0,0
2280205,2280205,3280205,stormborn buccaneer,147852298,0x08D00C0A,0,141,3,10,0,0x00000000,0,0,0,0,0,0x00000000,0,0,0,0,0,0x00000000,0,0,0,0,0,0x00000000,0,0,0,0,0,0x00000000,0,0,0,0,0,0x00000000,0,0,0,0
2280206,2280206,3280206,stormborn buccaneer,147852289,0x08D00C01,0,141,3,1,0,0x00000000,0,0,0,0,0,0x00000000,0,0,0,0,0,0x00000000,0,0,0,0,0,0x00000000,0,0,0,0,0,0x00000000,0,0,0,0,0,0x00000000,0,0,0,0
2280207,2280207,3280207,windborn buccaneer,147852298,0x08D00C0A,0,141,3,10,0,0x00000000,0,0,0,0,0,0x00000000,0,0,0,0,0,0x00000000,0,0,0,0,0,0x00000000,0,0,0,0,0,0x00000000,0,0,0,0,0,0x00000000,0,0,0,0
2280208,2280208,3280208,windborn buccaneer,147852298,0x08D00C0A,0,141,3,10,0,0x00000000,0,0,0,0,0,0x00000000,0,0,0,0,0,0x00000000,0,0,0,0,0,0x00000000,0,0,0,0,0,0x00000000,0,0,0,0,0,0x00000000,0,0,0,0
2280209,2280209,3280209,tar-stained buccaneer,210765835,0x0C90080B,0,201,2,11,236979210,0x0E20040A,0,226,1,10,0,0x00000000,0,0,0,0,0,0x00000000,0,0,0,0,0,0x00000000,0,0,0,0,231736331,0x0DD0040B,0,221,1,11,0,0x00000000,0,0,0,0
2280210,2280210,3280210,tar-stained buccaneer,210765827,0x0C900803,0,201,2,3,236979210,0x0E20040A,0,226,1,10,0,0x00000000,0,0,0,0,0,0x00000000,0,0,0,0,0,0x00000000,0,0,0,0,231736331,0x0DD0040B,0,221,1,11,0,0x00000000,0,0,0,0
2280211,2280211,3280211,bilge-soaked buccaneer,210765835,0x0C90080B,0,201,2,11,236979210,0x0E20040A,0,226,1,10,0,0x00000000,0,0,0,0,0,0x00000000,0,0,0,0,0,0x00000000,0,0,0,0,231736331,0x0DD0040B,0,221,1,11,0,0x00000000,0,0,0,0
2280212,2280212,3280212,bilge-soaked buccaneer,210765835,0x0C90080B,0,201,2,11,236979210,0x0E20040A,0,226,1,10,0,0x00000000,0,0,0,0,0,0x00000000,0,0,0,0,0,0x00000000,0,0,0,0,231736331,0x0DD0040B,0,221,1,11,0,0x00000000,0,0,0,0
2280213,2280213,3280213,Kraken deckhand,147850260,0x08D00414,0,141,1,20,0,0x00000000,0,0,0,0,0,0x00000000,0,0,0,0,0,0x00000000,0,0,0,0,0,0x00000000,0,0,0,0,0,0x00000000,0,0,0,0,0,0x00000000,0,0,0,0
2280214,2280214,3280214,Kraken deckhand,147850260,0x08D00414,0,141,1,20,0,0x00000000,0,0,0,0,0,0x00000000,0,0,0,0,0,0x00000000,0,0,0,0,0,0x00000000,0,0,0,0,0,0x00000000,0,0,0,0,0,0x00000000,0,0,0,0
2280215,2280215,3280215,Kraken deckhand,147850260,0x08D00414,0,141,1,20,0,0x00000000,0,0,0,0,0,0x00000000,0,0,0,0,0,0x00000000,0,0,0,0,0,0x00000000,0,0,0,0,0,0x00000000,0,0,0,0,0,0x00000000,0,0,0,0
2280216,2280216,3280216,Kraken deckhand,147850260,0x08D00414,0,141,1,20,0,0x00000000,0,0,0,0,0,0x00000000,0,0,0,0,0,0x00000000,0,0,0,0,0,0x00000000,0,0,0,0,0,0x00000000,0,0,0,0,0,0x00000000,0,0,0,0
2280217,2280217,3280217,Kraken deckhand,147850260,0x08D00414,0,141,1,20,0,0x00000000,0,0,0,0,0,0x00000000,0,0,0,0,0,0x00000000,0,0,0,0,0,0x00000000,0,0,0,0,0,0x00000000,0,0,0,0,0,0x00000000,0,0,0,0
2280218,2280218,3280218,Reymonde Neverwake,147850260,0x08D00414,0,141,1,20,0,0x00000000,0,0,0,0,0,0x00000000,0,0,0,0,0,0x00000000,0,0,0,0,0,0x00000000,0,0,0,0,0,0x00000000,0,0,0,0,0,0x00000000,0,0,0,0
2280219,2280219,3280219,Moenskaet's right hand,147851276,0x08D0080C,0,141,2,12,0,0x00000000,0,0,0,0,0,0x00000000,0,0,0,0,0,0x00000000,0,0,0,0,0,0x00000000,0,0,0,0,0,0x00000000,0,0,0,0,0,0x00000000,0,0,0,0
2280220,2280220,3280220,Moenskaet's left hand,147851276,0x08D0080C,0,141,2,12,0,0x00000000,0,0,0,0,0,0x00000000,0,0,0,0,0,0x00000000,0,0,0,0,0,0x00000000,0,0,0,0,0,0x00000000,0,0,0,0,0,0x00000000,0,0,0,0
2280222,2280222,3280222,unruly raider,147850241,0x08D00401,0,141,1,1,0,0x00000000,0,0,0,0,0,0x00000000,0,0,0,0,0,0x00000000,0,0,0,0,0,0x00000000,0,0,0,0,0,0x00000000,0,0,0,0,0,0x00000000,0,0,0,0
2280223,2280223,3280223,wayside boarder,79697950,0x04C0181E,0,76,6,30,32507964,0x01F0083C,0,31,2,60,0,0x00000000,0,0,0,0,0,0x00000000,0,0,0,0,0,0x00000000,0,0,0,0,0,0x00000000,0,0,0,0,0,0x00000000,0,0,0,0
2280224,2280224,3280224,wayside sniper,210765827,0x0C900803,0,201,2,3,236979210,0x0E20040A,0,226,1,10,0,0x00000000,0,0,0,0,0,0x00000000,0,0,0,0,0,0x00000000,0,0,0,0,231736331,0x0DD0040B,0,221,1,11,0,0x00000000,0,0,0,0
2280225,2280225,3280225,wayside raider,147852289,0x08D00C01,0,141,3,1,0,0x00000000,0,0,0,0,0,0x00000000,0,0,0,0,0,0x00000000,0,0,0,0,0,0x00000000,0,0,0,0,0,0x00000000,0,0,0,0,0,0x00000000,0,0,0,0
2280301,2280301,3280401,lunatic lamb,347079684,0x14B00404,0,331,1,4,0,0x00000000,0,0,0,0,0,0x00000000,0,0,0,0,0,0x00000000,0,0,0,0,0,0x00000000,0,0,0,0,0,0x00000000,0,0,0,0,0,0x00000000,0,0,0,0
2280302,2280302,3280402,lunatic shepherd,310379570,0x12800432,0,296,1,50,0,0x00000000,0,0,0,0,0,0x00000000,0,0,0,0,0,0x00000000,0,0,0,0,0,0x00000000,0,0,0,0,0,0x00000000,0,0,0,0,0,0x00000000,0,0,0,0
2289001,2289001,4000596,tempered captive,294651964,0x1190083C,0,281,2,60,0,0x00000000,0,0,0,0,0,0x00000000,0,0,0,0,0,0x00000000,0,0,0,0,0,0x00000000,0,0,0,0,0,0x00000000,0,0,0,0,0,0x00000000,0,0,0,0
2289002,2289002,4000596,tempered captive,294651964,0x1190083C,0,281,2,60,0,0x00000000,0,0,0,0,0,0x00000000,0,0,0,0,0,0x00000000,0,0,0,0,0,0x00000000,0,0,0,0,0,0x00000000,0,0,0,0,0,0x00000000,0,0,0,0
2289003,2289003,4000596,tempered captive,310379550,0x1280041E,0,296,1,30,0,0x00000000,0,0,0,0,0,0x00000000,0,0,0,0,0,0x00000000,0,0,0,0,0,0x00000000,0,0,0,0,0,0x00000000,0,0,0,0,0,0x00000000,0,0,0,0
2289004,2289004,1600116,Moenskaet the Honorbound,147850300,0x08D0043C,0,141,1,60,0,0x00000000,0,0,0,0,0,0x00000000,0,0,0,0,0,0x00000000,0,0,0,0,0,0x00000000,0,0,0,0,0,0x00000000,0,0,0,0,0,0x00000000,0,0,0,0
2289005,2289005,1600116,Moenskaet the Honorbound,147850300,0x08D0043C,0,141,1,60,0,0x00000000,0,0,0,0,0,0x00000000,0,0,0,0,0,0x00000000,0,0,0,0,0,0x00000000,0,0,0,0,0,0x00000000,0,0,0,0,0,0x00000000,0,0,0,0
2289006,2289006,4000191,Ala Mhigan challenger,79698946,0x04C01C02,0,76,7,2,32508928,0x01F00C00,0,31,3,0,0,0x00000000,0,0,0,0,0,0x00000000,0,0,0,0,0,0x00000000,0,0,0,0,0,0x00000000,0,0,0,0,0,0x00000000,0,0,0,0
2289007,2289007,4000191,Ala Mhigan challenger,79692820,0x04C00414,0,76,1,20,0,0x00000000,0,0,0,0,0,0x00000000,0,0,0,0,0,0x00000000,0,0,0,0,0,0x00000000,0,0,0,0,0,0x00000000,0,0,0,0,0,0x00000000,0,0,0,0
2289008,2289008,4000191,Ala Mhigan challenger,79692820,0x04C00414,0,76,1,20,0,0x00000000,0,0,0,0,0,0x00000000,0,0,0,0,0,0x00000000,0,0,0,0,0,0x00000000,0,0,0,0,0,0x00000000,0,0,0,0,0,0x00000000,0,0,0,0
2289009,2289009,1900046,J'moldva,168821780,0x0A100414,0,161,1,20,0,0x00000000,0,0,0,0,0,0x00000000,0,0,0,0,0,0x00000000,0,0,0,0,0,0x00000000,0,0,0,0,0,0x00000000,0,0,0,0,0,0x00000000,0,0,0,0
2289010,2289010,4000597,Ala Mhigan bladedancer,147850241,0x08D00401,0,141,1,1,0,0x00000000,0,0,0,0,0,0x00000000,0,0,0,0,0,0x00000000,0,0,0,0,0,0x00000000,0,0,0,0,0,0x00000000,0,0,0,0,0,0x00000000,0,0,0,0
2289011,2289011,4000191,Ala Mhigan challenger,79698946,0x04C01C02,0,76,7,2,32508928,0x01F00C00,0,31,3,0,0,0x00000000,0,0,0,0,0,0x00000000,0,0,0,0,0,0x00000000,0,0,0,0,0,0x00000000,0,0,0,0,0,0x00000000,0,0,0,0
2289012,2289012,4000191,Ala Mhigan challenger,147851266,0x08D00802,0,141,2,2,0,0x00000000,0,0,0,0,0,0x00000000,0,0,0,0,0,0x00000000,0,0,0,0,0,0x00000000,0,0,0,0,0,0x00000000,0,0,0,0,0,0x00000000,0,0,0,0
2289013,2289013,4000598,toothless gladiator,79698946,0x04C01C02,0,76,7,2,32507934,0x01F0081E,0,31,2,30,0,0x00000000,0,0,0,0,0,0x00000000,0,0,0,0,0,0x00000000,0,0,0,0,0,0x00000000,0,0,0,0,0,0x00000000,0,0,0,0
2289014,2289014,4000192,Ossuary almstaker,294651964,0x1190083C,0,281,2,60,0,0x00000000,0,0,0,0,0,0x00000000,0,0,0,0,0,0x00000000,0,0,0,0,0,0x00000000,0,0,0,0,0,0x00000000,0,0,0,0,0,0x00000000,0,0,0,0
2289015,2289015,4000189,overweening thaumaturge,310379560,0x12800428,0,296,1,40,0,0x00000000,0,0,0,0,0,0x00000000,0,0,0,0,0,0x00000000,0,0,0,0,0,0x00000000,0,0,0,0,0,0x00000000,0,0,0,0,0,0x00000000,0,0,0,0
2289016,2289016,1000342,Siward,210764850,0x0C900432,0,201,1,50,236979210,0x0E20040A,0,226,1,10,0,0x00000000,0,0,0,0,0,0x00000000,0,0,0,0,0,0x00000000,0,0,0,0,231736331,0x0DD0040B,0,221,1,11,0,0x00000000,0,0,0,0
2289017,2289017,1000342,Siward,210764850,0x0C900432,0,201,1,50,236979210,0x0E20040A,0,226,1,10,0,0x00000000,0,0,0,0,0,0x00000000,0,0,0,0,0,0x00000000,0,0,0,0,231736331,0x0DD0040B,0,221,1,11,0,0x00000000,0,0,0,0
2289018,2289018,1000342,Siward,210764850,0x0C900432,0,201,1,50,236979210,0x0E20040A,0,226,1,10,0,0x00000000,0,0,0,0,0,0x00000000,0,0,0,0,0,0x00000000,0,0,0,0,231736331,0x0DD0040B,0,221,1,11,0,0x00000000,0,0,0,0
2289019,2289019,3280308,Colbert the Cunning,168826881,0x0A101801,0,161,6,1,0,0x00000000,0,0,0,0,0,0x00000000,0,0,0,0,0,0x00000000,0,0,0,0,0,0x00000000,0,0,0,0,0,0x00000000,0,0,0,0,0,0x00000000,0,0,0,0
2289020,2289020,3280309,Bryce the Bold,79692820,0x04C00414,0,76,1,20,0,0x00000000,0,0,0,0,0,0x00000000,0,0,0,0,0,0x00000000,0,0,0,0,0,0x00000000,0,0,0,0,0,0x00000000,0,0,0,0,0,0x00000000,0,0,0,0
2289021,2289021,3280310,Hellbringer C'kepaga,347079680,0x14B00400,0,331,1,0,0,0x00000000,0,0,0,0,0,0x00000000,0,0,0,0,0,0x00000000,0,0,0,0,0,0x00000000,0,0,0,0,231736331,0x0DD0040B,0,221,1,11,0,0x00000000,0,0,0,0
2289022,2289022,3280301,Maelstrom marauder,147850240,0x08D00400,0,141,1,0,0,0x00000000,0,0,0,0,0,0x00000000,0,0,0,0,0,0x00000000,0,0,0,0,0,0x00000000,0,0,0,0,0,0x00000000,0,0,0,0,0,0x00000000,0,0,0,0
2289023,2289023,3280302,Maelstrom brute,58722304,0x03800800,0,56,2,0,59770880,0x03900800,0,57,2,0,0,0x00000000,0,0,0,0,0,0x00000000,0,0,0,0,0,0x00000000,0,0,0,0,0,0x00000000,0,0,0,0,0,0x00000000,0,0,0,0
2289024,2289024,3280303,Maelstrom archer,210764800,0x0C900400,0,201,1,0,236979210,0x0E20040A,0,226,1,10,0,0x00000000,0,0,0,0,0,0x00000000,0,0,0,0,0,0x00000000,0,0,0,0,0,0x00000000,0,0,0,0,0,0x00000000,0,0,0,0
2289025,2289025,3280311,Charledore the Steadfast,79694869,0x04C00C15,0,76,3,21,32512010,0x01F0180A,0,31,6,10,0,0x00000000,0,0,0,0,0,0x00000000,0,0,0,0,0,0x00000000,0,0,0,0,0,0x00000000,0,0,0,0,0,0x00000000,0,0,0,0
2289026,2289026,3280304,Immortal bladedancer,79692880,0x04C00450,0,76,1,80,0,0x00000000,0,0,0,0,0,0x00000000,0,0,0,0,0,0x00000000,0,0,0,0,0,0x00000000,0,0,0,0,0,0x00000000,0,0,0,0,0,0x00000000,0,0,0,0
2289027,2289027,3280305,Immortal lightspinner,347079680,0x14B00400,0,331,1,0,0,0x00000000,0,0,0,0,0,0x00000000,0,0,0,0,0,0x00000000,0,0,0,0,0,0x00000000,0,0,0,0,0,0x00000000,0,0,0,0,0,0x00000000,0,0,0,0
2289028,2289028,3280306,Immortal speardancer,168823808,0x0A100C00,0,161,3,0,0,0x00000000,0,0,0,0,0,0x00000000,0,0,0,0,0,0x00000000,0,0,0,0,0,0x00000000,0,0,0,0,0,0x00000000,0,0,0,0,0,0x00000000,0,0,0,0
2289029,2289029,3280307,Immortal shadowspinner,294650880,0x11900400,0,281,1,0,0,0x00000000,0,0,0,0,0,0x00000000,0,0,0,0,0,0x00000000,0,0,0,0,0,0x00000000,0,0,0,0,0,0x00000000,0,0,0,0,0,0x00000000,0,0,0,0
2289030,2289030,3280312,Rowland of the 99 Blades,79695902,0x04C0101E,0,76,4,30,0,0x00000000,0,0,0,0,0,0x00000000,0,0,0,0,0,0x00000000,0,0,0,0,0,0x00000000,0,0,0,0,0,0x00000000,0,0,0,0,0,0x00000000,0,0,0,0
2289031,2289031,3280313,bandit butcher,147850280,0x08D00428,0,141,1,40,0,0x00000000,0,0,0,0,0,0x00000000,0,0,0,0,0,0x00000000,0,0,0,0,0,0x00000000,0,0,0,0,0,0x00000000,0,0,0,0,0,0x00000000,0,0,0,0
2289032,2289032,3280314,bandit lancer,168826890,0x0A10180A,0,161,6,10,0,0x00000000,0,0,0,0,0,0x00000000,0,0,0,0,0,0x00000000,0,0,0,0,0,0x00000000,0,0,0,0,0,0x00000000,0,0,0,0,0,0x00000000,0,0,0,0
2289033,2289033,3280315,bandit grappler,58722304,0x03800800,0,56,2,0,59770880,0x03900800,0,57,2,0,0,0x00000000,0,0,0,0,0,0x00000000,0,0,0,0,0,0x00000000,0,0,0,0,0,0x00000000,0,0,0,0,0,0x00000000,0,0,0,0
2289034,2289034,3280316,bandit archer,210764840,0x0C900428,0,201,1,40,236979210,0x0E20040A,0,226,1,10,0,0x00000000,0,0,0,0,0,0x00000000,0,0,0,0,0,0x00000000,0,0,0,0,231736350,0x0DD0041E,0,221,1,30,0,0x00000000,0,0,0,0
2289035,2289035,3280317,Jenlyns Straightblade,80741396,0x04D00414,0,77,1,20,32510978,0x01F01402,0,31,5,2,0,0x00000000,0,0,0,0,0,0x00000000,0,0,0,0,0,0x00000000,0,0,0,0,0,0x00000000,0,0,0,0,0,0x00000000,0,0,0,0
2289036,2289036,3280318,Sultansworn elite,80741396,0x04D00414,0,77,1,20,32510979,0x01F01403,0,31,5,3,0,0x00000000,0,0,0,0,0,0x00000000,0,0,0,0,0,0x00000000,0,0,0,0,0,0x00000000,0,0,0,0,0,0x00000000,0,0,0,0
2289037,2289037,3280319,Curious Gorge,147856384,0x08D01C00,0,141,7,0,0,0x00000000,0,0,0,0,0,0x00000000,0,0,0,0,0,0x00000000,0,0,0,0,0,0x00000000,0,0,0,0,0,0x00000000,0,0,0,0,0,0x00000000,0,0,0,0
2289038,2289038,3280320,Estinien Wyrmblood,173016065,0x0A500401,0,165,1,1,0,0x00000000,0,0,0,0,0,0x00000000,0,0,0,0,0,0x00000000,0,0,0,0,0,0x00000000,0,0,0,0,0,0x00000000,0,0,0,0,0,0x00000000,0,0,0,0
2289039,2289039,3280321,Widargelt the Watcher,65012736,0x03E00400,0,62,1,0,66061312,0x03F00400,0,63,1,0,0,0x00000000,0,0,0,0,0,0x00000000,0,0,0,0,0,0x00000000,0,0,0,0,0,0x00000000,0,0,0,0,0,0x00000000,0,0,0,0
2289040,2289040,3280322,Ala Mhigan pikeman,168823809,0x0A100C01,0,161,3,1,0,0x00000000,0,0,0,0,0,0x00000000,0,0,0,0,0,0x00000000,0,0,0,0,0,0x00000000,0,0,0,0,0,0x00000000,0,0,0,0,0,0x00000000,0,0,0,0
2289041,2289041,3280323,Ala Mhigan axeman,147850241,0x08D00401,0,141,1,1,0,0x00000000,0,0,0,0,0,0x00000000,0,0,0,0,0,0x00000000,0,0,0,0,0,0x00000000,0,0,0,0,0,0x00000000,0,0,0,0,0,0x00000000,0,0,0,0
2289042,2289042,3280324,Ala Mhigan bowman,210764800,0x0C900400,0,201,1,0,236979210,0x0E20040A,0,226,1,10,0,0x00000000,0,0,0,0,0,0x00000000,0,0,0,0,0,0x00000000,0,0,0,0,231736331,0x0DD0040B,0,221,1,11,0,0x00000000,0,0,0,0
2289043,2289043,3280325,Ala Mhigan shaman,294650880,0x11900400,0,281,1,0,0,0x00000000,0,0,0,0,0,0x00000000,0,0,0,0,0,0x00000000,0,0,0,0,0,0x00000000,0,0,0,0,0,0x00000000,0,0,0,0,0,0x00000000,0,0,0,0
2289044,2289044,3280403,Maskmaker V'dhoramo,79696966,0x04C01446,0,76,5,70,32513064,0x01F01C28,0,31,7,40,0,0x00000000,0,0,0,0,0,0x00000000,0,0,0,0,0,0x00000000,0,0,0,0,0,0x00000000,0,0,0,0,0,0x00000000,0,0,0,0
2290001,2290001,1900006,Y'shtola,331351046,0x13C00406,0,316,1,6,0,0x00000000,0,0,0,0,0,0x00000000,0,0,0,0,0,0x00000000,0,0,0,0,0,0x00000000,0,0,0,0,0,0x00000000,0,0,0,0,0,0x00000000,0,0,0,0
2290002,2290002,1600179,Sthalmann,147850241,0x08D00401,0,141,1,1,0,0x00000000,0,0,0,0,0,0x00000000,0,0,0,0,0,0x00000000,0,0,0,0,0,0x00000000,0,0,0,0,0,0x00000000,0,0,0,0,0,0x00000000,0,0,0,0
2290004,2290004,1000010,Thancred,79693844,0x04C00814,0,76,2,20,0,0x00000000,0,0,0,0,0,0x00000000,0,0,0,0,0,0x00000000,0,0,0,0,0,0x00000000,0,0,0,0,0,0x00000000,0,0,0,0,0,0x00000000,0,0,0,0
2290005,2290005,1400004,Papalymo,310379590,0x12800446,0,296,1,70,0,0x00000000,0,0,0,0,0,0x00000000,0,0,0,0,0,0x00000000,0,0,0,0,0,0x00000000,0,0,0,0,0,0x00000000,0,0,0,0,0,0x00000000,0,0,0,0
2290006,2290006,2300120,Yda,58723339,0x03800C0B,0,56,3,11,59771915,0x03900C0B,0,57,3,11,0,0x00000000,0,0,0,0,0,0x00000000,0,0,0,0,0,0x00000000,0,0,0,0,0,0x00000000,0,0,0,0,0,0x00000000,0,0,0,0
2290007,2290007,1500024,Sisipu,894436363,0x3550040B,0,853,1,11,0,0x00000000,0,0,0,0,0,0x00000000,0,0,0,0,0,0x00000000,0,0,0,0,0,0x00000000,0,0,0,0,0,0x00000000,0,0,0,0,0,0x00000000,0,0,0,0
2290011,2290011,1000005,Emerick,147851265,0x08D00801,0,141,2,1,0,0x00000000,0,0,0,0,0,0x00000000,0,0,0,0,0,0x00000000,0,0,0,0,0,0x00000000,0,0,0,0,0,0x00000000,0,0,0,0,0,0x00000000,0,0,0,0
2290012,2290012,1200028,Merodaulyn,147852288,0x08D00C00,0,141,3,0,0,0x00000000,0,0,0,0,0,0x00000000,0,0,0,0,0,0x00000000,0,0,0,0,0,0x00000000,0,0,0,0,0,0x00000000,0,0,0,0,0,0x00000000,0,0,0,0
2290014,2290014,1600089,Greinfarr,79695902,0x04C0101E,0,76,4,30,0,0x00000000,0,0,0,0,0,0x00000000,0,0,0,0,0,0x00000000,0,0,0,0,0,0x00000000,0,0,0,0,0,0x00000000,0,0,0,0,0,0x00000000,0,0,0,0
2290015,2290015,1200014,Grinnaux,210765825,0x0C900801,0,201,2,1,236979210,0x0E20040A,0,226,1,10,0,0x00000000,0,0,0,0,0,0x00000000,0,0,0,0,0,0x00000000,0,0,0,0,231736331,0x0DD0040B,0,221,1,11,0,0x00000000,0,0,0,0
2290016,2290016,1200013,Handeloup,210764840,0x0C900428,0,201,1,40,236979210,0x0E20040A,0,226,1,10,0,0x00000000,0,0,0,0,0,0x00000000,0,0,0,0,0,0x00000000,0,0,0,0,231736350,0x0DD0041E,0,221,1,30,0,0x00000000,0,0,0,0
2290017,2290017,1900026,T'kebbe,168821770,0x0A10040A,0,161,1,10,0,0x00000000,0,0,0,0,0,0x00000000,0,0,0,0,0,0x00000000,0,0,0,0,0,0x00000000,0,0,0,0,0,0x00000000,0,0,0,0,0,0x00000000,0,0,0,0
2290018,2290018,1000006,Farrimond,168821761,0x0A100401,0,161,1,1,0,0x00000000,0,0,0,0,0,0x00000000,0,0,0,0,0,0x00000000,0,0,0,0,0,0x00000000,0,0,0,0,0,0x00000000,0,0,0,0,0,0x00000000,0,0,0,0
2290019,2290019,1000013,Burchard,168821790,0x0A10041E,0,161,1,30,0,0x00000000,0,0,0,0,0,0x00000000,0,0,0,0,0,0x00000000,0,0,0,0,0,0x00000000,0,0,0,0,0,0x00000000,0,0,0,0,0,0x00000000,0,0,0,0
2290020,2290020,1500004,Nunumo,347079684,0x14B00404,0,331,1,4,0,0x00000000,0,0,0,0,0,0x00000000,0,0,0,0,0,0x00000000,0,0,0,0,0,0x00000000,0,0,0,0,0,0x00000000,0,0,0,0,0,0x00000000,0,0,0,0
2290021,2290021,4000421,wounded rebel warrior,168823809,0x0A100C01,0,161,3,1,0,0x00000000,0,0,0,0,0,0x00000000,0,0,0,0,0,0x00000000,0,0,0,0,0,0x00000000,0,0,0,0,0,0x00000000,0,0,0,0,0,0x00000000,0,0,0,0
2290022,2290022,2200172,Hurrey,58723358,0x03800C1E,0,56,3,30,59771934,0x03900C1E,0,57,3,30,0,0x00000000,0,0,0,0,0,0x00000000,0,0,0,0,0,0x00000000,0,0,0,0,0,0x00000000,0,0,0,0,0,0x00000000,0,0,0,0
2290023,2290023,4000348,bizarre blacksmith,721421325,0x2B00040D,0,688,1,13,0,0x00000000,0,0,0,0,0,0x00000000,0,0,0,0,0,0x00000000,0,0,0,0,0,0x00000000,0,0,0,0,0,0x00000000,0,0,0,0,0,0x00000000,0,0,0,0
2290025,2290025,4000132,iron-fisted pugilist,58724372,0x03801014,0,56,4,20,59772948,0x03901014,0,57,4,20,0,0x00000000,0,0,0,0,0,0x00000000,0,0,0,0,0,0x00000000,0,0,0,0,0,0x00000000,0,0,0,0,0,0x00000000,0,0,0,0
2290026,2290026,4000133,easygoing adventurer,210765825,0x0C900801,0,201,2,1,236979210,0x0E20040A,0,226,1,10,0,0x00000000,0,0,0,0,0,0x00000000,0,0,0,0,0,0x00000000,0,0,0,0,0,0x00000000,0,0,0,0,0,0x00000000,0,0,0,0
2290027,2290027,4000134,posturing adventurer,79693835,0x04C0080B,0,76,2,11,32510977,0x01F01401,0,31,5,1,0,0x00000000,0,0,0,0,0,0x00000000,0,0,0,0,0,0x00000000,0,0,0,0,0,0x00000000,0,0,0,0,0,0x00000000,0,0,0,0
2290029,2290029,4000132,iron-fisted pugilist,58724372,0x03801014,0,56,4,20,59772948,0x03901014,0,57,4,20,0,0x00000000,0,0,0,0,0,0x00000000,0,0,0,0,0,0x00000000,0,0,0,0,0,0x00000000,0,0,0,0,0,0x00000000,0,0,0,0
2290030,2290030,4000133,easygoing adventurer,210765825,0x0C900801,0,201,2,1,236979210,0x0E20040A,0,226,1,10,0,0x00000000,0,0,0,0,0,0x00000000,0,0,0,0,0,0x00000000,0,0,0,0,0,0x00000000,0,0,0,0,0,0x00000000,0,0,0,0
2290031,2290031,4000134,posturing adventurer,79693835,0x04C0080B,0,76,2,11,32510977,0x01F01401,0,31,5,1,0,0x00000000,0,0,0,0,0,0x00000000,0,0,0,0,0,0x00000000,0,0,0,0,0,0x00000000,0,0,0,0,0,0x00000000,0,0,0,0
2290032,2290032,1100199,Keelty,210765827,0x0C900803,0,201,2,3,236979210,0x0E20040A,0,226,1,10,0,0x00000000,0,0,0,0,0,0x00000000,0,0,0,0,0,0x00000000,0,0,0,0,0,0x00000000,0,0,0,0,0,0x00000000,0,0,0,0
2290033,2290033,1000175,Morys,331351046,0x13C00406,0,316,1,6,0,0x00000000,0,0,0,0,0,0x00000000,0,0,0,0,0,0x00000000,0,0,0,0,0,0x00000000,0,0,0,0,0,0x00000000,0,0,0,0,0,0x00000000,0,0,0,0
2290037,2290037,1100118,Wybir,210765827,0x0C900803,0,201,2,3,236979210,0x0E20040A,0,226,1,10,0,0x00000000,0,0,0,0,0,0x00000000,0,0,0,0,0,0x00000000,0,0,0,0,231736331,0x0DD0040B,0,221,1,11,0,0x00000000,0,0,0,0
2290038,2290038,1600179,Sthalmann,147850241,0x08D00401,0,141,1,1,0,0x00000000,0,0,0,0,0,0x00000000,0,0,0,0,0,0x00000000,0,0,0,0,0,0x00000000,0,0,0,0,0,0x00000000,0,0,0,0,0,0x00000000,0,0,0,0
2290039,2290039,1000010,Thancred,79693844,0x04C00814,0,76,2,20,0,0x00000000,0,0,0,0,0,0x00000000,0,0,0,0,0,0x00000000,0,0,0,0,0,0x00000000,0,0,0,0,0,0x00000000,0,0,0,0,0,0x00000000,0,0,0,0
2290040,2290040,2300120,Yda,58723339,0x03800C0B,0,56,3,11,59771915,0x03900C0B,0,57,3,11,0,0x00000000,0,0,0,0,0,0x00000000,0,0,0,0,0,0x00000000,0,0,0,0,0,0x00000000,0,0,0,0,0,0x00000000,0,0,0,0
2290041,2290041,1600083,Fyrilskyf,147851276,0x08D0080C,0,141,2,12,0,0x00000000,0,0,0,0,0,0x00000000,0,0,0,0,0,0x00000000,0,0,0,0,0,0x00000000,0,0,0,0,0,0x00000000,0,0,0,0,0,0x00000000,0,0,0,0
2290042,2290042,1000030,Albin,147851276,0x08D0080C,0,141,2,12,0,0x00000000,0,0,0,0,0,0x00000000,0,0,0,0,0,0x00000000,0,0,0,0,0,0x00000000,0,0,0,0,0,0x00000000,0,0,0,0,0,0x00000000,0,0,0,0
2290043,2290043,1900195,T'gizzoh,147851276,0x08D0080C,0,141,2,12,0,0x00000000,0,0,0,0,0,0x00000000,0,0,0,0,0,0x00000000,0,0,0,0,0,0x00000000,0,0,0,0,0,0x00000000,0,0,0,0,0,0x00000000,0,0,0,0
2290044,2290044,1000087,Denston,147851276,0x08D0080C,0,141,2,12,0,0x00000000,0,0,0,0,0,0x00000000,0,0,0,0,0,0x00000000,0,0,0,0,0,0x00000000,0,0,0,0,0,0x00000000,0,0,0,0,0,0x00000000,0,0,0,0
2290045,2290045,4000622,stray scholar,862979074,0x33700402,0,823,1,2,0,0x00000000,0,0,0,0,0,0x00000000,0,0,0,0,0,0x00000000,0,0,0,0,0,0x00000000,0,0,0,0,0,0x00000000,0,0,0,0,0,0x00000000,0,0,0,0
2290046,2290046,4000623,beleaguered botanist,878707723,0x3460040B,0,838,1,11,0,0x00000000,0,0,0,0,0,0x00000000,0,0,0,0,0,0x00000000,0,0,0,0,0,0x00000000,0,0,0,0,0,0x00000000,0,0,0,0,0,0x00000000,0,0,0,0
2290047,2290047,4000624,frightened foreman,862979074,0x33700402,0,823,1,2,0,0x00000000,0,0,0,0,0,0x00000000,0,0,0,0,0,0x00000000,0,0,0,0,0,0x00000000,0,0,0,0,0,0x00000000,0,0,0,0,0,0x00000000,0,0,0,0
2290048,2290048,4000625,ambitious alchemist,800067584,0x2FB01000,0,763,4,0,0,0x00000000,0,0,0,0,0,0x00000000,0,0,0,0,0,0x00000000,0,0,0,0,0,0x00000000,0,0,0,0,0,0x00000000,0,0,0,0,0,0x00000000,0,0,0,0
2290049,2290049,4000626,storm scout,79693824,0x04C00800,0,76,2,0,0,0x00000000,0,0,0,0,0,0x00000000,0,0,0,0,0,0x00000000,0,0,0,0,0,0x00000000,0,0,0,0,0,0x00000000,0,0,0,0,0,0x00000000,0,0,0,0
2290050,2290050,4000627,serpent patrol,210765825,0x0C900801,0,201,2,1,236979210,0x0E20040A,0,226,1,10,0,0x00000000,0,0,0,0,0,0x00000000,0,0,0,0,0,0x00000000,0,0,0,0,231736331,0x0DD0040B,0,221,1,11,0,0x00000000,0,0,0,0
2290051,2290051,4000628,aging archaeologist,862979074,0x33700402,0,823,1,2,0,0x00000000,0,0,0,0,0,0x00000000,0,0,0,0,0,0x00000000,0,0,0,0,0,0x00000000,0,0,0,0,0,0x00000000,0,0,0,0,0,0x00000000,0,0,0,0
2290052,2290052,4000629,flame scout,79697930,0x04C0180A,0,76,6,10,32510977,0x01F01401,0,31,5,1,0,0x00000000,0,0,0,0,0,0x00000000,0,0,0,0,0,0x00000000,0,0,0,0,0,0x00000000,0,0,0,0,0,0x00000000,0,0,0,0
2290053,2290053,4000630,missing miner,862980106,0x3370080A,0,823,2,10,0,0x00000000,0,0,0,0,0,0x00000000,0,0,0,0,0,0x00000000,0,0,0,0,0,0x00000000,0,0,0,0,0,0x00000000,0,0,0,0,0,0x00000000,0,0,0,0
2290054,2290054,3290008,militia smith,80741388,0x04D0040C,0,77,1,12,32509962,0x01F0100A,0,31,4,10,0,0x00000000,0,0,0,0,0,0x00000000,0,0,0,0,0,0x00000000,0,0,0,0,0,0x00000000,0,0,0,0,0,0x00000000,0,0,0,0
2290055,2290055,3290002,militia outfitter,80741388,0x04D0040C,0,77,1,12,32509962,0x01F0100A,0,31,4,10,0,0x00000000,0,0,0,0,0,0x00000000,0,0,0,0,0,0x00000000,0,0,0,0,0,0x00000000,0,0,0,0,0,0x00000000,0,0,0,0
2290056,2290056,3290009,militia cook,80741388,0x04D0040C,0,77,1,12,32509962,0x01F0100A,0,31,4,10,0,0x00000000,0,0,0,0,0,0x00000000,0,0,0,0,0,0x00000000,0,0,0,0,0,0x00000000,0,0,0,0,0,0x00000000,0,0,0,0
2290057,2290057,3290004,militia barber,80741388,0x04D0040C,0,77,1,12,32509962,0x01F0100A,0,31,4,10,0,0x00000000,0,0,0,0,0,0x00000000,0,0,0,0,0,0x00000000,0,0,0,0,0,0x00000000,0,0,0,0,0,0x00000000,0,0,0,0
2290058,2290058,3290001,militia smith,79697950,0x04C0181E,0,76,6,30,32509962,0x01F0100A,0,31,4,10,0,0x00000000,0,0,0,0,0,0x00000000,0,0,0,0,0,0x00000000,0,0,0,0,0,0x00000000,0,0,0,0,0,0x00000000,0,0,0,0
2290059,2290059,3290002,militia outfitter,79697950,0x04C0181E,0,76,6,30,32509962,0x01F0100A,0,31,4,10,0,0x00000000,0,0,0,0,0,0x00000000,0,0,0,0,0,0x00000000,0,0,0,0,0,0x00000000,0,0,0,0,0,0x00000000,0,0,0,0
2290060,2290060,3290003,militia cook,79697950,0x04C0181E,0,76,6,30,32509962,0x01F0100A,0,31,4,10,0,0x00000000,0,0,0,0,0,0x00000000,0,0,0,0,0,0x00000000,0,0,0,0,0,0x00000000,0,0,0,0,0,0x00000000,0,0,0,0
2290061,2290061,3290004,militia barber,79697950,0x04C0181E,0,76,6,30,32509962,0x01F0100A,0,31,4,10,0,0x00000000,0,0,0,0,0,0x00000000,0,0,0,0,0,0x00000000,0,0,0,0,0,0x00000000,0,0,0,0,0,0x00000000,0,0,0,0
2290062,2290062,3290008,militia smith,79695892,0x04C01014,0,76,4,20,32509962,0x01F0100A,0,31,4,10,0,0x00000000,0,0,0,0,0,0x00000000,0,0,0,0,0,0x00000000,0,0,0,0,0,0x00000000,0,0,0,0,0,0x00000000,0,0,0,0
2290063,2290063,3290002,militia outfitter,79695892,0x04C01014,0,76,4,20,32509962,0x01F0100A,0,31,4,10,0,0x00000000,0,0,0,0,0,0x00000000,0,0,0,0,0,0x00000000,0,0,0,0,0,0x00000000,0,0,0,0,0,0x00000000,0,0,0,0
2290064,2290064,3290009,militia cook,79695892,0x04C01014,0,76,4,20,32509962,0x01F0100A,0,31,4,10,0,0x00000000,0,0,0,0,0,0x00000000,0,0,0,0,0,0x00000000,0,0,0,0,0,0x00000000,0,0,0,0,0,0x00000000,0,0,0,0
2290065,2290065,3290004,militia barber,79695892,0x04C01014,0,76,4,20,32509962,0x01F0100A,0,31,4,10,0,0x00000000,0,0,0,0,0,0x00000000,0,0,0,0,0,0x00000000,0,0,0,0,0,0x00000000,0,0,0,0,0,0x00000000,0,0,0,0
2290066,2290066,3290005,militia front line archer,210765826,0x0C900802,0,201,2,2,236979210,0x0E20040A,0,226,1,10,0,0x00000000,0,0,0,0,0,0x00000000,0,0,0,0,0,0x00000000,0,0,0,0,231736351,0x0DD0041F,0,221,1,31,0,0x00000000,0,0,0,0
2290067,2290067,3290005,militia front line archer,210765826,0x0C900802,0,201,2,2,236979210,0x0E20040A,0,226,1,10,0,0x00000000,0,0,0,0,0,0x00000000,0,0,0,0,0,0x00000000,0,0,0,0,231736351,0x0DD0041F,0,221,1,31,0,0x00000000,0,0,0,0
2290068,2290068,3290005,militia front line archer,210765826,0x0C900802,0,201,2,2,236979210,0x0E20040A,0,226,1,10,0,0x00000000,0,0,0,0,0,0x00000000,0,0,0,0,0,0x00000000,0,0,0,0,231736351,0x0DD0041F,0,221,1,31,0,0x00000000,0,0,0,0
2290069,2290069,3290006,militia second line archer,210765826,0x0C900802,0,201,2,2,236979210,0x0E20040A,0,226,1,10,0,0x00000000,0,0,0,0,0,0x00000000,0,0,0,0,0,0x00000000,0,0,0,0,231736351,0x0DD0041F,0,221,1,31,0,0x00000000,0,0,0,0
2290070,2290070,3290006,militia second line archer,210765826,0x0C900802,0,201,2,2,236979210,0x0E20040A,0,226,1,10,0,0x00000000,0,0,0,0,0,0x00000000,0,0,0,0,0,0x00000000,0,0,0,0,231736351,0x0DD0041F,0,221,1,31,0,0x00000000,0,0,0,0
2290071,2290071,3290006,militia second line archer,210765826,0x0C900802,0,201,2,2,236979210,0x0E20040A,0,226,1,10,0,0x00000000,0,0,0,0,0,0x00000000,0,0,0,0,0,0x00000000,0,0,0,0,231736351,0x0DD0041F,0,221,1,31,0,0x00000000,0,0,0,0
2290072,2290072,3290007,militia third line archer,210765826,0x0C900802,0,201,2,2,236979210,0x0E20040A,0,226,1,10,0,0x00000000,0,0,0,0,0,0x00000000,0,0,0,0,0,0x00000000,0,0,0,0,231736351,0x0DD0041F,0,221,1,31,0,0x00000000,0,0,0,0
2290073,2290073,3290007,militia third line archer,210765826,0x0C900802,0,201,2,2,236979210,0x0E20040A,0,226,1,10,0,0x00000000,0,0,0,0,0,0x00000000,0,0,0,0,0,0x00000000,0,0,0,0,231736351,0x0DD0041F,0,221,1,31,0,0x00000000,0,0,0,0
2290074,2290074,3290007,militia third line archer,210765826,0x0C900802,0,201,2,2,236979210,0x0E20040A,0,226,1,10,0,0x00000000,0,0,0,0,0,0x00000000,0,0,0,0,0,0x00000000,0,0,0,0,231736351,0x0DD0041F,0,221,1,31,0,0x00000000,0,0,0,0
2290075,2290075,3290007,militia third line archer,210765826,0x0C900802,0,201,2,2,236979210,0x0E20040A,0,226,1,10,0,0x00000000,0,0,0,0,0,0x00000000,0,0,0,0,0,0x00000000,0,0,0,0,231736351,0x0DD0041F,0,221,1,31,0,0x00000000,0,0,0,0
2290076,2290076,3290005,militia front line archer,210765826,0x0C900802,0,201,2,2,236979210,0x0E20040A,0,226,1,10,0,0x00000000,0,0,0,0,0,0x00000000,0,0,0,0,0,0x00000000,0,0,0,0,231736351,0x0DD0041F,0,221,1,31,0,0x00000000,0,0,0,0
2290077,2290077,3290005,militia front line archer,210765826,0x0C900802,0,201,2,2,236979210,0x0E20040A,0,226,1,10,0,0x00000000,0,0,0,0,0,0x00000000,0,0,0,0,0,0x00000000,0,0,0,0,231736351,0x0DD0041F,0,221,1,31,0,0x00000000,0,0,0,0
2290078,2290078,3290005,militia front line archer,210765826,0x0C900802,0,201,2,2,236979210,0x0E20040A,0,226,1,10,0,0x00000000,0,0,0,0,0,0x00000000,0,0,0,0,0,0x00000000,0,0,0,0,231736351,0x0DD0041F,0,221,1,31,0,0x00000000,0,0,0,0
2290079,2290079,3290006,militia second line archer,210765826,0x0C900802,0,201,2,2,236979210,0x0E20040A,0,226,1,10,0,0x00000000,0,0,0,0,0,0x00000000,0,0,0,0,0,0x00000000,0,0,0,0,231736351,0x0DD0041F,0,221,1,31,0,0x00000000,0,0,0,0
2290080,2290080,3290006,militia second line archer,210765826,0x0C900802,0,201,2,2,236979210,0x0E20040A,0,226,1,10,0,0x00000000,0,0,0,0,0,0x00000000,0,0,0,0,0,0x00000000,0,0,0,0,231736351,0x0DD0041F,0,221,1,31,0,0x00000000,0,0,0,0
2290081,2290081,3290006,militia second line archer,210765826,0x0C900802,0,201,2,2,236979210,0x0E20040A,0,226,1,10,0,0x00000000,0,0,0,0,0,0x00000000,0,0,0,0,0,0x00000000,0,0,0,0,231736351,0x0DD0041F,0,221,1,31,0,0x00000000,0,0,0,0
2290082,2290082,3290007,militia third line archer,210765826,0x0C900802,0,201,2,2,236979210,0x0E20040A,0,226,1,10,0,0x00000000,0,0,0,0,0,0x00000000,0,0,0,0,0,0x00000000,0,0,0,0,231736351,0x0DD0041F,0,221,1,31,0,0x00000000,0,0,0,0
2290083,2290083,3290007,militia third line archer,210765826,0x0C900802,0,201,2,2,236979210,0x0E20040A,0,226,1,10,0,0x00000000,0,0,0,0,0,0x00000000,0,0,0,0,0,0x00000000,0,0,0,0,231736351,0x0DD0041F,0,221,1,31,0,0x00000000,0,0,0,0
2290084,2290084,3290007,militia third line archer,210765826,0x0C900802,0,201,2,2,236979210,0x0E20040A,0,226,1,10,0,0x00000000,0,0,0,0,0,0x00000000,0,0,0,0,0,0x00000000,0,0,0,0,231736351,0x0DD0041F,0,221,1,31,0,0x00000000,0,0,0,0
2290085,2290085,3290007,militia third line archer,210765826,0x0C900802,0,201,2,2,236979210,0x0E20040A,0,226,1,10,0,0x00000000,0,0,0,0,0,0x00000000,0,0,0,0,0,0x00000000,0,0,0,0,231736351,0x0DD0041F,0,221,1,31,0,0x00000000,0,0,0,0
2290086,2290086,3290005,militia front line archer,210765826,0x0C900802,0,201,2,2,236979210,0x0E20040A,0,226,1,10,0,0x00000000,0,0,0,0,0,0x00000000,0,0,0,0,0,0x00000000,0,0,0,0,231736351,0x0DD0041F,0,221,1,31,0,0x00000000,0,0,0,0
2290087,2290087,3290005,militia front line archer,210765826,0x0C900802,0,201,2,2,236979210,0x0E20040A,0,226,1,10,0,0x00000000,0,0,0,0,0,0x00000000,0,0,0,0,0,0x00000000,0,0,0,0,231736351,0x0DD0041F,0,221,1,31,0,0x00000000,0,0,0,0
2290088,2290088,3290005,militia front line archer,210765826,0x0C900802,0,201,2,2,236979210,0x0E20040A,0,226,1,10,0,0x00000000,0,0,0,0,0,0x00000000,0,0,0,0,0,0x00000000,0,0,0,0,231736351,0x0DD0041F,0,221,1,31,0,0x00000000,0,0,0,0
2290089,2290089,3290006,militia second line archer,210765826,0x0C900802,0,201,2,2,236979210,0x0E20040A,0,226,1,10,0,0x00000000,0,0,0,0,0,0x00000000,0,0,0,0,0,0x00000000,0,0,0,0,231736351,0x0DD0041F,0,221,1,31,0,0x00000000,0,0,0,0
2290090,2290090,3290006,militia second line archer,210765826,0x0C900802,0,201,2,2,236979210,0x0E20040A,0,226,1,10,0,0x00000000,0,0,0,0,0,0x00000000,0,0,0,0,0,0x00000000,0,0,0,0,231736351,0x0DD0041F,0,221,1,31,0,0x00000000,0,0,0,0
2290091,2290091,3290006,militia second line archer,210765826,0x0C900802,0,201,2,2,236979210,0x0E20040A,0,226,1,10,0,0x00000000,0,0,0,0,0,0x00000000,0,0,0,0,0,0x00000000,0,0,0,0,231736351,0x0DD0041F,0,221,1,31,0,0x00000000,0,0,0,0
2290092,2290092,3290007,militia third line archer,210765826,0x0C900802,0,201,2,2,236979210,0x0E20040A,0,226,1,10,0,0x00000000,0,0,0,0,0,0x00000000,0,0,0,0,0,0x00000000,0,0,0,0,231736351,0x0DD0041F,0,221,1,31,0,0x00000000,0,0,0,0
2290093,2290093,3290007,militia third line archer,210765826,0x0C900802,0,201,2,2,236979210,0x0E20040A,0,226,1,10,0,0x00000000,0,0,0,0,0,0x00000000,0,0,0,0,0,0x00000000,0,0,0,0,231736351,0x0DD0041F,0,221,1,31,0,0x00000000,0,0,0,0
2290094,2290094,3290007,militia third line archer,210765826,0x0C900802,0,201,2,2,236979210,0x0E20040A,0,226,1,10,0,0x00000000,0,0,0,0,0,0x00000000,0,0,0,0,0,0x00000000,0,0,0,0,231736351,0x0DD0041F,0,221,1,31,0,0x00000000,0,0,0,0
2290095,2290095,3290007,militia third line archer,210765826,0x0C900802,0,201,2,2,236979210,0x0E20040A,0,226,1,10,0,0x00000000,0,0,0,0,0,0x00000000,0,0,0,0,0,0x00000000,0,0,0,0,231736351,0x0DD0041F,0,221,1,31,0,0x00000000,0,0,0,0
2290096,2290096,3290010,Isleguard Agid Westwood,79696936,0x04C01428,0,76,5,40,32513064,0x01F01C28,0,31,7,40,0,0x00000000,0,0,0,0,0,0x00000000,0,0,0,0,0,0x00000000,0,0,0,0,0,0x00000000,0,0,0,0,0,0x00000000,0,0,0,0
2290097,2290097,1900183,W'mhelgo Hena,79696966,0x04C01446,0,76,5,70,32513064,0x01F01C28,0,31,7,40,0,0x00000000,0,0,0,0,0,0x00000000,0,0,0,0,0,0x00000000,0,0,0,0,0,0x00000000,0,0,0,0,0,0x00000000,0,0,0,0
2290098,2290098,1900183,W'mhelgo Hena,79696966,0x04C01446,0,76,5,70,32513064,0x01F01C28,0,31,7,40,0,0x00000000,0,0,0,0,0,0x00000000,0,0,0,0,0,0x00000000,0,0,0,0,0,0x00000000,0,0,0,0,0,0x00000000,0,0,0,0
2291001,2291001,2,\[en],79695882,0x04C0100A,0,76,4,10,32506900,0x01F00414,0,31,1,20,0,0x00000000,0,0,0,0,0,0x00000000,0,0,0,0,0,0x00000000,0,0,0,0,0,0x00000000,0,0,0,0,0,0x00000000,0,0,0,0
2291002,2291002,2,\[en],168821780,0x0A100414,0,161,1,20,0,0x00000000,0,0,0,0,0,0x00000000,0,0,0,0,0,0x00000000,0,0,0,0,0,0x00000000,0,0,0,0,0,0x00000000,0,0,0,0,0,0x00000000,0,0,0,0
2291003,2291003,2,\[en],210766878,0x0C900C1E,0,201,3,30,236979210,0x0E20040A,0,226,1,10,0,0x00000000,0,0,0,0,0,0x00000000,0,0,0,0,0,0x00000000,0,0,0,0,0,0x00000000,0,0,0,0,0,0x00000000,0,0,0,0
2291005,2291005,2,\[en],310379550,0x1280041E,0,296,1,30,0,0x00000000,0,0,0,0,0,0x00000000,0,0,0,0,0,0x00000000,0,0,0,0,0,0x00000000,0,0,0,0,0,0x00000000,0,0,0,0,0,0x00000000,0,0,0,0
2301901,2301901,3201906,hellsbound warrior,80741376,0x04D00400,0,77,1,0,32510986,0x01F0140A,0,31,5,10,0,0x00000000,0,0,0,0,0,0x00000000,0,0,0,0,0,0x00000000,0,0,0,0,0,0x00000000,0,0,0,0,0,0x00000000,0,0,0,0
2301902,2301902,3201907,purgatory knight,80741376,0x04D00400,0,77,1,0,32510986,0x01F0140A,0,31,5,10,0,0x00000000,0,0,0,0,0,0x00000000,0,0,0,0,0,0x00000000,0,0,0,0,0,0x00000000,0,0,0,0,0,0x00000000,0,0,0,0
2307001,2307001,3207005,imperial primus ordinarius,79698947,0x04C01C03,0,76,7,3,32510983,0x01F01407,0,31,5,7,0,0x00000000,0,0,0,0,0,0x00000000,0,0,0,0,0,0x00000000,0,0,0,0,0,0x00000000,0,0,0,0,0,0x00000000,0,0,0,0
2307002,2307002,3307001,imperial primus ordinarius,79695883,0x04C0100B,0,76,4,11,32510981,0x01F01405,0,31,5,5,0,0x00000000,0,0,0,0,0,0x00000000,0,0,0,0,0,0x00000000,0,0,0,0,0,0x00000000,0,0,0,0,0,0x00000000,0,0,0,0
2380001,2380001,3207007,imperial veles,58723348,0x03800C14,0,56,3,20,59771924,0x03900C14,0,57,3,20,0,0x00000000,0,0,0,0,0,0x00000000,0,0,0,0,0,0x00000000,0,0,0,0,0,0x00000000,0,0,0,0,0,0x00000000,0,0,0,0
2380002,2380002,3207008,imperial myrmillo,147850300,0x08D0043C,0,141,1,60,0,0x00000000,0,0,0,0,0,0x00000000,0,0,0,0,0,0x00000000,0,0,0,0,0,0x00000000,0,0,0,0,0,0x00000000,0,0,0,0,0,0x00000000,0,0,0,0
2380003,2380003,3207009,imperial speculator,347079691,0x14B0040B,0,331,1,11,0,0x00000000,0,0,0,0,0,0x00000000,0,0,0,0,0,0x00000000,0,0,0,0,0,0x00000000,0,0,0,0,0,0x00000000,0,0,0,0,0,0x00000000,0,0,0,0
2380004,2380004,3307002,imperial hoplomachus,79694869,0x04C00C15,0,76,3,21,32512030,0x01F0181E,0,31,6,30,0,0x00000000,0,0,0,0,0,0x00000000,0,0,0,0,0,0x00000000,0,0,0,0,0,0x00000000,0,0,0,0,0,0x00000000,0,0,0,0
2380005,2380005,3307003,imperial laquearius,147850300,0x08D0043C,0,141,1,60,0,0x00000000,0,0,0,0,0,0x00000000,0,0,0,0,0,0x00000000,0,0,0,0,0,0x00000000,0,0,0,0,0,0x00000000,0,0,0,0,0,0x00000000,0,0,0,0
2380006,2380006,3307004,imperial sagittarius,210765844,0x0C900814,0,201,2,20,236979200,0x0E200400,0,226,1,0,0,0x00000000,0,0,0,0,0,0x00000000,0,0,0,0,0,0x00000000,0,0,0,0,231736332,0x0DD0040C,0,221,1,12,0,0x00000000,0,0,0,0
2380007,2380007,3307005,imperial signifer,310379580,0x1280043C,0,296,1,60,0,0x00000000,0,0,0,0,0,0x00000000,0,0,0,0,0,0x00000000,0,0,0,0,0,0x00000000,0,0,0,0,0,0x00000000,0,0,0,0,0,0x00000000,0,0,0,0
2380008,2380008,3307006,imperial medicus,347079691,0x14B0040B,0,331,1,11,0,0x00000000,0,0,0,0,0,0x00000000,0,0,0,0,0,0x00000000,0,0,0,0,0,0x00000000,0,0,0,0,0,0x00000000,0,0,0,0,0,0x00000000,0,0,0,0
6000001,6000001,1500032,Dedela,79694848,0x04C00C00,0,76,3,0,33526784,0x01FF9400,0,31,997,0,0,0x00000000,0,0,0,0,0,0x00000000,0,0,0,0,0,0x00000000,0,0,0,0,0,0x00000000,0,0,0,0,0,0x00000000,0,0,0,0
6000002,6000002,1500032,Dedela,79694848,0x04C00C00,0,76,3,0,33526784,0x01FF9400,0,31,997,0,0,0x00000000,0,0,0,0,0,0x00000000,0,0,0,0,0,0x00000000,0,0,0,0,0,0x00000000,0,0,0,0,0,0x00000000,0,0,0,0
6000048,6000048,1500032,Dedela,331351046,0x13C00406,0,316,1,6,0,0x00000000,0,0,0,0,0,0x00000000,0,0,0,0,0,0x00000000,0,0,0,0,0,0x00000000,0,0,0,0,0,0x00000000,0,0,0,0,0,0x00000000,0,0,0,0
6000049,6000049,1500032,Dedela,147850241,0x08D00401,0,141,1,1,243270686,0x0E80041E,0,232,1,30,0,0x00000000,0,0,0,0,0,0x00000000,0,0,0,0,0,0x00000000,0,0,0,0,0,0x00000000,0,0,0,0,0,0x00000000,0,0,0,0
6000052,6000052,1500032,Dedela,79692840,0x04C00428,0,76,1,40,0,0x00000000,0,0,0,0,0,0x00000000,0,0,0,0,0,0x00000000,0,0,0,0,0,0x00000000,0,0,0,0,0,0x00000000,0,0,0,0,0,0x00000000,0,0,0,0
6000053,6000053,1500032,Dedela,79692840,0x04C00428,0,76,1,40,0,0x00000000,0,0,0,0,0,0x00000000,0,0,0,0,0,0x00000000,0,0,0,0,0,0x00000000,0,0,0,0,0,0x00000000,0,0,0,0,0,0x00000000,0,0,0,0
6000054,6000054,1500032,Dedela,79692820,0x04C00414,0,76,1,20,0,0x00000000,0,0,0,0,0,0x00000000,0,0,0,0,0,0x00000000,0,0,0,0,0,0x00000000,0,0,0,0,0,0x00000000,0,0,0,0,0,0x00000000,0,0,0,0
6000055,6000055,1500032,Dedela,79692820,0x04C00414,0,76,1,20,0,0x00000000,0,0,0,0,0,0x00000000,0,0,0,0,0,0x00000000,0,0,0,0,0,0x00000000,0,0,0,0,0,0x00000000,0,0,0,0,0,0x00000000,0,0,0,0
6000056,6000056,1500032,Dedela,79692840,0x04C00428,0,76,1,40,0,0x00000000,0,0,0,0,0,0x00000000,0,0,0,0,0,0x00000000,0,0,0,0,0,0x00000000,0,0,0,0,0,0x00000000,0,0,0,0,0,0x00000000,0,0,0,0
6000057,6000057,1500032,Dedela,79692810,0x04C0040A,0,76,1,10,0,0x00000000,0,0,0,0,0,0x00000000,0,0,0,0,0,0x00000000,0,0,0,0,0,0x00000000,0,0,0,0,0,0x00000000,0,0,0,0,0,0x00000000,0,0,0,0
6000059,6000059,1500032,Dedela,79692820,0x04C00414,0,76,1,20,0,0x00000000,0,0,0,0,0,0x00000000,0,0,0,0,0,0x00000000,0,0,0,0,0,0x00000000,0,0,0,0,0,0x00000000,0,0,0,0,0,0x00000000,0,0,0,0
6000063,6000063,1500032,Dedela,79692810,0x04C0040A,0,76,1,10,0,0x00000000,0,0,0,0,0,0x00000000,0,0,0,0,0,0x00000000,0,0,0,0,0,0x00000000,0,0,0,0,0,0x00000000,0,0,0,0,0,0x00000000,0,0,0,0
6000097,6000097,1500032,Dedela,79692810,0x04C0040A,0,76,1,10,0,0x00000000,0,0,0,0,0,0x00000000,0,0,0,0,0,0x00000000,0,0,0,0,0,0x00000000,0,0,0,0,0,0x00000000,0,0,0,0,0,0x00000000,0,0,0,0
6000098,6000098,1600179,Sthalmann,243270686,0x0E80041E,0,232,1,30,0,0x00000000,0,0,0,0,0,0x00000000,0,0,0,0,0,0x00000000,0,0,0,0,0,0x00000000,0,0,0,0,0,0x00000000,0,0,0,0,0,0x00000000,0,0,0,0
6000142,6000142,1500032,Dedela,168822784,0x0A100800,0,161,2,0,0,0x00000000,0,0,0,0,0,0x00000000,0,0,0,0,0,0x00000000,0,0,0,0,0,0x00000000,0,0,0,0,0,0x00000000,0,0,0,0,0,0x00000000,0,0,0,0
6000143,6000143,1500032,Dedela,168823809,0x0A100C01,0,161,3,1,0,0x00000000,0,0,0,0,0,0x00000000,0,0,0,0,0,0x00000000,0,0,0,0,0,0x00000000,0,0,0,0,0,0x00000000,0,0,0,0,0,0x00000000,0,0,0,0
6000144,6000144,1500032,Dedela,80741386,0x04D0040A,0,77,1,10,32509953,0x01F01001,0,31,4,1,0,0x00000000,0,0,0,0,0,0x00000000,0,0,0,0,0,0x00000000,0,0,0,0,0,0x00000000,0,0,0,0,0,0x00000000,0,0,0,0
6000145,6000145,1500032,Dedela,80741406,0x04D0041E,0,77,1,30,32508939,0x01F00C0B,0,31,3,11,0,0x00000000,0,0,0,0,0,0x00000000,0,0,0,0,0,0x00000000,0,0,0,0,0,0x00000000,0,0,0,0,0,0x00000000,0,0,0,0
6000146,6000146,1500032,Dedela,310379580,0x1280043C,0,296,1,60,0,0x00000000,0,0,0,0,0,0x00000000,0,0,0,0,0,0x00000000,0,0,0,0,0,0x00000000,0,0,0,0,0,0x00000000,0,0,0,0,0,0x00000000,0,0,0,0
6000147,6000147,1500032,Dedela,310379570,0x12800432,0,296,1,50,0,0x00000000,0,0,0,0,0,0x00000000,0,0,0,0,0,0x00000000,0,0,0,0,0,0x00000000,0,0,0,0,0,0x00000000,0,0,0,0,0,0x00000000,0,0,0,0
6000148,6000148,1500032,Dedela,58723348,0x03800C14,0,56,3,20,59771924,0x03900C14,0,57,3,20,0,0x00000000,0,0,0,0,0,0x00000000,0,0,0,0,0,0x00000000,0,0,0,0,0,0x00000000,0,0,0,0,0,0x00000000,0,0,0,0
6000149,6000149,1500032,Dedela,210765827,0x0C900803,0,201,2,3,236979200,0x0E200400,0,226,1,0,0,0x00000000,0,0,0,0,0,0x00000000,0,0,0,0,0,0x00000000,0,0,0,0,231736352,0x0DD00420,0,221,1,32,0,0x00000000,0,0,0,0
6000153,6000153,1500032,Dedela,168821770,0x0A10040A,0,161,1,10,0,0x00000000,0,0,0,0,0,0x00000000,0,0,0,0,0,0x00000000,0,0,0,0,0,0x00000000,0,0,0,0,0,0x00000000,0,0,0,0,0,0x00000000,0,0,0,0
6000154,6000154,1500032,Dedela,168821770,0x0A10040A,0,161,1,10,0,0x00000000,0,0,0,0,0,0x00000000,0,0,0,0,0,0x00000000,0,0,0,0,0,0x00000000,0,0,0,0,0,0x00000000,0,0,0,0,0,0x00000000,0,0,0,0
6000155,6000155,1500032,Dedela,168821761,0x0A100401,0,161,1,1,0,0x00000000,0,0,0,0,0,0x00000000,0,0,0,0,0,0x00000000,0,0,0,0,0,0x00000000,0,0,0,0,0,0x00000000,0,0,0,0,0,0x00000000,0,0,0,0
6000156,6000156,1500032,Dedela,168821770,0x0A10040A,0,161,1,10,0,0x00000000,0,0,0,0,0,0x00000000,0,0,0,0,0,0x00000000,0,0,0,0,0,0x00000000,0,0,0,0,0,0x00000000,0,0,0,0,0,0x00000000,0,0,0,0
6000157,6000157,1500032,Dedela,168821761,0x0A100401,0,161,1,1,0,0x00000000,0,0,0,0,0,0x00000000,0,0,0,0,0,0x00000000,0,0,0,0,0,0x00000000,0,0,0,0,0,0x00000000,0,0,0,0,0,0x00000000,0,0,0,0
6000158,6000158,1500032,Dedela,168821770,0x0A10040A,0,161,1,10,0,0x00000000,0,0,0,0,0,0x00000000,0,0,0,0,0,0x00000000,0,0,0,0,0,0x00000000,0,0,0,0,0,0x00000000,0,0,0,0,0,0x00000000,0,0,0,0
6000165,6000165,1500032,Dedela,59741184,0x038F9400,0,56,997,0,60789760,0x039F9400,0,57,997,0,0,0x00000000,0,0,0,0,0,0x00000000,0,0,0,0,0,0x00000000,0,0,0,0,0,0x00000000,0,0,0,0,0,0x00000000,0,0,0,0
6000166,6000166,1500032,Dedela,243270658,0x0E800402,0,232,1,2,0,0x00000000,0,0,0,0,0,0x00000000,0,0,0,0,0,0x00000000,0,0,0,0,0,0x00000000,0,0,0,0,0,0x00000000,0,0,0,0,0,0x00000000,0,0,0,0
6000167,6000167,1500032,Dedela,243270666,0x0E80040A,0,232,1,10,0,0x00000000,0,0,0,0,0,0x00000000,0,0,0,0,0,0x00000000,0,0,0,0,0,0x00000000,0,0,0,0,0,0x00000000,0,0,0,0,0,0x00000000,0,0,0,0
6000168,6000168,1500032,Dedela,243270666,0x0E80040A,0,232,1,10,0,0x00000000,0,0,0,0,0,0x00000000,0,0,0,0,0,0x00000000,0,0,0,0,0,0x00000000,0,0,0,0,0,0x00000000,0,0,0,0,0,0x00000000,0,0,0,0
6000169,6000169,1500032,Dedela,0,0x00000000,0,0,0,0,32509953,0x01F01001,0,31,4,1,0,0x00000000,0,0,0,0,0,0x00000000,0,0,0,0,0,0x00000000,0,0,0,0,0,0x00000000,0,0,0,0,0,0x00000000,0,0,0,0
6000170,6000170,1500032,Dedela,0,0x00000000,0,0,0,0,32509953,0x01F01001,0,31,4,1,0,0x00000000,0,0,0,0,0,0x00000000,0,0,0,0,0,0x00000000,0,0,0,0,0,0x00000000,0,0,0,0,0,0x00000000,0,0,0,0
6000171,6000171,1500032,Dedela,0,0x00000000,0,0,0,0,32509953,0x01F01001,0,31,4,1,0,0x00000000,0,0,0,0,0,0x00000000,0,0,0,0,0,0x00000000,0,0,0,0,0,0x00000000,0,0,0,0,0,0x00000000,0,0,0,0
6000172,6000172,1500032,Dedela,0,0x00000000,0,0,0,0,32509953,0x01F01001,0,31,4,1,0,0x00000000,0,0,0,0,0,0x00000000,0,0,0,0,0,0x00000000,0,0,0,0,0,0x00000000,0,0,0,0,0,0x00000000,0,0,0,0
6000173,6000173,1500032,Dedela,0,0x00000000,0,0,0,0,32509953,0x01F01001,0,31,4,1,0,0x00000000,0,0,0,0,0,0x00000000,0,0,0,0,0,0x00000000,0,0,0,0,0,0x00000000,0,0,0,0,0,0x00000000,0,0,0,0
6000174,6000174,1500032,Dedela,0,0x00000000,0,0,0,0,32509953,0x01F01001,0,31,4,1,0,0x00000000,0,0,0,0,0,0x00000000,0,0,0,0,0,0x00000000,0,0,0,0,0,0x00000000,0,0,0,0,0,0x00000000,0,0,0,0
6000175,6000175,1500032,Dedela,0,0x00000000,0,0,0,0,32509953,0x01F01001,0,31,4,1,0,0x00000000,0,0,0,0,0,0x00000000,0,0,0,0,0,0x00000000,0,0,0,0,0,0x00000000,0,0,0,0,0,0x00000000,0,0,0,0
6000176,6000176,1500032,Dedela,0,0x00000000,0,0,0,0,32509953,0x01F01001,0,31,4,1,0,0x00000000,0,0,0,0,0,0x00000000,0,0,0,0,0,0x00000000,0,0,0,0,0,0x00000000,0,0,0,0,0,0x00000000,0,0,0,0
6000177,6000177,1500032,Dedela,243270658,0x0E800402,0,232,1,2,0,0x00000000,0,0,0,0,0,0x00000000,0,0,0,0,0,0x00000000,0,0,0,0,0,0x00000000,0,0,0,0,0,0x00000000,0,0,0,0,0,0x00000000,0,0,0,0
6000181,6000181,1500032,Dedela,0,0x00000000,0,0,0,0,33526784,0x01FF9400,0,31,997,0,0,0x00000000,0,0,0,0,0,0x00000000,0,0,0,0,0,0x00000000,0,0,0,0,0,0x00000000,0,0,0,0,0,0x00000000,0,0,0,0
6000182,6000182,1500032,Dedela,0,0x00000000,0,0,0,0,33526784,0x01FF9400,0,31,997,0,0,0x00000000,0,0,0,0,0,0x00000000,0,0,0,0,0,0x00000000,0,0,0,0,0,0x00000000,0,0,0,0,0,0x00000000,0,0,0,0
6000183,6000183,1500032,Dedela,0,0x00000000,0,0,0,0,33526784,0x01FF9400,0,31,997,0,0,0x00000000,0,0,0,0,0,0x00000000,0,0,0,0,0,0x00000000,0,0,0,0,0,0x00000000,0,0,0,0,0,0x00000000,0,0,0,0
6000184,6000184,1500032,Dedela,0,0x00000000,0,0,0,0,33526784,0x01FF9400,0,31,997,0,0,0x00000000,0,0,0,0,0,0x00000000,0,0,0,0,0,0x00000000,0,0,0,0,0,0x00000000,0,0,0,0,0,0x00000000,0,0,0,0
6000185,6000185,1500032,Dedela,0,0x00000000,0,0,0,0,33526784,0x01FF9400,0,31,997,0,0,0x00000000,0,0,0,0,0,0x00000000,0,0,0,0,0,0x00000000,0,0,0,0,0,0x00000000,0,0,0,0,0,0x00000000,0,0,0,0
6000186,6000186,1500032,Dedela,0,0x00000000,0,0,0,0,33526784,0x01FF9400,0,31,997,0,0,0x00000000,0,0,0,0,0,0x00000000,0,0,0,0,0,0x00000000,0,0,0,0,0,0x00000000,0,0,0,0,0,0x00000000,0,0,0,0
6000187,6000187,1500032,Dedela,0,0x00000000,0,0,0,0,33526784,0x01FF9400,0,31,997,0,0,0x00000000,0,0,0,0,0,0x00000000,0,0,0,0,0,0x00000000,0,0,0,0,0,0x00000000,0,0,0,0,0,0x00000000,0,0,0,0
6000188,6000188,1500032,Dedela,0,0x00000000,0,0,0,0,33526784,0x01FF9400,0,31,997,0,0,0x00000000,0,0,0,0,0,0x00000000,0,0,0,0,0,0x00000000,0,0,0,0,0,0x00000000,0,0,0,0,0,0x00000000,0,0,0,0
6000211,6000211,1500032,Dedela,752878603,0x2CE0040B,0,718,1,11,0,0x00000000,0,0,0,0,0,0x00000000,0,0,0,0,0,0x00000000,0,0,0,0,0,0x00000000,0,0,0,0,0,0x00000000,0,0,0,0,0,0x00000000,0,0,0,0
6000212,6000212,1500032,Dedela,862979072,0x33700400,0,823,1,0,0,0x00000000,0,0,0,0,0,0x00000000,0,0,0,0,0,0x00000000,0,0,0,0,0,0x00000000,0,0,0,0,0,0x00000000,0,0,0,0,0,0x00000000,0,0,0,0
6000215,6000215,1500032,Dedela,79698945,0x04C01C01,0,76,7,1,0,0x00000000,0,0,0,0,0,0x00000000,0,0,0,0,0,0x00000000,0,0,0,0,0,0x00000000,0,0,0,0,0,0x00000000,0,0,0,0,0,0x00000000,0,0,0,0
6000233,6000233,1500032,Dedela,80741386,0x04D0040A,0,77,1,10,32507914,0x01F0080A,0,31,2,10,0,0x00000000,0,0,0,0,0,0x00000000,0,0,0,0,0,0x00000000,0,0,0,0,0,0x00000000,0,0,0,0,0,0x00000000,0,0,0,0
6000235,6000235,1500032,Dedela,79698954,0x04C01C0A,0,76,7,10,0,0x00000000,0,0,0,0,0,0x00000000,0,0,0,0,0,0x00000000,0,0,0,0,0,0x00000000,0,0,0,0,0,0x00000000,0,0,0,0,0,0x00000000,0,0,0,0
6000280,6000280,1500032,Dedela,79698944,0x04C01C00,0,76,7,0,32509952,0x01F01000,0,31,4,0,0,0x00000000,0,0,0,0,0,0x00000000,0,0,0,0,0,0x00000000,0,0,0,0,0,0x00000000,0,0,0,0,0,0x00000000,0,0,0,0
6000281,6000281,1500032,Dedela,168823811,0x0A100C03,0,161,3,3,0,0x00000000,0,0,0,0,0,0x00000000,0,0,0,0,0,0x00000000,0,0,0,0,0,0x00000000,0,0,0,0,0,0x00000000,0,0,0,0,0,0x00000000,0,0,0,0
6000282,6000282,1500032,Dedela,58724352,0x03801000,0,56,4,0,59772928,0x03901000,0,57,4,0,0,0x00000000,0,0,0,0,0,0x00000000,0,0,0,0,0,0x00000000,0,0,0,0,0,0x00000000,0,0,0,0,0,0x00000000,0,0,0,0
6000283,6000283,1500032,Dedela,79698944,0x04C01C00,0,76,7,0,32509952,0x01F01000,0,31,4,0,0,0x00000000,0,0,0,0,0,0x00000000,0,0,0,0,0,0x00000000,0,0,0,0,0,0x00000000,0,0,0,0,0,0x00000000,0,0,0,0
6000284,6000284,1500032,Dedela,168823811,0x0A100C03,0,161,3,3,0,0x00000000,0,0,0,0,0,0x00000000,0,0,0,0,0,0x00000000,0,0,0,0,0,0x00000000,0,0,0,0,0,0x00000000,0,0,0,0,0,0x00000000,0,0,0,0
6000285,6000285,1500032,Dedela,58724352,0x03801000,0,56,4,0,59772928,0x03901000,0,57,4,0,0,0x00000000,0,0,0,0,0,0x00000000,0,0,0,0,0,0x00000000,0,0,0,0,0,0x00000000,0,0,0,0,0,0x00000000,0,0,0,0
6000286,6000286,1500032,Dedela,79698944,0x04C01C00,0,76,7,0,32509952,0x01F01000,0,31,4,0,0,0x00000000,0,0,0,0,0,0x00000000,0,0,0,0,0,0x00000000,0,0,0,0,0,0x00000000,0,0,0,0,0,0x00000000,0,0,0,0
6000287,6000287,1500032,Dedela,168823811,0x0A100C03,0,161,3,3,0,0x00000000,0,0,0,0,0,0x00000000,0,0,0,0,0,0x00000000,0,0,0,0,0,0x00000000,0,0,0,0,0,0x00000000,0,0,0,0,0,0x00000000,0,0,0,0
6000288,6000288,1500032,Dedela,58724352,0x03801000,0,56,4,0,59772928,0x03901000,0,57,4,0,0,0x00000000,0,0,0,0,0,0x00000000,0,0,0,0,0,0x00000000,0,0,0,0,0,0x00000000,0,0,0,0,0,0x00000000,0,0,0,0
6000289,6000289,1500032,Dedela,79698944,0x04C01C00,0,76,7,0,32509952,0x01F01000,0,31,4,0,0,0x00000000,0,0,0,0,0,0x00000000,0,0,0,0,0,0x00000000,0,0,0,0,0,0x00000000,0,0,0,0,0,0x00000000,0,0,0,0
6000290,6000290,1500032,Dedela,168823811,0x0A100C03,0,161,3,3,0,0x00000000,0,0,0,0,0,0x00000000,0,0,0,0,0,0x00000000,0,0,0,0,0,0x00000000,0,0,0,0,0,0x00000000,0,0,0,0,0,0x00000000,0,0,0,0
6000291,6000291,1500032,Dedela,58724352,0x03801000,0,56,4,0,59772928,0x03901000,0,57,4,0,0,0x00000000,0,0,0,0,0,0x00000000,0,0,0,0,0,0x00000000,0,0,0,0,0,0x00000000,0,0,0,0,0,0x00000000,0,0,0,0
6000292,6000292,1500032,Dedela,79698944,0x04C01C00,0,76,7,0,32509952,0x01F01000,0,31,4,0,0,0x00000000,0,0,0,0,0,0x00000000,0,0,0,0,0,0x00000000,0,0,0,0,0,0x00000000,0,0,0,0,0,0x00000000,0,0,0,0
6000293,6000293,1500032,Dedela,168823811,0x0A100C03,0,161,3,3,0,0x00000000,0,0,0,0,0,0x00000000,0,0,0,0,0,0x00000000,0,0,0,0,0,0x00000000,0,0,0,0,0,0x00000000,0,0,0,0,0,0x00000000,0,0,0,0
6000294,6000294,1500032,Dedela,58724352,0x03801000,0,56,4,0,59772928,0x03901000,0,57,4,0,0,0x00000000,0,0,0,0,0,0x00000000,0,0,0,0,0,0x00000000,0,0,0,0,0,0x00000000,0,0,0,0,0,0x00000000,0,0,0,0
6000295,6000295,1500032,Dedela,79698944,0x04C01C00,0,76,7,0,32509952,0x01F01000,0,31,4,0,0,0x00000000,0,0,0,0,0,0x00000000,0,0,0,0,0,0x00000000,0,0,0,0,0,0x00000000,0,0,0,0,0,0x00000000,0,0,0,0
6000296,6000296,1500032,Dedela,168823811,0x0A100C03,0,161,3,3,0,0x00000000,0,0,0,0,0,0x00000000,0,0,0,0,0,0x00000000,0,0,0,0,0,0x00000000,0,0,0,0,0,0x00000000,0,0,0,0,0,0x00000000,0,0,0,0
6000297,6000297,1500032,Dedela,58724352,0x03801000,0,56,4,0,59772928,0x03901000,0,57,4,0,0,0x00000000,0,0,0,0,0,0x00000000,0,0,0,0,0,0x00000000,0,0,0,0,0,0x00000000,0,0,0,0,0,0x00000000,0,0,0,0
6000298,6000298,1500032,Dedela,79698944,0x04C01C00,0,76,7,0,32509952,0x01F01000,0,31,4,0,0,0x00000000,0,0,0,0,0,0x00000000,0,0,0,0,0,0x00000000,0,0,0,0,0,0x00000000,0,0,0,0,0,0x00000000,0,0,0,0
6000299,6000299,1500032,Dedela,168823811,0x0A100C03,0,161,3,3,0,0x00000000,0,0,0,0,0,0x00000000,0,0,0,0,0,0x00000000,0,0,0,0,0,0x00000000,0,0,0,0,0,0x00000000,0,0,0,0,0,0x00000000,0,0,0,0
6000300,6000300,1500032,Dedela,58724352,0x03801000,0,56,4,0,59772928,0x03901000,0,57,4,0,0,0x00000000,0,0,0,0,0,0x00000000,0,0,0,0,0,0x00000000,0,0,0,0,0,0x00000000,0,0,0,0,0,0x00000000,0,0,0,0
6000301,6000301,1500032,Dedela,79698944,0x04C01C00,0,76,7,0,32509952,0x01F01000,0,31,4,0,0,0x00000000,0,0,0,0,0,0x00000000,0,0,0,0,0,0x00000000,0,0,0,0,0,0x00000000,0,0,0,0,0,0x00000000,0,0,0,0
6000302,6000302,1500032,Dedela,168823811,0x0A100C03,0,161,3,3,0,0x00000000,0,0,0,0,0,0x00000000,0,0,0,0,0,0x00000000,0,0,0,0,0,0x00000000,0,0,0,0,0,0x00000000,0,0,0,0,0,0x00000000,0,0,0,0
6000303,6000303,1500032,Dedela,58724352,0x03801000,0,56,4,0,59772928,0x03901000,0,57,4,0,0,0x00000000,0,0,0,0,0,0x00000000,0,0,0,0,0,0x00000000,0,0,0,0,0,0x00000000,0,0,0,0,0,0x00000000,0,0,0,0
6000304,6000304,1500032,Dedela,79698944,0x04C01C00,0,76,7,0,32509952,0x01F01000,0,31,4,0,0,0x00000000,0,0,0,0,0,0x00000000,0,0,0,0,0,0x00000000,0,0,0,0,0,0x00000000,0,0,0,0,0,0x00000000,0,0,0,0
6000305,6000305,1500032,Dedela,168823811,0x0A100C03,0,161,3,3,0,0x00000000,0,0,0,0,0,0x00000000,0,0,0,0,0,0x00000000,0,0,0,0,0,0x00000000,0,0,0,0,0,0x00000000,0,0,0,0,0,0x00000000,0,0,0,0
6000306,6000306,1500032,Dedela,58724352,0x03801000,0,56,4,0,59772928,0x03901000,0,57,4,0,0,0x00000000,0,0,0,0,0,0x00000000,0,0,0,0,0,0x00000000,0,0,0,0,0,0x00000000,0,0,0,0,0,0x00000000,0,0,0,0
6000317,6000317,1,\[en],79697950,0x04C0181E,0,76,6,30,32510976,0x01F01400,0,31,5,0,0,0x00000000,0,0,0,0,0,0x00000000,0,0,0,0,0,0x00000000,0,0,0,0,0,0x00000000,0,0,0,0,0,0x00000000,0,0,0,0
6000318,6000318,1,\[en],294652948,0x11900C14,0,281,3,20,0,0x00000000,0,0,0,0,0,0x00000000,0,0,0,0,0,0x00000000,0,0,0,0,0,0x00000000,0,0,0,0,0,0x00000000,0,0,0,0,0,0x00000000,0,0,0,0
6000319,6000319,1,\[en],80741406,0x04D0041E,0,77,1,30,32510976,0x01F01400,0,31,5,0,0,0x00000000,0,0,0,0,0,0x00000000,0,0,0,0,0,0x00000000,0,0,0,0,0,0x00000000,0,0,0,0,0,0x00000000,0,0,0,0
6000320,6000320,1,\[en],148898866,0x08E00432,0,142,1,50,0,0x00000000,0,0,0,0,0,0x00000000,0,0,0,0,0,0x00000000,0,0,0,0,0,0x00000000,0,0,0,0,0,0x00000000,0,0,0,0,0,0x00000000,0,0,0,0
6000321,6000321,1,\[en],147852308,0x08D00C14,0,141,3,20,0,0x00000000,0,0,0,0,0,0x00000000,0,0,0,0,0,0x00000000,0,0,0,0,0,0x00000000,0,0,0,0,0,0x00000000,0,0,0,0,0,0x00000000,0,0,0,0
6000322,6000322,1,\[en],170918942,0x0A30041E,0,163,1,30,0,0x00000000,0,0,0,0,0,0x00000000,0,0,0,0,0,0x00000000,0,0,0,0,0,0x00000000,0,0,0,0,0,0x00000000,0,0,0,0,0,0x00000000,0,0,0,0
6000323,6000323,1,\[en],210765837,0x0C90080D,0,201,2,13,236979210,0x0E20040A,0,226,1,10,0,0x00000000,0,0,0,0,0,0x00000000,0,0,0,0,0,0x00000000,0,0,0,0,231736332,0x0DD0040C,0,221,1,12,0,0x00000000,0,0,0,0
6000324,6000324,4000658,Chief Serpent Sergeant,210765837,0x0C90080D,0,201,2,13,236979210,0x0E20040A,0,226,1,10,0,0x00000000,0,0,0,0,0,0x00000000,0,0,0,0,0,0x00000000,0,0,0,0,231736332,0x0DD0040C,0,221,1,12,0,0x00000000,0,0,0,0
6000325,6000325,1,\[en],347079687,0x14B00407,0,331,1,7,0,0x00000000,0,0,0,0,0,0x00000000,0,0,0,0,0,0x00000000,0,0,0,0,0,0x00000000,0,0,0,0,0,0x00000000,0,0,0,0,0,0x00000000,0,0,0,0
6000326,6000326,1,\[en],79698947,0x04C01C03,0,76,7,3,32510983,0x01F01407,0,31,5,7,0,0x00000000,0,0,0,0,0,0x00000000,0,0,0,0,0,0x00000000,0,0,0,0,0,0x00000000,0,0,0,0,0,0x00000000,0,0,0,0
6000327,6000327,1,\[en],58723348,0x03800C14,0,56,3,20,59771924,0x03900C14,0,57,3,20,0,0x00000000,0,0,0,0,0,0x00000000,0,0,0,0,0,0x00000000,0,0,0,0,0,0x00000000,0,0,0,0,0,0x00000000,0,0,0,0
6000328,6000328,1,\[en],58723348,0x03800C14,0,56,3,20,59771924,0x03900C14,0,57,3,20,0,0x00000000,0,0,0,0,0,0x00000000,0,0,0,0,0,0x00000000,0,0,0,0,0,0x00000000,0,0,0,0,0,0x00000000,0,0,0,0
6000329,6000329,1,\[en],79694869,0x04C00C15,0,76,3,21,32512010,0x01F0180A,0,31,6,10,0,0x00000000,0,0,0,0,0,0x00000000,0,0,0,0,0,0x00000000,0,0,0,0,0,0x00000000,0,0,0,0,0,0x00000000,0,0,0,0
6000330,6000330,1,\[en],79694869,0x04C00C15,0,76,3,21,32512010,0x01F0180A,0,31,6,10,0,0x00000000,0,0,0,0,0,0x00000000,0,0,0,0,0,0x00000000,0,0,0,0,0,0x00000000,0,0,0,0,0,0x00000000,0,0,0,0
6000331,6000331,1,\[en],147850300,0x08D0043C,0,141,1,60,0,0x00000000,0,0,0,0,0,0x00000000,0,0,0,0,0,0x00000000,0,0,0,0,0,0x00000000,0,0,0,0,0,0x00000000,0,0,0,0,0,0x00000000,0,0,0,0
6000332,6000332,1,\[en],147850300,0x08D0043C,0,141,1,60,0,0x00000000,0,0,0,0,0,0x00000000,0,0,0,0,0,0x00000000,0,0,0,0,0,0x00000000,0,0,0,0,0,0x00000000,0,0,0,0,0,0x00000000,0,0,0,0
6000333,6000333,1,\[en],168825858,0x0A101402,0,161,5,2,0,0x00000000,0,0,0,0,0,0x00000000,0,0,0,0,0,0x00000000,0,0,0,0,0,0x00000000,0,0,0,0,0,0x00000000,0,0,0,0,0,0x00000000,0,0,0,0
6000334,6000334,1,\[en],168825858,0x0A101402,0,161,5,2,0,0x00000000,0,0,0,0,0,0x00000000,0,0,0,0,0,0x00000000,0,0,0,0,0,0x00000000,0,0,0,0,0,0x00000000,0,0,0,0,0,0x00000000,0,0,0,0
6000335,6000335,1,\[en],210765844,0x0C900814,0,201,2,20,236979210,0x0E20040A,0,226,1,10,0,0x00000000,0,0,0,0,0,0x00000000,0,0,0,0,0,0x00000000,0,0,0,0,231736332,0x0DD0040C,0,221,1,12,0,0x00000000,0,0,0,0
6000336,6000336,1,\[en],210765844,0x0C900814,0,201,2,20,236979210,0x0E20040A,0,226,1,10,0,0x00000000,0,0,0,0,0,0x00000000,0,0,0,0,0,0x00000000,0,0,0,0,231736332,0x0DD0040C,0,221,1,12,0,0x00000000,0,0,0,0
6000337,6000337,1,\[en],347079691,0x14B0040B,0,331,1,11,0,0x00000000,0,0,0,0,0,0x00000000,0,0,0,0,0,0x00000000,0,0,0,0,0,0x00000000,0,0,0,0,0,0x00000000,0,0,0,0,0,0x00000000,0,0,0,0
6000338,6000338,1,\[en],347079691,0x14B0040B,0,331,1,11,0,0x00000000,0,0,0,0,0,0x00000000,0,0,0,0,0,0x00000000,0,0,0,0,0,0x00000000,0,0,0,0,0,0x00000000,0,0,0,0,0,0x00000000,0,0,0,0
6000339,6000339,1,\[en],310379580,0x1280043C,0,296,1,60,0,0x00000000,0,0,0,0,0,0x00000000,0,0,0,0,0,0x00000000,0,0,0,0,0,0x00000000,0,0,0,0,0,0x00000000,0,0,0,0,0,0x00000000,0,0,0,0
6000340,6000340,1,\[en],310379580,0x1280043C,0,296,1,60,0,0x00000000,0,0,0,0,0,0x00000000,0,0,0,0,0,0x00000000,0,0,0,0,0,0x00000000,0,0,0,0,0,0x00000000,0,0,0,0,0,0x00000000,0,0,0,0
6000344,6000344,1,\[en],79693826,0x04C00802,0,76,2,2,32510977,0x01F01401,0,31,5,1,0,0x00000000,0,0,0,0,0,0x00000000,0,0,0,0,0,0x00000000,0,0,0,0,0,0x00000000,0,0,0,0,0,0x00000000,0,0,0,0
6000345,6000345,1,\[en],79693826,0x04C00802,0,76,2,2,32510977,0x01F01401,0,31,5,1,0,0x00000000,0,0,0,0,0,0x00000000,0,0,0,0,0,0x00000000,0,0,0,0,0,0x00000000,0,0,0,0,0,0x00000000,0,0,0,0
6000346,6000346,1,\[en],79693826,0x04C00802,0,76,2,2,32510977,0x01F01401,0,31,5,1,0,0x00000000,0,0,0,0,0,0x00000000,0,0,0,0,0,0x00000000,0,0,0,0,0,0x00000000,0,0,0,0,0,0x00000000,0,0,0,0
6000347,6000347,1,\[en],147852298,0x08D00C0A,0,141,3,10,0,0x00000000,0,0,0,0,0,0x00000000,0,0,0,0,0,0x00000000,0,0,0,0,0,0x00000000,0,0,0,0,0,0x00000000,0,0,0,0,0,0x00000000,0,0,0,0
6000348,6000348,1,\[en],147852298,0x08D00C0A,0,141,3,10,0,0x00000000,0,0,0,0,0,0x00000000,0,0,0,0,0,0x00000000,0,0,0,0,0,0x00000000,0,0,0,0,0,0x00000000,0,0,0,0,0,0x00000000,0,0,0,0
6000349,6000349,1,\[en],147851286,0x08D00816,0,141,2,22,0,0x00000000,0,0,0,0,0,0x00000000,0,0,0,0,0,0x00000000,0,0,0,0,0,0x00000000,0,0,0,0,0,0x00000000,0,0,0,0,0,0x00000000,0,0,0,0
6000350,6000350,1,\[en],147851286,0x08D00816,0,141,2,22,0,0x00000000,0,0,0,0,0,0x00000000,0,0,0,0,0,0x00000000,0,0,0,0,0,0x00000000,0,0,0,0,0,0x00000000,0,0,0,0,0,0x00000000,0,0,0,0
6000351,6000351,1,\[en],147851286,0x08D00816,0,141,2,22,0,0x00000000,0,0,0,0,0,0x00000000,0,0,0,0,0,0x00000000,0,0,0,0,0,0x00000000,0,0,0,0,0,0x00000000,0,0,0,0,0,0x00000000,0,0,0,0
6000352,6000352,1,\[en],147851286,0x08D00816,0,141,2,22,0,0x00000000,0,0,0,0,0,0x00000000,0,0,0,0,0,0x00000000,0,0,0,0,0,0x00000000,0,0,0,0,0,0x00000000,0,0,0,0,0,0x00000000,0,0,0,0
6000354,6000354,1,\[en],79695872,0x04C01000,0,76,4,0,32509962,0x01F0100A,0,31,4,10,0,0x00000000,0,0,0,0,0,0x00000000,0,0,0,0,0,0x00000000,0,0,0,0,0,0x00000000,0,0,0,0,0,0x00000000,0,0,0,0
6000355,6000355,1,\[en],294651944,0x11900828,0,281,2,40,0,0x00000000,0,0,0,0,0,0x00000000,0,0,0,0,0,0x00000000,0,0,0,0,0,0x00000000,0,0,0,0,0,0x00000000,0,0,0,0,0,0x00000000,0,0,0,0
6000356,6000356,1,\[en],79692820,0x04C00414,0,76,1,20,32507914,0x01F0080A,0,31,2,10,0,0x00000000,0,0,0,0,0,0x00000000,0,0,0,0,0,0x00000000,0,0,0,0,0,0x00000000,0,0,0,0,0,0x00000000,0,0,0,0
6000357,6000357,1,\[en],147850280,0x08D00428,0,141,1,40,0,0x00000000,0,0,0,0,0,0x00000000,0,0,0,0,0,0x00000000,0,0,0,0,0,0x00000000,0,0,0,0,0,0x00000000,0,0,0,0,0,0x00000000,0,0,0,0
6000358,6000358,1,\[en],147854356,0x08D01414,0,141,5,20,0,0x00000000,0,0,0,0,0,0x00000000,0,0,0,0,0,0x00000000,0,0,0,0,0,0x00000000,0,0,0,0,0,0x00000000,0,0,0,0,0,0x00000000,0,0,0,0
6000359,6000359,1,\[en],168823828,0x0A100C14,0,161,3,20,0,0x00000000,0,0,0,0,0,0x00000000,0,0,0,0,0,0x00000000,0,0,0,0,0,0x00000000,0,0,0,0,0,0x00000000,0,0,0,0,0,0x00000000,0,0,0,0
6000360,6000360,1,\[en],210766878,0x0C900C1E,0,201,3,30,236979210,0x0E20040A,0,226,1,10,0,0x00000000,0,0,0,0,0,0x00000000,0,0,0,0,0,0x00000000,0,0,0,0,231736332,0x0DD0040C,0,221,1,12,0,0x00000000,0,0,0,0
6000361,6000361,1,\[en],210764840,0x0C900428,0,201,1,40,236979210,0x0E20040A,0,226,1,10,0,0x00000000,0,0,0,0,0,0x00000000,0,0,0,0,0,0x00000000,0,0,0,0,231736332,0x0DD0040C,0,221,1,12,0,0x00000000,0,0,0,0
6000362,6000362,1,\[en],331351048,0x13C00408,0,316,1,8,0,0x00000000,0,0,0,0,0,0x00000000,0,0,0,0,0,0x00000000,0,0,0,0,0,0x00000000,0,0,0,0,0,0x00000000,0,0,0,0,0,0x00000000,0,0,0,0
6000366,6000366,1,\[en],243270656,0x0E800400,0,232,1,0,0,0x00000000,0,0,0,0,0,0x00000000,0,0,0,0,0,0x00000000,0,0,0,0,0,0x00000000,0,0,0,0,0,0x00000000,0,0,0,0,0,0x00000000,0,0,0,0
6000367,6000367,1,\[en],79693844,0x04C00814,0,76,2,20,0,0x00000000,0,0,0,0,0,0x00000000,0,0,0,0,0,0x00000000,0,0,0,0,0,0x00000000,0,0,0,0,0,0x00000000,0,0,0,0,0,0x00000000,0,0,0,0
6000368,6000368,1,\[en],58723339,0x03800C0B,0,56,3,11,59771915,0x03900C0B,0,57,3,11,0,0x00000000,0,0,0,0,0,0x00000000,0,0,0,0,0,0x00000000,0,0,0,0,0,0x00000000,0,0,0,0,0,0x00000000,0,0,0,0
6000369,6000369,1,\[en],310379590,0x12800446,0,296,1,70,0,0x00000000,0,0,0,0,0,0x00000000,0,0,0,0,0,0x00000000,0,0,0,0,0,0x00000000,0,0,0,0,0,0x00000000,0,0,0,0,0,0x00000000,0,0,0,0
6000370,6000370,1,\[en],331351046,0x13C00406,0,316,1,6,0,0x00000000,0,0,0,0,0,0x00000000,0,0,0,0,0,0x00000000,0,0,0,0,0,0x00000000,0,0,0,0,0,0x00000000,0,0,0,0,0,0x00000000,0,0,0,0
6000371,6000371,3210902,Nael deus Darnus,169870336,0x0A200400,0,162,1,0,0,0x00000000,0,0,0,0,0,0x00000000,0,0,0,0,0,0x00000000,0,0,0,0,0,0x00000000,0,0,0,0,0,0x00000000,0,0,0,0,0,0x00000000,0,0,0,0
6500001,6500001,1500032,Dedela,168825856,0x0A101400,0,161,5,0,0,0x00000000,0,0,0,0,0,0x00000000,0,0,0,0,0,0x00000000,0,0,0,0,0,0x00000000,0,0,0,0,0,0x00000000,0,0,0,0,0,0x00000000,0,0,0,0
6500002,6500002,1500032,Dedela,273679360,0x10500400,0,261,1,0,0,0x00000000,0,0,0,0,0,0x00000000,0,0,0,0,0,0x00000000,0,0,0,0,0,0x00000000,0,0,0,0,0,0x00000000,0,0,0,0,0,0x00000000,0,0,0,0
6500041,6500041,3207007,imperial veles,79694869,0x04C00C15,0,76,3,21,32512010,0x01F0180A,0,31,6,10,0,0x00000000,0,0,0,0,0,0x00000000,0,0,0,0,0,0x00000000,0,0,0,0,0,0x00000000,0,0,0,0,0,0x00000000,0,0,0,0
6500042,6500042,3207008,imperial myrmillo,79694869,0x04C00C15,0,76,3,21,32512010,0x01F0180A,0,31,6,10,0,0x00000000,0,0,0,0,0,0x00000000,0,0,0,0,0,0x00000000,0,0,0,0,0,0x00000000,0,0,0,0,0,0x00000000,0,0,0,0
6500045,6500045,3106608,U'Ghamaro gurneyman,331351048,0x13C00408,0,316,1,8,0,0x00000000,0,0,0,0,0,0x00000000,0,0,0,0,0,0x00000000,0,0,0,0,0,0x00000000,0,0,0,0,0,0x00000000,0,0,0,0,0,0x00000000,0,0,0,0
6500046,6500046,3106622,U'Ghamaro junkman,147850280,0x08D00428,0,141,1,40,0,0x00000000,0,0,0,0,0,0x00000000,0,0,0,0,0,0x00000000,0,0,0,0,0,0x00000000,0,0,0,0,0,0x00000000,0,0,0,0,0,0x00000000,0,0,0,0
6500047,6500047,3106627,kobold prelate,294652928,0x11900C00,0,281,3,0,0,0x00000000,0,0,0,0,0,0x00000000,0,0,0,0,0,0x00000000,0,0,0,0,0,0x00000000,0,0,0,0,0,0x00000000,0,0,0,0,0,0x00000000,0,0,0,0
6500048,6500048,3106616,U'Ghamaro overman,79693874,0x04C00832,0,76,2,50,0,0x00000000,0,0,0,0,0,0x00000000,0,0,0,0,0,0x00000000,0,0,0,0,0,0x00000000,0,0,0,0,0,0x00000000,0,0,0,0,0,0x00000000,0,0,0,0
9000001,9000001,1,\[en],79694848,0x04C00C00,0,76,3,0,32509952,0x01F01000,0,31,4,0,0,0x00000000,0,0,0,0,0,0x00000000,0,0,0,0,0,0x00000000,0,0,0,0,0,0x00000000,0,0,0,0,0,0x00000000,0,0,0,0
9000002,9000002,1,\[en],79694848,0x04C00C00,0,76,3,0,32509952,0x01F01000,0,31,4,0,0,0x00000000,0,0,0,0,0,0x00000000,0,0,0,0,0,0x00000000,0,0,0,0,0,0x00000000,0,0,0,0,0,0x00000000,0,0,0,0
9111280,9111280,1,\[en],58724352,0x03801000,0,56,4,0,59772928,0x03901000,0,57,4,0,0,0x00000000,0,0,0,0,0,0x00000000,0,0,0,0,0,0x00000000,0,0,0,0,0,0x00000000,0,0,0,0,0,0x00000000,0,0,0,0
9111301,9111301,1,\[en],79698944,0x04C01C00,0,76,7,0,32509952,0x01F01000,0,31,4,0,0,0x00000000,0,0,0,0,0,0x00000000,0,0,0,0,0,0x00000000,0,0,0,0,0,0x00000000,0,0,0,0,0,0x00000000,0,0,0,0
9113204,9113204,1,\[en],148870144,0x08DF9400,0,141,997,0,0,0x00000000,0,0,0,0,0,0x00000000,0,0,0,0,0,0x00000000,0,0,0,0,0,0x00000000,0,0,0,0,0,0x00000000,0,0,0,0,0,0x00000000,0,0,0,0
9114401,9114401,1000015,Baderon,168821780,0x0A100414,0,161,1,20,0,0x00000000,0,0,0,0,0,0x00000000,0,0,0,0,0,0x00000000,0,0,0,0,0,0x00000000,0,0,0,0,0,0x00000000,0,0,0,0,0,0x00000000,0,0,0,0
9114402,9114402,1,\[en],79694848,0x04C00C00,0,76,3,0,32509952,0x01F01000,0,31,4,0,0,0x00000000,0,0,0,0,0,0x00000000,0,0,0,0,0,0x00000000,0,0,0,0,0,0x00000000,0,0,0,0,0,0x00000000,0,0,0,0
9114403,9114403,1,\[en],79694848,0x04C00C00,0,76,3,0,32509952,0x01F01000,0,31,4,0,0,0x00000000,0,0,0,0,0,0x00000000,0,0,0,0,0,0x00000000,0,0,0,0,0,0x00000000,0,0,0,0,0,0x00000000,0,0,0,0
9114404,9114404,1,\[en],79698944,0x04C01C00,0,76,7,0,79698944,0x04C01C00,0,76,7,0,0,0x00000000,0,0,0,0,0,0x00000000,0,0,0,0,0,0x00000000,0,0,0,0,0,0x00000000,0,0,0,0,0,0x00000000,0,0,0,0
9114405,9114405,1,\[en],32509952,0x01F01000,0,31,4,0,32509952,0x01F01000,0,31,4,0,0,0x00000000,0,0,0,0,0,0x00000000,0,0,0,0,0,0x00000000,0,0,0,0,0,0x00000000,0,0,0,0,0,0x00000000,0,0,0,0
9114406,9114406,1,\[en],32509952,0x01F01000,0,31,4,0,32509952,0x01F01000,0,31,4,0,0,0x00000000,0,0,0,0,0,0x00000000,0,0,0,0,0,0x00000000,0,0,0,0,0,0x00000000,0,0,0,0,0,0x00000000,0,0,0,0
9114408,9114408,1000001,Bardolf,79694848,0x04C00C00,0,76,3,0,32509952,0x01F01000,0,31,4,0,0,0x00000000,0,0,0,0,0,0x00000000,0,0,0,0,0,0x00000000,0,0,0,0,0,0x00000000,0,0,0,0,0,0x00000000,0,0,0,0
9114412,9114412,1,\[en],79694848,0x04C00C00,0,76,3,0,32509952,0x01F01000,0,31,4,0,0,0x00000000,0,0,0,0,0,0x00000000,0,0,0,0,0,0x00000000,0,0,0,0,0,0x00000000,0,0,0,0,0,0x00000000,0,0,0,0
9114413,9114413,1,\[en],79694848,0x04C00C00,0,76,3,0,32509952,0x01F01000,0,31,4,0,0,0x00000000,0,0,0,0,0,0x00000000,0,0,0,0,0,0x00000000,0,0,0,0,0,0x00000000,0,0,0,0,0,0x00000000,0,0,0,0
9114419,9114419,1000002,Anselmet,168825856,0x0A101400,0,161,5,0,0,0x00000000,0,0,0,0,0,0x00000000,0,0,0,0,0,0x00000000,0,0,0,0,0,0x00000000,0,0,0,0,0,0x00000000,0,0,0,0,0,0x00000000,0,0,0,0
9114420,9114420,1000003,Clerebold,273679360,0x10500400,0,261,1,0,0,0x00000000,0,0,0,0,0,0x00000000,0,0,0,0,0,0x00000000,0,0,0,0,0,0x00000000,0,0,0,0,0,0x00000000,0,0,0,0,0,0x00000000,0,0,0,0
9114422,9114422,1000004,Lodewicus,79694848,0x04C00C00,0,76,3,0,0,0x00000000,0,0,0,0,0,0x00000000,0,0,0,0,0,0x00000000,0,0,0,0,0,0x00000000,0,0,0,0,0,0x00000000,0,0,0,0,0,0x00000000,0,0,0,0
9114425,9114425,1000002,Anselmet,168825856,0x0A101400,0,161,5,0,0,0x00000000,0,0,0,0,0,0x00000000,0,0,0,0,0,0x00000000,0,0,0,0,0,0x00000000,0,0,0,0,0,0x00000000,0,0,0,0,0,0x00000000,0,0,0,0
9114426,9114426,3000045,Menu Man,58724352,0x03801000,0,56,4,0,59772928,0x03901000,0,57,4,0,0,0x00000000,0,0,0,0,0,0x00000000,0,0,0,0,0,0x00000000,0,0,0,0,0,0x00000000,0,0,0,0,0,0x00000000,0,0,0,0
9114432,9114432,3000045,Menu Man,58724352,0x03801000,0,56,4,0,59772928,0x03901000,0,57,4,0,0,0x00000000,0,0,0,0,0,0x00000000,0,0,0,0,0,0x00000000,0,0,0,0,0,0x00000000,0,0,0,0,0,0x00000000,0,0,0,0
9114434,9114434,1500001,Jajaya,168825856,0x0A101400,0,161,5,0,0,0x00000000,0,0,0,0,0,0x00000000,0,0,0,0,0,0x00000000,0,0,0,0,0,0x00000000,0,0,0,0,0,0x00000000,0,0,0,0,0,0x00000000,0,0,0,0
9114466,9114466,1400012,Mimidoa,147850241,0x08D00401,0,141,1,1,0,0x00000000,0,0,0,0,0,0x00000000,0,0,0,0,0,0x00000000,0,0,0,0,0,0x00000000,0,0,0,0,0,0x00000000,0,0,0,0,0,0x00000000,0,0,0,0
9220105,9220105,1900126,Vhaso Tayuun,79697980,0x04C0183C,0,76,6,60,32514078,0x01F0201E,0,31,8,30,0,0x00000000,0,0,0,0,0,0x00000000,0,0,0,0,0,0x00000000,0,0,0,0,0,0x00000000,0,0,0,0,0,0x00000000,0,0,0,0
9220402,9220402,2,\[en],79693835,0x04C0080B,0,76,2,11,32510977,0x01F01401,0,31,5,1,0,0x00000000,0,0,0,0,0,0x00000000,0,0,0,0,0,0x00000000,0,0,0,0,0,0x00000000,0,0,0,0,0,0x00000000,0,0,0,0
9220403,9220403,2,\[en],210765827,0x0C900803,0,201,2,3,236979210,0x0E20040A,0,226,1,10,0,0x00000000,0,0,0,0,0,0x00000000,0,0,0,0,0,0x00000000,0,0,0,0,231736331,0x0DD0040B,0,221,1,11,0,0x00000000,0,0,0,0
9220404,9220404,2,\[en],147850240,0x08D00400,0,141,1,0,0,0x00000000,0,0,0,0,0,0x00000000,0,0,0,0,0,0x00000000,0,0,0,0,0,0x00000000,0,0,0,0,0,0x00000000,0,0,0,0,0,0x00000000,0,0,0,0
9220405,9220405,2,\[en],58724372,0x03801014,0,56,4,20,59772948,0x03901014,0,57,4,20,0,0x00000000,0,0,0,0,0,0x00000000,0,0,0,0,0,0x00000000,0,0,0,0,0,0x00000000,0,0,0,0,0,0x00000000,0,0,0,0
9220406,9220406,2,\[en],168821790,0x0A10041E,0,161,1,30,0,0x00000000,0,0,0,0,0,0x00000000,0,0,0,0,0,0x00000000,0,0,0,0,0,0x00000000,0,0,0,0,0,0x00000000,0,0,0,0,0,0x00000000,0,0,0,0
9220407,9220407,2,\[en],310379590,0x12800446,0,296,1,70,0,0x00000000,0,0,0,0,0,0x00000000,0,0,0,0,0,0x00000000,0,0,0,0,0,0x00000000,0,0,0,0,0,0x00000000,0,0,0,0,0,0x00000000,0,0,0,0
9220408,9220408,2,\[en],347079684,0x14B00404,0,331,1,4,0,0x00000000,0,0,0,0,0,0x00000000,0,0,0,0,0,0x00000000,0,0,0,0,0,0x00000000,0,0,0,0,0,0x00000000,0,0,0,0,0,0x00000000,0,0,0,0
