id,name_en,name_jp,id_band,class_job,req_level,compat_key,caster_state_req,dmg_attr,dmg_attr_label,dmg_attr_weight,dmg_elem,dmg_elem_label,dmg_elem_weight,dmg_class,magnitude,hp_cost,mp_cost,tp_cost,cast_time,recast_time,action_gauge,range,best_range,min_range,effect_range,recast_sep_hands,target_state_gate,p1_base,p1_grow,p2_base,p2_grow,p3_base,p3_grow,p4_base,p4_grow,effect_block_raw
0,-,コマンドなし,0xxx,0,1,1,0,-1,None,0,-1,None,0,none,0,0,0,0,0,0,0,-1,-1,0,0,false,-1,,,,,0,-1,,,84=0;85=1;86=1;87=-1;88=0;89=-1;90=0;91=-1;92=0;93=-1;94=0;95=0;96=0;97=1;98=1;99=-1;100=0;101=-1;102=0;103=-1;104=0;105=-1;106=0;107=1;108=-1;109=0;110=-1;111=0;112=-1;113=0;116=0;120=0
12002,Disengage,占有開放,12xxx,0,1,1,0,-1,None,0,-1,None,0,none,0,0,0,0,0,0,0,-1,-1,0,0,false,-1,,,,,0,-1,,,84=0;85=1;86=1;87=-1;88=0;89=-1;90=0;91=-1;92=0;93=-1;94=0;95=0;96=0;97=1;98=1;99=-1;100=0;101=-1;102=0;103=-1;104=0;105=-1;106=0;107=1;108=-1;109=0;110=-1;111=0;112=-1;113=0;116=0;120=0
12003,Open Battle Regimen,バトルレジメン開始,12xxx,0,1,1,0,-1,None,0,-1,None,0,none,0,0,0,0,0,0,0,-1,-1,0,0,false,-1,,,,,0,-1,,,84=0;85=1;86=1;87=-1;88=0;89=-1;90=0;91=-1;92=0;93=-1;94=0;95=0;96=0;97=1;98=1;99=-1;100=0;101=-1;102=0;103=-1;104=0;105=-1;106=0;107=1;108=-1;109=0;110=-1;111=0;112=-1;113=0;116=0;120=0
12004,Battle Regimen,バトルレジメン発動,12xxx,0,1,1,2,-1,None,0,-1,None,0,none,0,0,0,0,0,10,0,15,-1,0,0,false,-1,,,,,0,-1,,,84=0;85=1;86=1;87=-1;88=0;89=-1;90=0;91=-1;92=0;93=-1;94=0;95=1;96=0;97=1;98=1;99=-1;100=0;101=-1;102=0;103=-1;104=0;105=-1;106=0;107=1;108=-1;109=0;110=-1;111=0;112=-1;113=0;116=0;120=0
12005,Attribute Points,フィジカルボーナス変更,12xxx,0,1,1,0,-1,None,0,-1,None,0,none,0,0,0,0,0,0,0,-1,-1,0,0,false,-1,,,,,0,-1,,,84=0;85=1;86=1;87=-1;88=0;89=-1;90=0;91=-1;92=0;93=-1;94=0;95=0;96=0;97=1;98=1;99=-1;100=0;101=-1;102=0;103=-1;104=0;105=-1;106=0;107=1;108=-1;109=0;110=-1;111=0;112=-1;113=0;116=0;120=0
12006,Support Points,ブーストポイント変更,12xxx,0,1,1,0,-1,None,0,-1,None,0,none,0,0,0,0,0,0,0,-1,-1,0,0,false,-1,,,,,0,-1,,,84=0;85=1;86=1;87=-1;88=0;89=-1;90=0;91=-1;92=0;93=-1;94=0;95=0;96=0;97=1;98=1;99=-1;100=0;101=-1;102=0;103=-1;104=0;105=-1;106=0;107=1;108=-1;109=0;110=-1;111=0;112=-1;113=0;116=0;120=0
12007,Skill Change,スキル変更,12xxx,0,1,1,1,-1,None,0,-1,None,0,none,3,0,0,0,0,0,0,-1,-1,0,0,false,-1,,,,,0,-1,,,84=3;85=1;86=1;87=-1;88=0;89=-1;90=0;91=-1;92=0;93=-1;94=0;95=1;96=3;97=1;98=1;99=-1;100=0;101=-1;102=0;103=-1;104=0;105=-1;106=0;107=1;108=-1;109=0;110=-1;111=0;112=-1;113=0;116=0;120=0
12008,Call for Help,救援要請,12xxx,0,1,1,0,-1,None,0,-1,None,0,none,0,0,0,0,0,0,0,-1,-1,0,0,false,-1,,,,,0,-1,,,84=0;85=1;86=1;87=-1;88=0;89=-1;90=0;91=-1;92=0;93=-1;94=0;95=1;96=0;97=1;98=1;99=-1;100=0;101=-1;102=0;103=-1;104=0;105=-1;106=0;107=1;108=-1;109=0;110=-1;111=0;112=-1;113=0;116=0;120=0
12009,Equip,装備,12xxx,0,1,1,1,-1,None,0,-1,None,0,none,0,0,0,0,0,0,0,-1,-1,0,0,false,-1,,,,,0,-1,,,84=0;85=1;86=1;87=-1;88=0;89=-1;90=0;91=-1;92=0;93=-1;94=0;95=1;96=0;97=1;98=1;99=-1;100=0;101=-1;102=0;103=-1;104=0;105=-1;106=0;107=1;108=-1;109=0;110=-1;111=0;112=-1;113=0;116=0;120=0
12010,Set Abilities,アビリティ装備,12xxx,0,1,1,1,-1,None,0,-1,None,0,none,0,0,0,0,0,0,0,-1,-1,0,0,false,-1,,,,,0,-1,,,84=0;85=1;86=1;87=-1;88=0;89=-1;90=0;91=-1;92=0;93=-1;94=0;95=1;96=0;97=1;98=1;99=-1;100=0;101=-1;102=0;103=-1;104=0;105=-1;106=0;107=1;108=-1;109=0;110=-1;111=0;112=-1;113=0;116=0;120=0
12011,Enemy Marks,マーキング,12xxx,0,1,1,0,-1,None,0,-1,None,0,none,0,0,0,0,0,0,0,-1,-1,0,0,false,-1,,,,,0,-1,,,84=0;85=1;86=1;87=-1;88=0;89=-1;90=0;91=-1;92=0;93=-1;94=0;95=0;96=0;97=1;98=1;99=-1;100=0;101=-1;102=0;103=-1;104=0;105=-1;106=0;107=1;108=-1;109=0;110=-1;111=0;112=-1;113=0;116=0;120=0
12013,***,装備一部表示非表示,12xxx,0,1,1,1,-1,None,0,-1,None,0,none,0,0,0,0,0,0,0,-1,-1,0,0,false,-1,,,,,0,-1,,,84=0;85=1;86=1;87=-1;88=0;89=-1;90=0;91=-1;92=0;93=-1;94=0;95=0;96=0;97=1;98=1;99=-1;100=0;101=-1;102=0;103=-1;104=0;105=-1;106=0;107=1;108=-1;109=0;110=-1;111=0;112=-1;113=0;116=0;120=0
12014,***,***,12xxx,0,1,1,1,-1,None,0,-1,None,0,none,0,0,0,0,0,0,0,-1,-1,0,0,false,-1,,,,,0,-1,,,84=0;85=1;86=1;87=-1;88=0;89=-1;90=0;91=-1;92=0;93=-1;94=0;95=0;96=0;97=1;98=1;99=-1;100=0;101=-1;102=0;103=-1;104=0;105=-1;106=0;107=1;108=-1;109=0;110=-1;111=0;112=-1;113=0;116=0;120=0
12015,***,***,12xxx,0,1,1,1,-1,None,0,-1,None,0,none,0,0,0,0,0,0,0,-1,-1,0,0,false,-1,,,,,0,-1,,,84=0;85=1;86=1;87=-1;88=0;89=-1;90=0;91=-1;92=0;93=-1;94=0;95=0;96=0;97=1;98=1;99=-1;100=0;101=-1;102=0;103=-1;104=0;105=-1;106=0;107=1;108=-1;109=0;110=-1;111=0;112=-1;113=0;116=0;120=0
12016,Queue Command,先行入力,12xxx,0,1,1,1,-1,None,0,-1,None,0,none,0,0,0,0,0,0,0,-1,-1,0,0,false,-1,,,,,0,-1,,,84=0;85=1;86=1;87=-1;88=0;89=-1;90=0;91=-1;92=0;93=-1;94=0;95=0;96=0;97=1;98=1;99=-1;100=0;101=-1;102=0;103=-1;104=0;105=-1;106=0;107=1;108=-1;109=0;110=-1;111=0;112=-1;113=0;116=0;120=0
12017,Job Change,ジョブチェンジ,12xxx,0,1,1,1,-1,None,0,-1,None,0,none,0,0,0,0,0,0,0,-1,-1,0,0,false,-1,,,,,0,-1,,,84=0;85=1;86=1;87=-1;88=0;89=-1;90=0;91=-1;92=0;93=-1;94=0;95=0;96=0;97=1;98=1;99=-1;100=0;101=-1;102=0;103=-1;104=0;105=-1;106=0;107=1;108=-1;109=0;110=-1;111=0;112=-1;113=0;116=0;120=0
21001,Active Mode,アクティブモード,21xxx,0,1,1,0,-1,None,0,-1,None,0,none,0,0,0,0,0,0,0,-1,-1,0,0,false,-1,,,,,0,-1,,,84=0;85=1;86=1;87=-1;88=0;89=-1;90=0;91=-1;92=0;93=-1;94=0;95=0;96=0;97=1;98=1;99=-1;100=0;101=-1;102=0;103=-1;104=0;105=-1;106=0;107=1;108=-1;109=0;110=-1;111=0;112=-1;113=0;116=0;120=0
21002,Passive Mode,パッシブモード,21xxx,0,1,1,0,-1,None,0,-1,None,0,none,0,0,0,0,0,0,0,-1,-1,0,0,false,-1,,,,,0,-1,,,84=0;85=1;86=1;87=-1;88=0;89=-1;90=0;91=-1;92=0;93=-1;94=0;95=0;96=0;97=1;98=1;99=-1;100=0;101=-1;102=0;103=-1;104=0;105=-1;106=0;107=1;108=-1;109=0;110=-1;111=0;112=-1;113=0;116=0;120=0
21003,Rest,レスティング,21xxx,0,1,1,0,-1,None,0,-1,None,0,none,0,0,0,0,5,0,0,-1,-1,0,0,false,-1,,,,,0,-1,,,84=0;85=1;86=1;87=-1;88=0;89=-1;90=0;91=-1;92=0;93=-1;94=0;95=0;96=0;97=1;98=1;99=-1;100=0;101=-1;102=0;103=-1;104=0;105=-1;106=0;107=1;108=-1;109=0;110=-1;111=0;112=-1;113=0;116=0;120=0
21004,Wake,レスティング解除,21xxx,0,1,1,0,-1,None,0,-1,None,0,none,0,0,0,0,2,0,0,-1,-1,0,0,false,-1,,,,,0,-1,,,84=0;85=1;86=1;87=-1;88=0;89=-1;90=0;91=-1;92=0;93=-1;94=0;95=0;96=0;97=1;98=1;99=-1;100=0;101=-1;102=0;103=-1;104=0;105=-1;106=0;107=1;108=-1;109=0;110=-1;111=0;112=-1;113=0;116=0;120=0
21005,Rush,速唱,21xxx,0,1,1,0,-1,None,0,-1,None,0,none,0,0,0,0,0,0,0,-1,-1,0,0,false,-1,,,,,0,-1,,,84=0;85=1;86=1;87=-1;88=0;89=-1;90=0;91=-1;92=0;93=-1;94=0;95=0;96=0;97=1;98=1;99=-1;100=0;101=-1;102=0;103=-1;104=0;105=-1;106=0;107=1;108=-1;109=0;110=-1;111=0;112=-1;113=0;116=0;120=0
21006,Interrupt,詠唱中断,21xxx,0,1,1,0,-1,None,0,-1,None,0,none,0,0,0,0,0,0,0,-1,-1,0,0,false,-1,,,,,0,-1,,,84=0;85=1;86=1;87=-1;88=0;89=-1;90=0;91=-1;92=0;93=-1;94=0;95=0;96=0;97=1;98=1;99=-1;100=0;101=-1;102=0;103=-1;104=0;105=-1;106=0;107=1;108=-1;109=0;110=-1;111=0;112=-1;113=0;116=0;120=0
21007,Use Item,アイテム,21xxx,0,1,1,0,-1,None,0,-1,None,0,none,0,0,0,0,0,0,7,15,5,0,0,false,-1,,,,,0,-1,,,84=0;85=1;86=1;87=-1;88=0;89=-1;90=0;91=-1;92=0;93=-1;94=0;95=0;96=0;97=1;98=1;99=-1;100=0;101=-1;102=0;103=-1;104=0;105=-1;106=0;107=1;108=-1;109=0;110=-1;111=0;112=-1;113=0;116=0;120=60
21008,Use Item,オートアタックターゲット変更,21xxx,0,1,1,0,-1,None,0,-1,None,0,none,0,0,0,0,0,0,0,-1,-1,0,0,false,-1,,,,,0,-1,,,84=0;85=1;86=1;87=-1;88=0;89=-1;90=0;91=-1;92=0;93=-1;94=0;95=0;96=0;97=1;98=1;99=-1;100=0;101=-1;102=0;103=-1;104=0;105=-1;106=0;107=1;108=-1;109=0;110=-1;111=0;112=-1;113=0;116=0;120=60
22001,Synthesize,製作,22xxx,0,1,1,1,-1,None,0,-1,None,0,none,0,0,0,0,0,0,0,-1,-1,0,0,false,30,,,,,0,-1,,,84=0;85=1;86=1;87=-1;88=0;89=-1;90=0;91=-1;92=0;93=-1;94=0;95=0;96=0;97=1;98=1;99=-1;100=0;101=-1;102=0;103=-1;104=0;105=-1;106=0;107=1;108=-1;109=0;110=-1;111=0;112=-1;113=0;116=0;120=0
22002,Mine,採掘,22xxx,0,1,1,1,-1,None,0,-1,None,0,none,0,0,0,0,0,0,0,-1,-1,0,0,false,50,,,,,0,-1,,,84=0;85=1;86=1;87=-1;88=0;89=-1;90=0;91=-1;92=0;93=-1;94=0;95=0;96=0;97=1;98=1;99=-1;100=0;101=-1;102=0;103=-1;104=0;105=-1;106=0;107=1;108=-1;109=0;110=-1;111=0;112=-1;113=0;116=0;120=0
22003,Log,採取,22xxx,0,1,1,1,-1,None,0,-1,None,0,none,0,0,0,0,0,0,0,-1,-1,0,0,false,50,,,,,0,-1,,,84=0;85=1;86=1;87=-1;88=0;89=-1;90=0;91=-1;92=0;93=-1;94=0;95=0;96=0;97=1;98=1;99=-1;100=0;101=-1;102=0;103=-1;104=0;105=-1;106=0;107=1;108=-1;109=0;110=-1;111=0;112=-1;113=0;116=0;120=0
22004,Fish,釣り,22xxx,0,1,1,1,-1,None,0,-1,None,0,none,0,0,0,0,0,0,0,-1,-1,0,0,false,50,,,,,0,-1,,,84=0;85=1;86=1;87=-1;88=0;89=-1;90=0;91=-1;92=0;93=-1;94=0;95=0;96=0;97=1;98=1;99=-1;100=0;101=-1;102=0;103=-1;104=0;105=-1;106=0;107=1;108=-1;109=0;110=-1;111=0;112=-1;113=0;116=0;120=0
22005,Herd,牧獣,22xxx,0,1,1,1,-1,None,0,-1,None,0,none,0,0,0,0,0,0,0,-1,-1,0,0,false,50,,,,,0,-1,,,84=0;85=1;86=1;87=-1;88=0;89=-1;90=0;91=-1;92=0;93=-1;94=0;95=0;96=0;97=1;98=1;99=-1;100=0;101=-1;102=0;103=-1;104=0;105=-1;106=0;107=1;108=-1;109=0;110=-1;111=0;112=-1;113=0;116=0;120=0
22006,Quarry,採掘２,22xxx,0,1,1,1,-1,None,0,-1,None,0,none,0,0,0,0,0,0,0,-1,-1,0,0,false,-1,,,,,0,-1,,,84=0;85=1;86=1;87=-1;88=0;89=-1;90=0;91=-1;92=0;93=-1;94=0;95=0;96=0;97=1;98=1;99=-1;100=0;101=-1;102=0;103=-1;104=0;105=-1;106=0;107=1;108=-1;109=0;110=-1;111=0;112=-1;113=0;116=0;120=0
22007,Harvest,採取２,22xxx,0,1,1,1,-1,None,0,-1,None,0,none,0,0,0,0,0,0,0,-1,-1,0,0,false,-1,,,,,0,-1,,,84=0;85=1;86=1;87=-1;88=0;89=-1;90=0;91=-1;92=0;93=-1;94=0;95=0;96=0;97=1;98=1;99=-1;100=0;101=-1;102=0;103=-1;104=0;105=-1;106=0;107=1;108=-1;109=0;110=-1;111=0;112=-1;113=0;116=0;120=0
22008,Spearfish,釣り２,22xxx,0,1,1,1,-1,None,0,-1,None,0,none,0,0,0,0,0,0,0,-1,-1,0,0,false,-1,,,,,0,-1,,,84=0;85=1;86=1;87=-1;88=0;89=-1;90=0;91=-1;92=0;93=-1;94=0;95=0;96=0;97=1;98=1;99=-1;100=0;101=-1;102=0;103=-1;104=0;105=-1;106=0;107=1;108=-1;109=0;110=-1;111=0;112=-1;113=0;116=0;120=0
22009,Herd 2,牧獣２,22xxx,0,1,1,1,-1,None,0,-1,None,0,none,0,0,0,0,0,0,0,-1,-1,0,0,false,-1,,,,,0,-1,,,84=0;85=1;86=1;87=-1;88=0;89=-1;90=0;91=-1;92=0;93=-1;94=0;95=0;96=0;97=1;98=1;99=-1;100=0;101=-1;102=0;103=-1;104=0;105=-1;106=0;107=1;108=-1;109=0;110=-1;111=0;112=-1;113=0;116=0;120=0
22010,Heightened Senses,感知強化,22xxx,0,1,1,0,-1,None,0,-1,None,0,none,0,0,0,0,0,0,0,-1,-1,0,0,false,-1,,,,,0,-1,,,84=0;85=1;86=1;87=-1;88=0;89=-1;90=0;91=-1;92=0;93=-1;94=0;95=0;96=0;97=1;98=1;99=-1;100=0;101=-1;102=0;103=-1;104=0;105=-1;106=0;107=1;108=-1;109=0;110=-1;111=0;112=-1;113=0;116=0;120=0
22011,Caution,警戒,22xxx,0,1,1,1,-1,None,0,-1,None,0,none,0,0,0,0,0,0,0,-1,-1,0,0,false,81,,,,,0,-1,,,84=0;85=1;86=1;87=-1;88=0;89=-1;90=0;91=-1;92=0;93=-1;94=0;95=0;96=0;97=1;98=1;99=-1;100=0;101=-1;102=0;103=-1;104=0;105=-1;106=0;107=1;108=-1;109=0;110=-1;111=0;112=-1;113=0;116=0;120=0
22012,Bazaar,バザー修理,22xxx,0,1,1,1,-1,None,0,-1,None,0,none,0,0,0,0,0,0,0,-1,-1,0,0,false,-1,,,,,0,-1,,,84=0;85=1;86=1;87=-1;88=0;89=-1;90=0;91=-1;92=0;93=-1;94=0;95=0;96=0;97=1;98=1;99=-1;100=0;101=-1;102=0;103=-1;104=0;105=-1;106=0;107=1;108=-1;109=0;110=-1;111=0;112=-1;113=0;116=0;120=0
22013,Repair,修理,22xxx,0,1,1,1,-1,None,0,-1,None,0,none,0,0,0,0,0,0,0,-1,-1,0,0,false,-1,,,,,0,-1,,,84=0;85=1;86=1;87=-1;88=0;89=-1;90=0;91=-1;92=0;93=-1;94=0;95=0;96=0;97=1;98=1;99=-1;100=0;101=-1;102=0;103=-1;104=0;105=-1;106=0;107=1;108=-1;109=0;110=-1;111=0;112=-1;113=0;116=0;120=0
22014,Meld Materia,マテリア装着,22xxx,0,1,1,1,-1,None,0,-1,None,0,none,0,0,0,0,0,0,0,-1,-1,0,0,false,30,,,,,0,-1,,,84=0;85=1;86=1;87=-1;88=0;89=-1;90=0;91=-1;92=0;93=-1;94=0;95=0;96=0;97=1;98=1;99=-1;100=0;101=-1;102=0;103=-1;104=0;105=-1;106=0;107=1;108=-1;109=0;110=-1;111=0;112=-1;113=0;116=0;120=0
22015,***,マテリア装着成功率問い合わせ用,22xxx,0,1,1,1,-1,None,0,-1,None,0,none,0,0,0,0,0,0,0,-1,-1,0,0,false,-1,,,,,0,-1,,,84=0;85=1;86=1;87=-1;88=0;89=-1;90=0;91=-1;92=0;93=-1;94=0;95=0;96=0;97=1;98=1;99=-1;100=0;101=-1;102=0;103=-1;104=0;105=-1;106=0;107=1;108=-1;109=0;110=-1;111=0;112=-1;113=0;116=0;120=0
22016,Meld Materia,マテリア装着実行,22xxx,0,1,1,1,-1,None,0,-1,None,0,none,0,0,0,0,0,0,0,-1,-1,0,0,false,30,,,,,0,-1,,,84=0;85=1;86=1;87=-1;88=0;89=-1;90=0;91=-1;92=0;93=-1;94=0;95=0;96=0;97=1;98=1;99=-1;100=0;101=-1;102=0;103=-1;104=0;105=-1;106=0;107=1;108=-1;109=0;110=-1;111=0;112=-1;113=0;116=0;120=0
22101,Unarmed,すっぴん攻撃,22xxx,1,1,113,2,-1,None,0,-1,None,0,none,0,0,0,0,0,0,0,5,-1,0,0,false,-1,,,,,0,-1,,,84=0;85=1;86=1;87=-1;88=0;89=-1;90=0;91=-1;92=0;93=-1;94=0;95=1;96=0;97=1;98=1;99=-1;100=0;101=-1;102=0;103=-1;104=0;105=-1;106=0;107=1;108=-1;109=0;110=-1;111=0;112=-1;113=0;116=0;120=60
22102,Heavy Strike,正拳,22xxx,2,1,113,2,-1,None,0,-1,None,0,none,0,0,0,0,0,3,3,5,-1,0,0,false,-1,,,,,0,-1,,,84=0;85=1;86=1;87=-1;88=0;89=-1;90=0;91=-1;92=0;93=-1;94=0;95=1;96=0;97=1;98=1;99=-1;100=0;101=-1;102=0;103=-1;104=0;105=-1;106=0;107=1;108=-1;109=0;110=-1;111=0;112=-1;113=0;116=0;120=60
22103,Light Slash,ライトスラッシュ,22xxx,3,1,113,2,-1,None,0,-1,None,0,none,0,0,0,0,0,2.5,3,5,-1,0,0,false,-1,,,,,0,-1,,,84=0;85=1;86=1;87=-1;88=0;89=-1;90=0;91=-1;92=0;93=-1;94=0;95=1;96=0;97=1;98=1;99=-1;100=0;101=-1;102=0;103=-1;104=0;105=-1;106=0;107=1;108=-1;109=0;110=-1;111=0;112=-1;113=0;116=0;120=60
22104,Attack,攻撃,22xxx,0,100,1,2,-1,None,0,-1,None,0,none,0,0,0,0,0,0,5,5,-1,0,0,false,-1,,,,,0,-1,,,84=0;85=1;86=1;87=-1;88=0;89=-1;90=0;91=-1;92=0;93=-1;94=0;95=1;96=0;97=1;98=1;99=-1;100=0;101=-1;102=0;103=-1;104=0;105=-1;106=0;107=1;108=-1;109=0;110=-1;111=0;112=-1;113=0;116=0;120=60
22105,Light Swing,スウィング,22xxx,4,1,113,2,-1,None,0,-1,None,0,none,0,0,0,0,0,4,3,5,-1,0,0,false,-1,,,,,0,-1,,,84=0;85=1;86=1;87=-1;88=0;89=-1;90=0;91=-1;92=0;93=-1;94=0;95=1;96=0;97=1;98=1;99=-1;100=0;101=-1;102=0;103=-1;104=0;105=-1;106=0;107=1;108=-1;109=0;110=-1;111=0;112=-1;113=0;116=0;120=60
22106,***,決闘攻撃,22xxx,5,1,113,2,-1,None,0,-1,None,0,none,0,0,0,0,0,3,3,5,-1,0,0,false,-1,,,,,0,-1,,,84=0;85=1;86=1;87=-1;88=0;89=-1;90=0;91=-1;92=0;93=-1;94=0;95=1;96=0;97=1;98=1;99=-1;100=0;101=-1;102=0;103=-1;104=0;105=-1;106=0;107=1;108=-1;109=0;110=-1;111=0;112=-1;113=0;116=0;120=60
22107,Bludgeon,棍攻撃,22xxx,6,1,113,2,-1,None,0,-1,None,0,none,0,0,0,0,0,3,3,5,-1,0,0,false,-1,,,,,0,-1,,,84=0;85=1;86=1;87=-1;88=0;89=-1;90=0;91=-1;92=0;93=-1;94=0;95=1;96=0;97=1;98=1;99=-1;100=0;101=-1;102=0;103=-1;104=0;105=-1;106=0;107=1;108=-1;109=0;110=-1;111=0;112=-1;113=0;116=0;120=60
22108,Light Shot,ショット,22xxx,7,1,113,2,-1,None,0,-1,None,0,none,0,0,0,0,0,4.5,3,20,-1,0,0,false,-1,,,,,0,-1,,,84=0;85=1;86=1;87=-1;88=0;89=-1;90=0;91=-1;92=0;93=-1;94=0;95=1;96=0;97=1;98=1;99=-1;100=0;101=-1;102=0;103=-1;104=0;105=-1;106=0;107=1;108=-1;109=0;110=-1;111=0;112=-1;113=0;116=0;120=60
22109,Light Thrust,スラスト,22xxx,8,1,113,2,-1,None,0,-1,None,0,none,0,0,0,0,0,3.5,3,8,-1,0,0,false,-1,,,,,0,-1,,,84=0;85=1;86=1;87=-1;88=0;89=-1;90=0;91=-1;92=0;93=-1;94=0;95=1;96=0;97=1;98=1;99=-1;100=0;101=-1;102=0;103=-1;104=0;105=-1;106=0;107=1;108=-1;109=0;110=-1;111=0;112=-1;113=0;116=0;120=60
22110,Discharge,銃攻撃,22xxx,9,1,113,2,-1,None,0,-1,None,0,none,0,0,0,0,0,0,3,8,-1,0,0,false,-1,,,,,0,-1,,,84=0;85=1;86=1;87=-1;88=0;89=-1;90=0;91=-1;92=0;93=-1;94=0;95=1;96=0;97=1;98=1;99=-1;100=0;101=-1;102=0;103=-1;104=0;105=-1;106=0;107=1;108=-1;109=0;110=-1;111=0;112=-1;113=0;116=0;120=60
22111,Guard,ガード,22xxx,10,1,113,2,-1,None,0,-1,None,0,none,0,0,0,0,0,0,1.5,-1,-1,0,0,false,-1,,,,,0,-1,,,84=0;85=1;86=1;87=-1;88=0;89=-1;90=0;91=-1;92=0;93=-1;94=0;95=1;96=0;97=1;98=1;99=-1;100=0;101=-1;102=0;103=-1;104=0;105=-1;106=0;107=1;108=-1;109=0;110=-1;111=0;112=-1;113=0;116=0;120=60
22112,Block,ブロック,22xxx,10,1,1,2,-1,None,0,-1,None,0,none,0,0,0,0,0,0,0,5,-1,0,0,false,-1,,,,,0,-1,,,84=0;85=1;86=1;87=-1;88=0;89=-1;90=0;91=-1;92=0;93=-1;94=0;95=1;96=0;97=1;98=1;99=-1;100=0;101=-1;102=0;103=-1;104=0;105=-1;106=0;107=1;108=-1;109=0;110=-1;111=0;112=-1;113=0;116=0;120=60
22113,Throw,投擲,22xxx,0,1,1,2,-1,None,0,-1,None,0,none,0,0,0,0,0,5,3.5,8,-1,0,0,false,-1,,,,,0,-1,,,84=0;85=1;86=1;87=-1;88=0;89=-1;90=0;91=-1;92=0;93=-1;94=0;95=1;96=0;97=1;98=1;99=-1;100=0;101=-1;102=0;103=-1;104=0;105=-1;106=0;107=1;108=-1;109=0;110=-1;111=0;112=-1;113=0;116=0;120=60
22114,Stone Throw,つぶて打ち,22xxx,0,1,1,2,4,Projectile,1,-1,None,0,physical,50,0,0,0,0,5,3.5,12,-1,0,0,false,-1,,,,,0,-1,,,84=50;85=1;86=1;87=-1;88=0;89=-1;90=0;91=-1;92=0;93=-1;94=0;95=0;96=100;97=1;98=1;99=-1;100=0;101=-1;102=0;103=-1;104=0;105=-1;106=0;107=0;108=4;109=1;110=-1;111=0;112=-1;113=0;116=0;120=60
22301,Magic Missile,マジックミサイル,22xxx,0,1,1,2,-1,None,0,-1,None,0,none,0,0,0,0,0,0,3.5,15,-1,0,0,false,-1,,,,,0,-1,,,84=0;85=1;86=1;87=-1;88=0;89=-1;90=0;91=-1;92=0;93=-1;94=0;95=1;96=0;97=1;98=1;99=-1;100=0;101=-1;102=0;103=-1;104=0;105=-1;106=0;107=1;108=-1;109=0;110=-1;111=0;112=-1;113=0;116=0;120=60
22302,Phantom Dart,ファントムダート,22xxx,22,1,113,2,-1,None,0,-1,None,0,none,0,0,0,0,0,10,0,15,-1,0,0,false,-1,,,,,0,-1,,,84=0;85=1;86=1;87=-1;88=0;89=-1;90=0;91=-1;92=0;93=-1;94=0;95=1;96=0;97=1;98=1;99=-1;100=0;101=-1;102=0;103=-1;104=0;105=-1;106=0;107=1;108=-1;109=0;110=-1;111=0;112=-1;113=0;116=0;120=60
22303,Spirit Dart,スピリットダート,22xxx,23,1,113,2,-1,None,0,-1,None,0,none,0,0,0,0,0,10,0,15,-1,0,0,false,-1,,,,,0,-1,,,84=0;85=1;86=1;87=-1;88=0;89=-1;90=0;91=-1;92=0;93=-1;94=0;95=1;96=0;97=1;98=1;99=-1;100=0;101=-1;102=0;103=-1;104=0;105=-1;106=0;107=1;108=-1;109=0;110=-1;111=0;112=-1;113=0;116=0;120=60
22304,Magic Missile,マジックミサイル,22xxx,0,1,1,2,-1,None,0,-1,None,0,none,0,0,0,0,0,0,3.5,15,-1,0,0,false,-1,,,,,0,-1,,,84=0;85=1;86=1;87=-1;88=0;89=-1;90=0;91=-1;92=0;93=-1;94=0;95=1;96=0;97=1;98=1;99=-1;100=0;101=-1;102=0;103=-1;104=0;105=-1;106=0;107=1;108=-1;109=0;110=-1;111=0;112=-1;113=0;116=0;120=60
22305,Magic Missile,マジックミサイル,22xxx,0,1,1,2,-1,None,0,-1,None,0,none,0,0,0,0,0,0,3.5,15,-1,0,0,false,-1,,,,,0,-1,,,84=0;85=1;86=1;87=-1;88=0;89=-1;90=0;91=-1;92=0;93=-1;94=0;95=1;96=0;97=1;98=1;99=-1;100=0;101=-1;102=0;103=-1;104=0;105=-1;106=0;107=1;108=-1;109=0;110=-1;111=0;112=-1;113=0;116=0;120=60
22306,Magic Missile,マジックミサイル,22xxx,0,1,1,2,-1,None,0,-1,None,0,none,0,0,0,0,0,0,3.5,15,-1,0,0,false,-1,,,,,0,-1,,,84=0;85=1;86=1;87=-1;88=0;89=-1;90=0;91=-1;92=0;93=-1;94=0;95=1;96=0;97=1;98=1;99=-1;100=0;101=-1;102=0;103=-1;104=0;105=-1;106=0;107=1;108=-1;109=0;110=-1;111=0;112=-1;113=0;116=0;120=60
22308,Create Distaff,巴術アイテム作成,22xxx,24,1,1,2,-1,None,0,-1,None,0,none,0,0,0,0,0,0,3.5,-1,-1,0,0,false,-1,,,,,0,-1,,,84=0;85=1;86=1;87=-1;88=0;89=-1;90=0;91=-1;92=0;93=-1;94=0;95=1;96=0;97=1;98=1;99=-1;100=0;101=-1;102=0;103=-1;104=0;105=-1;106=0;107=1;108=-1;109=0;110=-1;111=0;112=-1;113=0;116=0;120=0
22309,Animate Distaff,巴術アイテム使用,22xxx,24,1,1,2,-1,None,0,-1,None,0,none,0,0,0,0,0,0,3.5,-1,-1,0,0,false,-1,,,,,0,-1,,,84=0;85=1;86=1;87=-1;88=0;89=-1;90=0;91=-1;92=0;93=-1;94=0;95=1;96=0;97=1;98=1;99=-1;100=0;101=-1;102=0;103=-1;104=0;105=-1;106=0;107=1;108=-1;109=0;110=-1;111=0;112=-1;113=0;116=0;120=0
22310,Refill,矢籠め,22xxx,7,1,113,0,-1,None,0,-1,None,0,none,0,0,0,0,0,0,0,-1,-1,0,0,false,-1,,,,,0,-1,,,84=0;85=1;86=1;87=-1;88=0;89=-1;90=0;91=-1;92=0;93=-1;94=0;95=1;96=0;97=1;98=1;99=-1;100=0;101=-1;102=0;103=-1;104=0;105=-1;106=0;107=1;108=-1;109=0;110=-1;111=0;112=-1;113=0;116=0;120=0
22501,Quit,合成終了,22xxx,0,1,1,3,-1,None,0,-1,None,0,none,0,0,0,0,0,0,0,-1,-1,0,0,false,-1,,,,,0,-1,,,84=0;85=0;86=0;87=-1;88=0;89=-1;90=0;91=-1;92=0;93=-1;94=0;95=0;96=100;97=0;98=0;99=-1;100=0;101=-1;102=0;103=-1;104=0;105=-1;106=0;107=1;108=-1;109=0;110=-1;111=0;112=-1;113=0;116=0;120=0
22502,Cancel,製作中断,22xxx,0,1,1,3,-1,None,0,-1,None,0,none,0,0,0,0,0,0,0,-1,-1,0,0,false,-1,,,,,0,-1,,,84=0;85=0;86=0;87=-1;88=0;89=-1;90=0;91=-1;92=0;93=-1;94=0;95=0;96=100;97=0;98=0;99=-1;100=0;101=-1;102=0;103=-1;104=0;105=-1;106=0;107=1;108=-1;109=0;110=-1;111=0;112=-1;113=0;116=0;120=0
22503,Finish,完成,22xxx,0,1,1,3,-1,None,0,-1,None,0,none,0,0,0,0,0,0,0,-1,-1,0,0,false,-1,,,,,0,-1,,,84=0;85=0;86=0;87=-1;88=0;89=-1;90=0;91=-1;92=0;93=-1;94=0;95=0;96=100;97=0;98=0;99=-1;100=0;101=-1;102=0;103=-1;104=0;105=-1;106=0;107=1;108=-1;109=0;110=-1;111=0;112=-1;113=0;116=0;120=0
22504,Double Down,ダブルダウン,22xxx,0,1,1,3,-1,None,0,-1,None,0,none,0,0,0,0,0,0,0,-1,-1,0,0,false,-1,,,,,0,-1,,,84=0;85=0;86=0;87=-1;88=0;89=-1;90=0;91=-1;92=0;93=-1;94=0;95=0;96=100;97=0;98=0;99=-1;100=0;101=-1;102=0;103=-1;104=0;105=-1;106=0;107=1;108=-1;109=0;110=-1;111=0;112=-1;113=0;116=0;120=0
22505,Inscribe,銘入れ,22xxx,0,1,1,3,-1,None,0,-1,None,0,none,0,0,0,0,0,0,0,-1,-1,0,0,false,-1,,,,,0,-1,,,84=0;85=0;86=0;87=-1;88=0;89=-1;90=0;91=-1;92=0;93=-1;94=0;95=0;96=100;97=0;98=0;99=-1;100=0;101=-1;102=0;103=-1;104=0;105=-1;106=0;107=1;108=-1;109=0;110=-1;111=0;112=-1;113=0;116=0;120=0
22506,Wait,経過観察,22xxx,0,1,1,3,-1,None,0,-1,None,0,none,0,0,0,0,0,3,0,-1,-1,0,0,false,-1,,,,,0,-1,,,84=0;85=0;86=0;87=-1;88=0;89=-1;90=0;91=-1;92=0;93=-1;94=0;95=0;96=100;97=0;98=0;99=-1;100=0;101=-1;102=0;103=-1;104=0;105=-1;106=0;107=1;108=-1;109=0;110=-1;111=0;112=-1;113=0;116=0;120=0
22507,\[Time Up],（時間切れ）,22xxx,0,1,1,3,-1,None,0,-1,None,0,none,0,0,0,0,0,3,0,-1,-1,0,0,false,-1,,,,,0,-1,,,84=0;85=0;86=0;87=-1;88=0;89=-1;90=0;91=-1;92=0;93=-1;94=0;95=0;96=100;97=0;98=0;99=-1;100=0;101=-1;102=0;103=-1;104=0;105=-1;106=0;107=1;108=-1;109=0;110=-1;111=0;112=-1;113=0;116=0;120=0
22550,Standard Synthesis,標準作業,22xxx,0,1,1,3,-1,None,0,-1,None,0,none,1,0,0,0,0,0,0,-1,-1,0,0,false,-1,,,,,1,-1,,,84=1;85=0;86=0;87=2;88=50;89=-1;90=0;91=-1;92=0;93=-1;94=0;95=0;96=100;97=0;98=0;99=-1;100=0;101=-1;102=0;103=-1;104=0;105=-1;106=0;107=1;108=-1;109=0;110=-1;111=0;112=-1;113=0;116=0;120=0
22551,Rapid Synthesis,突貫作業,22xxx,0,1,1,3,-1,None,0,-1,None,0,none,1,0,0,0,0,0,0,-1,-1,0,0,false,-1,,,,,1,-1,,,84=1;85=0;86=0;87=2;88=50;89=-1;90=0;91=-1;92=0;93=-1;94=0;95=0;96=100;97=0;98=0;99=-1;100=0;101=-1;102=0;103=-1;104=0;105=-1;106=0;107=1;108=-1;109=0;110=-1;111=0;112=-1;113=0;116=0;120=0
22552,Careful Synthesis,入魂作業,22xxx,0,1,1,3,-1,None,0,-1,None,0,none,1,0,0,0,0,0,0,-1,-1,0,0,false,-1,,,,,1,-1,,,84=1;85=0;86=0;87=2;88=50;89=-1;90=0;91=-1;92=0;93=-1;94=0;95=0;96=100;97=0;98=0;99=-1;100=0;101=-1;102=0;103=-1;104=0;105=-1;106=0;107=1;108=-1;109=0;110=-1;111=0;112=-1;113=0;116=0;120=0
22553,Standard Synthesis,標準作業,22xxx,0,1,1,3,-1,None,0,-1,None,0,none,1,0,0,0,0,0,0,-1,-1,0,0,false,-1,,,,,1,-1,,,84=1;85=0;86=0;87=3;88=50;89=-1;90=0;91=-1;92=0;93=-1;94=0;95=0;96=100;97=0;98=0;99=-1;100=0;101=-1;102=0;103=-1;104=0;105=-1;106=0;107=1;108=-1;109=0;110=-1;111=0;112=-1;113=0;116=0;120=0
22554,Rapid Synthesis,突貫作業,22xxx,0,1,1,3,-1,None,0,-1,None,0,none,1,0,0,0,0,0,0,-1,-1,0,0,false,-1,,,,,1,-1,,,84=1;85=0;86=0;87=3;88=50;89=-1;90=0;91=-1;92=0;93=-1;94=0;95=0;96=100;97=0;98=0;99=-1;100=0;101=-1;102=0;103=-1;104=0;105=-1;106=0;107=1;108=-1;109=0;110=-1;111=0;112=-1;113=0;116=0;120=0
22555,Careful Synthesis,入魂作業,22xxx,0,1,1,3,-1,None,0,-1,None,0,none,1,0,0,0,0,0,0,-1,-1,0,0,false,-1,,,,,1,-1,,,84=1;85=0;86=0;87=3;88=50;89=-1;90=0;91=-1;92=0;93=-1;94=0;95=0;96=100;97=0;98=0;99=-1;100=0;101=-1;102=0;103=-1;104=0;105=-1;106=0;107=1;108=-1;109=0;110=-1;111=0;112=-1;113=0;116=0;120=0
22556,Standard Synthesis,標準作業,22xxx,0,1,1,3,-1,None,0,-1,None,0,none,1,0,0,0,0,0,0,-1,-1,0,0,false,-1,,,,,1,-1,,,84=1;85=0;86=0;87=1;88=50;89=-1;90=0;91=-1;92=0;93=-1;94=0;95=0;96=100;97=0;98=0;99=-1;100=0;101=-1;102=0;103=-1;104=0;105=-1;106=0;107=1;108=-1;109=0;110=-1;111=0;112=-1;113=0;116=0;120=0
22557,Rapid Synthesis,突貫作業,22xxx,0,1,1,3,-1,None,0,-1,None,0,none,1,0,0,0,0,0,0,-1,-1,0,0,false,-1,,,,,1,-1,,,84=1;85=0;86=0;87=1;88=50;89=-1;90=0;91=-1;92=0;93=-1;94=0;95=0;96=100;97=0;98=0;99=-1;100=0;101=-1;102=0;103=-1;104=0;105=-1;106=0;107=1;108=-1;109=0;110=-1;111=0;112=-1;113=0;116=0;120=0
22558,Careful Synthesis,入魂作業,22xxx,0,1,1,3,-1,None,0,-1,None,0,none,1,0,0,0,0,0,0,-1,-1,0,0,false,-1,,,,,1,-1,,,84=1;85=0;86=0;87=1;88=50;89=-1;90=0;91=-1;92=0;93=-1;94=0;95=0;96=100;97=0;98=0;99=-1;100=0;101=-1;102=0;103=-1;104=0;105=-1;106=0;107=1;108=-1;109=0;110=-1;111=0;112=-1;113=0;116=0;120=0
22559,Standard Synthesis,標準作業,22xxx,0,1,1,3,-1,None,0,-1,None,0,none,1,0,0,0,0,0,0,-1,-1,0,0,false,-1,,,,,1,-1,,,84=1;85=0;86=0;87=5;88=50;89=-1;90=0;91=-1;92=0;93=-1;94=0;95=0;96=100;97=0;98=0;99=-1;100=0;101=-1;102=0;103=-1;104=0;105=-1;106=0;107=1;108=-1;109=0;110=-1;111=0;112=-1;113=0;116=0;120=0
22560,Rapid Synthesis,突貫作業,22xxx,0,1,1,3,-1,None,0,-1,None,0,none,1,0,0,0,0,0,0,-1,-1,0,0,false,-1,,,,,1,-1,,,84=1;85=0;86=0;87=5;88=50;89=-1;90=0;91=-1;92=0;93=-1;94=0;95=0;96=100;97=0;98=0;99=-1;100=0;101=-1;102=0;103=-1;104=0;105=-1;106=0;107=1;108=-1;109=0;110=-1;111=0;112=-1;113=0;116=0;120=0
22561,Careful Synthesis,入魂作業,22xxx,0,1,1,3,-1,None,0,-1,None,0,none,1,0,0,0,0,0,0,-1,-1,0,0,false,-1,,,,,1,-1,,,84=1;85=0;86=0;87=5;88=50;89=-1;90=0;91=-1;92=0;93=-1;94=0;95=0;96=100;97=0;98=0;99=-1;100=0;101=-1;102=0;103=-1;104=0;105=-1;106=0;107=1;108=-1;109=0;110=-1;111=0;112=-1;113=0;116=0;120=0
22562,Standard Synthesis,標準作業,22xxx,0,1,1,3,-1,None,0,-1,None,0,none,1,0,0,0,0,0,0,-1,-1,0,0,false,-1,,,,,1,-1,,,84=1;85=0;86=0;87=2;88=50;89=-1;90=0;91=-1;92=0;93=-1;94=0;95=0;96=100;97=0;98=0;99=-1;100=0;101=-1;102=0;103=-1;104=0;105=-1;106=0;107=1;108=-1;109=0;110=-1;111=0;112=-1;113=0;116=0;120=0
22563,Rapid Synthesis,突貫作業,22xxx,0,1,1,3,-1,None,0,-1,None,0,none,1,0,0,0,0,0,0,-1,-1,0,0,false,-1,,,,,1,-1,,,84=1;85=0;86=0;87=2;88=50;89=-1;90=0;91=-1;92=0;93=-1;94=0;95=0;96=100;97=0;98=0;99=-1;100=0;101=-1;102=0;103=-1;104=0;105=-1;106=0;107=1;108=-1;109=0;110=-1;111=0;112=-1;113=0;116=0;120=0
22564,Careful Synthesis,入魂作業,22xxx,0,1,1,3,-1,None,0,-1,None,0,none,1,0,0,0,0,0,0,-1,-1,0,0,false,-1,,,,,1,-1,,,84=1;85=0;86=0;87=2;88=50;89=-1;90=0;91=-1;92=0;93=-1;94=0;95=0;96=100;97=0;98=0;99=-1;100=0;101=-1;102=0;103=-1;104=0;105=-1;106=0;107=1;108=-1;109=0;110=-1;111=0;112=-1;113=0;116=0;120=0
22565,Standard Synthesis,標準作業,22xxx,0,1,1,3,-1,None,0,-1,None,0,none,1,0,0,0,0,0,0,-1,-1,0,0,false,-1,,,,,1,-1,,,84=1;85=0;86=0;87=1;88=50;89=-1;90=0;91=-1;92=0;93=-1;94=0;95=0;96=100;97=0;98=0;99=-1;100=0;101=-1;102=0;103=-1;104=0;105=-1;106=0;107=1;108=-1;109=0;110=-1;111=0;112=-1;113=0;116=0;120=0
22566,Rapid Synthesis,突貫作業,22xxx,0,1,1,3,-1,None,0,-1,None,0,none,1,0,0,0,0,0,0,-1,-1,0,0,false,-1,,,,,1,-1,,,84=1;85=0;86=0;87=1;88=50;89=-1;90=0;91=-1;92=0;93=-1;94=0;95=0;96=100;97=0;98=0;99=-1;100=0;101=-1;102=0;103=-1;104=0;105=-1;106=0;107=1;108=-1;109=0;110=-1;111=0;112=-1;113=0;116=0;120=0
22567,Careful Synthesis,入魂作業,22xxx,0,1,1,3,-1,None,0,-1,None,0,none,1,0,0,0,0,0,0,-1,-1,0,0,false,-1,,,,,1,-1,,,84=1;85=0;86=0;87=1;88=50;89=-1;90=0;91=-1;92=0;93=-1;94=0;95=0;96=100;97=0;98=0;99=-1;100=0;101=-1;102=0;103=-1;104=0;105=-1;106=0;107=1;108=-1;109=0;110=-1;111=0;112=-1;113=0;116=0;120=0
22568,Standard Synthesis,標準作業,22xxx,0,1,1,3,-1,None,0,-1,None,0,none,1,0,0,0,0,0,0,-1,-1,0,0,false,-1,,,,,1,-1,,,84=1;85=0;86=0;87=3;88=50;89=-1;90=0;91=-1;92=0;93=-1;94=0;95=0;96=100;97=0;98=0;99=-1;100=0;101=-1;102=0;103=-1;104=0;105=-1;106=0;107=1;108=-1;109=0;110=-1;111=0;112=-1;113=0;116=0;120=0
22569,Rapid Synthesis,突貫作業,22xxx,0,1,1,3,-1,None,0,-1,None,0,none,1,0,0,0,0,0,0,-1,-1,0,0,false,-1,,,,,1,-1,,,84=1;85=0;86=0;87=3;88=50;89=-1;90=0;91=-1;92=0;93=-1;94=0;95=0;96=100;97=0;98=0;99=-1;100=0;101=-1;102=0;103=-1;104=0;105=-1;106=0;107=1;108=-1;109=0;110=-1;111=0;112=-1;113=0;116=0;120=0
22570,Careful Synthesis,入魂作業,22xxx,0,1,1,3,-1,None,0,-1,None,0,none,1,0,0,0,0,0,0,-1,-1,0,0,false,-1,,,,,1,-1,,,84=1;85=0;86=0;87=3;88=50;89=-1;90=0;91=-1;92=0;93=-1;94=0;95=0;96=100;97=0;98=0;99=-1;100=0;101=-1;102=0;103=-1;104=0;105=-1;106=0;107=1;108=-1;109=0;110=-1;111=0;112=-1;113=0;116=0;120=0
22571,Standard Synthesis,標準作業,22xxx,0,1,1,3,-1,None,0,-1,None,0,none,1,0,0,0,0,0,0,-1,-1,0,0,false,-1,,,,,1,-1,,,84=1;85=0;86=0;87=4;88=50;89=-1;90=0;91=-1;92=0;93=-1;94=0;95=0;96=100;97=0;98=0;99=-1;100=0;101=-1;102=0;103=-1;104=0;105=-1;106=0;107=1;108=-1;109=0;110=-1;111=0;112=-1;113=0;116=0;120=0
22572,Rapid Synthesis,突貫作業,22xxx,0,1,1,3,-1,None,0,-1,None,0,none,1,0,0,0,0,0,0,-1,-1,0,0,false,-1,,,,,1,-1,,,84=1;85=0;86=0;87=4;88=50;89=-1;90=0;91=-1;92=0;93=-1;94=0;95=0;96=100;97=0;98=0;99=-1;100=0;101=-1;102=0;103=-1;104=0;105=-1;106=0;107=1;108=-1;109=0;110=-1;111=0;112=-1;113=0;116=0;120=0
22573,Careful Synthesis,入魂作業,22xxx,0,1,1,3,-1,None,0,-1,None,0,none,1,0,0,0,0,0,0,-1,-1,0,0,false,-1,,,,,1,-1,,,84=1;85=0;86=0;87=4;88=50;89=-1;90=0;91=-1;92=0;93=-1;94=0;95=0;96=100;97=0;98=0;99=-1;100=0;101=-1;102=0;103=-1;104=0;105=-1;106=0;107=1;108=-1;109=0;110=-1;111=0;112=-1;113=0;116=0;120=0
22574,Standard Synthesis,標準作業,22xxx,0,1,1,3,-1,None,0,-1,None,0,none,1,0,0,0,0,0,0,-1,-1,0,0,false,-1,,,,,1,-1,,,84=1;85=0;86=0;87=2;88=50;89=-1;90=0;91=-1;92=0;93=-1;94=0;95=0;96=100;97=0;98=0;99=-1;100=0;101=-1;102=0;103=-1;104=0;105=-1;106=0;107=1;108=-1;109=0;110=-1;111=0;112=-1;113=0;116=0;120=0
22575,Rapid Synthesis,突貫作業,22xxx,0,1,1,3,-1,None,0,-1,None,0,none,1,0,0,0,0,0,0,-1,-1,0,0,false,-1,,,,,1,-1,,,84=1;85=0;86=0;87=2;88=50;89=-1;90=0;91=-1;92=0;93=-1;94=0;95=0;96=100;97=0;98=0;99=-1;100=0;101=-1;102=0;103=-1;104=0;105=-1;106=0;107=1;108=-1;109=0;110=-1;111=0;112=-1;113=0;116=0;120=0
22576,Careful Synthesis,入魂作業,22xxx,0,1,1,3,-1,None,0,-1,None,0,none,1,0,0,0,0,0,0,-1,-1,0,0,false,-1,,,,,1,-1,,,84=1;85=0;86=0;87=2;88=50;89=-1;90=0;91=-1;92=0;93=-1;94=0;95=0;96=100;97=0;98=0;99=-1;100=0;101=-1;102=0;103=-1;104=0;105=-1;106=0;107=1;108=-1;109=0;110=-1;111=0;112=-1;113=0;116=0;120=0
22577,Standard Synthesis,標準作業,22xxx,0,1,1,3,-1,None,0,-1,None,0,none,1,0,0,0,0,0,0,-1,-1,0,0,false,-1,,,,,1,-1,,,84=1;85=0;86=0;87=4;88=50;89=-1;90=0;91=-1;92=0;93=-1;94=0;95=0;96=100;97=0;98=0;99=-1;100=0;101=-1;102=0;103=-1;104=0;105=-1;106=0;107=1;108=-1;109=0;110=-1;111=0;112=-1;113=0;116=0;120=0
22578,Rapid Synthesis,突貫作業,22xxx,0,1,1,3,-1,None,0,-1,None,0,none,1,0,0,0,0,0,0,-1,-1,0,0,false,-1,,,,,1,-1,,,84=1;85=0;86=0;87=4;88=50;89=-1;90=0;91=-1;92=0;93=-1;94=0;95=0;96=100;97=0;98=0;99=-1;100=0;101=-1;102=0;103=-1;104=0;105=-1;106=0;107=1;108=-1;109=0;110=-1;111=0;112=-1;113=0;116=0;120=0
22579,Careful Synthesis,入魂作業,22xxx,0,1,1,3,-1,None,0,-1,None,0,none,1,0,0,0,0,0,0,-1,-1,0,0,false,-1,,,,,1,-1,,,84=1;85=0;86=0;87=4;88=50;89=-1;90=0;91=-1;92=0;93=-1;94=0;95=0;96=100;97=0;98=0;99=-1;100=0;101=-1;102=0;103=-1;104=0;105=-1;106=0;107=1;108=-1;109=0;110=-1;111=0;112=-1;113=0;116=0;120=0
22580,Standard Synthesis,標準作業,22xxx,0,1,1,3,-1,None,0,-1,None,0,none,1,0,0,0,0,0,0,-1,-1,0,0,false,-1,,,,,1,-1,,,84=1;85=0;86=0;87=3;88=50;89=-1;90=0;91=-1;92=0;93=-1;94=0;95=0;96=100;97=0;98=0;99=-1;100=0;101=-1;102=0;103=-1;104=0;105=-1;106=0;107=1;108=-1;109=0;110=-1;111=0;112=-1;113=0;116=0;120=0
22581,Rapid Synthesis,突貫作業,22xxx,0,1,1,3,-1,None,0,-1,None,0,none,1,0,0,0,0,0,0,-1,-1,0,0,false,-1,,,,,1,-1,,,84=1;85=0;86=0;87=3;88=50;89=-1;90=0;91=-1;92=0;93=-1;94=0;95=0;96=100;97=0;98=0;99=-1;100=0;101=-1;102=0;103=-1;104=0;105=-1;106=0;107=1;108=-1;109=0;110=-1;111=0;112=-1;113=0;116=0;120=0
22582,Careful Synthesis,入魂作業,22xxx,0,1,1,3,-1,None,0,-1,None,0,none,1,0,0,0,0,0,0,-1,-1,0,0,false,-1,,,,,1,-1,,,84=1;85=0;86=0;87=3;88=50;89=-1;90=0;91=-1;92=0;93=-1;94=0;95=0;96=100;97=0;98=0;99=-1;100=0;101=-1;102=0;103=-1;104=0;105=-1;106=0;107=1;108=-1;109=0;110=-1;111=0;112=-1;113=0;116=0;120=0
22583,Standard Synthesis,標準作業,22xxx,0,1,1,3,-1,None,0,-1,None,0,none,1,0,0,0,0,0,0,-1,-1,0,0,false,-1,,,,,1,-1,,,84=1;85=0;86=0;87=5;88=50;89=-1;90=0;91=-1;92=0;93=-1;94=0;95=0;96=100;97=0;98=0;99=-1;100=0;101=-1;102=0;103=-1;104=0;105=-1;106=0;107=1;108=-1;109=0;110=-1;111=0;112=-1;113=0;116=0;120=0
22584,Rapid Synthesis,突貫作業,22xxx,0,1,1,3,-1,None,0,-1,None,0,none,1,0,0,0,0,0,0,-1,-1,0,0,false,-1,,,,,1,-1,,,84=1;85=0;86=0;87=5;88=50;89=-1;90=0;91=-1;92=0;93=-1;94=0;95=0;96=100;97=0;98=0;99=-1;100=0;101=-1;102=0;103=-1;104=0;105=-1;106=0;107=1;108=-1;109=0;110=-1;111=0;112=-1;113=0;116=0;120=0
22585,Careful Synthesis,入魂作業,22xxx,0,1,1,3,-1,None,0,-1,None,0,none,1,0,0,0,0,0,0,-1,-1,0,0,false,-1,,,,,1,-1,,,84=1;85=0;86=0;87=5;88=50;89=-1;90=0;91=-1;92=0;93=-1;94=0;95=0;96=100;97=0;98=0;99=-1;100=0;101=-1;102=0;103=-1;104=0;105=-1;106=0;107=1;108=-1;109=0;110=-1;111=0;112=-1;113=0;116=0;120=0
22586,Standard Synthesis,標準作業,22xxx,0,1,1,3,-1,None,0,-1,None,0,none,1,0,0,0,0,0,0,-1,-1,0,0,false,-1,,,,,1,-1,,,84=1;85=0;86=0;87=4;88=50;89=-1;90=0;91=-1;92=0;93=-1;94=0;95=0;96=100;97=0;98=0;99=-1;100=0;101=-1;102=0;103=-1;104=0;105=-1;106=0;107=1;108=-1;109=0;110=-1;111=0;112=-1;113=0;116=0;120=0
22587,Rapid Synthesis,突貫作業,22xxx,0,1,1,3,-1,None,0,-1,None,0,none,1,0,0,0,0,0,0,-1,-1,0,0,false,-1,,,,,1,-1,,,84=1;85=0;86=0;87=4;88=50;89=-1;90=0;91=-1;92=0;93=-1;94=0;95=0;96=100;97=0;98=0;99=-1;100=0;101=-1;102=0;103=-1;104=0;105=-1;106=0;107=1;108=-1;109=0;110=-1;111=0;112=-1;113=0;116=0;120=0
22588,Careful Synthesis,入魂作業,22xxx,0,1,1,3,-1,None,0,-1,None,0,none,1,0,0,0,0,0,0,-1,-1,0,0,false,-1,,,,,1,-1,,,84=1;85=0;86=0;87=4;88=50;89=-1;90=0;91=-1;92=0;93=-1;94=0;95=0;96=100;97=0;98=0;99=-1;100=0;101=-1;102=0;103=-1;104=0;105=-1;106=0;107=1;108=-1;109=0;110=-1;111=0;112=-1;113=0;116=0;120=0
22589,Standard Synthesis,標準作業,22xxx,0,1,1,3,-1,None,0,-1,None,0,none,1,0,0,0,0,0,0,-1,-1,0,0,false,-1,,,,,1,-1,,,84=1;85=0;86=0;87=6;88=50;89=-1;90=0;91=-1;92=0;93=-1;94=0;95=0;96=100;97=0;98=0;99=-1;100=0;101=-1;102=0;103=-1;104=0;105=-1;106=0;107=1;108=-1;109=0;110=-1;111=0;112=-1;113=0;116=0;120=0
22590,Rapid Synthesis,突貫作業,22xxx,0,1,1,3,-1,None,0,-1,None,0,none,1,0,0,0,0,0,0,-1,-1,0,0,false,-1,,,,,1,-1,,,84=1;85=0;86=0;87=6;88=50;89=-1;90=0;91=-1;92=0;93=-1;94=0;95=0;96=100;97=0;98=0;99=-1;100=0;101=-1;102=0;103=-1;104=0;105=-1;106=0;107=1;108=-1;109=0;110=-1;111=0;112=-1;113=0;116=0;120=0
22591,Careful Synthesis,入魂作業,22xxx,0,1,1,3,-1,None,0,-1,None,0,none,1,0,0,0,0,0,0,-1,-1,0,0,false,-1,,,,,1,-1,,,84=1;85=0;86=0;87=6;88=50;89=-1;90=0;91=-1;92=0;93=-1;94=0;95=0;96=100;97=0;98=0;99=-1;100=0;101=-1;102=0;103=-1;104=0;105=-1;106=0;107=1;108=-1;109=0;110=-1;111=0;112=-1;113=0;116=0;120=0
22592,Standard Synthesis,標準作業,22xxx,0,1,1,3,-1,None,0,-1,None,0,none,1,0,0,0,0,0,0,-1,-1,0,0,false,-1,,,,,1,-1,,,84=1;85=0;86=0;87=5;88=50;89=-1;90=0;91=-1;92=0;93=-1;94=0;95=0;96=100;97=0;98=0;99=-1;100=0;101=-1;102=0;103=-1;104=0;105=-1;106=0;107=1;108=-1;109=0;110=-1;111=0;112=-1;113=0;116=0;120=0
22593,Rapid Synthesis,突貫作業,22xxx,0,1,1,3,-1,None,0,-1,None,0,none,1,0,0,0,0,0,0,-1,-1,0,0,false,-1,,,,,1,-1,,,84=1;85=0;86=0;87=5;88=50;89=-1;90=0;91=-1;92=0;93=-1;94=0;95=0;96=100;97=0;98=0;99=-1;100=0;101=-1;102=0;103=-1;104=0;105=-1;106=0;107=1;108=-1;109=0;110=-1;111=0;112=-1;113=0;116=0;120=0
22594,Careful Synthesis,入魂作業,22xxx,0,1,1,3,-1,None,0,-1,None,0,none,1,0,0,0,0,0,0,-1,-1,0,0,false,-1,,,,,1,-1,,,84=1;85=0;86=0;87=5;88=50;89=-1;90=0;91=-1;92=0;93=-1;94=0;95=0;96=100;97=0;98=0;99=-1;100=0;101=-1;102=0;103=-1;104=0;105=-1;106=0;107=1;108=-1;109=0;110=-1;111=0;112=-1;113=0;116=0;120=0
22595,Standard Synthesis,標準作業,22xxx,0,1,1,3,-1,None,0,-1,None,0,none,1,0,0,0,0,0,0,-1,-1,0,0,false,-1,,,,,1,-1,,,84=1;85=0;86=0;87=6;88=50;89=-1;90=0;91=-1;92=0;93=-1;94=0;95=0;96=100;97=0;98=0;99=-1;100=0;101=-1;102=0;103=-1;104=0;105=-1;106=0;107=1;108=-1;109=0;110=-1;111=0;112=-1;113=0;116=0;120=0
22596,Rapid Synthesis,突貫作業,22xxx,0,1,1,3,-1,None,0,-1,None,0,none,1,0,0,0,0,0,0,-1,-1,0,0,false,-1,,,,,1,-1,,,84=1;85=0;86=0;87=6;88=50;89=-1;90=0;91=-1;92=0;93=-1;94=0;95=0;96=100;97=0;98=0;99=-1;100=0;101=-1;102=0;103=-1;104=0;105=-1;106=0;107=1;108=-1;109=0;110=-1;111=0;112=-1;113=0;116=0;120=0
22597,Careful Synthesis,入魂作業,22xxx,0,1,1,3,-1,None,0,-1,None,0,none,1,0,0,0,0,0,0,-1,-1,0,0,false,-1,,,,,1,-1,,,84=1;85=0;86=0;87=6;88=50;89=-1;90=0;91=-1;92=0;93=-1;94=0;95=0;96=100;97=0;98=0;99=-1;100=0;101=-1;102=0;103=-1;104=0;105=-1;106=0;107=1;108=-1;109=0;110=-1;111=0;112=-1;113=0;116=0;120=0
22701,Begin.,採掘作業準備,22xxx,39,1,113,4,-1,None,0,-1,None,0,none,0,0,0,0,0,3,0,-1,-1,0,0,false,-1,,,,,0,-1,,,84=0;85=0;86=0;87=-1;88=0;89=-1;90=0;91=-1;92=0;93=-1;94=0;95=0;96=100;97=0;98=0;99=-1;100=0;101=-1;102=0;103=-1;104=0;105=-1;106=0;107=1;108=-1;109=0;110=-1;111=0;112=-1;113=0;116=0;120=0
22702,Cancel.,やめる,22xxx,39,1,113,4,-1,None,0,-1,None,0,none,0,0,0,0,0,3,0,-1,-1,0,0,false,-1,,,,,0,-1,,,84=0;85=0;86=0;87=-1;88=0;89=-1;90=0;91=-1;92=0;93=-1;94=0;95=0;96=100;97=0;98=0;99=-1;100=0;101=-1;102=0;103=-1;104=0;105=-1;106=0;107=1;108=-1;109=0;110=-1;111=0;112=-1;113=0;116=0;120=0
22703,Strike.,掘る,22xxx,39,1,113,4,-1,None,0,-1,None,0,none,0,0,0,0,0,3,0,-1,-1,0,0,false,-1,,,,,0,-1,,,84=0;85=0;86=0;87=-1;88=0;89=-1;90=0;91=-1;92=0;93=-1;94=0;95=0;96=100;97=0;98=0;99=-1;100=0;101=-1;102=0;103=-1;104=0;105=-1;106=0;107=1;108=-1;109=0;110=-1;111=0;112=-1;113=0;116=0;120=0
22704,Begin.,伐採作業準備,22xxx,40,1,113,4,-1,None,0,-1,None,0,none,0,0,0,0,0,3,0,-1,-1,0,0,false,-1,,,,,0,-1,,,84=0;85=0;86=0;87=-1;88=0;89=-1;90=0;91=-1;92=0;93=-1;94=0;95=0;96=100;97=0;98=0;99=-1;100=0;101=-1;102=0;103=-1;104=0;105=-1;106=0;107=1;108=-1;109=0;110=-1;111=0;112=-1;113=0;116=0;120=0
22705,Chop.,切る,22xxx,40,1,113,4,-1,None,0,-1,None,0,none,0,0,0,0,0,3,0,-1,-1,0,0,false,-1,,,,,0,-1,,,84=0;85=0;86=0;87=-1;88=0;89=-1;90=0;91=-1;92=0;93=-1;94=0;95=0;96=100;97=0;98=0;99=-1;100=0;101=-1;102=0;103=-1;104=0;105=-1;106=0;107=1;108=-1;109=0;110=-1;111=0;112=-1;113=0;116=0;120=0
22706,Cancel.,やめる,22xxx,40,1,113,4,-1,None,0,-1,None,0,none,0,0,0,0,0,3,0,-1,-1,0,0,false,-1,,,,,0,-1,,,84=0;85=0;86=0;87=-1;88=0;89=-1;90=0;91=-1;92=0;93=-1;94=0;95=0;96=100;97=0;98=0;99=-1;100=0;101=-1;102=0;103=-1;104=0;105=-1;106=0;107=1;108=-1;109=0;110=-1;111=0;112=-1;113=0;116=0;120=0
22707,Begin.,釣魚作業準備,22xxx,41,1,113,4,-1,None,0,-1,None,0,none,0,0,0,0,0,3,0,-1,-1,0,0,false,-1,,,,,0,-1,,,84=0;85=0;86=0;87=-1;88=0;89=-1;90=0;91=-1;92=0;93=-1;94=0;95=0;96=100;97=0;98=0;99=-1;100=0;101=-1;102=0;103=-1;104=0;105=-1;106=0;107=1;108=-1;109=0;110=-1;111=0;112=-1;113=0;116=0;120=0
22708,Jig.,釣る,22xxx,41,1,113,4,-1,None,0,-1,None,0,none,0,0,0,0,0,3,0,-1,-1,0,0,false,-1,,,,,0,-1,,,84=0;85=0;86=0;87=-1;88=0;89=-1;90=0;91=-1;92=0;93=-1;94=0;95=0;96=100;97=0;98=0;99=-1;100=0;101=-1;102=0;103=-1;104=0;105=-1;106=0;107=1;108=-1;109=0;110=-1;111=0;112=-1;113=0;116=0;120=0
22709,Cancel.,やめる,22xxx,41,1,113,4,-1,None,0,-1,None,0,none,0,0,0,0,0,3,0,-1,-1,0,0,false,-1,,,,,0,-1,,,84=0;85=0;86=0;87=-1;88=0;89=-1;90=0;91=-1;92=0;93=-1;94=0;95=0;96=100;97=0;98=0;99=-1;100=0;101=-1;102=0;103=-1;104=0;105=-1;106=0;107=1;108=-1;109=0;110=-1;111=0;112=-1;113=0;116=0;120=0
22710,Tutorial.,チュートリアル,22xxx,0,1,1,4,-1,None,0,-1,None,0,none,0,0,0,0,0,3,0,-1,-1,0,0,false,-1,,,,,0,-1,,,84=0;85=0;86=0;87=-1;88=0;89=-1;90=0;91=-1;92=0;93=-1;94=0;95=0;96=100;97=0;98=0;99=-1;100=0;101=-1;102=0;103=-1;104=0;105=-1;106=0;107=1;108=-1;109=0;110=-1;111=0;112=-1;113=0;116=0;120=0
22711,Wait.,アタリを待つ,22xxx,0,1,1,1,-1,None,0,-1,None,0,none,0,0,0,0,0,15,0,-1,-1,0,0,false,-1,,,,,0,-1,,,84=0;85=0;86=0;87=-1;88=0;89=-1;90=0;91=-1;92=0;93=-1;94=0;95=0;96=0;97=0;98=0;99=-1;100=0;101=-1;102=0;103=-1;104=0;105=-1;106=0;107=1;108=-1;109=0;110=-1;111=0;112=-1;113=0;116=0;120=0
22901,Quit,交渉終了,22xxx,0,1,1,5,-1,None,0,-1,None,0,none,0,0,0,0,0,3,0,-1,-1,0,0,false,-1,,,,,0,-1,,,84=0;85=0;86=0;87=-1;88=0;89=-1;90=0;91=-1;92=0;93=-1;94=0;95=0;96=100;97=0;98=0;99=-1;100=0;101=-1;102=0;103=-1;104=0;105=-1;106=0;107=1;108=-1;109=0;110=-1;111=0;112=-1;113=0;116=0;120=0
23001,Attack,攻撃,23xxx,0,100,1,2,-1,None,0,-1,None,0,none,0,0,0,0,0,0,5,8,-1,0,0,false,-1,,,,,0,-1,,,84=0;85=1;86=1;87=-1;88=0;89=-1;90=0;91=-1;92=0;93=-1;94=0;95=1;96=0;97=1;98=1;99=-1;100=0;101=-1;102=0;103=-1;104=0;105=-1;106=0;107=1;108=-1;109=0;110=-1;111=0;112=-1;113=0;116=0;120=60
23002,Attack,攻撃,23xxx,0,100,1,2,-1,None,0,-1,None,0,none,0,0,0,0,0,0,5,8,-1,0,0,false,-1,,,,,0,-1,,,84=0;85=1;86=1;87=-1;88=0;89=-1;90=0;91=-1;92=0;93=-1;94=0;95=1;96=0;97=1;98=1;99=-1;100=0;101=-1;102=0;103=-1;104=0;105=-1;106=0;107=1;108=-1;109=0;110=-1;111=0;112=-1;113=0;116=0;120=60
23003,Attack,攻撃,23xxx,0,100,1,2,-1,None,0,-1,None,0,none,0,0,0,0,0,0,4,8,-1,0,0,false,-1,,,,,0,-1,,,84=0;85=1;86=1;87=-1;88=0;89=-1;90=0;91=-1;92=0;93=-1;94=0;95=1;96=0;97=1;98=1;99=-1;100=0;101=-1;102=0;103=-1;104=0;105=-1;106=0;107=1;108=-1;109=0;110=-1;111=0;112=-1;113=0;116=0;120=60
23004,Attack,攻撃,23xxx,0,100,1,2,-1,None,0,-1,None,0,none,0,0,0,0,0,0,5,8,-1,0,0,false,-1,,,,,0,-1,,,84=0;85=1;86=1;87=-1;88=0;89=-1;90=0;91=-1;92=0;93=-1;94=0;95=1;96=0;97=1;98=1;99=-1;100=0;101=-1;102=0;103=-1;104=0;105=-1;106=0;107=1;108=-1;109=0;110=-1;111=0;112=-1;113=0;116=0;120=60
23005,Attack,攻撃,23xxx,0,100,1,2,-1,None,0,-1,None,0,none,0,0,0,0,0,0,6,8,-1,0,0,false,-1,,,,,0,-1,,,84=0;85=1;86=1;87=-1;88=0;89=-1;90=0;91=-1;92=0;93=-1;94=0;95=1;96=0;97=1;98=1;99=-1;100=0;101=-1;102=0;103=-1;104=0;105=-1;106=0;107=1;108=-1;109=0;110=-1;111=0;112=-1;113=0;116=0;120=60
23006,Attack,攻撃,23xxx,0,100,1,2,-1,None,0,-1,None,0,none,0,0,0,0,0,0,4,8,-1,0,0,false,-1,,,,,0,-1,,,84=0;85=1;86=1;87=-1;88=0;89=-1;90=0;91=-1;92=0;93=-1;94=0;95=1;96=0;97=1;98=1;99=-1;100=0;101=-1;102=0;103=-1;104=0;105=-1;106=0;107=1;108=-1;109=0;110=-1;111=0;112=-1;113=0;116=0;120=60
23007,Attack,攻撃,23xxx,0,100,1,2,-1,None,0,-1,None,0,none,0,0,0,0,0,0,5,8,-1,0,0,false,-1,,,,,0,-1,,,84=0;85=1;86=1;87=-1;88=0;89=-1;90=0;91=-1;92=0;93=-1;94=0;95=1;96=0;97=1;98=1;99=-1;100=0;101=-1;102=0;103=-1;104=0;105=-1;106=0;107=1;108=-1;109=0;110=-1;111=0;112=-1;113=0;116=0;120=60
23008,Attack,攻撃,23xxx,0,100,1,2,-1,None,0,-1,None,0,none,0,0,0,0,0,0,6,8,-1,0,0,false,-1,,,,,0,-1,,,84=0;85=1;86=1;87=-1;88=0;89=-1;90=0;91=-1;92=0;93=-1;94=0;95=1;96=0;97=1;98=1;99=-1;100=0;101=-1;102=0;103=-1;104=0;105=-1;106=0;107=1;108=-1;109=0;110=-1;111=0;112=-1;113=0;116=0;120=60
23009,Nutkick,攻撃,23xxx,0,100,1,2,4,Projectile,1,-1,None,0,physical,0,0,0,0,0,3,5,20,-1,0,0,false,-1,,,,,0,-1,,,84=0;85=1;86=1;87=-1;88=0;89=-1;90=0;91=-1;92=0;93=-1;94=0;95=1;96=0;97=1;98=1;99=-1;100=0;101=-1;102=0;103=-1;104=0;105=-1;106=0;107=0;108=4;109=1;110=-1;111=0;112=-1;113=0;116=0;120=60
23010,Somersault Slash,サマーソルトスラッシュ,23xxx,0,100,1,2,1,Slashing,1,-1,None,0,physical,0,0,0,1000,1,3,6,6,-1,0,0,false,-1,,,,,0,-1,,,84=0;85=1;86=1;87=-1;88=0;89=-1;90=0;91=-1;92=0;93=-1;94=0;95=1;96=0.25;97=1;98=1;99=-1;100=0;101=-1;102=0;103=-1;104=0;105=-1;106=0;107=0;108=1;109=1;110=-1;111=0;112=-1;113=0;116=1;120=60
23011,Bark to Arms,突き声,23xxx,0,100,1,2,-1,None,0,-1,None,0,none,0,0,0,1000,2,3,4,20,-1,0,0,false,-1,,,,,0,-1,,,84=0;85=1;86=1;87=-1;88=0;89=-1;90=0;91=-1;92=0;93=-1;94=0;95=1;96=0;97=1;98=1;99=-1;100=0;101=-1;102=0;103=-1;104=0;105=-1;106=0;107=1;108=-1;109=0;110=-1;111=0;112=-1;113=0;116=1;120=60
23012,Nutshell,ナットシェル,23xxx,0,100,1,2,-1,None,0,-1,None,0,none,0,0,0,1000,2,3,4,20,-1,0,0,false,-1,,,,,0,-1,,,84=0;85=1;86=1;87=-1;88=0;89=-1;90=0;91=-1;92=0;93=-1;94=0;95=1;96=0;97=1;98=1;99=-1;100=0;101=-1;102=0;103=-1;104=0;105=-1;106=0;107=1;108=-1;109=0;110=-1;111=0;112=-1;113=0;116=1;120=60
23013,Regurgitate,攻撃,23xxx,0,100,1,2,4,Projectile,1,-1,None,0,physical,0,0,0,0,0,3,5,20,-1,0,0,false,-1,,,,,0,-1,,,84=0;85=1;86=1;87=-1;88=0;89=-1;90=0;91=-1;92=0;93=-1;94=0;95=1;96=0;97=1;98=1;99=-1;100=0;101=-1;102=0;103=-1;104=0;105=-1;106=0;107=0;108=4;109=1;110=-1;111=0;112=-1;113=0;116=0;120=60
23014,Rancid Belch,ランシッドベルチ,23xxx,0,100,1,2,-1,None,0,-1,None,0,none,0,0,0,1000,3.5,3,6,10,-1,0,0,false,-1,,,,,0,-1,,,84=0;85=1;86=1;87=-1;88=0;89=-1;90=0;91=-1;92=0;93=-1;94=0;95=1;96=0.25;97=1;98=1;99=-1;100=0;101=-1;102=0;103=-1;104=0;105=-1;106=0;107=1;108=-1;109=0;110=-1;111=0;112=-1;113=0;116=1;120=60
23015,Rancid Belch,ランシッドベルチ,23xxx,0,100,1,2,-1,None,0,-1,None,0,none,0,0,0,1000,3.5,3,6,10,-1,0,0,false,-1,,,,,0,-1,,,84=0;85=1;86=1;87=-1;88=0;89=-1;90=0;91=-1;92=0;93=-1;94=0;95=1;96=0.25;97=1;98=1;99=-1;100=0;101=-1;102=0;103=-1;104=0;105=-1;106=0;107=1;108=-1;109=0;110=-1;111=0;112=-1;113=0;116=1;120=60
23016,Rancid Belch,ランシッドベルチ,23xxx,0,100,1,2,-1,None,0,-1,None,0,none,0,0,0,1000,3.5,3,6,10,-1,0,0,false,-1,,,,,0,-1,,,84=0;85=1;86=1;87=-1;88=0;89=-1;90=0;91=-1;92=0;93=-1;94=0;95=1;96=0.25;97=1;98=1;99=-1;100=0;101=-1;102=0;103=-1;104=0;105=-1;106=0;107=1;108=-1;109=0;110=-1;111=0;112=-1;113=0;116=1;120=60
23017,Fowl Stench,ファウルステンチ,23xxx,0,100,1,2,-1,None,0,-1,None,0,none,0,0,0,1000,1,3,6,10,-1,0,0,false,-1,,,,,0,-1,,,84=0;85=1;86=1;87=-1;88=0;89=-1;90=0;91=-1;92=0;93=-1;94=0;95=1;96=0.25;97=1;98=1;99=-1;100=0;101=-1;102=0;103=-1;104=0;105=-1;106=0;107=1;108=-1;109=0;110=-1;111=0;112=-1;113=0;116=1;120=60
23018,Fowl Stench,ファウルステンチ,23xxx,0,100,1,2,-1,None,0,-1,None,0,none,0,0,0,1000,1,3,6,10,-1,0,0,false,-1,,,,,0,-1,,,84=0;85=1;86=1;87=-1;88=0;89=-1;90=0;91=-1;92=0;93=-1;94=0;95=1;96=0.25;97=1;98=1;99=-1;100=0;101=-1;102=0;103=-1;104=0;105=-1;106=0;107=1;108=-1;109=0;110=-1;111=0;112=-1;113=0;116=1;120=60
23019,Fowl Stench,ファウルステンチ,23xxx,0,100,1,2,-1,None,0,-1,None,0,none,0,0,0,1000,1,3,6,10,-1,0,0,false,-1,,,,,0,-1,,,84=0;85=1;86=1;87=-1;88=0;89=-1;90=0;91=-1;92=0;93=-1;94=0;95=1;96=0.25;97=1;98=1;99=-1;100=0;101=-1;102=0;103=-1;104=0;105=-1;106=0;107=1;108=-1;109=0;110=-1;111=0;112=-1;113=0;116=1;120=60
23020,Regurgitate,リガージテイト,23xxx,0,100,1,2,-1,None,0,-1,None,0,none,0,0,0,1000,4.5,3,8,8,-1,0,0,false,-1,,,,,0,-1,,,84=0;85=1;86=1;87=-1;88=0;89=-1;90=0;91=-1;92=0;93=-1;94=0;95=1;96=0.25;97=1;98=1;99=-1;100=0;101=-1;102=0;103=-1;104=0;105=-1;106=0;107=1;108=-1;109=0;110=-1;111=0;112=-1;113=0;116=1;120=60
23021,Vorpal Roar,攻撃,23xxx,0,100,1,2,4,Projectile,1,-1,None,0,physical,0,0,0,0,0,3,5,20,-1,0,0,false,-1,,,,,0,-1,,,84=0;85=1;86=1;87=-1;88=0;89=-1;90=0;91=-1;92=0;93=-1;94=0;95=1;96=0;97=1;98=1;99=-1;100=0;101=-1;102=0;103=-1;104=0;105=-1;106=0;107=0;108=4;109=1;110=-1;111=0;112=-1;113=0;116=0;120=60
23022,Cold Gaze,コールドゲイズ,23xxx,0,100,1,2,-1,None,0,-1,None,0,none,0,0,0,1000,2,3,8,12,-1,0,0,false,-1,,,,,0,-1,,,84=0;85=1;86=1;87=-1;88=0;89=-1;90=0;91=-1;92=0;93=-1;94=0;95=1;96=0.25;97=1;98=1;99=-1;100=0;101=-1;102=0;103=-1;104=0;105=-1;106=0;107=1;108=-1;109=0;110=-1;111=0;112=-1;113=0;116=1;120=60
23023,Stone Gaze,ストーンゲイズ,23xxx,0,100,1,2,-1,None,0,-1,None,0,none,0,0,0,1000,2,3,8,12,-1,0,0,false,-1,,,,,0,-1,,,84=0;85=1;86=1;87=-1;88=0;89=-1;90=0;91=-1;92=0;93=-1;94=0;95=1;96=0.25;97=1;98=1;99=-1;100=0;101=-1;102=0;103=-1;104=0;105=-1;106=0;107=1;108=-1;109=0;110=-1;111=0;112=-1;113=0;116=1;120=60
23024,Sand Breath,サンドブレス,23xxx,0,100,1,2,12,Breath,1,8,Earth,1,physical,0,0,0,1000,2,3,8,12,-1,0,0,false,-1,,,,,0,-1,,,84=0;85=1;86=1;87=-1;88=0;89=-1;90=0;91=-1;92=0;93=-1;94=0;95=1;96=0.25;97=1;98=1;99=-1;100=0;101=-1;102=0;103=-1;104=0;105=-1;106=0;107=0;108=12;109=1;110=8;111=1;112=-1;113=0;116=1;120=60
23025,Heavy Stomp,ヘヴィストンプ,23xxx,0,100,1,2,3,Blunt,1,-1,None,0,physical,0,0,0,1000,4.5,3,8,10,-1,0,0,false,-1,,,,,0,-1,,,84=0;85=1;86=1;87=-1;88=0;89=-1;90=0;91=-1;92=0;93=-1;94=0;95=1;96=0.25;97=1;98=1;99=-1;100=0;101=-1;102=0;103=-1;104=0;105=-1;106=0;107=0;108=3;109=1;110=-1;111=0;112=-1;113=0;116=1;120=60
23026,Body Slam,ボディスラム,23xxx,0,100,1,2,3,Blunt,1,8,Earth,1,physical,0,0,0,1000,5,3,8,10,-1,0,0,false,-1,,,,,0,-1,,,84=0;85=1;86=1;87=-1;88=0;89=-1;90=0;91=-1;92=0;93=-1;94=0;95=1;96=0.25;97=1;98=1;99=-1;100=0;101=-1;102=0;103=-1;104=0;105=-1;106=0;107=0;108=3;109=1;110=8;111=1;112=-1;113=0;116=1;120=60
23027,Wall of Scales,ウォール・オブ・スケイル,23xxx,0,100,1,0,-1,None,0,-1,None,0,none,0,0,0,0,0,3,0,8,-1,0,0,false,-1,,,,,0,-1,,,84=0;85=1;86=1;87=-1;88=0;89=-1;90=0;91=-1;92=0;93=-1;94=0;95=1;96=0;97=1;98=1;99=-1;100=0;101=-1;102=0;103=-1;104=0;105=-1;106=0;107=1;108=-1;109=0;110=-1;111=0;112=-1;113=0;116=0;120=60
23028,Foul Breath,攻撃,23xxx,0,100,1,2,13,Magical,1,5,Fire,0,magical,0,0,0,0,0,3,5,20,-1,0,0,false,-1,,,,,0,-1,,,84=0;85=1;86=1;87=-1;88=0;89=-1;90=0;91=-1;92=0;93=-1;94=0;95=1;96=0;97=1;98=1;99=-1;100=0;101=-1;102=0;103=-1;104=0;105=-1;106=0;107=0;108=13;109=1;110=5;111=0;112=-1;113=0;116=0;120=60
23029,Ripper Fang,リッパーファング,23xxx,0,100,1,2,3,Blunt,1,-1,None,0,physical,0,0,0,1000,1,3,6,6,-1,0,0,false,-1,,,,,0,-1,,,84=0;85=1;86=1;87=-1;88=0;89=-1;90=0;91=-1;92=0;93=-1;94=0;95=1;96=0.25;97=1;98=1;99=-1;100=0;101=-1;102=0;103=-1;104=0;105=-1;106=0;107=0;108=3;109=1;110=-1;111=0;112=-1;113=0;116=1;120=60
23030,Foul Breath,ファウルブレス,23xxx,0,100,1,2,12,Breath,1,5,Fire,1,physical,0,0,0,1000,3.5,3,8,10,-1,0,0,false,-1,,,,,0,-1,,,84=0;85=1;86=1;87=-1;88=0;89=-1;90=0;91=-1;92=0;93=-1;94=0;95=1;96=0.25;97=1;98=1;99=-1;100=0;101=-1;102=0;103=-1;104=0;105=-1;106=0;107=0;108=12;109=1;110=5;111=1;112=-1;113=0;116=1;120=60
23031,Scythe Tail,サイズテール,23xxx,0,100,1,2,1,Slashing,1,-1,None,0,physical,0,0,0,1000,1,3,6,8,-1,0,0,false,-1,,,,,0,-1,,,84=0;85=1;86=1;87=-1;88=0;89=-1;90=0;91=-1;92=0;93=-1;94=0;95=1;96=0.25;97=1;98=1;99=-1;100=0;101=-1;102=0;103=-1;104=0;105=-1;106=0;107=0;108=1;109=1;110=-1;111=0;112=-1;113=0;116=1;120=60
23032,Fireball,攻撃,23xxx,0,100,1,2,13,Magical,1,5,Fire,0,magical,0,0,0,0,0,3,5,20,-1,0,0,false,-1,,,,,0,-1,,,84=0;85=1;86=1;87=-1;88=0;89=-1;90=0;91=-1;92=0;93=-1;94=0;95=1;96=0;97=1;98=1;99=-1;100=0;101=-1;102=0;103=-1;104=0;105=-1;106=0;107=0;108=13;109=1;110=5;111=0;112=-1;113=0;116=0;120=60
23033,Self-destruct,自爆,23xxx,0,100,1,0,13,Magical,1,5,Fire,0,magical,0,0,0,1000,5,3,8,10,-1,0,0,false,-1,,,,,0,-1,,,84=0;85=1;86=1;87=-1;88=0;89=-1;90=0;91=-1;92=0;93=-1;94=0;95=1;96=0.25;97=1;98=1;99=-1;100=0;101=-1;102=0;103=-1;104=0;105=-1;106=0;107=0;108=13;109=1;110=5;111=0;112=-1;113=0;116=1;120=60
23034,Combustion,爆燃,23xxx,0,100,1,0,-1,None,0,-1,None,0,none,0,0,0,0,0,3,0,8,-1,0,0,false,-1,,,,,0,-1,,,84=0;85=1;86=1;87=-1;88=0;89=-1;90=0;91=-1;92=0;93=-1;94=0;95=1;96=0;97=1;98=1;99=-1;100=0;101=-1;102=0;103=-1;104=0;105=-1;106=0;107=1;108=-1;109=0;110=-1;111=0;112=-1;113=0;116=0;120=60
23035,-,(ボム)サイズダウン,23xxx,0,100,1,0,-1,None,0,-1,None,0,none,0,0,0,0,0,3,0,8,-1,0,0,false,-1,,,,,0,-1,,,84=0;85=1;86=1;87=-1;88=0;89=-1;90=0;91=-1;92=0;93=-1;94=0;95=1;96=0;97=1;98=1;99=-1;100=0;101=-1;102=0;103=-1;104=0;105=-1;106=0;107=1;108=-1;109=0;110=-1;111=0;112=-1;113=0;116=0;120=60
23036,Fast Burn,ファストバーン,23xxx,0,100,1,2,-1,None,0,-1,None,0,none,0,0,0,1000,2,3,4,8,-1,0,0,false,-1,,,,,0,-1,,,84=0;85=1;86=1;87=-1;88=0;89=-1;90=0;91=-1;92=0;93=-1;94=0;95=1;96=0;97=1;98=1;99=-1;100=0;101=-1;102=0;103=-1;104=0;105=-1;106=0;107=1;108=-1;109=0;110=-1;111=0;112=-1;113=0;116=1;120=60
23037,Tendril Spines,攻撃,23xxx,0,100,1,2,4,Projectile,1,-1,None,0,physical,0,0,0,0,0,3,5,20,-1,0,0,false,-1,,,,,0,-1,,,84=0;85=1;86=1;87=-1;88=0;89=-1;90=0;91=-1;92=0;93=-1;94=0;95=1;96=0;97=1;98=1;99=-1;100=0;101=-1;102=0;103=-1;104=0;105=-1;106=0;107=0;108=4;109=1;110=-1;111=0;112=-1;113=0;116=0;120=60
23038,Binding Tendrils,刺胞,23xxx,0,100,1,2,13,Magical,1,9,Lightning,0,magical,0,0,0,1000,1,3,6,6,-1,0,0,false,-1,,,,,0,-1,,,84=0;85=1;86=1;87=-1;88=0;89=-1;90=0;91=-1;92=0;93=-1;94=0;95=1;96=0.25;97=1;98=1;99=-1;100=0;101=-1;102=0;103=-1;104=0;105=-1;106=0;107=0;108=13;109=1;110=9;111=0;112=-1;113=0;116=1;120=60
23039,Numbing Tendrils,雷胞,23xxx,0,100,1,2,13,Magical,1,9,Lightning,0,magical,0,0,0,1000,1,3,6,6,-1,0,0,false,-1,,,,,0,-1,,,84=0;85=1;86=1;87=-1;88=0;89=-1;90=0;91=-1;92=0;93=-1;94=0;95=1;96=0.25;97=1;98=1;99=-1;100=0;101=-1;102=0;103=-1;104=0;105=-1;106=0;107=0;108=13;109=1;110=9;111=0;112=-1;113=0;116=1;120=60
23040,Firespit,攻撃,23xxx,0,100,1,2,13,Magical,1,5,Fire,0,magical,0,0,0,0,0,3,5,20,-1,0,8,false,-1,,,,,0,-1,,,84=0;85=1;86=1;87=-1;88=0;89=-1;90=0;91=-1;92=0;93=-1;94=0;95=1;96=0;97=1;98=1;99=-1;100=0;101=-1;102=0;103=-1;104=0;105=-1;106=0;107=0;108=13;109=1;110=5;111=0;112=-1;113=0;116=0;120=60
23041,Double Smash,ダブルスマッシュ,23xxx,0,100,1,2,3,Blunt,1,-1,None,0,physical,0,0,0,1000,3,3,8,12,-1,0,0,false,-1,,,,,0,-1,,,84=0;85=1;86=1;87=-1;88=0;89=-1;90=0;91=-1;92=0;93=-1;94=0;95=1;96=0.25;97=1;98=1;99=-1;100=0;101=-1;102=0;103=-1;104=0;105=-1;106=0;107=0;108=3;109=1;110=-1;111=0;112=-1;113=0;116=1;120=60
23042,Elbow Drop,エルボードロップ,23xxx,0,100,1,2,3,Blunt,1,-1,None,0,physical,0,0,0,1000,3,3,8,12,-1,0,0,false,-1,,,,,0,-1,,,84=0;85=1;86=1;87=-1;88=0;89=-1;90=0;91=-1;92=0;93=-1;94=0;95=1;96=0.25;97=1;98=1;99=-1;100=0;101=-1;102=0;103=-1;104=0;105=-1;106=0;107=0;108=3;109=1;110=-1;111=0;112=-1;113=0;116=1;120=60
23043,Inferno Drop,インフェルノドロップ,23xxx,0,100,1,2,13,Magical,1,5,Fire,0,magical,0,0,0,1000,5,3,8,10,-1,0,0,false,-1,,,,,0,-1,,,84=0;85=1;86=1;87=-1;88=0;89=-1;90=0;91=-1;92=0;93=-1;94=0;95=1;96=0.25;97=1;98=1;99=-1;100=0;101=-1;102=0;103=-1;104=0;105=-1;106=0;107=0;108=13;109=1;110=5;111=0;112=-1;113=0;116=1;120=60
23044,Bone Breaker,ボーンブレイカー,23xxx,0,100,1,2,3,Blunt,1,-1,None,0,physical,0,0,0,1000,1,3,6,6,-1,0,0,false,-1,,,,,0,-1,,,84=0;85=1;86=1;87=-1;88=0;89=-1;90=0;91=-1;92=0;93=-1;94=0;95=1;96=0.25;97=1;98=1;99=-1;100=0;101=-1;102=0;103=-1;104=0;105=-1;106=0;107=0;108=3;109=1;110=-1;111=0;112=-1;113=0;116=1;120=60
23045,Booming Bellow,憤怒,23xxx,0,100,1,2,-1,None,0,-1,None,0,none,0,0,0,400,2,3,3,16,-1,0,0,false,-1,,,,,0,-1,,,84=0;85=1;86=1;87=-1;88=0;89=-1;90=0;91=-1;92=0;93=-1;94=0;95=1;96=0.25;97=1;98=1;99=-1;100=0;101=-1;102=0;103=-1;104=0;105=-1;106=0;107=1;108=-1;109=0;110=-1;111=0;112=-1;113=0;116=1;120=60
23046,Primal Scream,蛮叫,23xxx,0,100,1,2,-1,None,0,-1,None,0,none,0,0,0,400,2,3,3,16,-1,0,0,false,-1,,,,,0,-1,,,84=0;85=1;86=1;87=-1;88=0;89=-1;90=0;91=-1;92=0;93=-1;94=0;95=1;96=0.25;97=1;98=1;99=-1;100=0;101=-1;102=0;103=-1;104=0;105=-1;106=0;107=1;108=-1;109=0;110=-1;111=0;112=-1;113=0;116=1;120=60
23047,Guano Lob,攻撃,23xxx,0,100,1,2,4,Projectile,1,-1,None,0,physical,0,0,0,0,0,3,5,20,-1,0,0,false,-1,,,,,0,-1,,,84=0;85=1;86=1;87=-1;88=0;89=-1;90=0;91=-1;92=0;93=-1;94=0;95=1;96=0;97=1;98=1;99=-1;100=0;101=-1;102=0;103=-1;104=0;105=-1;106=0;107=0;108=4;109=1;110=-1;111=0;112=-1;113=0;116=0;120=60
23048,Ultrasonics,超音波,23xxx,0,100,1,2,13,Magical,1,7,Wind,0,magical,0,0,0,1000,4,3,8,10,-1,0,0,false,-1,,,,,0,-1,,,84=0;85=1;86=1;87=-1;88=0;89=-1;90=0;91=-1;92=0;93=-1;94=0;95=1;96=0.25;97=1;98=1;99=-1;100=0;101=-1;102=0;103=-1;104=0;105=-1;106=0;107=0;108=13;109=1;110=7;111=0;112=-1;113=0;116=1;120=60
23049,Blood Drain,吸血,23xxx,0,100,1,2,-1,None,0,-1,None,0,none,0,0,0,1000,1,3,6,6,-1,0,0,false,-1,,,,,0,-1,,,84=0;85=1;86=1;87=-1;88=0;89=-1;90=0;91=-1;92=0;93=-1;94=0;95=1;96=0.25;97=1;98=1;99=-1;100=0;101=-1;102=0;103=-1;104=0;105=-1;106=0;107=1;108=-1;109=0;110=-1;111=0;112=-1;113=0;116=1;120=60
23050,Digestive Ooze,攻撃,23xxx,0,100,1,2,4,Projectile,1,-1,None,0,physical,0,0,0,0,0,3,5,20,-1,0,0,false,-1,,,,,0,-1,,,84=0;85=1;86=1;87=-1;88=0;89=-1;90=0;91=-1;92=0;93=-1;94=0;95=1;96=0;97=1;98=1;99=-1;100=0;101=-1;102=0;103=-1;104=0;105=-1;106=0;107=0;108=4;109=1;110=-1;111=0;112=-1;113=0;116=0;120=60
23051,Mortal Mist,モータルミスト,23xxx,0,100,1,2,13,Magical,1,10,Water,0,magical,0,0,0,1000,1,3,8,8,-1,0,0,false,-1,,,,,0,-1,,,84=0;85=1;86=1;87=-1;88=0;89=-1;90=0;91=-1;92=0;93=-1;94=0;95=1;96=0.25;97=1;98=1;99=-1;100=0;101=-1;102=0;103=-1;104=0;105=-1;106=0;107=0;108=13;109=1;110=10;111=0;112=-1;113=0;116=1;120=60
23052,Gravel Burst,攻撃,23xxx,0,100,1,2,4,Projectile,1,-1,None,0,physical,0,0,0,0,0,3,5,20,-1,0,0,false,-1,,,,,0,-1,,,84=0;85=1;86=1;87=-1;88=0;89=-1;90=0;91=-1;92=0;93=-1;94=0;95=1;96=0;97=1;98=1;99=-1;100=0;101=-1;102=0;103=-1;104=0;105=-1;106=0;107=0;108=4;109=1;110=-1;111=0;112=-1;113=0;116=0;120=60
23053,-,文章で説明（これが出たらバグ）,23xxx,0,100,1,0,-1,None,0,-1,None,0,none,0,0,0,0,0,3,0,6,-1,0,0,false,-1,,,,,0,-1,,,84=0;85=1;86=1;87=-1;88=0;89=-1;90=0;91=-1;92=0;93=-1;94=0;95=1;96=0;97=1;98=1;99=-1;100=0;101=-1;102=0;103=-1;104=0;105=-1;106=0;107=1;108=-1;109=0;110=-1;111=0;112=-1;113=0;116=0;120=60
23054,-,ログなし（これが出たらバグ）,23xxx,0,100,1,0,-1,None,0,-1,None,0,none,0,0,0,0,0,3,0,6,-1,0,0,false,-1,,,,,0,-1,,,84=0;85=1;86=1;87=-1;88=0;89=-1;90=0;91=-1;92=0;93=-1;94=0;95=1;96=0;97=1;98=1;99=-1;100=0;101=-1;102=0;103=-1;104=0;105=-1;106=0;107=1;108=-1;109=0;110=-1;111=0;112=-1;113=0;116=0;120=60
23055,Breakout,ブレークアウト,23xxx,0,100,1,2,2,Piercing,1,-1,None,0,physical,0,0,0,3000,0,3,8,2,-1,0,0,false,-1,,,,,0,-1,,,84=0;85=1;86=1;87=-1;88=0;89=-1;90=0;91=-1;92=0;93=-1;94=0;95=1;96=0.25;97=1;98=1;99=-1;100=0;101=-1;102=0;103=-1;104=0;105=-1;106=0;107=0;108=2;109=1;110=-1;111=0;112=-1;113=0;116=1;120=60
23056,Spinout,スピンアウト,23xxx,0,100,1,2,2,Piercing,1,-1,None,0,physical,0,0,0,3000,0,3,8,8,-1,0,0,false,-1,,,,,0,-1,,,84=0;85=1;86=1;87=-1;88=0;89=-1;90=0;91=-1;92=0;93=-1;94=0;95=1;96=0.25;97=1;98=1;99=-1;100=0;101=-1;102=0;103=-1;104=0;105=-1;106=0;107=0;108=2;109=1;110=-1;111=0;112=-1;113=0;116=1;120=60
23057,Cliff Cry,攻撃,23xxx,0,100,1,2,13,Magical,1,8,Earth,0,magical,0,0,0,0,0,3,5,20,-1,0,0,false,-1,,,,,0,-1,,,84=0;85=1;86=1;87=-1;88=0;89=-1;90=0;91=-1;92=0;93=-1;94=0;95=1;96=0;97=1;98=1;99=-1;100=0;101=-1;102=0;103=-1;104=0;105=-1;106=0;107=0;108=13;109=1;110=8;111=0;112=-1;113=0;116=0;120=60
23058,Backflip,バックフリップ,23xxx,0,100,1,2,1,Slashing,1,-1,None,0,physical,0,0,0,1000,4,3,8,8,-1,0,0,false,-1,,,,,0,-1,,,84=0;85=1;86=1;87=-1;88=0;89=-1;90=0;91=-1;92=0;93=-1;94=0;95=1;96=0.25;97=1;98=1;99=-1;100=0;101=-1;102=0;103=-1;104=0;105=-1;106=0;107=0;108=1;109=1;110=-1;111=0;112=-1;113=0;116=1;120=60
23059,Tail Chase,テイルチェイス,23xxx,0,100,1,2,1,Slashing,1,-1,None,0,physical,0,0,0,1000,5,3,8,6,-1,0,0,false,-1,,,,,0,-1,,,84=0;85=1;86=1;87=-1;88=0;89=-1;90=0;91=-1;92=0;93=-1;94=0;95=1;96=0.25;97=1;98=1;99=-1;100=0;101=-1;102=0;103=-1;104=0;105=-1;106=0;107=0;108=1;109=1;110=-1;111=0;112=-1;113=0;116=1;120=60
23060,Brine Blast,攻撃,23xxx,0,100,1,2,13,Magical,1,10,Water,0,magical,0,0,0,0,0,3,5,20,-1,0,0,false,-1,,,,,0,-1,,,84=0;85=1;86=1;87=-1;88=0;89=-1;90=0;91=-1;92=0;93=-1;94=0;95=1;96=0;97=1;98=1;99=-1;100=0;101=-1;102=0;103=-1;104=0;105=-1;106=0;107=0;108=13;109=1;110=10;111=0;112=-1;113=0;116=0;120=60
23061,Rage of the Deep,怒潮,23xxx,0,100,1,2,-1,None,0,-1,None,0,none,0,0,0,1000,1,3,4,8,-1,0,0,false,-1,,,,,0,-1,,,84=0;85=1;86=1;87=-1;88=0;89=-1;90=0;91=-1;92=0;93=-1;94=0;95=1;96=0;97=1;98=1;99=-1;100=0;101=-1;102=0;103=-1;104=0;105=-1;106=0;107=1;108=-1;109=0;110=-1;111=0;112=-1;113=0;116=1;120=60
23062,Feeding Frenzy,フィーディングフレンジー,23xxx,0,100,1,2,-1,None,0,-1,None,0,none,0,0,0,1000,2,3,4,16,-1,0,0,false,-1,,,,,0,-1,,,84=0;85=1;86=1;87=-1;88=0;89=-1;90=0;91=-1;92=0;93=-1;94=0;95=1;96=0;97=1;98=1;99=-1;100=0;101=-1;102=0;103=-1;104=0;105=-1;106=0;107=1;108=-1;109=0;110=-1;111=0;112=-1;113=0;116=1;120=60
23063,Shockbreath,攻撃,23xxx,0,100,1,2,13,Magical,1,9,Lightning,0,magical,0,0,0,0,0,3,5,20,-1,0,0,false,-1,,,,,0,-1,,,84=0;85=1;86=1;87=-1;88=0;89=-1;90=0;91=-1;92=0;93=-1;94=0;95=1;96=0;97=1;98=1;99=-1;100=0;101=-1;102=0;103=-1;104=0;105=-1;106=0;107=0;108=13;109=1;110=9;111=0;112=-1;113=0;116=0;120=60
23064,Brundleflight,溶空,23xxx,0,100,1,0,-1,None,0,-1,None,0,none,0,0,0,0,0,3,0,6,-1,0,0,false,-1,,,,,0,-1,,,84=0;85=1;86=1;87=-1;88=0;89=-1;90=0;91=-1;92=0;93=-1;94=0;95=1;96=0;97=1;98=1;99=-1;100=0;101=-1;102=0;103=-1;104=0;105=-1;106=0;107=1;108=-1;109=0;110=-1;111=0;112=-1;113=0;116=0;120=60
23065,-,(ベルゼブブ)ワープアウト,23xxx,0,100,1,0,-1,None,0,-1,None,0,none,0,0,0,0,0,3,0,6,-1,0,0,false,-1,,,,,0,-1,,,84=0;85=1;86=1;87=-1;88=0;89=-1;90=0;91=-1;92=0;93=-1;94=0;95=1;96=0;97=1;98=1;99=-1;100=0;101=-1;102=0;103=-1;104=0;105=-1;106=0;107=1;108=-1;109=0;110=-1;111=0;112=-1;113=0;116=0;120=60
23066,Thunderstrike,サンダーストライク,23xxx,0,100,1,2,13,Magical,1,9,Lightning,0,magical,0,0,0,2000,1,3,8,20,-1,0,0,false,-1,,,,,0,-1,,,84=0;85=1;86=1;87=-1;88=0;89=-1;90=0;91=-1;92=0;93=-1;94=0;95=1;96=0.25;97=1;98=1;99=-1;100=0;101=-1;102=0;103=-1;104=0;105=-1;106=0;107=0;108=13;109=1;110=9;111=0;112=-1;113=0;116=1;120=60
23067,Thunderwall,サンダーウォール,23xxx,0,100,1,2,13,Magical,1,9,Lightning,0,magical,0,0,0,2000,2,3,8,12,-1,0,0,false,-1,,,,,0,-1,,,84=0;85=1;86=1;87=-1;88=0;89=-1;90=0;91=-1;92=0;93=-1;94=0;95=1;96=0.25;97=1;98=1;99=-1;100=0;101=-1;102=0;103=-1;104=0;105=-1;106=0;107=0;108=13;109=1;110=9;111=0;112=-1;113=0;116=1;120=60
23068,Thunderstorm,サンダーストーム,23xxx,0,100,1,2,13,Magical,1,9,Lightning,0,magical,0,0,0,2000,3,3,8,8,-1,0,0,false,-1,,,,,0,-1,,,84=0;85=1;86=1;87=-1;88=0;89=-1;90=0;91=-1;92=0;93=-1;94=0;95=1;96=0.25;97=1;98=1;99=-1;100=0;101=-1;102=0;103=-1;104=0;105=-1;106=0;107=0;108=13;109=1;110=9;111=0;112=-1;113=0;116=1;120=60
23069,Prickle,攻撃,23xxx,0,100,1,2,4,Projectile,1,-1,None,0,physical,0,0,0,0,0,3,5,20,-1,0,0,false,-1,,,,,0,-1,,,84=0;85=1;86=1;87=-1;88=0;89=-1;90=0;91=-1;92=0;93=-1;94=0;95=1;96=0;97=1;98=1;99=-1;100=0;101=-1;102=0;103=-1;104=0;105=-1;106=0;107=0;108=4;109=1;110=-1;111=0;112=-1;113=0;116=0;120=60
23070,Hair Ball,ヘアボール,23xxx,0,100,1,2,2,Piercing,1,-1,None,0,physical,0,0,0,1000,1,3,6,6,-1,0,0,false,-1,,,,,0,-1,,,84=0;85=1;86=1;87=-1;88=0;89=-1;90=0;91=-1;92=0;93=-1;94=0;95=1;96=0.25;97=1;98=1;99=-1;100=0;101=-1;102=0;103=-1;104=0;105=-1;106=0;107=0;108=2;109=1;110=-1;111=0;112=-1;113=0;116=1;120=60
23071,Furfall,ファーフォール,23xxx,0,100,1,2,-1,None,0,-1,None,0,none,0,0,0,1000,2,3,6,16,-1,0,0,false,-1,,,,,0,-1,,,84=0;85=1;86=1;87=-1;88=0;89=-1;90=0;91=-1;92=0;93=-1;94=0;95=1;96=0.25;97=1;98=1;99=-1;100=0;101=-1;102=0;103=-1;104=0;105=-1;106=0;107=1;108=-1;109=0;110=-1;111=0;112=-1;113=0;116=1;120=60
23072,Fursquall,ファースコール,23xxx,0,100,1,2,-1,None,0,-1,None,0,none,0,0,0,1000,2,3,4,16,-1,0,0,false,-1,,,,,0,-1,,,84=0;85=1;86=1;87=-1;88=0;89=-1;90=0;91=-1;92=0;93=-1;94=0;95=1;96=0;97=1;98=1;99=-1;100=0;101=-1;102=0;103=-1;104=0;105=-1;106=0;107=1;108=-1;109=0;110=-1;111=0;112=-1;113=0;116=1;120=60
23073,Reaching Scratch,攻撃,23xxx,0,100,1,2,4,Projectile,1,-1,None,0,physical,0,0,0,0,0,3,5,20,-1,0,0,false,-1,,,,,0,-1,,,84=0;85=1;86=1;87=-1;88=0;89=-1;90=0;91=-1;92=0;93=-1;94=0;95=1;96=0;97=1;98=1;99=-1;100=0;101=-1;102=0;103=-1;104=0;105=-1;106=0;107=0;108=4;109=1;110=-1;111=0;112=-1;113=0;116=0;120=60
23074,Drop Kick,ドロップキック,23xxx,0,100,1,2,3,Blunt,1,-1,None,0,physical,0,0,0,1000,1,3,6,6,-1,0,0,false,-1,,,,,0,-1,,,84=0;85=1;86=1;87=-1;88=0;89=-1;90=0;91=-1;92=0;93=-1;94=0;95=1;96=0.25;97=1;98=1;99=-1;100=0;101=-1;102=0;103=-1;104=0;105=-1;106=0;107=0;108=3;109=1;110=-1;111=0;112=-1;113=0;116=1;120=60
23075,Deep Scratch,かっぱらい,23xxx,0,100,1,2,1,Slashing,1,-1,None,0,physical,0,0,0,1000,1,3,6,6,-1,0,0,false,-1,,,,,0,-1,,,84=0;85=1;86=1;87=-1;88=0;89=-1;90=0;91=-1;92=0;93=-1;94=0;95=1;96=0.25;97=1;98=1;99=-1;100=0;101=-1;102=0;103=-1;104=0;105=-1;106=0;107=0;108=1;109=1;110=-1;111=0;112=-1;113=0;116=1;120=60
23076,Soil Smear,毒手,23xxx,0,100,1,2,1,Slashing,1,-1,None,0,physical,0,0,0,1000,1,3,6,6,-1,0,0,false,-1,,,,,0,-1,,,84=0;85=1;86=1;87=-1;88=0;89=-1;90=0;91=-1;92=0;93=-1;94=0;95=1;96=0.25;97=1;98=1;99=-1;100=0;101=-1;102=0;103=-1;104=0;105=-1;106=0;107=0;108=1;109=1;110=-1;111=0;112=-1;113=0;116=1;120=60
23077,Sneeze,攻撃,23xxx,0,100,1,2,13,Magical,1,10,Water,0,magical,0,0,0,0,0,3,5,20,-1,0,0,false,-1,,,,,0,-1,,,84=0;85=1;86=1;87=-1;88=0;89=-1;90=0;91=-1;92=0;93=-1;94=0;95=1;96=0;97=1;98=1;99=-1;100=0;101=-1;102=0;103=-1;104=0;105=-1;106=0;107=0;108=13;109=1;110=10;111=0;112=-1;113=0;116=0;120=60
23078,Stampede,スタンピード,23xxx,0,100,1,2,2,Piercing,1,-1,None,0,physical,0,0,0,1000,1,3,8,6,-1,0,0,false,-1,,,,,0,-1,,,84=0;85=1;86=1;87=-1;88=0;89=-1;90=0;91=-1;92=0;93=-1;94=0;95=1;96=0.25;97=1;98=1;99=-1;100=0;101=-1;102=0;103=-1;104=0;105=-1;106=0;107=0;108=2;109=1;110=-1;111=0;112=-1;113=0;116=1;120=60
23079,Hoofkick,フーフキック,23xxx,0,100,1,2,3,Blunt,1,-1,None,0,physical,0,0,0,1000,1,3,8,6,-1,0,0,false,-1,,,,,0,-1,,,84=0;85=1;86=1;87=-1;88=0;89=-1;90=0;91=-1;92=0;93=-1;94=0;95=1;96=0.25;97=1;98=1;99=-1;100=0;101=-1;102=0;103=-1;104=0;105=-1;106=0;107=0;108=3;109=1;110=-1;111=0;112=-1;113=0;116=1;120=60
23080,Gale Switch,攻撃,23xxx,0,100,1,2,13,Magical,1,7,Wind,0,magical,0,0,0,0,0,3,5,20,-1,0,0,false,-1,,,,,0,-1,,,84=0;85=1;86=1;87=-1;88=0;89=-1;90=0;91=-1;92=0;93=-1;94=0;95=1;96=0;97=1;98=1;99=-1;100=0;101=-1;102=0;103=-1;104=0;105=-1;106=0;107=0;108=13;109=1;110=7;111=0;112=-1;113=0;116=0;120=60
23081,Shriek,号叫,23xxx,0,100,1,2,-1,None,0,-1,None,0,none,0,0,0,1000,4,3,6,12,-1,0,0,false,-1,,,,,0,-1,,,84=0;85=1;86=1;87=-1;88=0;89=-1;90=0;91=-1;92=0;93=-1;94=0;95=1;96=0.25;97=1;98=1;99=-1;100=0;101=-1;102=0;103=-1;104=0;105=-1;106=0;107=1;108=-1;109=0;110=-1;111=0;112=-1;113=0;116=1;120=60
23082,Overtone Shriek,哀叫,23xxx,0,100,1,2,-1,None,0,-1,None,0,none,0,0,0,1000,4,3,6,12,-1,0,0,false,-1,,,,,0,-1,,,84=0;85=1;86=1;87=-1;88=0;89=-1;90=0;91=-1;92=0;93=-1;94=0;95=1;96=0.25;97=1;98=1;99=-1;100=0;101=-1;102=0;103=-1;104=0;105=-1;106=0;107=1;108=-1;109=0;110=-1;111=0;112=-1;113=0;116=1;120=60
23083,Beak Snap,ビークスナップ,23xxx,0,100,1,2,3,Blunt,1,-1,None,0,physical,0,0,0,1000,1,3,6,6,-1,0,0,false,-1,,,,,0,-1,,,84=0;85=1;86=1;87=-1;88=0;89=-1;90=0;91=-1;92=0;93=-1;94=0;95=1;96=0.25;97=1;98=1;99=-1;100=0;101=-1;102=0;103=-1;104=0;105=-1;106=0;107=0;108=3;109=1;110=-1;111=0;112=-1;113=0;116=1;120=60
23084,Bombardier,攻撃,23xxx,0,100,1,2,4,Projectile,1,-1,None,0,physical,0,0,0,0,0,3,5,20,-1,0,0,false,-1,,,,,0,-1,,,84=0;85=1;86=1;87=-1;88=0;89=-1;90=0;91=-1;92=0;93=-1;94=0;95=1;96=0;97=1;98=1;99=-1;100=0;101=-1;102=0;103=-1;104=0;105=-1;106=0;107=0;108=4;109=1;110=-1;111=0;112=-1;113=0;116=0;120=60
23085,Spoil,スポイル,23xxx,0,100,1,2,13,Magical,1,10,Water,0,magical,0,0,0,1000,5,3,8,8,-1,0,0,false,-1,,,,,0,-1,,,84=0;85=1;86=1;87=-1;88=0;89=-1;90=0;91=-1;92=0;93=-1;94=0;95=1;96=0.25;97=1;98=1;99=-1;100=0;101=-1;102=0;103=-1;104=0;105=-1;106=0;107=0;108=13;109=1;110=10;111=0;112=-1;113=0;116=1;120=60
23086,Seedvolley,攻撃,23xxx,0,100,1,2,4,Projectile,1,-1,None,0,physical,0,0,0,0,0,3,5,20,-1,0,0,false,-1,,,,,0,-1,,,84=0;85=1;86=1;87=-1;88=0;89=-1;90=0;91=-1;92=0;93=-1;94=0;95=1;96=0;97=1;98=1;99=-1;100=0;101=-1;102=0;103=-1;104=0;105=-1;106=0;107=0;108=4;109=1;110=-1;111=0;112=-1;113=0;116=0;120=60
23087,Germinate,ジャミネート,23xxx,0,100,1,2,2,Piercing,1,-1,None,0,physical,0,0,0,1000,1,3,8,20,-1,0,8,false,-1,,,,,0,-1,,,84=0;85=1;86=1;87=-1;88=0;89=-1;90=0;91=-1;92=0;93=-1;94=0;95=1;96=0.25;97=1;98=1;99=-1;100=0;101=-1;102=0;103=-1;104=0;105=-1;106=0;107=0;108=2;109=1;110=-1;111=0;112=-1;113=0;116=1;120=60
23088,Seedspray,シードスプレー,23xxx,0,100,1,2,2,Piercing,1,-1,None,0,physical,0,0,0,1000,1,3,8,20,-1,0,8,false,-1,,,,,0,-1,,,84=0;85=1;86=1;87=-1;88=0;89=-1;90=0;91=-1;92=0;93=-1;94=0;95=1;96=0.25;97=1;98=1;99=-1;100=0;101=-1;102=0;103=-1;104=0;105=-1;106=0;107=0;108=2;109=1;110=-1;111=0;112=-1;113=0;116=1;120=60
23089,Sough,サフ,23xxx,0,100,1,2,13,Magical,1,7,Wind,0,magical,0,0,0,1000,3.5,3,8,10,-1,0,0,false,-1,,,,,0,-1,,,84=0;85=1;86=1;87=-1;88=0;89=-1;90=0;91=-1;92=0;93=-1;94=0;95=1;96=0.25;97=1;98=1;99=-1;100=0;101=-1;102=0;103=-1;104=0;105=-1;106=0;107=0;108=13;109=1;110=7;111=0;112=-1;113=0;116=1;120=60
23090,Bleat,攻撃,23xxx,0,100,1,2,13,Magical,1,7,Wind,0,magical,0,0,0,0,0,3,5,20,-1,0,0,false,-1,,,,,0,-1,,,84=0;85=1;86=1;87=-1;88=0;89=-1;90=0;91=-1;92=0;93=-1;94=0;95=1;96=0;97=1;98=1;99=-1;100=0;101=-1;102=0;103=-1;104=0;105=-1;106=0;107=0;108=13;109=1;110=7;111=0;112=-1;113=0;116=0;120=60
23091,Head Butt,ヘッドバット,23xxx,0,100,1,2,3,Blunt,1,-1,None,0,physical,0,0,0,1000,1,3,8,6,-1,0,0,false,-1,,,,,0,-1,,,84=0;85=1;86=1;87=-1;88=0;89=-1;90=0;91=-1;92=0;93=-1;94=0;95=1;96=0.25;97=1;98=1;99=-1;100=0;101=-1;102=0;103=-1;104=0;105=-1;106=0;107=0;108=3;109=1;110=-1;111=0;112=-1;113=0;116=1;120=60
23092,Alpine Fury,アルパインフューリー,23xxx,0,100,1,2,-1,None,0,-1,None,0,none,0,0,0,1000,2,3,4,8,-1,0,0,false,-1,,,,,0,-1,,,84=0;85=1;86=1;87=-1;88=0;89=-1;90=0;91=-1;92=0;93=-1;94=0;95=1;96=0;97=1;98=1;99=-1;100=0;101=-1;102=0;103=-1;104=0;105=-1;106=0;107=1;108=-1;109=0;110=-1;111=0;112=-1;113=0;116=1;120=60
23093,Seismic Scream,攻撃,23xxx,0,100,1,2,13,Magical,1,8,Earth,0,magical,0,0,0,0,0,3,5,20,-1,0,0,false,-1,,,,,0,-1,,,84=0;85=1;86=1;87=-1;88=0;89=-1;90=0;91=-1;92=0;93=-1;94=0;95=1;96=0;97=1;98=1;99=-1;100=0;101=-1;102=0;103=-1;104=0;105=-1;106=0;107=0;108=13;109=1;110=8;111=0;112=-1;113=0;116=0;120=60
23094,Level 5 Petrify,レベル5石化,23xxx,0,100,1,2,-1,None,0,-1,None,0,none,0,0,0,1000,4.5,3,8,12,-1,0,0,false,-1,,,,,0,-1,,,84=0;85=1;86=1;87=-1;88=0;89=-1;90=0;91=-1;92=0;93=-1;94=0;95=1;96=0.25;97=1;98=1;99=-1;100=0;101=-1;102=0;103=-1;104=0;105=-1;106=0;107=1;108=-1;109=0;110=-1;111=0;112=-1;113=0;116=1;120=60
23095,Aural Vacuum,テールホイップ,23xxx,0,100,1,2,1,Slashing,1,-1,None,0,physical,0,0,0,1000,1,3,6,8,-1,0,0,false,-1,,,,,0,-1,,,84=0;85=1;86=1;87=-1;88=0;89=-1;90=0;91=-1;92=0;93=-1;94=0;95=1;96=0.25;97=1;98=1;99=-1;100=0;101=-1;102=0;103=-1;104=0;105=-1;106=0;107=0;108=1;109=1;110=-1;111=0;112=-1;113=0;116=1;120=60
23096,Tail Whip,オーラルバキューム,23xxx,0,100,1,2,13,Magical,1,7,Wind,0,magical,0,0,0,1000,4,3,8,12,-1,0,0,false,-1,,,,,0,-1,,,84=0;85=1;86=1;87=-1;88=0;89=-1;90=0;91=-1;92=0;93=-1;94=0;95=1;96=0.25;97=1;98=1;99=-1;100=0;101=-1;102=0;103=-1;104=0;105=-1;106=0;107=0;108=13;109=1;110=7;111=0;112=-1;113=0;116=1;120=60
23097,Caterwaul,カタウォール,23xxx,0,100,1,2,-1,None,0,-1,None,0,none,0,0,0,1000,2,3,4,20,-1,0,0,false,-1,,,,,0,-1,,,84=0;85=1;86=1;87=-1;88=0;89=-1;90=0;91=-1;92=0;93=-1;94=0;95=1;96=0;97=1;98=1;99=-1;100=0;101=-1;102=0;103=-1;104=0;105=-1;106=0;107=1;108=-1;109=0;110=-1;111=0;112=-1;113=0;116=1;120=60
23098,Aqueous Discharge,攻撃,23xxx,0,100,1,2,13,Magical,1,10,Water,0,magical,0,0,0,0,0,3,5,20,-1,0,0,false,-1,,,,,0,-1,,,84=0;85=1;86=1;87=-1;88=0;89=-1;90=0;91=-1;92=0;93=-1;94=0;95=1;96=0;97=1;98=1;99=-1;100=0;101=-1;102=0;103=-1;104=0;105=-1;106=0;107=0;108=13;109=1;110=10;111=0;112=-1;113=0;116=0;120=60
23099,Viscous Discharge,粘汁散布,23xxx,0,100,1,0,13,Magical,1,10,Water,0,magical,0,0,0,1000,5,3,8,8,-1,0,0,false,-1,,,,,0,-1,,,84=0;85=1;86=1;87=-1;88=0;89=-1;90=0;91=-1;92=0;93=-1;94=0;95=1;96=0.25;97=1;98=1;99=-1;100=0;101=-1;102=0;103=-1;104=0;105=-1;106=0;107=0;108=13;109=1;110=10;111=0;112=-1;113=0;116=1;120=60
23100,Mucous Discharge,忘汁散布,23xxx,0,100,1,0,13,Magical,1,10,Water,0,magical,0,0,0,1000,5,3,8,8,-1,0,0,false,-1,,,,,0,-1,,,84=0;85=1;86=1;87=-1;88=0;89=-1;90=0;91=-1;92=0;93=-1;94=0;95=1;96=0.25;97=1;98=1;99=-1;100=0;101=-1;102=0;103=-1;104=0;105=-1;106=0;107=0;108=13;109=1;110=10;111=0;112=-1;113=0;116=1;120=60
23101,Tail Strike,しっぽはたき,23xxx,0,100,1,2,-1,None,0,-1,None,0,none,0,0,0,1000,5,3,8,8,-1,0,0,false,-1,,,,,0,-1,,,84=0;85=1;86=1;87=-1;88=0;89=-1;90=0;91=-1;92=0;93=-1;94=0;95=1;96=0;97=1;98=1;99=-1;100=0;101=-1;102=0;103=-1;104=0;105=-1;106=0;107=1;108=-1;109=0;110=-1;111=0;112=-1;113=0;116=1;120=60
23102,Frenzied Claw,連続引っ掻き,23xxx,0,100,1,2,-1,None,0,-1,None,0,none,0,0,0,1000,5,3,8,8,-1,0,0,false,-1,,,,,0,-1,,,84=0;85=1;86=1;87=-1;88=0;89=-1;90=0;91=-1;92=0;93=-1;94=0;95=1;96=0;97=1;98=1;99=-1;100=0;101=-1;102=0;103=-1;104=0;105=-1;106=0;107=1;108=-1;109=0;110=-1;111=0;112=-1;113=0;116=1;120=60
23103,Forward Kick,前蹴り,23xxx,0,100,1,2,-1,None,0,-1,None,0,none,0,0,0,1000,5,3,8,8,-1,0,0,false,-1,,,,,0,-1,,,84=0;85=1;86=1;87=-1;88=0;89=-1;90=0;91=-1;92=0;93=-1;94=0;95=1;96=0;97=1;98=1;99=-1;100=0;101=-1;102=0;103=-1;104=0;105=-1;106=0;107=1;108=-1;109=0;110=-1;111=0;112=-1;113=0;116=1;120=60
23104,Squawk,鳴き声,23xxx,0,100,1,2,-1,None,0,-1,None,0,none,0,0,0,1000,5,3,8,8,-1,0,0,false,-1,,,,,0,-1,,,84=0;85=1;86=1;87=-1;88=0;89=-1;90=0;91=-1;92=0;93=-1;94=0;95=1;96=0;97=1;98=1;99=-1;100=0;101=-1;102=0;103=-1;104=0;105=-1;106=0;107=1;108=-1;109=0;110=-1;111=0;112=-1;113=0;116=1;120=60
23105,Basilisk Breath,ブレス,23xxx,0,100,1,2,-1,None,0,-1,None,0,none,0,0,0,1000,5,3,8,8,-1,0,0,false,-1,,,,,0,-1,,,84=0;85=1;86=1;87=-1;88=0;89=-1;90=0;91=-1;92=0;93=-1;94=0;95=1;96=0;97=1;98=1;99=-1;100=0;101=-1;102=0;103=-1;104=0;105=-1;106=0;107=1;108=-1;109=0;110=-1;111=0;112=-1;113=0;116=1;120=60
23106,Stomp,前足踏みつけ,23xxx,0,100,1,2,-1,None,0,-1,None,0,none,0,0,0,1000,5,3,8,8,-1,0,0,false,-1,,,,,0,-1,,,84=0;85=1;86=1;87=-1;88=0;89=-1;90=0;91=-1;92=0;93=-1;94=0;95=1;96=0;97=1;98=1;99=-1;100=0;101=-1;102=0;103=-1;104=0;105=-1;106=0;107=1;108=-1;109=0;110=-1;111=0;112=-1;113=0;116=1;120=60
23107,-,(ドードー)テストコマンド,23xxx,0,100,1,2,-1,None,0,-1,None,0,none,0,0,0,1000,5,3,8,8,-1,0,0,false,-1,,,,,0,-1,,,84=0;85=1;86=1;87=-1;88=0;89=-1;90=0;91=-1;92=0;93=-1;94=0;95=1;96=0;97=1;98=1;99=-1;100=0;101=-1;102=0;103=-1;104=0;105=-1;106=0;107=1;108=-1;109=0;110=-1;111=0;112=-1;113=0;116=1;120=60
23108,-,(バジリスク)眼の光OFF,23xxx,0,100,1,0,-1,None,0,-1,None,0,none,0,0,0,0,0,3,0,8,-1,0,0,false,-1,,,,,0,-1,,,84=0;85=1;86=1;87=-1;88=0;89=-1;90=0;91=-1;92=0;93=-1;94=0;95=1;96=0;97=1;98=1;99=-1;100=0;101=-1;102=0;103=-1;104=0;105=-1;106=0;107=1;108=-1;109=0;110=-1;111=0;112=-1;113=0;116=0;120=60
23109,-,(オーガ)転倒OFF,23xxx,0,100,1,0,-1,None,0,-1,None,0,none,0,0,0,0,0,3,0,8,-1,0,0,false,-1,,,,,0,-1,,,84=0;85=1;86=1;87=-1;88=0;89=-1;90=0;91=-1;92=0;93=-1;94=0;95=1;96=0;97=1;98=1;99=-1;100=0;101=-1;102=0;103=-1;104=0;105=-1;106=0;107=1;108=-1;109=0;110=-1;111=0;112=-1;113=0;116=0;120=60
23110,-,(オーガ)怒りOFF,23xxx,0,100,1,0,-1,None,0,-1,None,0,none,0,0,0,0,0,3,0,8,-1,0,0,false,-1,,,,,0,-1,,,84=0;85=1;86=1;87=-1;88=0;89=-1;90=0;91=-1;92=0;93=-1;94=0;95=1;96=0;97=1;98=1;99=-1;100=0;101=-1;102=0;103=-1;104=0;105=-1;106=0;107=1;108=-1;109=0;110=-1;111=0;112=-1;113=0;116=0;120=60
23111,-,(花お化け)半開き,23xxx,0,100,1,0,-1,None,0,-1,None,0,none,0,0,0,0,0,3,0,8,-1,0,0,false,-1,,,,,0,-1,,,84=0;85=1;86=1;87=-1;88=0;89=-1;90=0;91=-1;92=0;93=-1;94=0;95=1;96=0;97=1;98=1;99=-1;100=0;101=-1;102=0;103=-1;104=0;105=-1;106=0;107=1;108=-1;109=0;110=-1;111=0;112=-1;113=0;116=0;120=60
23112,-,(花お化け)花を閉じる,23xxx,0,100,1,0,-1,None,0,-1,None,0,none,0,0,0,0,0,3,0,8,-1,0,0,false,-1,,,,,0,-1,,,84=0;85=1;86=1;87=-1;88=0;89=-1;90=0;91=-1;92=0;93=-1;94=0;95=1;96=0;97=1;98=1;99=-1;100=0;101=-1;102=0;103=-1;104=0;105=-1;106=0;107=1;108=-1;109=0;110=-1;111=0;112=-1;113=0;116=0;120=60
23113,Mine Dust,攻撃,23xxx,0,100,1,2,4,Projectile,1,-1,None,0,physical,0,0,0,0,0,3,5,20,-1,0,0,false,-1,,,,,0,-1,,,84=0;85=1;86=1;87=-1;88=0;89=-1;90=0;91=-1;92=0;93=-1;94=0;95=1;96=0;97=1;98=1;99=-1;100=0;101=-1;102=0;103=-1;104=0;105=-1;106=0;107=0;108=4;109=1;110=-1;111=0;112=-1;113=0;116=0;120=60
23114,Cluster Geyser,クラスターガイザー,23xxx,0,100,1,2,3,Blunt,1,-1,None,0,physical,0,0,0,1000,1,3,8,8,-1,0,0,false,-1,,,,,0,-1,,,84=0;85=1;86=1;87=-1;88=0;89=-1;90=0;91=-1;92=0;93=-1;94=0;95=1;96=0.25;97=1;98=1;99=-1;100=0;101=-1;102=0;103=-1;104=0;105=-1;106=0;107=0;108=3;109=1;110=-1;111=0;112=-1;113=0;116=1;120=60
23115,Sphere of Cold,攻撃,23xxx,0,100,1,2,13,Magical,1,6,Ice,0,magical,0,0,0,0,0,3,5,20,-1,0,0,false,-1,,,,,0,-1,,,84=0;85=1;86=1;87=-1;88=0;89=-1;90=0;91=-1;92=0;93=-1;94=0;95=1;96=0;97=1;98=1;99=-1;100=0;101=-1;102=0;103=-1;104=0;105=-1;106=0;107=0;108=13;109=1;110=6;111=0;112=-1;113=0;116=0;120=60
23116,Impish Incantations,魔法放題,23xxx,0,100,1,2,-1,None,0,-1,None,0,none,0,0,0,1000,1,3,8,20,-1,0,0,false,-1,,,,,0,-1,,,84=0;85=1;86=1;87=-1;88=0;89=-1;90=0;91=-1;92=0;93=-1;94=0;95=1;96=0.25;97=1;98=1;99=-1;100=0;101=-1;102=0;103=-1;104=0;105=-1;106=0;107=1;108=-1;109=0;110=-1;111=0;112=-1;113=0;116=1;120=60
23117,Impish Incantations,魔法放題,23xxx,0,100,1,2,13,Magical,1,12,Umbral,0.33,magical,0,0,0,1000,1,3,8,20,-1,0,8,false,-1,,,,,0,-1,,,84=0;85=1;86=1;87=-1;88=0;89=-1;90=0;91=-1;92=0;93=-1;94=0;95=1;96=0.25;97=1;98=1;99=-1;100=0;101=-1;102=0;103=-1;104=0;105=-1;106=0;107=0;108=13;109=1;110=12;111=0.33;112=-1;113=0;116=1;120=60
23118,Impish Incantations,魔法放題,23xxx,0,100,1,2,13,Magical,1,13,Unaspected,0,magical,0,0,0,1000,1,3,8,20,-1,0,8,false,-1,,,,,0,-1,,,84=0;85=1;86=1;87=-1;88=0;89=-1;90=0;91=-1;92=0;93=-1;94=0;95=1;96=0.25;97=1;98=1;99=-1;100=0;101=-1;102=0;103=-1;104=0;105=-1;106=0;107=0;108=13;109=1;110=13;111=0;112=-1;113=0;116=1;120=60
23119,Stardust,スターダスト,23xxx,0,100,1,0,-1,None,0,-1,None,0,none,0,0,0,0,0,3,0,0,-1,0,0,false,-1,,,,,0,-1,,,84=0;85=1;86=1;87=-1;88=0;89=-1;90=0;91=-1;92=0;93=-1;94=0;95=1;96=0;97=1;98=1;99=-1;100=0;101=-1;102=0;103=-1;104=0;105=-1;106=0;107=1;108=-1;109=0;110=-1;111=0;112=-1;113=0;116=0;120=60
23120,-,文章で説明（これが出たらバグ）,23xxx,0,100,1,0,-1,None,0,-1,None,0,none,0,0,0,0,0,3,0,0,-1,0,0,false,-1,,,,,0,-1,,,84=0;85=1;86=1;87=-1;88=0;89=-1;90=0;91=-1;92=0;93=-1;94=0;95=1;96=0;97=1;98=1;99=-1;100=0;101=-1;102=0;103=-1;104=0;105=-1;106=0;107=1;108=-1;109=0;110=-1;111=0;112=-1;113=0;116=0;120=60
23121,Quickchant,攻撃,23xxx,0,100,1,2,13,Magical,1,5,Fire,0,magical,0,0,0,0,0,3,5,20,-1,0,0,false,-1,,,,,0,-1,,,84=0;85=1;86=1;87=-1;88=0;89=-1;90=0;91=-1;92=0;93=-1;94=0;95=1;96=0;97=1;98=1;99=-1;100=0;101=-1;102=0;103=-1;104=0;105=-1;106=0;107=0;108=13;109=1;110=5;111=0;112=-1;113=0;116=0;120=60
23122,Frenetic Flurry,非天拳,23xxx,0,100,1,2,3,Blunt,1,-1,None,0,physical,0,0,0,1000,1,3,6,6,-1,0,0,false,-1,,,,,0,-1,,,84=0;85=1;86=1;87=-1;88=0;89=-1;90=0;91=-1;92=0;93=-1;94=0;95=1;96=0.25;97=1;98=1;99=-1;100=0;101=-1;102=0;103=-1;104=0;105=-1;106=0;107=0;108=3;109=1;110=-1;111=0;112=-1;113=0;116=1;120=60
23123,Romp,ロンプ,23xxx,0,100,1,2,3,Blunt,1,-1,None,0,physical,0,0,0,1000,3,3,8,10,-1,0,0,false,-1,,,,,0,-1,,,84=0;85=1;86=1;87=-1;88=0;89=-1;90=0;91=-1;92=0;93=-1;94=0;95=1;96=0.25;97=1;98=1;99=-1;100=0;101=-1;102=0;103=-1;104=0;105=-1;106=0;107=0;108=3;109=1;110=-1;111=0;112=-1;113=0;116=1;120=60
23124,Triple Tumble,トリプルタンブル,23xxx,0,100,1,2,3,Blunt,1,-1,None,0,physical,0,0,0,1000,4,3,8,8,-1,0,0,false,-1,,,,,0,-1,,,84=0;85=1;86=1;87=-1;88=0;89=-1;90=0;91=-1;92=0;93=-1;94=0;95=1;96=0.25;97=1;98=1;99=-1;100=0;101=-1;102=0;103=-1;104=0;105=-1;106=0;107=0;108=3;109=1;110=-1;111=0;112=-1;113=0;116=1;120=60
23125,Forbidden Magicks,フォビドゥンマジックス,23xxx,0,100,1,2,13,Magical,1,5,Fire,0,magical,0,0,0,1000,1,3,8,12,-1,0,0,false,-1,,,,,0,-1,,,84=0;85=1;86=1;87=-1;88=0;89=-1;90=0;91=-1;92=0;93=-1;94=0;95=1;96=0.25;97=1;98=1;99=-1;100=0;101=-1;102=0;103=-1;104=0;105=-1;106=0;107=0;108=13;109=1;110=5;111=0;112=-1;113=0;116=1;120=60
23126,-,(ませきくん)魔石オン,23xxx,0,100,1,0,-1,None,0,-1,None,0,none,0,0,0,0,0,3,0,8,-1,0,0,false,-1,,,,,0,-1,,,84=0;85=1;86=1;87=-1;88=0;89=-1;90=0;91=-1;92=0;93=-1;94=0;95=1;96=0;97=1;98=1;99=-1;100=0;101=-1;102=0;103=-1;104=0;105=-1;106=0;107=1;108=-1;109=0;110=-1;111=0;112=-1;113=0;116=0;120=60
23127,Dark Cloud,攻撃,23xxx,0,100,1,2,13,Magical,1,12,Umbral,0.33,magical,0,0,0,0,0,3,5,20,-1,0,0,false,-1,,,,,0,-1,,,84=0;85=1;86=1;87=-1;88=0;89=-1;90=0;91=-1;92=0;93=-1;94=0;95=1;96=0;97=1;98=1;99=-1;100=0;101=-1;102=0;103=-1;104=0;105=-1;106=0;107=0;108=13;109=1;110=12;111=0.33;112=-1;113=0;116=0;120=60
23128,Curse,呪言,23xxx,0,100,1,2,13,Magical,1,12,Umbral,0.33,magical,0,0,0,2000,1,3,6,6,-1,0,0,false,-1,,,,,0,-1,,,84=0;85=1;86=1;87=-1;88=0;89=-1;90=0;91=-1;92=0;93=-1;94=0;95=1;96=0.25;97=1;98=1;99=-1;100=0;101=-1;102=0;103=-1;104=0;105=-1;106=0;107=0;108=13;109=1;110=12;111=0.33;112=-1;113=0;116=1;120=60
23129,Grave Reel,グレーブリール,23xxx,0,100,1,2,-1,None,0,-1,None,0,none,0,0,0,2000,1,3,8,8,-1,0,0,false,-1,,,,,0,-1,,,84=0;85=1;86=1;87=-1;88=0;89=-1;90=0;91=-1;92=0;93=-1;94=0;95=1;96=0.25;97=1;98=1;99=-1;100=0;101=-1;102=0;103=-1;104=0;105=-1;106=0;107=1;108=-1;109=0;110=-1;111=0;112=-1;113=0;116=1;120=60
23130,Gate to Oblivion,オブリヴィオンゲート,23xxx,0,100,1,0,-1,None,0,-1,None,0,none,0,0,0,0,0,3,0,8,-1,0,0,false,-1,,,,,0,-1,,,84=0;85=1;86=1;87=-1;88=0;89=-1;90=0;91=-1;92=0;93=-1;94=0;95=1;96=0;97=1;98=1;99=-1;100=0;101=-1;102=0;103=-1;104=0;105=-1;106=0;107=1;108=-1;109=0;110=-1;111=0;112=-1;113=0;116=0;120=60
23131,-,文章で説明（これが出たらバグ）,23xxx,0,100,1,0,-1,None,0,-1,None,0,none,0,0,0,0,0,3,0,8,-1,0,0,false,-1,,,,,0,-1,,,84=0;85=1;86=1;87=-1;88=0;89=-1;90=0;91=-1;92=0;93=-1;94=0;95=1;96=0;97=1;98=1;99=-1;100=0;101=-1;102=0;103=-1;104=0;105=-1;106=0;107=1;108=-1;109=0;110=-1;111=0;112=-1;113=0;116=0;120=60
23132,Brackish Bubble,攻撃,23xxx,0,100,1,2,4,Projectile,1,-1,None,0,physical,0,0,0,0,0,3,5,20,-1,0,0,false,-1,,,,,0,-1,,,84=0;85=1;86=1;87=-1;88=0;89=-1;90=0;91=-1;92=0;93=-1;94=0;95=1;96=0;97=1;98=1;99=-1;100=0;101=-1;102=0;103=-1;104=0;105=-1;106=0;107=0;108=4;109=1;110=-1;111=0;112=-1;113=0;116=0;120=60
23133,Claw Guard,クローガード,23xxx,0,100,1,0,-1,None,0,-1,None,0,none,0,0,0,0,0,3,0,8,-1,0,0,false,-1,,,,,0,-1,,,84=0;85=1;86=1;87=-1;88=0;89=-1;90=0;91=-1;92=0;93=-1;94=0;95=1;96=0;97=1;98=1;99=-1;100=0;101=-1;102=0;103=-1;104=0;105=-1;106=0;107=1;108=-1;109=0;110=-1;111=0;112=-1;113=0;116=0;120=60
23134,Bubble Shower,バブルシャワー,23xxx,0,100,1,2,12,Breath,1,10,Water,1,physical,0,0,0,1000,3.5,3,8,10,-1,0,0,false,-1,,,,,0,-1,,,84=0;85=1;86=1;87=-1;88=0;89=-1;90=0;91=-1;92=0;93=-1;94=0;95=1;96=0.25;97=1;98=1;99=-1;100=0;101=-1;102=0;103=-1;104=0;105=-1;106=0;107=0;108=12;109=1;110=10;111=1;112=-1;113=0;116=1;120=60
23135,Backclip,バッククリップ,23xxx,0,100,1,2,3,Blunt,1,-1,None,0,physical,0,0,0,1000,1,3,6,8,-1,0,0,false,-1,,,,,0,-1,,,84=0;85=1;86=1;87=-1;88=0;89=-1;90=0;91=-1;92=0;93=-1;94=0;95=1;96=0.25;97=1;98=1;99=-1;100=0;101=-1;102=0;103=-1;104=0;105=-1;106=0;107=0;108=3;109=1;110=-1;111=0;112=-1;113=0;116=1;120=60
23136,-,(クラブ)泡ブレス（中断可）,23xxx,0,100,1,2,12,Breath,1,10,Water,1,physical,0,0,0,1000,3,3,8,8,-1,0,0,false,-1,,,,,0,-1,,,84=0;85=1;86=1;87=-1;88=0;89=-1;90=0;91=-1;92=0;93=-1;94=0;95=1;96=0;97=1;98=1;99=-1;100=0;101=-1;102=0;103=-1;104=0;105=-1;106=0;107=0;108=12;109=1;110=10;111=1;112=-1;113=0;116=1;120=60
23137,-,（クラブ）睡眠ブレス,23xxx,0,100,1,2,12,Breath,1,-1,None,0,physical,0,0,0,1000,2,3,8,10,-1,0,0,false,-1,,,,,0,-1,,,84=0;85=1;86=1;87=-1;88=0;89=-1;90=0;91=-1;92=0;93=-1;94=0;95=1;96=0;97=1;98=1;99=-1;100=0;101=-1;102=0;103=-1;104=0;105=-1;106=0;107=0;108=12;109=1;110=-1;111=0;112=-1;113=0;116=1;120=60
23138,Piercing Din,攻撃,23xxx,0,100,1,2,4,Projectile,1,-1,None,0,physical,0,0,0,0,0,3,5,20,-1,0,0,false,-1,,,,,0,-1,,,84=0;85=1;86=1;87=-1;88=0;89=-1;90=0;91=-1;92=0;93=-1;94=0;95=1;96=0;97=1;98=1;99=-1;100=0;101=-1;102=0;103=-1;104=0;105=-1;106=0;107=0;108=4;109=1;110=-1;111=0;112=-1;113=0;116=0;120=60
23139,Corrosive Spit,コロシヴスピット,23xxx,0,100,1,2,13,Magical,1,10,Water,0,magical,0,0,0,1000,4,3,8,8,-1,0,0,false,-1,,,,,0,-1,,,84=0;85=1;86=1;87=-1;88=0;89=-1;90=0;91=-1;92=0;93=-1;94=0;95=1;96=0.25;97=1;98=1;99=-1;100=0;101=-1;102=0;103=-1;104=0;105=-1;106=0;107=0;108=13;109=1;110=10;111=0;112=-1;113=0;116=1;120=60
23140,Brain Spike,ブレインスパイク,23xxx,0,100,1,2,-1,None,0,-1,None,0,none,0,0,0,1000,1,3,6,6,-1,0,0,false,-1,,,,,0,-1,,,84=0;85=1;86=1;87=-1;88=0;89=-1;90=0;91=-1;92=0;93=-1;94=0;95=1;96=0.25;97=1;98=1;99=-1;100=0;101=-1;102=0;103=-1;104=0;105=-1;106=0;107=1;108=-1;109=0;110=-1;111=0;112=-1;113=0;116=1;120=60
23141,Vertical Lash,攻撃,23xxx,0,100,1,2,4,Projectile,1,-1,None,0,physical,0,0,0,0,0,3,5,20,-1,0,0,false,-1,,,,,0,-1,,,84=0;85=1;86=1;87=-1;88=0;89=-1;90=0;91=-1;92=0;93=-1;94=0;95=1;96=0;97=1;98=1;99=-1;100=0;101=-1;102=0;103=-1;104=0;105=-1;106=0;107=0;108=4;109=1;110=-1;111=0;112=-1;113=0;116=0;120=60
23142,Midnight Howl,ミッドナイトハウル,23xxx,0,100,1,2,-1,None,0,-1,None,0,none,0,0,0,1000,2,3,4,8,-1,0,0,false,-1,,,,,0,-1,,,84=0;85=1;86=1;87=-1;88=0;89=-1;90=0;91=-1;92=0;93=-1;94=0;95=1;96=0;97=1;98=1;99=-1;100=0;101=-1;102=0;103=-1;104=0;105=-1;106=0;107=1;108=-1;109=0;110=-1;111=0;112=-1;113=0;116=1;120=60
23143,Threatening Growl,沈唸,23xxx,0,100,1,2,-1,None,0,-1,None,0,none,0,0,0,1000,2,3,4,8,-1,0,0,false,-1,,,,,0,-1,,,84=0;85=1;86=1;87=-1;88=0;89=-1;90=0;91=-1;92=0;93=-1;94=0;95=1;96=0;97=1;98=1;99=-1;100=0;101=-1;102=0;103=-1;104=0;105=-1;106=0;107=1;108=-1;109=0;110=-1;111=0;112=-1;113=0;116=1;120=60
23144,Foul Bite,ファウルバイト,23xxx,0,100,1,2,1,Slashing,1,-1,None,0,physical,0,0,0,1000,1,3,6,6,-1,0,0,false,-1,,,,,0,-1,,,84=0;85=1;86=1;87=-1;88=0;89=-1;90=0;91=-1;92=0;93=-1;94=0;95=1;96=0.25;97=1;98=1;99=-1;100=0;101=-1;102=0;103=-1;104=0;105=-1;106=0;107=0;108=1;109=1;110=-1;111=0;112=-1;113=0;116=1;120=60
23145,Sanguine Bite,サングインバイト,23xxx,0,100,1,2,1,Slashing,1,-1,None,0,physical,0,0,0,1000,1,3,6,6,-1,0,0,false,-1,,,,,0,-1,,,84=0;85=1;86=1;87=-1;88=0;89=-1;90=0;91=-1;92=0;93=-1;94=0;95=1;96=0.25;97=1;98=1;99=-1;100=0;101=-1;102=0;103=-1;104=0;105=-1;106=0;107=0;108=1;109=1;110=-1;111=0;112=-1;113=0;116=1;120=60
23146,Needleshot,攻撃,23xxx,0,100,1,2,4,Projectile,1,-1,None,0,physical,0,0,0,0,0,3,5,20,-1,0,0,false,-1,,,,,0,-1,,,84=0;85=1;86=1;87=-1;88=0;89=-1;90=0;91=-1;92=0;93=-1;94=0;95=1;96=0;97=1;98=1;99=-1;100=0;101=-1;102=0;103=-1;104=0;105=-1;106=0;107=0;108=4;109=1;110=-1;111=0;112=-1;113=0;116=0;120=60
23147,1000 Needles,針千本,23xxx,0,100,1,2,2,Piercing,1,-1,None,0,physical,0,0,0,1000,1,3,8,8,-1,0,0,false,-1,,,,,0,-1,,,84=0;85=1;86=1;87=-1;88=0;89=-1;90=0;91=-1;92=0;93=-1;94=0;95=1;96=0.25;97=1;98=1;99=-1;100=0;101=-1;102=0;103=-1;104=0;105=-1;106=0;107=0;108=2;109=1;110=-1;111=0;112=-1;113=0;116=1;120=60
23148,Tender Thrust,テンダースラスト,23xxx,0,100,1,2,2,Piercing,1,-1,None,0,physical,0,0,0,1000,1,3,6,6,-1,0,0,false,-1,,,,,0,-1,,,84=0;85=1;86=1;87=-1;88=0;89=-1;90=0;91=-1;92=0;93=-1;94=0;95=1;96=0.25;97=1;98=1;99=-1;100=0;101=-1;102=0;103=-1;104=0;105=-1;106=0;107=0;108=2;109=1;110=-1;111=0;112=-1;113=0;116=1;120=60
23149,Sun Spines,太陽針,23xxx,0,100,1,2,13,Magical,1,11,Astral,0.33,magical,0,0,0,1000,5,3,8,10,-1,0,0,false,-1,,,,,0,-1,,,84=0;85=1;86=1;87=-1;88=0;89=-1;90=0;91=-1;92=0;93=-1;94=0;95=1;96=0.25;97=1;98=1;99=-1;100=0;101=-1;102=0;103=-1;104=0;105=-1;106=0;107=0;108=13;109=1;110=11;111=0.33;112=-1;113=0;116=1;120=60
23150,Desert Respite,デザートレスパイト,23xxx,0,100,1,2,-1,None,0,-1,None,0,none,0,0,0,1000,5,3,8,10,-1,0,0,false,-1,,,,,0,-1,,,84=0;85=1;86=1;87=-1;88=0;89=-1;90=0;91=-1;92=0;93=-1;94=0;95=1;96=0.25;97=1;98=1;99=-1;100=0;101=-1;102=0;103=-1;104=0;105=-1;106=0;107=1;108=-1;109=0;110=-1;111=0;112=-1;113=0;116=1;120=60
23151,Aetherial Wave,攻撃,23xxx,0,100,1,2,13,Magical,1,5,Fire,0,magical,0,0,0,0,0,3,5,20,-1,0,0,false,-1,,,,,0,-1,,,84=0;85=1;86=1;87=-1;88=0;89=-1;90=0;91=-1;92=0;93=-1;94=0;95=1;96=0;97=1;98=1;99=-1;100=0;101=-1;102=0;103=-1;104=0;105=-1;106=0;107=0;108=13;109=1;110=5;111=0;112=-1;113=0;116=0;120=60
23152,Aetherial Barrier,エーテリアルバリア,23xxx,0,100,1,2,-1,None,0,-1,None,0,none,0,0,0,1000,2,3,4,8,-1,0,0,false,-1,,,,,0,-1,,,84=0;85=1;86=1;87=-1;88=0;89=-1;90=0;91=-1;92=0;93=-1;94=0;95=1;96=0;97=1;98=1;99=-1;100=0;101=-1;102=0;103=-1;104=0;105=-1;106=0;107=1;108=-1;109=0;110=-1;111=0;112=-1;113=0;116=1;120=60
23153,Aetherial Torrent,エーテリアルトーレント,23xxx,0,100,1,2,-1,None,0,-1,None,0,none,0,0,0,1000,2,3,4,8,-1,0,0,false,-1,,,,,0,-1,,,84=0;85=1;86=1;87=-1;88=0;89=-1;90=0;91=-1;92=0;93=-1;94=0;95=1;96=0;97=1;98=1;99=-1;100=0;101=-1;102=0;103=-1;104=0;105=-1;106=0;107=1;108=-1;109=0;110=-1;111=0;112=-1;113=0;116=1;120=60
23154,Snort,攻撃,23xxx,0,100,1,2,13,Magical,1,7,Wind,0,magical,0,0,0,0,0,3,5,20,-1,0,0,false,-1,,,,,0,-1,,,84=0;85=1;86=1;87=-1;88=0;89=-1;90=0;91=-1;92=0;93=-1;94=0;95=1;96=0;97=1;98=1;99=-1;100=0;101=-1;102=0;103=-1;104=0;105=-1;106=0;107=0;108=13;109=1;110=7;111=0;112=-1;113=0;116=0;120=60
23155,Reckless Charge,猪突猛進,23xxx,0,100,1,2,3,Blunt,1,-1,None,0,physical,0,0,0,1000,2.5,3,8,10,-1,0,0,false,-1,,,,,0,-1,,,84=0;85=1;86=1;87=-1;88=0;89=-1;90=0;91=-1;92=0;93=-1;94=0;95=1;96=0.25;97=1;98=1;99=-1;100=0;101=-1;102=0;103=-1;104=0;105=-1;106=0;107=0;108=3;109=1;110=-1;111=0;112=-1;113=0;116=1;120=60
23156,Bristle,怒髪天,23xxx,0,100,1,2,-1,None,0,-1,None,0,none,0,0,0,200,2,3,3,8,-1,0,0,false,-1,,,,,0,-1,,,84=0;85=1;86=1;87=-1;88=0;89=-1;90=0;91=-1;92=0;93=-1;94=0;95=1;96=0;97=1;98=1;99=-1;100=0;101=-1;102=0;103=-1;104=0;105=-1;106=0;107=1;108=-1;109=0;110=-1;111=0;112=-1;113=0;116=1;120=60
23157,Bellowing Grunt,叫喚,23xxx,0,100,1,2,-1,None,0,-1,None,0,none,0,0,0,400,1,3,3,16,-1,0,0,false,-1,,,,,0,-1,,,84=0;85=1;86=1;87=-1;88=0;89=-1;90=0;91=-1;92=0;93=-1;94=0;95=1;96=0.25;97=1;98=1;99=-1;100=0;101=-1;102=0;103=-1;104=0;105=-1;106=0;107=1;108=-1;109=0;110=-1;111=0;112=-1;113=0;116=1;120=60
23158,Circlespark,攻撃,23xxx,0,100,1,2,13,Magical,1,9,Lightning,0,magical,0,0,0,0,0,3,5,20,-1,0,0,false,-1,,,,,0,-1,,,84=0;85=1;86=1;87=-1;88=0;89=-1;90=0;91=-1;92=0;93=-1;94=0;95=1;96=0;97=1;98=1;99=-1;100=0;101=-1;102=0;103=-1;104=0;105=-1;106=0;107=0;108=13;109=1;110=9;111=0;112=-1;113=0;116=0;120=60
23159,Thundervapor,サンダーヴェイパー,23xxx,0,100,1,2,12,Breath,1,9,Lightning,1,physical,0,0,0,1000,2,3,8,10,-1,0,0,false,-1,,,,,0,-1,,,84=0;85=1;86=1;87=-1;88=0;89=-1;90=0;91=-1;92=0;93=-1;94=0;95=1;96=0.25;97=1;98=1;99=-1;100=0;101=-1;102=0;103=-1;104=0;105=-1;106=0;107=0;108=12;109=1;110=9;111=1;112=-1;113=0;116=1;120=60
23160,Kinetic Pulse,キネティックパルス,23xxx,0,100,1,2,-1,None,0,-1,None,0,none,0,0,0,1000,3,3,6,12,-1,0,0,false,-1,,,,,0,-1,,,84=0;85=1;86=1;87=-1;88=0;89=-1;90=0;91=-1;92=0;93=-1;94=0;95=1;96=0.25;97=1;98=1;99=-1;100=0;101=-1;102=0;103=-1;104=0;105=-1;106=0;107=1;108=-1;109=0;110=-1;111=0;112=-1;113=0;116=1;120=60
23161,Kinetic Pulse,キネティックパルス,23xxx,0,100,1,2,-1,None,0,-1,None,0,none,0,0,0,1000,3,3,6,12,-1,0,0,false,-1,,,,,0,-1,,,84=0;85=1;86=1;87=-1;88=0;89=-1;90=0;91=-1;92=0;93=-1;94=0;95=1;96=0.25;97=1;98=1;99=-1;100=0;101=-1;102=0;103=-1;104=0;105=-1;106=0;107=1;108=-1;109=0;110=-1;111=0;112=-1;113=0;116=1;120=60
23162,Kinetic Pulse,キネティックパルス,23xxx,0,100,1,2,-1,None,0,-1,None,0,none,0,0,0,1000,3,3,6,12,-1,0,0,false,-1,,,,,0,-1,,,84=0;85=1;86=1;87=-1;88=0;89=-1;90=0;91=-1;92=0;93=-1;94=0;95=1;96=0.25;97=1;98=1;99=-1;100=0;101=-1;102=0;103=-1;104=0;105=-1;106=0;107=1;108=-1;109=0;110=-1;111=0;112=-1;113=0;116=1;120=60
23163,Magnetic Pulse,マグネティックパルス,23xxx,0,100,1,2,-1,None,0,-1,None,0,none,0,0,0,1000,3,3,6,12,-1,0,0,false,-1,,,,,0,-1,,,84=0;85=1;86=1;87=-1;88=0;89=-1;90=0;91=-1;92=0;93=-1;94=0;95=1;96=0.25;97=1;98=1;99=-1;100=0;101=-1;102=0;103=-1;104=0;105=-1;106=0;107=1;108=-1;109=0;110=-1;111=0;112=-1;113=0;116=1;120=60
23164,Magnetic Pulse,マグネティックパルス,23xxx,0,100,1,2,-1,None,0,-1,None,0,none,0,0,0,1000,3,3,6,12,-1,0,0,false,-1,,,,,0,-1,,,84=0;85=1;86=1;87=-1;88=0;89=-1;90=0;91=-1;92=0;93=-1;94=0;95=1;96=0.25;97=1;98=1;99=-1;100=0;101=-1;102=0;103=-1;104=0;105=-1;106=0;107=1;108=-1;109=0;110=-1;111=0;112=-1;113=0;116=1;120=60
23165,Magnetic Pulse,マグネティックパルス,23xxx,0,100,1,2,-1,None,0,-1,None,0,none,0,0,0,1000,3,3,6,12,-1,0,0,false,-1,,,,,0,-1,,,84=0;85=1;86=1;87=-1;88=0;89=-1;90=0;91=-1;92=0;93=-1;94=0;95=1;96=0.25;97=1;98=1;99=-1;100=0;101=-1;102=0;103=-1;104=0;105=-1;106=0;107=1;108=-1;109=0;110=-1;111=0;112=-1;113=0;116=1;120=60
23166,Stampede,スタンピード,23xxx,0,100,1,2,2,Piercing,1,-1,None,0,physical,0,0,0,1000,1,3,8,6,-1,0,0,false,-1,,,,,0,-1,,,84=0;85=1;86=1;87=-1;88=0;89=-1;90=0;91=-1;92=0;93=-1;94=0;95=1;96=0;97=1;98=1;99=-1;100=0;101=-1;102=0;103=-1;104=0;105=-1;106=0;107=0;108=2;109=1;110=-1;111=0;112=-1;113=0;116=1;120=60
23167,Head Butt,ヘッドバット,23xxx,0,100,1,2,3,Blunt,1,-1,None,0,physical,0,0,0,1000,1,3,8,6,-1,0,0,false,-1,,,,,0,-1,,,84=0;85=1;86=1;87=-1;88=0;89=-1;90=0;91=-1;92=0;93=-1;94=0;95=1;96=0;97=1;98=1;99=-1;100=0;101=-1;102=0;103=-1;104=0;105=-1;106=0;107=0;108=3;109=1;110=-1;111=0;112=-1;113=0;116=1;120=60
23168,Quickchant,攻撃,23xxx,0,100,1,2,13,Magical,1,6,Ice,0,magical,0,0,0,0,0,3,5,20,-1,0,0,false,-1,,,,,0,-1,,,84=0;85=1;86=1;87=-1;88=0;89=-1;90=0;91=-1;92=0;93=-1;94=0;95=1;96=0;97=1;98=1;99=-1;100=0;101=-1;102=0;103=-1;104=0;105=-1;106=0;107=0;108=13;109=1;110=6;111=0;112=-1;113=0;116=0;120=60
23169,Quickchant,攻撃,23xxx,0,100,1,2,13,Magical,1,9,Lightning,0,magical,0,0,0,0,0,3,5,20,-1,0,0,false,-1,,,,,0,-1,,,84=0;85=1;86=1;87=-1;88=0;89=-1;90=0;91=-1;92=0;93=-1;94=0;95=1;96=0;97=1;98=1;99=-1;100=0;101=-1;102=0;103=-1;104=0;105=-1;106=0;107=0;108=13;109=1;110=9;111=0;112=-1;113=0;116=0;120=60
23170,Quickchant,攻撃,23xxx,0,100,1,2,13,Magical,1,10,Water,0,magical,0,0,0,0,0,3,5,20,-1,0,0,false,-1,,,,,0,-1,,,84=0;85=1;86=1;87=-1;88=0;89=-1;90=0;91=-1;92=0;93=-1;94=0;95=1;96=0;97=1;98=1;99=-1;100=0;101=-1;102=0;103=-1;104=0;105=-1;106=0;107=0;108=13;109=1;110=10;111=0;112=-1;113=0;116=0;120=60
23171,Quickchant,攻撃,23xxx,0,100,1,2,13,Magical,1,7,Wind,0,magical,0,0,0,0,0,3,5,20,-1,0,0,false,-1,,,,,0,-1,,,84=0;85=1;86=1;87=-1;88=0;89=-1;90=0;91=-1;92=0;93=-1;94=0;95=1;96=0;97=1;98=1;99=-1;100=0;101=-1;102=0;103=-1;104=0;105=-1;106=0;107=0;108=13;109=1;110=7;111=0;112=-1;113=0;116=0;120=60
23172,Quickchant,攻撃,23xxx,0,100,1,2,13,Magical,1,8,Earth,0,magical,0,0,0,0,0,3,5,20,-1,0,0,false,-1,,,,,0,-1,,,84=0;85=1;86=1;87=-1;88=0;89=-1;90=0;91=-1;92=0;93=-1;94=0;95=1;96=0;97=1;98=1;99=-1;100=0;101=-1;102=0;103=-1;104=0;105=-1;106=0;107=0;108=13;109=1;110=8;111=0;112=-1;113=0;116=0;120=60
23173,Forbidden Magicks,フォビドゥンマジックス,23xxx,0,100,1,2,13,Magical,1,6,Ice,0,magical,0,0,0,1000,1,3,8,12,-1,0,0,false,-1,,,,,0,-1,,,84=0;85=1;86=1;87=-1;88=0;89=-1;90=0;91=-1;92=0;93=-1;94=0;95=1;96=0.25;97=1;98=1;99=-1;100=0;101=-1;102=0;103=-1;104=0;105=-1;106=0;107=0;108=13;109=1;110=6;111=0;112=-1;113=0;116=1;120=60
23174,Forbidden Magicks,フォビドゥンマジックス,23xxx,0,100,1,2,13,Magical,1,9,Lightning,0,magical,0,0,0,1000,1,3,8,12,-1,0,0,false,-1,,,,,0,-1,,,84=0;85=1;86=1;87=-1;88=0;89=-1;90=0;91=-1;92=0;93=-1;94=0;95=1;96=0.25;97=1;98=1;99=-1;100=0;101=-1;102=0;103=-1;104=0;105=-1;106=0;107=0;108=13;109=1;110=9;111=0;112=-1;113=0;116=1;120=60
23175,Forbidden Magicks,フォビドゥンマジックス,23xxx,0,100,1,2,13,Magical,1,10,Water,0,magical,0,0,0,1000,1,3,8,12,-1,0,0,false,-1,,,,,0,-1,,,84=0;85=1;86=1;87=-1;88=0;89=-1;90=0;91=-1;92=0;93=-1;94=0;95=1;96=0.25;97=1;98=1;99=-1;100=0;101=-1;102=0;103=-1;104=0;105=-1;106=0;107=0;108=13;109=1;110=10;111=0;112=-1;113=0;116=1;120=60
23176,Forbidden Magicks,フォビドゥンマジックス,23xxx,0,100,1,2,13,Magical,1,7,Wind,0,magical,0,0,0,1000,1,3,8,12,-1,0,0,false,-1,,,,,0,-1,,,84=0;85=1;86=1;87=-1;88=0;89=-1;90=0;91=-1;92=0;93=-1;94=0;95=1;96=0.25;97=1;98=1;99=-1;100=0;101=-1;102=0;103=-1;104=0;105=-1;106=0;107=0;108=13;109=1;110=7;111=0;112=-1;113=0;116=1;120=60
23177,Forbidden Magicks,フォビドゥンマジックス,23xxx,0,100,1,2,13,Magical,1,8,Earth,0,magical,0,0,0,1000,1,3,8,12,-1,0,0,false,-1,,,,,0,-1,,,84=0;85=1;86=1;87=-1;88=0;89=-1;90=0;91=-1;92=0;93=-1;94=0;95=1;96=0.25;97=1;98=1;99=-1;100=0;101=-1;102=0;103=-1;104=0;105=-1;106=0;107=0;108=13;109=1;110=8;111=0;112=-1;113=0;116=1;120=60
23178,Aetherial Wave,攻撃,23xxx,0,100,1,2,13,Magical,1,6,Ice,0,magical,0,0,0,0,0,3,5,20,-1,0,0,false,-1,,,,,0,-1,,,84=0;85=1;86=1;87=-1;88=0;89=-1;90=0;91=-1;92=0;93=-1;94=0;95=1;96=0;97=1;98=1;99=-1;100=0;101=-1;102=0;103=-1;104=0;105=-1;106=0;107=0;108=13;109=1;110=6;111=0;112=-1;113=0;116=0;120=60
23179,Aetherial Wave,攻撃,23xxx,0,100,1,2,13,Magical,1,9,Lightning,0,magical,0,0,0,0,0,3,5,20,-1,0,0,false,-1,,,,,0,-1,,,84=0;85=1;86=1;87=-1;88=0;89=-1;90=0;91=-1;92=0;93=-1;94=0;95=1;96=0;97=1;98=1;99=-1;100=0;101=-1;102=0;103=-1;104=0;105=-1;106=0;107=0;108=13;109=1;110=9;111=0;112=-1;113=0;116=0;120=60
23180,Aetherial Wave,攻撃,23xxx,0,100,1,2,13,Magical,1,10,Water,0,magical,0,0,0,0,0,3,5,20,-1,0,0,false,-1,,,,,0,-1,,,84=0;85=1;86=1;87=-1;88=0;89=-1;90=0;91=-1;92=0;93=-1;94=0;95=1;96=0;97=1;98=1;99=-1;100=0;101=-1;102=0;103=-1;104=0;105=-1;106=0;107=0;108=13;109=1;110=10;111=0;112=-1;113=0;116=0;120=60
23181,Aetherial Wave,攻撃,23xxx,0,100,1,2,13,Magical,1,7,Wind,0,magical,0,0,0,0,0,3,5,20,-1,0,0,false,-1,,,,,0,-1,,,84=0;85=1;86=1;87=-1;88=0;89=-1;90=0;91=-1;92=0;93=-1;94=0;95=1;96=0;97=1;98=1;99=-1;100=0;101=-1;102=0;103=-1;104=0;105=-1;106=0;107=0;108=13;109=1;110=7;111=0;112=-1;113=0;116=0;120=60
23182,Aetherial Wave,攻撃,23xxx,0,100,1,2,13,Magical,1,8,Earth,0,magical,0,0,0,0,0,3,5,20,-1,0,0,false,-1,,,,,0,-1,,,84=0;85=1;86=1;87=-1;88=0;89=-1;90=0;91=-1;92=0;93=-1;94=0;95=1;96=0;97=1;98=1;99=-1;100=0;101=-1;102=0;103=-1;104=0;105=-1;106=0;107=0;108=13;109=1;110=8;111=0;112=-1;113=0;116=0;120=60
23183,Titan's Flesh,攻撃,23xxx,0,100,1,2,4,Projectile,1,-1,None,0,physical,0,0,0,0,0,3,5,20,-1,0,0,false,-1,,,,,0,-1,,,84=0;85=1;86=1;87=-1;88=0;89=-1;90=0;91=-1;92=0;93=-1;94=0;95=1;96=0;97=1;98=1;99=-1;100=0;101=-1;102=0;103=-1;104=0;105=-1;106=0;107=0;108=4;109=1;110=-1;111=0;112=-1;113=0;116=0;120=60
23184,Titan's Soul,燐火,23xxx,0,100,1,2,13,Magical,1,8,Earth,0,magical,0,0,0,1000,1,3,6,8,-1,0,0,false,-1,,,,,0,-1,,,84=0;85=1;86=1;87=-1;88=0;89=-1;90=0;91=-1;92=0;93=-1;94=0;95=1;96=0.25;97=1;98=1;99=-1;100=0;101=-1;102=0;103=-1;104=0;105=-1;106=0;107=0;108=13;109=1;110=8;111=0;112=-1;113=0;116=1;120=60
23185,Titan's Anger,収束手榴弾,23xxx,0,100,1,2,13,Magical,1,5,Fire,0,magical,0,0,0,1000,1,3,8,20,-1,0,8,false,-1,,,,,0,-1,,,84=0;85=1;86=1;87=-1;88=0;89=-1;90=0;91=-1;92=0;93=-1;94=0;95=1;96=0.25;97=1;98=1;99=-1;100=0;101=-1;102=0;103=-1;104=0;105=-1;106=0;107=0;108=13;109=1;110=5;111=0;112=-1;113=0;116=1;120=60
23186,-,文章で説明（これが出たらバグ）,23xxx,0,100,1,2,-1,None,0,-1,None,0,none,0,0,0,1000,1,3,8,20,-1,0,0,false,-1,,,,,0,-1,,,84=0;85=1;86=1;87=-1;88=0;89=-1;90=0;91=-1;92=0;93=-1;94=0;95=1;96=0.25;97=1;98=1;99=-1;100=0;101=-1;102=0;103=-1;104=0;105=-1;106=0;107=1;108=-1;109=0;110=-1;111=0;112=-1;113=0;116=1;120=60
23187,Titan's Boon,鉄甲,23xxx,0,100,1,0,-1,None,0,-1,None,0,none,0,0,0,0,0,3,0,6,-1,0,0,false,-1,,,,,0,-1,,,84=0;85=1;86=1;87=-1;88=0;89=-1;90=0;91=-1;92=0;93=-1;94=0;95=1;96=0;97=1;98=1;99=-1;100=0;101=-1;102=0;103=-1;104=0;105=-1;106=0;107=1;108=-1;109=0;110=-1;111=0;112=-1;113=0;116=0;120=60
23188,Ranged Attack,攻撃,23xxx,0,100,1,2,13,Magical,1,11,Astral,0.33,magical,0,0,0,0,0,3,5,20,-1,0,0,false,-1,,,,,0,-1,,,84=0;85=1;86=1;87=-1;88=0;89=-1;90=0;91=-1;92=0;93=-1;94=0;95=1;96=0;97=1;98=1;99=-1;100=0;101=-1;102=0;103=-1;104=0;105=-1;106=0;107=0;108=13;109=1;110=11;111=0.33;112=-1;113=0;116=0;120=60
23189,Lay of the Leaves,光合成,23xxx,0,100,1,2,-1,None,0,-1,None,0,none,0,0,0,1000,2,3,4,10,-1,0,0,false,-1,,,,,0,-1,,,84=0;85=1;86=1;87=-1;88=0;89=-1;90=0;91=-1;92=0;93=-1;94=0;95=1;96=0;97=1;98=1;99=-1;100=0;101=-1;102=0;103=-1;104=0;105=-1;106=0;107=1;108=-1;109=0;110=-1;111=0;112=-1;113=0;116=1;120=60
23190,Woodland Lullaby,ウッドランド・ララバイ,23xxx,0,100,1,2,-1,None,0,-1,None,0,none,0,0,0,1000,4.5,3,6,8,-1,0,0,false,-1,,,,,0,-1,,,84=0;85=1;86=1;87=-1;88=0;89=-1;90=0;91=-1;92=0;93=-1;94=0;95=1;96=0.25;97=1;98=1;99=-1;100=0;101=-1;102=0;103=-1;104=0;105=-1;106=0;107=1;108=-1;109=0;110=-1;111=0;112=-1;113=0;116=1;120=60
23191,Ranged Attack,攻撃,23xxx,0,100,1,2,4,Projectile,1,-1,None,0,physical,0,0,0,0,0,3,5,20,-1,0,0,false,-1,,,,,0,-1,,,84=0;85=1;86=1;87=-1;88=0;89=-1;90=0;91=-1;92=0;93=-1;94=0;95=1;96=0;97=1;98=1;99=-1;100=0;101=-1;102=0;103=-1;104=0;105=-1;106=0;107=0;108=4;109=1;110=-1;111=0;112=-1;113=0;116=0;120=60
23192,Wind Claw,ウィンドクロー,23xxx,0,100,1,2,1,Slashing,1,7,Wind,1,physical,0,0,0,1000,3,3,8,10,-1,0,0,false,-1,,,,,0,-1,,,84=0;85=1;86=1;87=-1;88=0;89=-1;90=0;91=-1;92=0;93=-1;94=0;95=1;96=0.25;97=1;98=1;99=-1;100=0;101=-1;102=0;103=-1;104=0;105=-1;106=0;107=0;108=1;109=1;110=7;111=1;112=-1;113=0;116=1;120=60
23193,Updraft,アップドラフト,23xxx,0,100,1,2,1,Slashing,1,7,Wind,1,physical,0,0,0,1000,4,3,8,8,-1,0,0,false,-1,,,,,0,-1,,,84=0;85=1;86=1;87=-1;88=0;89=-1;90=0;91=-1;92=0;93=-1;94=0;95=1;96=0.25;97=1;98=1;99=-1;100=0;101=-1;102=0;103=-1;104=0;105=-1;106=0;107=0;108=1;109=1;110=7;111=1;112=-1;113=0;116=1;120=60
23194,Sunset Plumes,サンセットプルーム,23xxx,0,100,1,2,1,Slashing,1,7,Wind,1,physical,0,0,0,1000,3,3,6,10,-1,0,0,false,-1,,,,,0,-1,,,84=0;85=1;86=1;87=-1;88=0;89=-1;90=0;91=-1;92=0;93=-1;94=0;95=1;96=0.25;97=1;98=1;99=-1;100=0;101=-1;102=0;103=-1;104=0;105=-1;106=0;107=0;108=1;109=1;110=7;111=1;112=-1;113=0;116=1;120=60
23195,Swift Gust,スウィフトガスト,23xxx,0,100,1,2,-1,None,0,-1,None,0,none,0,0,0,1000,2,3,4,12,-1,0,0,false,-1,,,,,0,-1,,,84=0;85=1;86=1;87=-1;88=0;89=-1;90=0;91=-1;92=0;93=-1;94=0;95=1;96=0;97=1;98=1;99=-1;100=0;101=-1;102=0;103=-1;104=0;105=-1;106=0;107=1;108=-1;109=0;110=-1;111=0;112=-1;113=0;116=1;120=60
23196,Swift Gale,スウィフトゲイル,23xxx,0,100,1,2,-1,None,0,-1,None,0,none,0,0,0,1000,2,3,4,6,-1,0,0,false,-1,,,,,0,-1,,,84=0;85=1;86=1;87=-1;88=0;89=-1;90=0;91=-1;92=0;93=-1;94=0;95=1;96=0;97=1;98=1;99=-1;100=0;101=-1;102=0;103=-1;104=0;105=-1;106=0;107=1;108=-1;109=0;110=-1;111=0;112=-1;113=0;116=1;120=60
23197,Ranged Attack,攻撃,23xxx,0,100,1,2,4,Projectile,1,5,Fire,1,physical,0,0,0,0,0,3,5,20,-1,0,0,false,-1,,,,,0,-1,,,84=0;85=1;86=1;87=-1;88=0;89=-1;90=0;91=-1;92=0;93=-1;94=0;95=1;96=0;97=1;98=1;99=-1;100=0;101=-1;102=0;103=-1;104=0;105=-1;106=0;107=0;108=4;109=1;110=5;111=1;112=-1;113=0;116=0;120=60
23198,Devastate,石火豪拳,23xxx,0,100,1,2,3,Blunt,1,5,Fire,1,physical,0,0,0,1000,1,3,6,6,-1,0,0,false,-1,,,,,0,-1,,,84=0;85=1;86=1;87=-1;88=0;89=-1;90=0;91=-1;92=0;93=-1;94=0;95=1;96=0.25;97=1;98=1;99=-1;100=0;101=-1;102=0;103=-1;104=0;105=-1;106=0;107=0;108=3;109=1;110=5;111=1;112=-1;113=0;116=1;120=60
23199,Decimate,修羅双鎚,23xxx,0,100,1,2,3,Blunt,1,5,Fire,1,physical,0,0,0,1000,1,3,6,6,-1,0,0,false,-1,,,,,0,-1,,,84=0;85=1;86=1;87=-1;88=0;89=-1;90=0;91=-1;92=0;93=-1;94=0;95=1;96=0.25;97=1;98=1;99=-1;100=0;101=-1;102=0;103=-1;104=0;105=-1;106=0;107=0;108=3;109=1;110=5;111=1;112=-1;113=0;116=1;120=60
23200,Pulverize,鎧袖一触,23xxx,0,100,1,2,3,Blunt,1,5,Fire,1,physical,0,0,0,1000,1,3,6,6,-1,0,0,false,-1,,,,,0,-1,,,84=0;85=1;86=1;87=-1;88=0;89=-1;90=0;91=-1;92=0;93=-1;94=0;95=1;96=0.25;97=1;98=1;99=-1;100=0;101=-1;102=0;103=-1;104=0;105=-1;106=0;107=0;108=3;109=1;110=5;111=1;112=-1;113=0;116=1;120=60
23201,Scrutinize,大喝一声,23xxx,0,100,1,2,-1,None,0,-1,None,0,none,0,0,0,1000,2,3,4,12,-1,0,0,false,-1,,,,,0,-1,,,84=0;85=1;86=1;87=-1;88=0;89=-1;90=0;91=-1;92=0;93=-1;94=0;95=1;96=0;97=1;98=1;99=-1;100=0;101=-1;102=0;103=-1;104=0;105=-1;106=0;107=1;108=-1;109=0;110=-1;111=0;112=-1;113=0;116=1;120=60
23202,Infuriate,我武者羅,23xxx,0,100,1,2,-1,None,0,-1,None,0,none,0,0,0,1000,2,3,4,6,-1,0,0,false,-1,,,,,0,-1,,,84=0;85=1;86=1;87=-1;88=0;89=-1;90=0;91=-1;92=0;93=-1;94=0;95=1;96=0;97=1;98=1;99=-1;100=0;101=-1;102=0;103=-1;104=0;105=-1;106=0;107=1;108=-1;109=0;110=-1;111=0;112=-1;113=0;116=1;120=60
23203,Mud Sling,攻撃,23xxx,0,100,1,2,4,Projectile,1,-1,None,0,physical,0,0,0,0,0,3,5,20,-1,0,0,false,-1,,,,,0,-1,,,84=0;85=1;86=1;87=-1;88=0;89=-1;90=0;91=-1;92=0;93=-1;94=0;95=1;96=0;97=1;98=1;99=-1;100=0;101=-1;102=0;103=-1;104=0;105=-1;106=0;107=0;108=4;109=1;110=-1;111=0;112=-1;113=0;116=0;120=60
23204,Kibosh,カイボッシュ,23xxx,0,100,1,2,13,Magical,1,11,Astral,0.33,magical,0,0,0,1000,1,3,6,6,-1,0,0,false,-1,,,,,0,-1,,,84=0;85=1;86=1;87=-1;88=0;89=-1;90=0;91=-1;92=0;93=-1;94=0;95=1;96=0.25;97=1;98=1;99=-1;100=0;101=-1;102=0;103=-1;104=0;105=-1;106=0;107=0;108=13;109=1;110=11;111=0.33;112=-1;113=0;116=1;120=60
23205,Sandspray,サンドスプレー,23xxx,0,100,1,2,13,Magical,1,12,Umbral,0.33,magical,0,0,0,1000,3.5,3,8,10,-1,0,0,false,-1,,,,,0,-1,,,84=0;85=1;86=1;87=-1;88=0;89=-1;90=0;91=-1;92=0;93=-1;94=0;95=1;96=0.25;97=1;98=1;99=-1;100=0;101=-1;102=0;103=-1;104=0;105=-1;106=0;107=0;108=13;109=1;110=12;111=0.33;112=-1;113=0;116=1;120=60
23206,Misdirection,ミスディレクション,23xxx,0,100,1,2,11,Sonic,1,-1,None,0,physical,0,0,0,1000,4.5,3,3,8,-1,0,0,false,-1,,,,,0,-1,,,84=0;85=1;86=1;87=-1;88=0;89=-1;90=0;91=-1;92=0;93=-1;94=0;95=1;96=0.25;97=1;98=1;99=-1;100=0;101=-1;102=0;103=-1;104=0;105=-1;106=0;107=0;108=11;109=1;110=-1;111=0;112=-1;113=0;116=1;120=60
23207,Flying Sardine,攻撃,23xxx,0,100,1,2,4,Projectile,1,-1,None,0,physical,0,0,0,0,0,3,5,20,-1,0,0,false,-1,,,,,0,-1,,,84=0;85=1;86=1;87=-1;88=0;89=-1;90=0;91=-1;92=0;93=-1;94=0;95=1;96=0;97=1;98=1;99=-1;100=0;101=-1;102=0;103=-1;104=0;105=-1;106=0;107=0;108=4;109=1;110=-1;111=0;112=-1;113=0;116=0;120=60
23208,Yawn,ヨーン,23xxx,0,100,1,2,-1,None,0,-1,None,0,none,0,0,0,1000,1,3,6,12,-1,0,0,false,-1,,,,,0,-1,,,84=0;85=1;86=1;87=-1;88=0;89=-1;90=0;91=-1;92=0;93=-1;94=0;95=1;96=0.25;97=1;98=1;99=-1;100=0;101=-1;102=0;103=-1;104=0;105=-1;106=0;107=1;108=-1;109=0;110=-1;111=0;112=-1;113=0;116=1;120=60
23209,Flying Marlin,フライングマーリン,23xxx,0,100,1,2,2,Piercing,1,-1,None,0,physical,0,0,0,1000,1,3,6,20,-1,0,0,false,-1,,,,,0,-1,,,84=0;85=1;86=1;87=-1;88=0;89=-1;90=0;91=-1;92=0;93=-1;94=0;95=1;96=0.25;97=1;98=1;99=-1;100=0;101=-1;102=0;103=-1;104=0;105=-1;106=0;107=0;108=2;109=1;110=-1;111=0;112=-1;113=0;116=1;120=60
23210,Loam Cough,攻撃,23xxx,0,100,1,2,13,Magical,1,8,Earth,0,magical,0,0,0,0,0,3,5,20,-1,0,0,false,-1,,,,,0,-1,,,84=0;85=1;86=1;87=-1;88=0;89=-1;90=0;91=-1;92=0;93=-1;94=0;95=1;96=0;97=1;98=1;99=-1;100=0;101=-1;102=0;103=-1;104=0;105=-1;106=0;107=0;108=13;109=1;110=8;111=0;112=-1;113=0;116=0;120=60
23211,Violent Sneeze,カビ散布,23xxx,0,100,1,2,12,Breath,1,7,Wind,1,physical,0,0,0,1000,2.5,3,8,10,-1,0,0,false,-1,,,,,0,-1,,,84=0;85=1;86=1;87=-1;88=0;89=-1;90=0;91=-1;92=0;93=-1;94=0;95=1;96=0.25;97=1;98=1;99=-1;100=0;101=-1;102=0;103=-1;104=0;105=-1;106=0;107=0;108=12;109=1;110=7;111=1;112=-1;113=0;116=1;120=60
23212,Violent Sneeze,カビ散布,23xxx,0,100,1,2,12,Breath,1,7,Wind,1,physical,0,0,0,1000,3,3,8,10,-1,0,0,false,-1,,,,,0,-1,,,84=0;85=1;86=1;87=-1;88=0;89=-1;90=0;91=-1;92=0;93=-1;94=0;95=1;96=0.25;97=1;98=1;99=-1;100=0;101=-1;102=0;103=-1;104=0;105=-1;106=0;107=0;108=12;109=1;110=7;111=1;112=-1;113=0;116=1;120=60
23213,Beatdown,ビートダウン,23xxx,0,100,1,2,3,Blunt,1,-1,None,0,physical,0,0,0,1000,1,3,6,6,-1,0,0,false,-1,,,,,0,-1,,,84=0;85=1;86=1;87=-1;88=0;89=-1;90=0;91=-1;92=0;93=-1;94=0;95=1;96=0.25;97=1;98=1;99=-1;100=0;101=-1;102=0;103=-1;104=0;105=-1;106=0;107=0;108=3;109=1;110=-1;111=0;112=-1;113=0;116=1;120=60
23214,Violent Sneeze,カビ散布,23xxx,0,100,1,2,12,Breath,1,7,Wind,1,physical,0,0,0,1000,3.5,3,8,10,-1,0,0,false,-1,,,,,0,-1,,,84=0;85=1;86=1;87=-1;88=0;89=-1;90=0;91=-1;92=0;93=-1;94=0;95=1;96=0.25;97=1;98=1;99=-1;100=0;101=-1;102=0;103=-1;104=0;105=-1;106=0;107=0;108=12;109=1;110=7;111=1;112=-1;113=0;116=1;120=60
23215,Inhale,インヘイル,23xxx,0,100,1,2,12,Breath,1,7,Wind,0,physical,0,0,0,1000,3,3,8,10,-1,0,0,false,-1,,,,,0,-1,,,84=0;85=1;86=1;87=-1;88=0;89=-1;90=0;91=-1;92=0;93=-1;94=0;95=1;96=0.25;97=1;98=1;99=-1;100=0;101=-1;102=0;103=-1;104=0;105=-1;106=0;107=0;108=12;109=1;110=7;111=0;112=-1;113=0;116=1;120=60
23216,Ranged Attack,攻撃,23xxx,0,100,1,2,4,Projectile,1,-1,None,0,physical,0,0,0,0,0,3,5,20,-1,0,0,false,-1,,,,,0,-1,,,84=0;85=1;86=1;87=-1;88=0;89=-1;90=0;91=-1;92=0;93=-1;94=0;95=1;96=0;97=1;98=1;99=-1;100=0;101=-1;102=0;103=-1;104=0;105=-1;106=0;107=0;108=4;109=1;110=-1;111=0;112=-1;113=0;116=0;120=60
23217,Deft Slash,デフトスラッシュ,23xxx,0,100,1,2,1,Slashing,1,-1,None,0,physical,0,0,0,1000,1,3,6,6,-1,0,0,false,-1,,,,,0,-1,,,84=0;85=1;86=1;87=-1;88=0;89=-1;90=0;91=-1;92=0;93=-1;94=0;95=1;96=0.25;97=1;98=1;99=-1;100=0;101=-1;102=0;103=-1;104=0;105=-1;106=0;107=0;108=1;109=1;110=-1;111=0;112=-1;113=0;116=1;120=60
23218,-,(帝国隊長)アイテム（ポーション）,23xxx,0,100,1,0,-1,None,0,-1,None,0,none,0,0,0,1000,2,3,4,20,-1,0,0,false,-1,,,,,0,-1,,,84=0;85=1;86=1;87=-1;88=0;89=-1;90=0;91=-1;92=0;93=-1;94=0;95=1;96=0;97=1;98=1;99=-1;100=0;101=-1;102=0;103=-1;104=0;105=-1;106=0;107=1;108=-1;109=0;110=-1;111=0;112=-1;113=0;116=1;120=60
23219,-,(帝国隊長)命令：集中攻撃,23xxx,0,100,1,2,-1,None,0,-1,None,0,none,0,0,0,0,0,3,0,6,-1,0,0,false,-1,,,,,0,-1,,,84=0;85=1;86=1;87=-1;88=0;89=-1;90=0;91=-1;92=0;93=-1;94=0;95=1;96=0;97=1;98=1;99=-1;100=0;101=-1;102=0;103=-1;104=0;105=-1;106=0;107=1;108=-1;109=0;110=-1;111=0;112=-1;113=0;116=0;120=60
23220,-,(帝国隊長)命令：分散攻撃,23xxx,0,100,1,2,-1,None,0,-1,None,0,none,0,0,0,0,0,3,0,6,-1,0,0,false,-1,,,,,0,-1,,,84=0;85=1;86=1;87=-1;88=0;89=-1;90=0;91=-1;92=0;93=-1;94=0;95=1;96=0;97=1;98=1;99=-1;100=0;101=-1;102=0;103=-1;104=0;105=-1;106=0;107=1;108=-1;109=0;110=-1;111=0;112=-1;113=0;116=0;120=60
23221,-,(帝国隊長)命令：攻撃重視,23xxx,0,100,1,2,-1,None,0,-1,None,0,none,0,0,0,0,0,3,0,6,-1,0,0,false,-1,,,,,0,-1,,,84=0;85=1;86=1;87=-1;88=0;89=-1;90=0;91=-1;92=0;93=-1;94=0;95=1;96=0;97=1;98=1;99=-1;100=0;101=-1;102=0;103=-1;104=0;105=-1;106=0;107=1;108=-1;109=0;110=-1;111=0;112=-1;113=0;116=0;120=60
23222,-,(帝国隊長)命令：防御重視,23xxx,0,100,1,2,-1,None,0,-1,None,0,none,0,0,0,0,0,3,0,6,-1,0,0,false,-1,,,,,0,-1,,,84=0;85=1;86=1;87=-1;88=0;89=-1;90=0;91=-1;92=0;93=-1;94=0;95=1;96=0;97=1;98=1;99=-1;100=0;101=-1;102=0;103=-1;104=0;105=-1;106=0;107=1;108=-1;109=0;110=-1;111=0;112=-1;113=0;116=0;120=60
23223,Imperial Guard,インペリアルガード,23xxx,0,100,1,0,-1,None,0,-1,None,0,none,0,0,0,0,0,3,0,6,-1,0,0,false,-1,,,,,0,-1,,,84=0;85=1;86=1;87=-1;88=0;89=-1;90=0;91=-1;92=0;93=-1;94=0;95=1;96=0;97=1;98=1;99=-1;100=0;101=-1;102=0;103=-1;104=0;105=-1;106=0;107=1;108=-1;109=0;110=-1;111=0;112=-1;113=0;116=0;120=60
23224,Magitek Cannon,ナパーム弾,23xxx,0,100,1,0,13,Magical,1,5,Fire,0,magical,0,0,0,0,0,3,8,100,-1,0,12,false,-1,,,,,0,-1,,,84=0;85=1;86=1;87=-1;88=0;89=-1;90=0;91=-1;92=0;93=-1;94=0;95=1;96=0.25;97=1;98=1;99=-1;100=0;101=-1;102=0;103=-1;104=0;105=-1;106=0;107=0;108=13;109=1;110=5;111=0;112=-1;113=0;116=0;120=60
23225,Ranged Attack,攻撃,23xxx,0,100,1,2,4,Projectile,1,-1,None,0,physical,0,0,0,0,0,3,5,20,-1,0,0,false,-1,,,,,0,-1,,,84=0;85=1;86=1;87=-1;88=0;89=-1;90=0;91=-1;92=0;93=-1;94=0;95=1;96=0;97=1;98=1;99=-1;100=0;101=-1;102=0;103=-1;104=0;105=-1;106=0;107=0;108=4;109=1;110=-1;111=0;112=-1;113=0;116=0;120=60
23226,Trap Jaws,トラップジョーズ,23xxx,0,100,1,2,1,Slashing,1,-1,None,0,physical,0,0,0,1000,1,3,6,6,-1,0,0,false,-1,,,,,0,-1,,,84=0;85=1;86=1;87=-1;88=0;89=-1;90=0;91=-1;92=0;93=-1;94=0;95=1;96=0.25;97=1;98=1;99=-1;100=0;101=-1;102=0;103=-1;104=0;105=-1;106=0;107=0;108=1;109=1;110=-1;111=0;112=-1;113=0;116=1;120=60
23227,Stridulation,顎鳴,23xxx,0,100,1,2,-1,None,0,-1,None,0,none,0,0,0,1000,2,3,4,12,-1,0,0,false,-1,,,,,0,-1,,,84=0;85=1;86=1;87=-1;88=0;89=-1;90=0;91=-1;92=0;93=-1;94=0;95=1;96=0;97=1;98=1;99=-1;100=0;101=-1;102=0;103=-1;104=0;105=-1;106=0;107=1;108=-1;109=0;110=-1;111=0;112=-1;113=0;116=1;120=60
23228,Mandible Bite,マンディブルバイト,23xxx,0,100,1,2,1,Slashing,1,-1,None,0,physical,0,0,0,1000,3.5,3,8,6,-1,0,0,false,-1,,,,,0,-1,,,84=0;85=1;86=1;87=-1;88=0;89=-1;90=0;91=-1;92=0;93=-1;94=0;95=1;96=0.25;97=1;98=1;99=-1;100=0;101=-1;102=0;103=-1;104=0;105=-1;106=0;107=0;108=1;109=1;110=-1;111=0;112=-1;113=0;116=1;120=60
23229,Formic Pheromones,フォーミックフェロモンズ,23xxx,0,100,1,2,-1,None,0,-1,None,0,none,28800,0,0,1000,8,3,4,12,-1,0,0,false,-1,,,,,0,-1,,,84=28800;85=1;86=1;87=-1;88=0;89=-1;90=0;91=-1;92=0;93=-1;94=0;95=1;96=0;97=1;98=1;99=-1;100=0;101=-1;102=0;103=-1;104=0;105=-1;106=0;107=1;108=-1;109=0;110=-1;111=0;112=-1;113=0;116=1;120=60
23230,Stone's Throw,攻撃,23xxx,0,100,1,2,4,Projectile,1,-1,None,0,physical,0,0,0,0,0,3,5,20,-1,0,0,false,-1,,,,,0,-1,,,84=0;85=1;86=1;87=-1;88=0;89=-1;90=0;91=-1;92=0;93=-1;94=0;95=1;96=0;97=1;98=1;99=-1;100=0;101=-1;102=0;103=-1;104=0;105=-1;106=0;107=0;108=4;109=1;110=-1;111=0;112=-1;113=0;116=0;120=60
23231,Rot Breath,ロットブレス,23xxx,0,100,1,2,13,Magical,1,12,Umbral,0.33,magical,0,0,0,1000,1,3,6,6,-1,0,0,false,-1,,,,,0,-1,,,84=0;85=1;86=1;87=-1;88=0;89=-1;90=0;91=-1;92=0;93=-1;94=0;95=1;96=0.25;97=1;98=1;99=-1;100=0;101=-1;102=0;103=-1;104=0;105=-1;106=0;107=0;108=13;109=1;110=12;111=0.33;112=-1;113=0;116=1;120=60
23232,Cloud of Pestilence,瘴気,23xxx,0,100,1,2,13,Magical,1,10,Water,0,magical,0,0,0,1000,3.5,3,8,10,-1,0,0,false,-1,,,,,0,-1,,,84=0;85=1;86=1;87=-1;88=0;89=-1;90=0;91=-1;92=0;93=-1;94=0;95=1;96=0.25;97=1;98=1;99=-1;100=0;101=-1;102=0;103=-1;104=0;105=-1;106=0;107=0;108=13;109=1;110=10;111=0;112=-1;113=0;116=1;120=60
23233,Feather Flurry,攻撃,23xxx,0,100,1,2,4,Projectile,1,-1,None,0,physical,0,0,0,0,0,3,5,20,-1,0,0,false,-1,,,,,0,-1,,,84=0;85=1;86=1;87=-1;88=0;89=-1;90=0;91=-1;92=0;93=-1;94=0;95=1;96=0;97=1;98=1;99=-1;100=0;101=-1;102=0;103=-1;104=0;105=-1;106=0;107=0;108=4;109=1;110=-1;111=0;112=-1;113=0;116=0;120=60
23234,Wing Cutter,ウィングカッター,23xxx,0,100,1,2,13,Magical,1,7,Wind,0,magical,0,0,0,1000,3.5,3,8,10,-1,0,0,false,-1,,,,,0,-1,,,84=0;85=1;86=1;87=-1;88=0;89=-1;90=0;91=-1;92=0;93=-1;94=0;95=1;96=0.25;97=1;98=1;99=-1;100=0;101=-1;102=0;103=-1;104=0;105=-1;106=0;107=0;108=13;109=1;110=7;111=0;112=-1;113=0;116=1;120=60
23235,Yolk Shower,ヨークシャワー,23xxx,0,100,1,2,13,Magical,1,10,Water,0,magical,0,0,0,1000,4.5,3,8,8,-1,0,0,false,-1,,,,,0,-1,,,84=0;85=1;86=1;87=-1;88=0;89=-1;90=0;91=-1;92=0;93=-1;94=0;95=1;96=0.25;97=1;98=1;99=-1;100=0;101=-1;102=0;103=-1;104=0;105=-1;106=0;107=0;108=13;109=1;110=10;111=0;112=-1;113=0;116=1;120=60
23236,Deafening Caw,デフェニングカー,23xxx,0,100,1,2,-1,None,0,-1,None,0,none,0,0,0,1000,2,3,6,12,-1,0,0,false,-1,,,,,0,-1,,,84=0;85=1;86=1;87=-1;88=0;89=-1;90=0;91=-1;92=0;93=-1;94=0;95=1;96=0.25;97=1;98=1;99=-1;100=0;101=-1;102=0;103=-1;104=0;105=-1;106=0;107=1;108=-1;109=0;110=-1;111=0;112=-1;113=0;116=1;120=60
23237,Silencing Caw,サイレンシングカー,23xxx,0,100,1,2,-1,None,0,-1,None,0,none,0,0,0,1000,2,3,6,12,-1,0,0,false,-1,,,,,0,-1,,,84=0;85=1;86=1;87=-1;88=0;89=-1;90=0;91=-1;92=0;93=-1;94=0;95=1;96=0.25;97=1;98=1;99=-1;100=0;101=-1;102=0;103=-1;104=0;105=-1;106=0;107=1;108=-1;109=0;110=-1;111=0;112=-1;113=0;116=1;120=60
23238,Wooly Spindle,攻撃,23xxx,0,100,1,2,13,Magical,1,7,Wind,0,magical,0,0,0,0,0,3,5,20,-1,0,0,false,-1,,,,,0,-1,,,84=0;85=1;86=1;87=-1;88=0;89=-1;90=0;91=-1;92=0;93=-1;94=0;95=1;96=0;97=1;98=1;99=-1;100=0;101=-1;102=0;103=-1;104=0;105=-1;106=0;107=0;108=13;109=1;110=7;111=0;112=-1;113=0;116=0;120=60
23239,Lullaby,ララバイ,23xxx,0,100,1,2,-1,None,0,-1,None,0,none,0,0,0,3000,1,3,6,12,-1,0,0,false,-1,,,,,0,-1,,,84=0;85=1;86=1;87=-1;88=0;89=-1;90=0;91=-1;92=0;93=-1;94=0;95=1;96=0.25;97=1;98=1;99=-1;100=0;101=-1;102=0;103=-1;104=0;105=-1;106=0;107=1;108=-1;109=0;110=-1;111=0;112=-1;113=0;116=1;120=60
23240,Dream Bubble,攻撃,23xxx,0,100,1,0,13,Magical,1,7,Wind,0,magical,0,0,0,1000,1,3,8,10,-1,0,0,false,-1,,,,,0,-1,,,84=0;85=1;86=1;87=-1;88=0;89=-1;90=0;91=-1;92=0;93=-1;94=0;95=1;96=0.25;97=1;98=1;99=-1;100=0;101=-1;102=0;103=-1;104=0;105=-1;106=0;107=0;108=13;109=1;110=7;111=0;112=-1;113=0;116=1;120=60
23242,-,文章で説明（これが出たらバグ）,23xxx,0,100,1,2,-1,None,0,-1,None,0,none,0,0,0,0,0,3,0,6,-1,0,0,false,-1,,,,,0,-1,,,84=0;85=1;86=1;87=-1;88=0;89=-1;90=0;91=-1;92=0;93=-1;94=0;95=1;96=0;97=1;98=1;99=-1;100=0;101=-1;102=0;103=-1;104=0;105=-1;106=0;107=1;108=-1;109=0;110=-1;111=0;112=-1;113=0;116=0;120=60
23243,-,文章で説明（これが出たらバグ）,23xxx,0,100,1,2,-1,None,0,-1,None,0,none,0,0,0,0,0,3,0,6,-1,0,0,false,-1,,,,,0,-1,,,84=0;85=1;86=1;87=-1;88=0;89=-1;90=0;91=-1;92=0;93=-1;94=0;95=1;96=0;97=1;98=1;99=-1;100=0;101=-1;102=0;103=-1;104=0;105=-1;106=0;107=1;108=-1;109=0;110=-1;111=0;112=-1;113=0;116=0;120=60
23244,Doomwave,攻撃,23xxx,0,100,1,2,13,Magical,1,12,Umbral,0.33,magical,0,0,0,0,0,3,5,20,-1,0,0,false,-1,,,,,0,-1,,,84=0;85=1;86=1;87=-1;88=0;89=-1;90=0;91=-1;92=0;93=-1;94=0;95=1;96=0;97=1;98=1;99=-1;100=0;101=-1;102=0;103=-1;104=0;105=-1;106=0;107=0;108=13;109=1;110=12;111=0.33;112=-1;113=0;116=0;120=60
23245,Magicked Skull,マジックドスカル,23xxx,0,100,1,2,13,Magical,1,12,Umbral,0.33,magical,0,0,0,1000,1,3,8,20,-1,0,8,false,-1,,,,,0,-1,,,84=0;85=1;86=1;87=-1;88=0;89=-1;90=0;91=-1;92=0;93=-1;94=0;95=1;96=0.25;97=1;98=1;99=-1;100=0;101=-1;102=0;103=-1;104=0;105=-1;106=0;107=0;108=13;109=1;110=12;111=0.33;112=-1;113=0;116=1;120=60
23246,Shadow Sickle,シャドーシックル,23xxx,0,100,1,2,1,Slashing,1,-1,None,0,physical,0,0,0,1000,3.5,3,8,10,-1,0,0,false,-1,,,,,0,-1,,,84=0;85=1;86=1;87=-1;88=0;89=-1;90=0;91=-1;92=0;93=-1;94=0;95=1;96=0.25;97=1;98=1;99=-1;100=0;101=-1;102=0;103=-1;104=0;105=-1;106=0;107=0;108=1;109=1;110=-1;111=0;112=-1;113=0;116=1;120=60
23247,Minions of the Pit,禍霊,23xxx,0,100,1,2,13,Magical,1,12,Umbral,0.33,magical,0,0,0,1000,5.5,3,8,10,-1,0,0,false,-1,,,,,0,-1,,,84=0;85=1;86=1;87=-1;88=0;89=-1;90=0;91=-1;92=0;93=-1;94=0;95=1;96=0.25;97=1;98=1;99=-1;100=0;101=-1;102=0;103=-1;104=0;105=-1;106=0;107=0;108=13;109=1;110=12;111=0.33;112=-1;113=0;116=1;120=60
23248,-,文章で説明（これが出たらバグ）,23xxx,0,100,1,0,-1,None,0,-1,None,0,none,0,0,0,0,0,3,0,6,-1,0,0,false,-1,,,,,0,-1,,,84=0;85=1;86=1;87=-1;88=0;89=-1;90=0;91=-1;92=0;93=-1;94=0;95=1;96=0;97=1;98=1;99=-1;100=0;101=-1;102=0;103=-1;104=0;105=-1;106=0;107=1;108=-1;109=0;110=-1;111=0;112=-1;113=0;116=0;120=60
23249,-,文章で説明（これが出たらバグ）,23xxx,0,100,1,0,-1,None,0,-1,None,0,none,0,0,0,0,0,3,0,6,-1,0,0,false,-1,,,,,0,-1,,,84=0;85=1;86=1;87=-1;88=0;89=-1;90=0;91=-1;92=0;93=-1;94=0;95=1;96=0;97=1;98=1;99=-1;100=0;101=-1;102=0;103=-1;104=0;105=-1;106=0;107=1;108=-1;109=0;110=-1;111=0;112=-1;113=0;116=0;120=60
23250,Slumber Spores,スランバースポア,23xxx,0,100,1,2,4,Projectile,1,-1,None,0,physical,0,0,0,0,0,3,5,20,-1,0,0,false,-1,,,,,0,-1,,,84=0;85=1;86=1;87=-1;88=0;89=-1;90=0;91=-1;92=0;93=-1;94=0;95=1;96=0;97=1;98=1;99=-1;100=0;101=-1;102=0;103=-1;104=0;105=-1;106=0;107=0;108=4;109=1;110=-1;111=0;112=-1;113=0;116=0;120=60
23251,Slumber Cloud,スランバークラウド,23xxx,0,100,1,2,13,Magical,1,12,Umbral,0.33,magical,0,0,0,1000,1,3,8,8,-1,0,0,false,-1,,,,,0,-1,,,84=0;85=1;86=1;87=-1;88=0;89=-1;90=0;91=-1;92=0;93=-1;94=0;95=1;96=0.25;97=1;98=1;99=-1;100=0;101=-1;102=0;103=-1;104=0;105=-1;106=0;107=0;108=13;109=1;110=12;111=0.33;112=-1;113=0;116=1;120=60
23252,-,(キノコ)膨らむ,23xxx,0,100,1,0,-1,None,0,-1,None,0,none,0,0,0,0,0,3,0,6,-1,0,0,false,-1,,,,,0,-1,,,84=0;85=1;86=1;87=-1;88=0;89=-1;90=0;91=-1;92=0;93=-1;94=0;95=1;96=0.25;97=1;98=1;99=-1;100=0;101=-1;102=0;103=-1;104=0;105=-1;106=0;107=1;108=-1;109=0;110=-1;111=0;112=-1;113=0;116=0;120=60
23253,-,(キノコ)しぼむ,23xxx,0,100,1,0,-1,None,0,-1,None,0,none,0,0,0,0,0,3,0,6,-1,0,0,false,-1,,,,,0,-1,,,84=0;85=1;86=1;87=-1;88=0;89=-1;90=0;91=-1;92=0;93=-1;94=0;95=1;96=0.25;97=1;98=1;99=-1;100=0;101=-1;102=0;103=-1;104=0;105=-1;106=0;107=1;108=-1;109=0;110=-1;111=0;112=-1;113=0;116=0;120=60
23254,Queasy Spores,クイージースポア,23xxx,0,100,1,2,4,Projectile,1,-1,None,0,physical,0,0,0,0,0,3,5,20,-1,0,0,false,-1,,,,,0,-1,,,84=0;85=1;86=1;87=-1;88=0;89=-1;90=0;91=-1;92=0;93=-1;94=0;95=1;96=0;97=1;98=1;99=-1;100=0;101=-1;102=0;103=-1;104=0;105=-1;106=0;107=0;108=4;109=1;110=-1;111=0;112=-1;113=0;116=0;120=60
23255,Hypha Whip,ハイファウィップ,23xxx,0,100,1,2,3,Blunt,1,-1,None,0,physical,0,0,0,1000,1,3,8,8,-1,0,0,false,-1,,,,,0,-1,,,84=0;85=1;86=1;87=-1;88=0;89=-1;90=0;91=-1;92=0;93=-1;94=0;95=1;96=0.25;97=1;98=1;99=-1;100=0;101=-1;102=0;103=-1;104=0;105=-1;106=0;107=0;108=3;109=1;110=-1;111=0;112=-1;113=0;116=1;120=60
23256,Queasy Cloud,クイージークラウド,23xxx,0,100,1,2,13,Magical,1,12,Umbral,0.33,magical,0,0,0,1000,1,3,8,8,-1,0,0,false,-1,,,,,0,-1,,,84=0;85=1;86=1;87=-1;88=0;89=-1;90=0;91=-1;92=0;93=-1;94=0;95=1;96=0.25;97=1;98=1;99=-1;100=0;101=-1;102=0;103=-1;104=0;105=-1;106=0;107=0;108=13;109=1;110=12;111=0.33;112=-1;113=0;116=1;120=60
23257,Agitation,攻撃,23xxx,0,100,1,2,4,Projectile,1,-1,None,0,physical,0,0,0,0,0,3,5,20,-1,0,0,false,-1,,,,,0,-1,,,84=0;85=1;86=1;87=-1;88=0;89=-1;90=0;91=-1;92=0;93=-1;94=0;95=1;96=0;97=1;98=1;99=-1;100=0;101=-1;102=0;103=-1;104=0;105=-1;106=0;107=0;108=4;109=1;110=-1;111=0;112=-1;113=0;116=0;120=60
23258,Stellar Flame,攻撃,23xxx,0,100,1,2,13,Magical,1,11,Astral,0.33,magical,0,0,0,0,0,3,5,20,-1,0,0,false,-1,,,,,0,-1,,,84=0;85=1;86=1;87=-1;88=0;89=-1;90=0;91=-1;92=0;93=-1;94=0;95=1;96=0;97=1;98=1;99=-1;100=0;101=-1;102=0;103=-1;104=0;105=-1;106=0;107=0;108=13;109=1;110=11;111=0.33;112=-1;113=0;116=0;120=60
23259,Blinding Burst,ブラインディングバースト,23xxx,0,100,1,2,-1,None,0,-1,None,0,none,0,0,0,1000,5,3,6,8,-1,0,0,false,-1,,,,,0,-1,,,84=0;85=1;86=1;87=-1;88=0;89=-1;90=0;91=-1;92=0;93=-1;94=0;95=1;96=0.25;97=1;98=1;99=-1;100=0;101=-1;102=0;103=-1;104=0;105=-1;106=0;107=1;108=-1;109=0;110=-1;111=0;112=-1;113=0;116=1;120=60
23260,Innernova,インナーノヴァ,23xxx,0,100,1,2,-1,None,0,-1,None,0,none,0,0,0,1000,1,3,6,6,-1,0,0,false,-1,,,,,0,-1,,,84=0;85=1;86=1;87=-1;88=0;89=-1;90=0;91=-1;92=0;93=-1;94=0;95=1;96=0.25;97=1;98=1;99=-1;100=0;101=-1;102=0;103=-1;104=0;105=-1;106=0;107=1;108=-1;109=0;110=-1;111=0;112=-1;113=0;116=1;120=60
23261,Hypernova,ハイパーノヴァ,23xxx,0,100,1,2,-1,None,0,-1,None,0,none,0,0,0,1000,1,3,6,6,-1,0,0,false,-1,,,,,0,-1,,,84=0;85=1;86=1;87=-1;88=0;89=-1;90=0;91=-1;92=0;93=-1;94=0;95=1;96=0.25;97=1;98=1;99=-1;100=0;101=-1;102=0;103=-1;104=0;105=-1;106=0;107=1;108=-1;109=0;110=-1;111=0;112=-1;113=0;116=1;120=60
23262,Sticky Tongue,攻撃,23xxx,0,100,1,2,4,Projectile,1,-1,None,0,physical,0,0,0,0,0,3,5,20,-1,0,0,false,-1,,,,,0,-1,,,84=0;85=1;86=1;87=-1;88=0;89=-1;90=0;91=-1;92=0;93=-1;94=0;95=1;96=0;97=1;98=1;99=-1;100=0;101=-1;102=0;103=-1;104=0;105=-1;106=0;107=0;108=4;109=1;110=-1;111=0;112=-1;113=0;116=0;120=60
23263,Ranine Stare,果し眼,23xxx,0,100,1,2,-1,None,0,-1,None,0,none,0,0,0,1000,3,3,6,10,-1,0,0,false,-1,,,,,0,-1,,,84=0;85=1;86=1;87=-1;88=0;89=-1;90=0;91=-1;92=0;93=-1;94=0;95=1;96=0.25;97=1;98=1;99=-1;100=0;101=-1;102=0;103=-1;104=0;105=-1;106=0;107=1;108=-1;109=0;110=-1;111=0;112=-1;113=0;116=1;120=60
23264,Slimy Secretion,ガマの脂,23xxx,0,100,1,2,-1,None,0,-1,None,0,none,0,0,0,1000,2,3,4,6,-1,0,0,false,-1,,,,,0,-1,,,84=0;85=1;86=1;87=-1;88=0;89=-1;90=0;91=-1;92=0;93=-1;94=0;95=1;96=0.25;97=1;98=1;99=-1;100=0;101=-1;102=0;103=-1;104=0;105=-1;106=0;107=1;108=-1;109=0;110=-1;111=0;112=-1;113=0;116=1;120=60
23265,Livid Lap,リヴィッドラップ,23xxx,0,100,1,2,3,Blunt,1,10,Water,1,physical,0,0,0,1000,3,3,8,12,-1,0,0,false,-1,,,,,0,-1,,,84=0;85=1;86=1;87=-1;88=0;89=-1;90=0;91=-1;92=0;93=-1;94=0;95=1;96=0.25;97=1;98=1;99=-1;100=0;101=-1;102=0;103=-1;104=0;105=-1;106=0;107=0;108=3;109=1;110=10;111=1;112=-1;113=0;116=1;120=60
23266,Gut Press,ガットプレス,23xxx,0,100,1,2,13,Magical,1,8,Earth,0,magical,0,0,0,1000,5,3,8,12,-1,0,0,false,-1,,,,,0,-1,,,84=0;85=1;86=1;87=-1;88=0;89=-1;90=0;91=-1;92=0;93=-1;94=0;95=1;96=0.25;97=1;98=1;99=-1;100=0;101=-1;102=0;103=-1;104=0;105=-1;106=0;107=0;108=13;109=1;110=8;111=0;112=-1;113=0;116=1;120=60
23267,-,文章で説明（これが出たらバグ）,23xxx,0,100,1,0,-1,None,0,-1,None,0,none,0,0,0,0,0,3,0,6,-1,0,0,false,-1,,,,,0,-1,,,84=0;85=1;86=1;87=-1;88=0;89=-1;90=0;91=-1;92=0;93=-1;94=0;95=1;96=0;97=1;98=1;99=-1;100=0;101=-1;102=0;103=-1;104=0;105=-1;106=0;107=1;108=-1;109=0;110=-1;111=0;112=-1;113=0;116=0;120=60
23268,-,文章で説明（これが出たらバグ）,23xxx,0,100,1,0,-1,None,0,-1,None,0,none,0,0,0,0,0,3,0,6,-1,0,0,false,-1,,,,,0,-1,,,84=0;85=1;86=1;87=-1;88=0;89=-1;90=0;91=-1;92=0;93=-1;94=0;95=1;96=0;97=1;98=1;99=-1;100=0;101=-1;102=0;103=-1;104=0;105=-1;106=0;107=1;108=-1;109=0;110=-1;111=0;112=-1;113=0;116=0;120=60
23269,Ranine Glare,三竦み,23xxx,0,100,1,2,-1,None,0,-1,None,0,none,0,0,0,1000,3,3,6,12,-1,0,0,false,-1,,,,,0,-1,,,84=0;85=1;86=1;87=-1;88=0;89=-1;90=0;91=-1;92=0;93=-1;94=0;95=1;96=0.25;97=1;98=1;99=-1;100=0;101=-1;102=0;103=-1;104=0;105=-1;106=0;107=1;108=-1;109=0;110=-1;111=0;112=-1;113=0;116=1;120=60
23270,Caudal Spine,攻撃,23xxx,0,100,1,2,4,Projectile,1,-1,None,0,physical,0,0,0,0,0,3,5,20,-1,0,0,false,-1,,,,,0,-1,,,84=0;85=1;86=1;87=-1;88=0;89=-1;90=0;91=-1;92=0;93=-1;94=0;95=1;96=0;97=1;98=1;99=-1;100=0;101=-1;102=0;103=-1;104=0;105=-1;106=0;107=0;108=4;109=1;110=-1;111=0;112=-1;113=0;116=0;120=60
23271,Smoulder,スモルダー,23xxx,0,100,1,0,11,Sonic,1,5,Fire,1,physical,0,0,0,200,1,3,4,12,-1,0,0,false,-1,,,,,0,-1,,,84=0;85=1;86=1;87=-1;88=0;89=-1;90=0;91=-1;92=0;93=-1;94=0;95=1;96=0.25;97=1;98=1;99=-1;100=0;101=-1;102=0;103=-1;104=0;105=-1;106=0;107=0;108=11;109=1;110=5;111=1;112=-1;113=0;116=1;120=60
23272,Surge,サージ,23xxx,0,100,1,0,11,Sonic,1,9,Lightning,1,physical,0,0,0,200,1,3,4,12,-1,0,0,false,-1,,,,,0,-1,,,84=0;85=1;86=1;87=-1;88=0;89=-1;90=0;91=-1;92=0;93=-1;94=0;95=1;96=0.25;97=1;98=1;99=-1;100=0;101=-1;102=0;103=-1;104=0;105=-1;106=0;107=0;108=11;109=1;110=9;111=1;112=-1;113=0;116=1;120=60
23273,Raging Horn,レイジングホーン,23xxx,0,100,1,2,2,Piercing,1,-1,None,0,physical,0,0,0,1000,1,3,6,6,-1,0,0,false,-1,,,,,0,-1,,,84=0;85=1;86=1;87=-1;88=0;89=-1;90=0;91=-1;92=0;93=-1;94=0;95=1;96=0.25;97=1;98=1;99=-1;100=0;101=-1;102=0;103=-1;104=0;105=-1;106=0;107=0;108=2;109=1;110=-1;111=0;112=-1;113=0;116=1;120=60
23274,Burning Cyclone,バーニングサイクロン,23xxx,0,100,1,2,12,Breath,1,5,Fire,1,physical,0,0,0,1000,2,3,8,10,-1,0,0,false,-1,,,,,0,-1,,,84=0;85=1;86=1;87=-1;88=0;89=-1;90=0;91=-1;92=0;93=-1;94=0;95=1;96=0.25;97=1;98=1;99=-1;100=0;101=-1;102=0;103=-1;104=0;105=-1;106=0;107=0;108=12;109=1;110=5;111=1;112=-1;113=0;116=1;120=60
23275,Levinshower,ランドスコーチ,23xxx,0,100,1,2,12,Breath,1,9,Lightning,1,physical,0,0,0,1000,2,3,8,10,-1,0,0,false,-1,,,,,0,-1,,,84=0;85=1;86=1;87=-1;88=0;89=-1;90=0;91=-1;92=0;93=-1;94=0;95=1;96=0.25;97=1;98=1;99=-1;100=0;101=-1;102=0;103=-1;104=0;105=-1;106=0;107=0;108=12;109=1;110=9;111=1;112=-1;113=0;116=1;120=60
23276,Flames of Defiance,墜狂焔,23xxx,0,100,1,2,12,Breath,1,5,Fire,1,physical,0,0,0,1000,1,3,8,20,-1,0,8,false,-1,,,,,0,-1,,,84=0;85=1;86=1;87=-1;88=0;89=-1;90=0;91=-1;92=0;93=-1;94=0;95=1;96=0.25;97=1;98=1;99=-1;100=0;101=-1;102=0;103=-1;104=0;105=-1;106=0;107=0;108=12;109=1;110=5;111=1;112=-1;113=0;116=1;120=60
23277,Bolt of Defiance,咆雷,23xxx,0,100,1,2,12,Breath,1,9,Lightning,1,physical,0,0,0,1000,1,3,8,20,-1,0,8,false,-1,,,,,0,-1,,,84=0;85=1;86=1;87=-1;88=0;89=-1;90=0;91=-1;92=0;93=-1;94=0;95=1;96=0.25;97=1;98=1;99=-1;100=0;101=-1;102=0;103=-1;104=0;105=-1;106=0;107=0;108=12;109=1;110=9;111=1;112=-1;113=0;116=1;120=60
23278,Serpentine Tail,サーペンタインテール,23xxx,0,100,1,2,3,Blunt,1,-1,None,0,physical,0,0,0,1000,1,3,6,8,-1,0,0,false,-1,,,,,0,-1,,,84=0;85=1;86=1;87=-1;88=0;89=-1;90=0;91=-1;92=0;93=-1;94=0;95=1;96=0.25;97=1;98=1;99=-1;100=0;101=-1;102=0;103=-1;104=0;105=-1;106=0;107=0;108=3;109=1;110=-1;111=0;112=-1;113=0;116=1;120=60
23279,-,文章で説明（これが出たらバグ）,23xxx,0,100,1,0,-1,None,0,-1,None,0,none,0,0,0,0,0,3,0,6,-1,0,0,false,-1,,,,,0,-1,,,84=0;85=1;86=1;87=-1;88=0;89=-1;90=0;91=-1;92=0;93=-1;94=0;95=1;96=0;97=1;98=1;99=-1;100=0;101=-1;102=0;103=-1;104=0;105=-1;106=0;107=1;108=-1;109=0;110=-1;111=0;112=-1;113=0;116=0;120=60
23280,Ranged Attack,攻撃,23xxx,0,100,1,2,4,Projectile,1,-1,None,0,physical,0,0,0,0,0,3,5,20,-1,0,0,false,-1,,,,,0,-1,,,84=0;85=1;86=1;87=-1;88=0;89=-1;90=0;91=-1;92=0;93=-1;94=0;95=1;96=0;97=1;98=1;99=-1;100=0;101=-1;102=0;103=-1;104=0;105=-1;106=0;107=0;108=4;109=1;110=-1;111=0;112=-1;113=0;116=0;120=60
23281,Sour Breath,酸っぱい息,23xxx,0,100,1,0,13,Magical,1,8,Earth,0,magical,0,0,0,1000,2,3,8,15,-1,0,0,false,-1,,,,,-79,23,,,84=0;85=1;86=1;87=-1;88=0;89=-1;90=0;91=-1;92=0;93=-1;94=0;95=1;96=0.25;97=1;98=1;99=-1;100=0;101=-1;102=0;103=-1;104=0;105=-1;106=0;107=0;108=13;109=1;110=8;111=0;112=-1;113=0;116=1;120=60
23282,Vine Probe,串刺し,23xxx,0,100,1,2,2,Piercing,1,-1,None,0,physical,0,0,0,1000,1,3,6,20,-1,0,0,false,-1,,,,,0,-1,,,84=0;85=1;86=1;87=-1;88=0;89=-1;90=0;91=-1;92=0;93=-1;94=0;95=1;96=0.25;97=1;98=1;99=-1;100=0;101=-1;102=0;103=-1;104=0;105=-1;106=0;107=0;108=2;109=1;110=-1;111=0;112=-1;113=0;116=1;120=60
23283,Sweeping Lash,スウィーピングラッシュ,23xxx,0,100,1,2,3,Blunt,1,-1,None,0,physical,0,0,0,1000,2,3,8,10,-1,0,0,false,-1,,,,,0,-1,,,84=0;85=1;86=1;87=-1;88=0;89=-1;90=0;91=-1;92=0;93=-1;94=0;95=1;96=0.25;97=1;98=1;99=-1;100=0;101=-1;102=0;103=-1;104=0;105=-1;106=0;107=0;108=3;109=1;110=-1;111=0;112=-1;113=0;116=1;120=60
23284,Tendril Tremor,テンドリルトレマー,23xxx,0,100,1,2,3,Blunt,1,-1,None,0,physical,0,0,0,1000,5,3,8,10,-1,0,0,false,-1,,,,,0,-1,,,84=0;85=1;86=1;87=-1;88=0;89=-1;90=0;91=-1;92=0;93=-1;94=0;95=1;96=0.25;97=1;98=1;99=-1;100=0;101=-1;102=0;103=-1;104=0;105=-1;106=0;107=0;108=3;109=1;110=-1;111=0;112=-1;113=0;116=1;120=60
23285,Bad Breath,臭い息,23xxx,0,100,1,0,13,Magical,1,8,Earth,0,magical,0,0,0,1000,2,3,8,15,-1,0,0,false,-1,,,,,-79,23,,,84=0;85=1;86=1;87=-1;88=0;89=-1;90=0;91=-1;92=0;93=-1;94=0;95=1;96=0.25;97=1;98=1;99=-1;100=0;101=-1;102=0;103=-1;104=0;105=-1;106=0;107=0;108=13;109=1;110=8;111=0;112=-1;113=0;116=1;120=60
23286,Sweet Breath,甘い息,23xxx,0,100,1,2,13,Magical,1,8,Earth,0,magical,0,0,0,1000,2,3,8,15,-1,0,0,false,-1,,,,,0,-1,,,84=0;85=1;86=1;87=-1;88=0;89=-1;90=0;91=-1;92=0;93=-1;94=0;95=1;96=0.25;97=1;98=1;99=-1;100=0;101=-1;102=0;103=-1;104=0;105=-1;106=0;107=0;108=13;109=1;110=8;111=0;112=-1;113=0;116=1;120=60
23287,Ranged Attack,攻撃,23xxx,0,100,1,2,13,Magical,1,10,Water,0,magical,0,0,0,0,0,3,5,20,-1,0,0,false,-1,,,,,0,-1,,,84=0;85=1;86=1;87=-1;88=0;89=-1;90=0;91=-1;92=0;93=-1;94=0;95=1;96=0;97=1;98=1;99=-1;100=0;101=-1;102=0;103=-1;104=0;105=-1;106=0;107=0;108=13;109=1;110=10;111=0;112=-1;113=0;116=0;120=60
23288,Caustic Blow,コースティックブロー,23xxx,0,100,1,2,3,Blunt,1,-1,None,0,physical,0,0,0,1000,2,3,8,6,-1,0,0,false,-1,,,,,0,-1,,,84=0;85=1;86=1;87=-1;88=0;89=-1;90=0;91=-1;92=0;93=-1;94=0;95=1;96=0.25;97=1;98=1;99=-1;100=0;101=-1;102=0;103=-1;104=0;105=-1;106=0;107=0;108=3;109=1;110=-1;111=0;112=-1;113=0;116=1;120=60
23289,Deadly Thrust,デッドリースラスト,23xxx,0,100,1,2,2,Piercing,1,-1,None,0,physical,0,0,0,1000,2,3,8,6,-1,0,0,false,-1,,,,,0,-1,,,84=0;85=1;86=1;87=-1;88=0;89=-1;90=0;91=-1;92=0;93=-1;94=0;95=1;96=0.25;97=1;98=1;99=-1;100=0;101=-1;102=0;103=-1;104=0;105=-1;106=0;107=0;108=2;109=1;110=-1;111=0;112=-1;113=0;116=1;120=60
23290,Realm Shaker,レルムシェーカー,23xxx,0,100,1,2,13,Magical,1,8,Earth,0,magical,0,0,0,1000,5,3,8,8,-1,0,0,false,-1,,,,,0,-1,,,84=0;85=1;86=1;87=-1;88=0;89=-1;90=0;91=-1;92=0;93=-1;94=0;95=1;96=0.25;97=1;98=1;99=-1;100=0;101=-1;102=0;103=-1;104=0;105=-1;106=0;107=0;108=13;109=1;110=8;111=0;112=-1;113=0;116=1;120=60
23291,Deadly Thrust,デッドリースラスト,23xxx,0,100,1,2,2,Piercing,1,-1,None,0,physical,0,0,0,1000,2,3,8,6,-1,0,0,false,-1,,,,,0,-1,,,84=0;85=1;86=1;87=-1;88=0;89=-1;90=0;91=-1;92=0;93=-1;94=0;95=1;96=0.25;97=1;98=1;99=-1;100=0;101=-1;102=0;103=-1;104=0;105=-1;106=0;107=0;108=2;109=1;110=-1;111=0;112=-1;113=0;116=1;120=60
23292,-,触覚復活,23xxx,0,100,1,0,-1,None,0,-1,None,0,none,0,0,0,0,0,3,0,6,-1,0,0,false,-1,,,,,0,-1,,,84=0;85=1;86=1;87=-1;88=0;89=-1;90=0;91=-1;92=0;93=-1;94=0;95=1;96=0;97=1;98=1;99=-1;100=0;101=-1;102=0;103=-1;104=0;105=-1;106=0;107=1;108=-1;109=0;110=-1;111=0;112=-1;113=0;116=0;120=60
23293,-,痩せる,23xxx,0,100,1,0,-1,None,0,-1,None,0,none,0,0,0,0,0,3,0,8,-1,0,0,false,-1,,,,,0,-1,,,84=0;85=1;86=1;87=-1;88=0;89=-1;90=0;91=-1;92=0;93=-1;94=0;95=1;96=0;97=1;98=1;99=-1;100=0;101=-1;102=0;103=-1;104=0;105=-1;106=0;107=1;108=-1;109=0;110=-1;111=0;112=-1;113=0;116=0;120=60
23294,Sticky Web,スティッキーウェブ,23xxx,0,100,1,2,13,Magical,1,8,Earth,0,magical,0,0,0,1000,4,3,8,10,-1,0,0,false,-1,,,,,0,-1,,,84=0;85=1;86=1;87=-1;88=0;89=-1;90=0;91=-1;92=0;93=-1;94=0;95=1;96=0.25;97=1;98=1;99=-1;100=0;101=-1;102=0;103=-1;104=0;105=-1;106=0;107=0;108=13;109=1;110=8;111=0;112=-1;113=0;116=1;120=60
23295,Ranged Attack,攻撃,23xxx,0,100,1,2,13,Magical,1,12,Umbral,0.33,magical,0,0,0,0,0,3,5,20,-1,0,0,false,-1,,,,,0,-1,,,84=0;85=1;86=1;87=-1;88=0;89=-1;90=0;91=-1;92=0;93=-1;94=0;95=1;96=0;97=1;98=1;99=-1;100=0;101=-1;102=0;103=-1;104=0;105=-1;106=0;107=0;108=13;109=1;110=12;111=0.33;112=-1;113=0;116=0;120=0
23296,Pulverizing Pound,デッドリーストンプ,23xxx,0,100,1,2,3,Blunt,1,-1,None,0,physical,0,0,0,1000,2,3,6,10,-1,0,0,false,-1,,,,,0,-1,,,84=0;85=1;86=1;87=-1;88=0;89=-1;90=0;91=-1;92=0;93=-1;94=0;95=1;96=0.25;97=1;98=1;99=-1;100=0;101=-1;102=0;103=-1;104=0;105=-1;106=0;107=0;108=3;109=1;110=-1;111=0;112=-1;113=0;116=1;120=0
23297,Onrush,オンラッシュ,23xxx,0,100,1,2,3,Blunt,1,-1,None,0,physical,0,0,0,1000,4,3,8,16,-1,0,0,false,-1,,,,,0,-1,,,84=0;85=1;86=1;87=-1;88=0;89=-1;90=0;91=-1;92=0;93=-1;94=0;95=1;96=0.25;97=1;98=1;99=-1;100=0;101=-1;102=0;103=-1;104=0;105=-1;106=0;107=0;108=3;109=1;110=-1;111=0;112=-1;113=0;116=1;120=0
23298,Seismic Rift,サイズミックリフト,23xxx,0,100,1,2,13,Magical,1,8,Earth,0,magical,0,0,0,1000,5,3,8,10,-1,0,0,false,-1,,,,,0,-1,,,84=0;85=1;86=1;87=-1;88=0;89=-1;90=0;91=-1;92=0;93=-1;94=0;95=1;96=0.25;97=1;98=1;99=-1;100=0;101=-1;102=0;103=-1;104=0;105=-1;106=0;107=0;108=13;109=1;110=8;111=0;112=-1;113=0;116=1;120=0
23299,Sonorous Blast,ソノラスブラスト,23xxx,0,100,1,2,13,Magical,1,12,Umbral,0.33,magical,0,0,0,1000,2,3,8,8,-1,0,0,false,-1,,,,,0,-1,,,84=0;85=1;86=1;87=-1;88=0;89=-1;90=0;91=-1;92=0;93=-1;94=0;95=1;96=0.25;97=1;98=1;99=-1;100=0;101=-1;102=0;103=-1;104=0;105=-1;106=0;107=0;108=13;109=1;110=12;111=0.33;112=-1;113=0;116=1;120=0
23300,Terrene Blast,テリーンブラスト,23xxx,0,100,1,2,13,Magical,1,12,Umbral,0.33,magical,0,0,0,1000,5,3,8,8,-1,0,20,false,-1,,,,,0,-1,,,84=0;85=1;86=1;87=-1;88=0;89=-1;90=0;91=-1;92=0;93=-1;94=0;95=1;96=0.25;97=1;98=1;99=-1;100=0;101=-1;102=0;103=-1;104=0;105=-1;106=0;107=0;108=13;109=1;110=12;111=0.33;112=-1;113=0;116=1;120=0
23301,Remembrance,リメンバランス,23xxx,0,100,1,2,13,Magical,1,12,Umbral,0.33,magical,0,0,0,1000,2,3,6,20,-1,0,6,false,-1,,,,,0,-1,,,84=0;85=1;86=1;87=-1;88=0;89=-1;90=0;91=-1;92=0;93=-1;94=0;95=1;96=0.25;97=1;98=1;99=-1;100=0;101=-1;102=0;103=-1;104=0;105=-1;106=0;107=0;108=13;109=1;110=12;111=0.33;112=-1;113=0;116=1;120=0
23302,Chthonic Call,サニックコール,23xxx,0,100,1,2,13,Magical,1,12,Umbral,0.33,magical,0,0,0,1000,5,3,8,16,-1,0,0,false,-1,,,,,0,-1,,,84=0;85=1;86=1;87=-1;88=0;89=-1;90=0;91=-1;92=0;93=-1;94=0;95=1;96=0.25;97=1;98=1;99=-1;100=0;101=-1;102=0;103=-1;104=0;105=-1;106=0;107=0;108=13;109=1;110=12;111=0.33;112=-1;113=0;116=1;120=0
23303,-,(クジャタ)部位破壊→サブスタッド転倒状態,23xxx,0,100,1,0,-1,None,0,-1,None,0,none,0,0,0,0,0,3,0,6,-1,0,0,false,-1,,,,,0,-1,,,84=0;85=1;86=1;87=-1;88=0;89=-1;90=0;91=-1;92=0;93=-1;94=0;95=1;96=0;97=1;98=1;99=-1;100=0;101=-1;102=0;103=-1;104=0;105=-1;106=0;107=1;108=-1;109=0;110=-1;111=0;112=-1;113=0;116=0;120=0
23304,-,(クジャタ)転倒状態OFF,23xxx,0,100,1,0,-1,None,0,-1,None,0,none,0,0,0,0,0,3,0,6,-1,0,0,false,-1,,,,,0,-1,,,84=0;85=1;86=1;87=-1;88=0;89=-1;90=0;91=-1;92=0;93=-1;94=0;95=1;96=0;97=1;98=1;99=-1;100=0;101=-1;102=0;103=-1;104=0;105=-1;106=0;107=1;108=-1;109=0;110=-1;111=0;112=-1;113=0;116=0;120=0
23305,Ranged Attack,攻撃,23xxx,0,100,1,2,4,Projectile,1,-1,None,0,physical,0,0,0,0,0,3,5,20,-1,0,0,false,-1,,,,,0,-1,,,84=0;85=1;86=1;87=-1;88=0;89=-1;90=0;91=-1;92=0;93=-1;94=0;95=1;96=0;97=1;98=1;99=-1;100=0;101=-1;102=0;103=-1;104=0;105=-1;106=0;107=0;108=4;109=1;110=-1;111=0;112=-1;113=0;116=0;120=0
23306,Glossolalia,グロッソラリア,23xxx,0,100,1,2,-1,None,0,-1,None,0,none,0,0,0,1000,2,3,6,6,-1,0,0,false,-1,,,,,0,-1,,,84=0;85=1;86=1;87=-1;88=0;89=-1;90=0;91=-1;92=0;93=-1;94=0;95=1;96=0;97=1;98=1;99=-1;100=0;101=-1;102=0;103=-1;104=0;105=-1;106=0;107=1;108=-1;109=0;110=-1;111=0;112=-1;113=0;116=1;120=0
23307,Amorphic Spear,槍玉,23xxx,0,100,1,2,2,Piercing,1,-1,None,0,physical,0,0,0,1000,2,3,6,6,-1,0,0,false,-1,,,,,0,-1,,,84=0;85=1;86=1;87=-1;88=0;89=-1;90=0;91=-1;92=0;93=-1;94=0;95=1;96=0.25;97=1;98=1;99=-1;100=0;101=-1;102=0;103=-1;104=0;105=-1;106=0;107=0;108=2;109=1;110=-1;111=0;112=-1;113=0;116=1;120=0
23308,Custard Cuff,カスタードカフ,23xxx,0,100,1,2,3,Blunt,1,-1,None,0,physical,0,0,0,1000,4,3,8,8,-1,0,0,false,-1,,,,,0,-1,,,84=0;85=1;86=1;87=-1;88=0;89=-1;90=0;91=-1;92=0;93=-1;94=0;95=1;96=0.25;97=1;98=1;99=-1;100=0;101=-1;102=0;103=-1;104=0;105=-1;106=0;107=0;108=3;109=1;110=-1;111=0;112=-1;113=0;116=1;120=0
23309,-,(プリン)属性モード切りかえ＆魔法攻撃力アップ,23xxx,0,100,1,0,-1,None,0,-1,None,0,none,0,0,0,0,0,3,0,6,-1,0,0,false,-1,,,,,0,-1,,,84=0;85=1;86=1;87=-1;88=0;89=-1;90=0;91=-1;92=0;93=-1;94=0;95=1;96=0;97=1;98=1;99=-1;100=0;101=-1;102=0;103=-1;104=0;105=-1;106=0;107=1;108=-1;109=0;110=-1;111=0;112=-1;113=0;116=1;120=0
23310,Ranged Attack,攻撃,23xxx,0,100,1,2,4,Projectile,1,-1,None,0,physical,0,0,0,0,0,3,5,20,-1,0,0,false,-1,,,,,0,-1,,,84=0;85=1;86=1;87=-1;88=0;89=-1;90=0;91=-1;92=0;93=-1;94=0;95=1;96=0;97=1;98=1;99=-1;100=0;101=-1;102=0;103=-1;104=0;105=-1;106=0;107=0;108=4;109=1;110=-1;111=0;112=-1;113=0;116=0;120=0
23311,Bomb Toss,爆弾投げ,23xxx,0,100,1,2,13,Magical,1,5,Fire,0,magical,0,0,0,1000,2,3,8,20,-1,0,6,false,-1,,,,,0,-1,,,84=0;85=1;86=1;87=-1;88=0;89=-1;90=0;91=-1;92=0;93=-1;94=0;95=1;96=0.25;97=1;98=1;99=-1;100=0;101=-1;102=0;103=-1;104=0;105=-1;106=0;107=0;108=13;109=1;110=5;111=0;112=-1;113=0;116=1;120=0
23312,Bomb Toss,爆弾投げ,23xxx,0,100,1,2,13,Magical,1,5,Fire,0,magical,0,0,0,1000,5,3,8,8,-1,0,0,false,-1,,,,,0,-1,,,84=0;85=1;86=1;87=-1;88=0;89=-1;90=0;91=-1;92=0;93=-1;94=0;95=1;96=0.25;97=1;98=1;99=-1;100=0;101=-1;102=0;103=-1;104=0;105=-1;106=0;107=0;108=13;109=1;110=5;111=0;112=-1;113=0;116=1;120=0
23313,Hail Mary,ヘイルメアリー,23xxx,0,100,1,2,13,Magical,1,5,Fire,0,magical,0,0,0,1000,2,3,8,6,-1,0,0,false,-1,,,,,0,-1,,,84=0;85=1;86=1;87=-1;88=0;89=-1;90=0;91=-1;92=0;93=-1;94=0;95=1;96=0.25;97=1;98=1;99=-1;100=0;101=-1;102=0;103=-1;104=0;105=-1;106=0;107=0;108=13;109=1;110=5;111=0;112=-1;113=0;116=1;120=0
23314,Hail Mary,ヘイルメアリー,23xxx,0,100,1,2,13,Magical,1,5,Fire,0,magical,0,0,0,0,0,3,0,20,-1,0,8,false,-1,,,,,0,-1,,,84=0;85=1;86=1;87=-1;88=0;89=-1;90=0;91=-1;92=0;93=-1;94=0;95=1;96=0.25;97=1;98=1;99=-1;100=0;101=-1;102=0;103=-1;104=0;105=-1;106=0;107=0;108=13;109=1;110=5;111=0;112=-1;113=0;116=0;120=0
23315,Firecracker Shower,ファイアクラッカーシャワー,23xxx,0,100,1,2,13,Magical,1,5,Fire,0,magical,0,0,0,1000,2,3,6,8,-1,0,0,false,-1,,,,,0,-1,,,84=0;85=1;86=1;87=-1;88=0;89=-1;90=0;91=-1;92=0;93=-1;94=0;95=1;96=0.25;97=1;98=1;99=-1;100=0;101=-1;102=0;103=-1;104=0;105=-1;106=0;107=0;108=13;109=1;110=5;111=0;112=-1;113=0;116=1;120=0
23316,-,(ゴブリン)ドリルアタック,23xxx,0,100,1,2,2,Piercing,1,-1,None,0,physical,0,0,0,1000,4,3,8,6,-1,0,0,false,-1,,,,,0,-1,,,84=0;85=1;86=1;87=-1;88=0;89=-1;90=0;91=-1;92=0;93=-1;94=0;95=1;96=0.25;97=1;98=1;99=-1;100=0;101=-1;102=0;103=-1;104=0;105=-1;106=0;107=0;108=2;109=1;110=-1;111=0;112=-1;113=0;116=1;120=0
23317,Ranged Attack,攻撃,23xxx,0,100,1,2,13,Magical,1,9,Lightning,0,magical,0,0,0,0,0,3,5,20,-1,0,0,false,-1,,,,,0,-1,,,84=0;85=1;86=1;87=-1;88=0;89=-1;90=0;91=-1;92=0;93=-1;94=0;95=1;96=0;97=1;98=1;99=-1;100=0;101=-1;102=0;103=-1;104=0;105=-1;106=0;107=0;108=13;109=1;110=9;111=0;112=-1;113=0;116=0;120=0
23318,Charged Whisker,チャージドホイスカー,23xxx,0,100,1,2,13,Magical,1,9,Lightning,0,magical,0,0,0,1000,5,3,8,4,-1,0,0,false,-1,,,,,0,-1,,,84=0;85=1;86=1;87=-1;88=0;89=-1;90=0;91=-1;92=0;93=-1;94=0;95=1;96=0.25;97=1;98=1;99=-1;100=0;101=-1;102=0;103=-1;104=0;105=-1;106=0;107=0;108=13;109=1;110=9;111=0;112=-1;113=0;116=1;120=0
23319,Charged Whisker,チャージドホイスカー,23xxx,0,100,1,2,13,Magical,1,9,Lightning,0,magical,0,0,0,1000,5,3,8,6,-1,0,0,false,-1,,,,,0,-1,,,84=0;85=1;86=1;87=-1;88=0;89=-1;90=0;91=-1;92=0;93=-1;94=0;95=1;96=0.25;97=1;98=1;99=-1;100=0;101=-1;102=0;103=-1;104=0;105=-1;106=0;107=0;108=13;109=1;110=9;111=0;112=-1;113=0;116=1;120=0
23320,Charged Whisker,チャージドホイスカー,23xxx,0,100,1,2,13,Magical,1,9,Lightning,0,magical,0,0,0,1000,5,3,8,8,-1,0,0,false,-1,,,,,0,-1,,,84=0;85=1;86=1;87=-1;88=0;89=-1;90=0;91=-1;92=0;93=-1;94=0;95=1;96=0.25;97=1;98=1;99=-1;100=0;101=-1;102=0;103=-1;104=0;105=-1;106=0;107=0;108=13;109=1;110=9;111=0;112=-1;113=0;116=1;120=0
23321,Blaster,ブラスター,23xxx,0,100,1,2,13,Magical,1,9,Lightning,0,magical,0,0,0,1000,5,3,8,10,-1,0,0,false,-1,,,,,0,-1,,,84=0;85=1;86=1;87=-1;88=0;89=-1;90=0;91=-1;92=0;93=-1;94=0;95=1;96=0.25;97=1;98=1;99=-1;100=0;101=-1;102=0;103=-1;104=0;105=-1;106=0;107=0;108=13;109=1;110=9;111=0;112=-1;113=0;116=1;120=0
23322,Chaotic Eye,カオティックアイ,23xxx,0,100,1,2,13,Magical,1,9,Lightning,0,magical,0,0,0,1000,4,3,6,12,-1,0,0,false,-1,,,,,0,-1,,,84=0;85=1;86=1;87=-1;88=0;89=-1;90=0;91=-1;92=0;93=-1;94=0;95=1;96=0.25;97=1;98=1;99=-1;100=0;101=-1;102=0;103=-1;104=0;105=-1;106=0;107=0;108=13;109=1;110=9;111=0;112=-1;113=0;116=1;120=0
23323,Whisker Charge,ホイスカーチャージ,23xxx,0,100,1,2,13,Magical,1,9,Lightning,0,magical,0,0,0,200,2,3,6,6,-1,0,0,false,-1,,,,,0,-1,,,84=0;85=1;86=1;87=-1;88=0;89=-1;90=0;91=-1;92=0;93=-1;94=0;95=1;96=0;97=1;98=1;99=-1;100=0;101=-1;102=0;103=-1;104=0;105=-1;106=0;107=0;108=13;109=1;110=9;111=0;112=-1;113=0;116=1;120=0
23324,Whisker Charge,ホイスカーチャージ,23xxx,0,100,1,2,13,Magical,1,9,Lightning,0,magical,0,0,0,200,2,3,6,6,-1,0,0,false,-1,,,,,0,-1,,,84=0;85=1;86=1;87=-1;88=0;89=-1;90=0;91=-1;92=0;93=-1;94=0;95=1;96=0;97=1;98=1;99=-1;100=0;101=-1;102=0;103=-1;104=0;105=-1;106=0;107=0;108=13;109=1;110=9;111=0;112=-1;113=0;116=1;120=0
23325,-,(クァール)帯電レベルダウン,23xxx,0,100,1,0,13,Magical,1,9,Lightning,0,magical,0,0,0,0,0,3,0,6,-1,0,0,false,-1,,,,,0,-1,,,84=0;85=1;86=1;87=-1;88=0;89=-1;90=0;91=-1;92=0;93=-1;94=0;95=1;96=0;97=1;98=1;99=-1;100=0;101=-1;102=0;103=-1;104=0;105=-1;106=0;107=0;108=13;109=1;110=9;111=0;112=-1;113=0;116=0;120=0
23326,-,(プリン)魔攻レベルダウン,23xxx,0,100,1,0,-1,None,0,-1,None,0,none,0,0,0,0,0,3,0,6,-1,0,0,false,-1,,,,,0,-1,,,84=0;85=1;86=1;87=-1;88=0;89=-1;90=0;91=-1;92=0;93=-1;94=0;95=1;96=0;97=1;98=1;99=-1;100=0;101=-1;102=0;103=-1;104=0;105=-1;106=0;107=1;108=-1;109=0;110=-1;111=0;112=-1;113=0;116=0;120=0
23327,-,(汎用)ハイパーモード,23xxx,0,100,1,0,-1,None,0,-1,None,0,none,0,0,0,0,0,3,0,6,-1,0,0,false,-1,,,,,0,-1,,,84=0;85=1;86=1;87=-1;88=0;89=-1;90=0;91=-1;92=0;93=-1;94=0;95=1;96=0;97=1;98=1;99=-1;100=0;101=-1;102=0;103=-1;104=0;105=-1;106=0;107=1;108=-1;109=0;110=-1;111=0;112=-1;113=0;116=0;120=0
23328,Attack,攻撃,23xxx,0,100,1,2,-1,None,0,-1,None,0,none,0,0,0,0,0,0,4,8,-1,0,0,false,-1,,,,,0,-1,,,84=0;85=1;86=1;87=-1;88=0;89=-1;90=0;91=-1;92=0;93=-1;94=0;95=1;96=0;97=1;98=1;99=-1;100=0;101=-1;102=0;103=-1;104=0;105=-1;106=0;107=1;108=-1;109=0;110=-1;111=0;112=-1;113=0;116=0;120=0
23329,Attack,攻撃,23xxx,0,100,1,2,-1,None,0,-1,None,0,none,0,0,0,0,0,0,5,8,-1,0,0,false,-1,,,,,0,-1,,,84=0;85=1;86=1;87=-1;88=0;89=-1;90=0;91=-1;92=0;93=-1;94=0;95=1;96=0;97=1;98=1;99=-1;100=0;101=-1;102=0;103=-1;104=0;105=-1;106=0;107=1;108=-1;109=0;110=-1;111=0;112=-1;113=0;116=0;120=0
23330,Attack,攻撃,23xxx,0,100,1,2,-1,None,0,-1,None,0,none,0,0,0,0,0,0,6,8,-1,0,0,false,-1,,,,,0,-1,,,84=0;85=1;86=1;87=-1;88=0;89=-1;90=0;91=-1;92=0;93=-1;94=0;95=1;96=0;97=1;98=1;99=-1;100=0;101=-1;102=0;103=-1;104=0;105=-1;106=0;107=1;108=-1;109=0;110=-1;111=0;112=-1;113=0;116=0;120=0
23331,Attack,攻撃,23xxx,0,100,1,2,-1,None,0,-1,None,0,none,0,0,0,0,0,0,4,11,-1,0,0,false,-1,,,,,0,-1,,,84=0;85=1;86=1;87=-1;88=0;89=-1;90=0;91=-1;92=0;93=-1;94=0;95=1;96=0;97=1;98=1;99=-1;100=0;101=-1;102=0;103=-1;104=0;105=-1;106=0;107=1;108=-1;109=0;110=-1;111=0;112=-1;113=0;116=0;120=0
23332,Attack,攻撃,23xxx,0,100,1,2,-1,None,0,-1,None,0,none,0,0,0,0,0,0,5,11,-1,0,0,false,-1,,,,,0,-1,,,84=0;85=1;86=1;87=-1;88=0;89=-1;90=0;91=-1;92=0;93=-1;94=0;95=1;96=0;97=1;98=1;99=-1;100=0;101=-1;102=0;103=-1;104=0;105=-1;106=0;107=1;108=-1;109=0;110=-1;111=0;112=-1;113=0;116=0;120=0
23333,Attack,攻撃,23xxx,0,100,1,2,-1,None,0,-1,None,0,none,0,0,0,0,0,0,6,11,-1,0,0,false,-1,,,,,0,-1,,,84=0;85=1;86=1;87=-1;88=0;89=-1;90=0;91=-1;92=0;93=-1;94=0;95=1;96=0;97=1;98=1;99=-1;100=0;101=-1;102=0;103=-1;104=0;105=-1;106=0;107=1;108=-1;109=0;110=-1;111=0;112=-1;113=0;116=0;120=0
23334,Attack,攻撃,23xxx,0,100,1,2,-1,None,0,-1,None,0,none,0,0,0,0,0,0,4,8,-1,0,0,false,-1,,,,,0,-1,,,84=0;85=1;86=1;87=-1;88=0;89=-1;90=0;91=-1;92=0;93=-1;94=0;95=1;96=0;97=1;98=1;99=-1;100=0;101=-1;102=0;103=-1;104=0;105=-1;106=0;107=1;108=-1;109=0;110=-1;111=0;112=-1;113=0;116=0;120=0
23335,Attack,攻撃,23xxx,0,100,1,2,-1,None,0,-1,None,0,none,0,0,0,0,0,0,5,8,-1,0,0,false,-1,,,,,0,-1,,,84=0;85=1;86=1;87=-1;88=0;89=-1;90=0;91=-1;92=0;93=-1;94=0;95=1;96=0;97=1;98=1;99=-1;100=0;101=-1;102=0;103=-1;104=0;105=-1;106=0;107=1;108=-1;109=0;110=-1;111=0;112=-1;113=0;116=0;120=0
23336,Attack,攻撃,23xxx,0,100,1,2,-1,None,0,-1,None,0,none,0,0,0,0,0,0,6,8,-1,0,0,false,-1,,,,,0,-1,,,84=0;85=1;86=1;87=-1;88=0;89=-1;90=0;91=-1;92=0;93=-1;94=0;95=1;96=0;97=1;98=1;99=-1;100=0;101=-1;102=0;103=-1;104=0;105=-1;106=0;107=1;108=-1;109=0;110=-1;111=0;112=-1;113=0;116=0;120=0
23337,Attack,攻撃,23xxx,0,100,1,2,-1,None,0,-1,None,0,none,0,0,0,0,0,3,5,20,-1,0,0,false,-1,,,,,0,-1,,,84=0;85=1;86=1;87=-1;88=0;89=-1;90=0;91=-1;92=0;93=-1;94=0;95=1;96=0;97=1;98=1;99=-1;100=0;101=-1;102=0;103=-1;104=0;105=-1;106=0;107=1;108=-1;109=0;110=-1;111=0;112=-1;113=0;116=0;120=0
23338,Attack,攻撃,23xxx,0,100,1,2,-1,None,0,-1,None,0,none,0,0,0,0,0,3,5,20,-1,0,8,false,-1,,,,,0,-1,,,84=0;85=1;86=1;87=-1;88=0;89=-1;90=0;91=-1;92=0;93=-1;94=0;95=1;96=0;97=1;98=1;99=-1;100=0;101=-1;102=0;103=-1;104=0;105=-1;106=0;107=1;108=-1;109=0;110=-1;111=0;112=-1;113=0;116=0;120=0
23339,Attack,単体物理攻撃（突）,23xxx,0,100,1,2,2,Piercing,1,-1,None,0,physical,0,0,0,1000,0,3,5,6,-1,0,0,false,-1,,,,,0,-1,,,84=0;85=1;86=1;87=-1;88=0;89=-1;90=0;91=-1;92=0;93=-1;94=0;95=1;96=0;97=1;98=1;99=-1;100=0;101=-1;102=0;103=-1;104=0;105=-1;106=0;107=0;108=2;109=1;110=-1;111=0;112=-1;113=0;116=1;120=0
23340,Gillbrations,えら振動（弱）,23xxx,0,100,1,2,-1,None,0,-1,None,0,none,0,0,0,1000,3,3,5,4,-1,0,0,false,-1,,,,,0,-1,,,84=0;85=1;86=1;87=-1;88=0;89=-1;90=0;91=-1;92=0;93=-1;94=0;95=1;96=0.25;97=1;98=1;99=-1;100=0;101=-1;102=0;103=-1;104=0;105=-1;106=0;107=1;108=-1;109=0;110=-1;111=0;112=-1;113=0;116=1;120=0
23341,Good Gillbrations,えら振動（強）,23xxx,0,100,1,2,-1,None,0,-1,None,0,none,0,0,0,1000,3,3,5,4,-1,0,0,false,-1,,,,,0,-1,,,84=0;85=1;86=1;87=-1;88=0;89=-1;90=0;91=-1;92=0;93=-1;94=0;95=1;96=0.25;97=1;98=1;99=-1;100=0;101=-1;102=0;103=-1;104=0;105=-1;106=0;107=1;108=-1;109=0;110=-1;111=0;112=-1;113=0;116=1;120=0
23342,Mode Change,モードチェンジ解除,23xxx,0,100,1,2,-1,None,0,-1,None,0,none,0,0,0,0,0,3,5,4,-1,0,0,false,-1,,,,,0,-1,,,84=0;85=1;86=1;87=-1;88=0;89=-1;90=0;91=-1;92=0;93=-1;94=0;95=1;96=0;97=1;98=1;99=-1;100=0;101=-1;102=0;103=-1;104=0;105=-1;106=0;107=1;108=-1;109=0;110=-1;111=0;112=-1;113=0;116=0;120=0
23343,Poison Breath,毒ブレス：前方範囲,23xxx,0,100,1,2,12,Breath,1,10,Water,1,physical,0,0,0,1000,1,3,5,10,-1,0,0,false,-1,,,,,0,-1,,,84=0;85=1;86=1;87=-1;88=0;89=-1;90=0;91=-1;92=0;93=-1;94=0;95=1;96=0.25;97=1;98=1;99=-1;100=0;101=-1;102=0;103=-1;104=0;105=-1;106=0;107=0;108=12;109=1;110=10;111=1;112=-1;113=0;116=1;120=0
23344,Circle Attack,必殺技：自円範囲,23xxx,0,100,1,2,-1,None,0,-1,None,0,none,0,0,0,1000,3,3,5,12,-1,0,0,false,-1,,,,,0,-1,,,84=0;85=1;86=1;87=-1;88=0;89=-1;90=0;91=-1;92=0;93=-1;94=0;95=1;96=0.25;97=1;98=1;99=-1;100=0;101=-1;102=0;103=-1;104=0;105=-1;106=0;107=1;108=-1;109=0;110=-1;111=0;112=-1;113=0;116=1;120=0
23345,Stunner,前方扇範囲スタン技,23xxx,0,100,1,2,-1,None,0,-1,None,0,none,0,0,0,1000,1,3,5,10,-1,0,0,false,-1,,,,,0,-1,,,84=0;85=1;86=1;87=-1;88=0;89=-1;90=0;91=-1;92=0;93=-1;94=0;95=1;96=0.25;97=1;98=1;99=-1;100=0;101=-1;102=0;103=-1;104=0;105=-1;106=0;107=1;108=-1;109=0;110=-1;111=0;112=-1;113=0;116=1;120=0
23346,Soul Eater,ソウルイーター,23xxx,0,100,1,2,13,Magical,1,12,Umbral,0.33,magical,0,0,0,1000,4,3,8,8,-1,0,0,false,-1,,,,,0,-1,,,84=0;85=1;86=1;87=-1;88=0;89=-1;90=0;91=-1;92=0;93=-1;94=0;95=1;96=0.25;97=1;98=1;99=-1;100=0;101=-1;102=0;103=-1;104=0;105=-1;106=0;107=0;108=13;109=1;110=12;111=0.33;112=-1;113=0;116=1;120=60
23347,Mucous Discharge,忘汁散布,23xxx,0,100,1,0,13,Magical,1,10,Water,0,magical,0,0,0,1000,5,3,8,8,-1,0,0,false,-1,,,,,0,-1,,,84=0;85=1;86=1;87=-1;88=0;89=-1;90=0;91=-1;92=0;93=-1;94=0;95=1;96=0.25;97=1;98=1;99=-1;100=0;101=-1;102=0;103=-1;104=0;105=-1;106=0;107=0;108=13;109=1;110=10;111=0;112=-1;113=0;116=1;120=60
23348,Corrosive Spit,コロシヴスピット,23xxx,0,100,1,2,13,Magical,1,10,Water,0,magical,0,0,0,1000,4,3,8,8,-1,0,0,false,-1,,,,,0,-1,,,84=0;85=1;86=1;87=-1;88=0;89=-1;90=0;91=-1;92=0;93=-1;94=0;95=1;96=0.25;97=1;98=1;99=-1;100=0;101=-1;102=0;103=-1;104=0;105=-1;106=0;107=0;108=13;109=1;110=10;111=0;112=-1;113=0;116=1;120=60
23349,Ranged Attack,攻撃,23xxx,0,100,1,2,13,Magical,1,12,Umbral,0.33,magical,0,0,0,0,0,3,8,20,-1,0,0,false,-1,,,,,0,-1,,,84=0;85=1;86=1;87=-1;88=0;89=-1;90=0;91=-1;92=0;93=-1;94=0;95=1;96=0;97=1;98=1;99=-1;100=0;101=-1;102=0;103=-1;104=0;105=-1;106=0;107=0;108=13;109=1;110=12;111=0.33;112=-1;113=0;116=1;120=60
23350,Grim Cleaver,グリムクリーバー,23xxx,0,100,1,2,1,Slashing,1,-1,None,0,physical,0,0,0,1000,2,3,8,8,-1,0,0,false,-1,,,,,0,-1,,,84=0;85=1;86=1;87=-1;88=0;89=-1;90=0;91=-1;92=0;93=-1;94=0;95=1;96=0.25;97=1;98=1;99=-1;100=0;101=-1;102=0;103=-1;104=0;105=-1;106=0;107=0;108=1;109=1;110=-1;111=0;112=-1;113=0;116=1;120=60
23351,Grim Halo,グリムヘイロー,23xxx,0,100,1,2,1,Slashing,1,-1,None,0,physical,0,0,0,1000,2,3,8,8,-1,0,0,false,-1,,,,,0,-1,,,84=0;85=1;86=1;87=-1;88=0;89=-1;90=0;91=-1;92=0;93=-1;94=0;95=1;96=0.25;97=1;98=1;99=-1;100=0;101=-1;102=0;103=-1;104=0;105=-1;106=0;107=0;108=1;109=1;110=-1;111=0;112=-1;113=0;116=1;120=60
23352,Grim Fate,グリムフェイト,23xxx,0,100,1,2,1,Slashing,1,-1,None,0,physical,0,0,0,1000,3,3,8,8,-1,0,0,false,-1,,,,,0,-1,,,84=0;85=1;86=1;87=-1;88=0;89=-1;90=0;91=-1;92=0;93=-1;94=0;95=1;96=0.25;97=1;98=1;99=-1;100=0;101=-1;102=0;103=-1;104=0;105=-1;106=0;107=0;108=1;109=1;110=-1;111=0;112=-1;113=0;116=1;120=60
23353,Corrupted Tail,コラプテッドテール,23xxx,0,100,1,2,2,Piercing,1,-1,None,0,physical,0,0,0,1000,2,3,8,6,-1,0,0,false,-1,,,,,0,-1,,,84=0;85=1;86=1;87=-1;88=0;89=-1;90=0;91=-1;92=0;93=-1;94=0;95=1;96=0.25;97=1;98=1;99=-1;100=0;101=-1;102=0;103=-1;104=0;105=-1;106=0;107=0;108=2;109=1;110=-1;111=0;112=-1;113=0;116=1;120=60
23354,Desolation,デソレーション,23xxx,0,100,1,2,13,Magical,1,12,Umbral,0.33,magical,0,0,0,1000,3,3,8,20,-1,0,0,false,-1,,,,,0,-1,,,84=0;85=1;86=1;87=-1;88=0;89=-1;90=0;91=-1;92=0;93=-1;94=0;95=1;96=0.25;97=1;98=1;99=-1;100=0;101=-1;102=0;103=-1;104=0;105=-1;106=0;107=0;108=13;109=1;110=12;111=0.33;112=-1;113=0;116=1;120=60
23355,Shadow Burst,シャドウバースト,23xxx,0,100,1,2,13,Magical,1,12,Umbral,0.33,magical,0,0,0,1000,3,3,8,20,-1,0,0,false,-1,,,,,0,-1,,,84=0;85=1;86=1;87=-1;88=0;89=-1;90=0;91=-1;92=0;93=-1;94=0;95=1;96=0.25;97=1;98=1;99=-1;100=0;101=-1;102=0;103=-1;104=0;105=-1;106=0;107=0;108=13;109=1;110=12;111=0.33;112=-1;113=0;116=1;120=60
23356,Ancient Wrath,エンシェントラス,23xxx,0,100,1,2,13,Magical,1,12,Umbral,0,magical,0,0,0,1000,1,3,8,12,-1,0,0,false,-1,,,,,0,-1,,,84=0;85=1;86=1;87=-1;88=0;89=-1;90=0;91=-1;92=0;93=-1;94=0;95=1;96=0.25;97=1;98=1;99=-1;100=0;101=-1;102=0;103=-1;104=0;105=-1;106=0;107=0;108=13;109=1;110=12;111=0;112=-1;113=0;116=1;120=60
23357,Immortal Effigy,イモータルエフィジー,23xxx,0,100,1,2,-1,None,1,-1,None,0,none,0,0,0,1000,0,3,8,4,-1,0,0,false,-1,,,,,0,-1,,,84=0;85=1;86=1;87=-1;88=0;89=-1;90=0;91=-1;92=0;93=-1;94=0;95=1;96=0;97=1;98=1;99=-1;100=0;101=-1;102=0;103=-1;104=0;105=-1;106=0;107=0;108=-1;109=1;110=-1;111=0;112=-1;113=0;116=1;120=60
23358,-,怒りオフ,23xxx,0,100,1,2,-1,None,1,-1,None,0,none,0,0,0,0,0,3,8,4,-1,0,0,false,-1,,,,,0,-1,,,84=0;85=1;86=1;87=-1;88=0;89=-1;90=0;91=-1;92=0;93=-1;94=0;95=1;96=0;97=1;98=1;99=-1;100=0;101=-1;102=0;103=-1;104=0;105=-1;106=0;107=0;108=-1;109=1;110=-1;111=0;112=-1;113=0;116=1;120=60
23359,-,石化戻り,23xxx,0,100,1,2,-1,None,1,-1,None,0,none,0,0,0,0,0,3,8,4,-1,0,0,false,-1,,,,,0,-1,,,84=0;85=1;86=1;87=-1;88=0;89=-1;90=0;91=-1;92=0;93=-1;94=0;95=1;96=0;97=1;98=1;99=-1;100=0;101=-1;102=0;103=-1;104=0;105=-1;106=0;107=0;108=-1;109=1;110=-1;111=0;112=-1;113=0;116=1;120=60
23360,Attack,攻撃,23xxx,0,100,1,0,1,Slashing,0.5,5,Fire,0.5,physical,0,0,0,0,0,0,4,10,-1,0,0,false,-1,,,,,0,-1,,,84=0;85=1;86=1;87=-1;88=0;89=-1;90=0;91=-1;92=0;93=-1;94=0;95=1;96=0.25;97=1;98=1;99=-1;100=0;101=-1;102=0;103=-1;104=0;105=-1;106=0;107=0;108=1;109=0.5;110=5;111=0.5;112=-1;113=0;116=1;120=0
23361,Sear,熱風,23xxx,0,100,1,0,13,Magical,1,5,Fire,0,magical,0,0,0,0,0,0,0,8,-1,0,0,false,-1,,,,,0,-1,,,84=0;85=1;86=1;87=-1;88=0;89=-1;90=0;91=-1;92=0;93=-1;94=0;95=1;96=0.25;97=1;98=1;99=-1;100=0;101=-1;102=0;103=-1;104=0;105=-1;106=0;107=0;108=13;109=1;110=5;111=0;112=-1;113=0;116=1;120=0
23362,Vulcan Burst,バルカンバースト,23xxx,0,100,1,0,13,Magical,1,5,Fire,0,magical,0,0,0,0,2,0,4,16,-1,0,0,false,-1,,,,,0,-1,,,84=0;85=1;86=1;87=-1;88=0;89=-1;90=0;91=-1;92=0;93=-1;94=0;95=1;96=0.25;97=1;98=1;99=-1;100=0;101=-1;102=0;103=-1;104=0;105=-1;106=0;107=0;108=13;109=1;110=5;111=0;112=-1;113=0;116=1;120=0
23363,Incinerate,インシネレート,23xxx,0,100,1,0,13,Magical,1,5,Fire,0,magical,0,0,0,0,2,0,4,10,-1,0,0,false,-1,,,,,0,-1,,,84=0;85=1;86=1;87=-1;88=0;89=-1;90=0;91=-1;92=0;93=-1;94=0;95=1;96=0.25;97=1;98=1;99=-1;100=0;101=-1;102=0;103=-1;104=0;105=-1;106=0;107=0;108=13;109=1;110=5;111=0;112=-1;113=0;116=1;120=0
23364,Eruption,エラプション,23xxx,0,100,1,0,13,Magical,1,5,Fire,0,magical,0,0,0,0,3,0,4,1,-1,0,0,false,-1,,,,,0,-1,,,84=0;85=1;86=1;87=-1;88=0;89=-1;90=0;91=-1;92=0;93=-1;94=0;95=1;96=0;97=1;98=1;99=-1;100=0;101=-1;102=0;103=-1;104=0;105=-1;106=0;107=0;108=13;109=1;110=5;111=0;112=-1;113=0;116=1;120=0
23365,Crimson Cyclone,クリムゾンサイクロン,23xxx,0,100,1,0,13,Magical,1,5,Fire,0,magical,0,0,0,0,0,0,0,44,-1,0,0,false,-1,,,,,0,-1,,,84=0;85=1;86=1;87=-1;88=0;89=-1;90=0;91=-1;92=0;93=-1;94=0;95=1;96=0.25;97=1;98=1;99=-1;100=0;101=-1;102=0;103=-1;104=0;105=-1;106=0;107=0;108=13;109=1;110=5;111=0;112=-1;113=0;116=1;120=0
23366,[@hyphen:021f0103][@hyphen:021f0103],-,23xxx,0,100,1,0,13,Magical,1,5,Fire,0,magical,0,0,0,0,0,0,0,1,-1,0,0,false,-1,,,,,0,-1,,,84=0;85=1;86=1;87=-1;88=0;89=-1;90=0;91=-1;92=0;93=-1;94=0;95=1;96=0;97=1;98=1;99=-1;100=0;101=-1;102=0;103=-1;104=0;105=-1;106=0;107=0;108=13;109=1;110=5;111=0;112=-1;113=0;116=1;120=0
23367,Radiant Plume,光輝の炎柱,23xxx,0,100,1,0,13,Magical,1,5,Fire,0,magical,0,0,0,0,3,0,4,1,-1,0,0,false,-1,,,,,0,-1,,,84=0;85=1;86=1;87=-1;88=0;89=-1;90=0;91=-1;92=0;93=-1;94=0;95=1;96=0;97=1;98=1;99=-1;100=0;101=-1;102=0;103=-1;104=0;105=-1;106=0;107=0;108=13;109=1;110=5;111=0;112=-1;113=0;116=1;120=0
23368,Hellfire,地獄の火炎,23xxx,0,100,1,0,13,Magical,1,5,Fire,0,magical,0,0,0,0,2,0,6,50,-1,0,0,false,-1,,,,,0,-1,,,84=0;85=1;86=1;87=-1;88=0;89=-1;90=0;91=-1;92=0;93=-1;94=0;95=1;96=0.25;97=1;98=1;99=-1;100=0;101=-1;102=0;103=-1;104=0;105=-1;106=0;107=0;108=13;109=1;110=5;111=0;112=-1;113=0;116=1;120=0
23369,[@hyphen:021f0103][@hyphen:021f0103],-,23xxx,0,100,1,0,13,Magical,1,5,Fire,0,magical,0,0,0,0,0,0,0,1,-1,0,0,false,-1,,,,,0,-1,,,84=0;85=1;86=1;87=-1;88=0;89=-1;90=0;91=-1;92=0;93=-1;94=0;95=1;96=0;97=1;98=1;99=-1;100=0;101=-1;102=0;103=-1;104=0;105=-1;106=0;107=0;108=13;109=1;110=5;111=0;112=-1;113=0;116=1;120=0
23370,[@hyphen:021f0103][@hyphen:021f0103],-,23xxx,0,100,1,0,13,Magical,1,5,Fire,0,magical,0,0,0,0,0,0,0,1,-1,0,0,false,-1,,,,,0,-1,,,84=0;85=1;86=1;87=-1;88=0;89=-1;90=0;91=-1;92=0;93=-1;94=0;95=1;96=0;97=1;98=1;99=-1;100=0;101=-1;102=0;103=-1;104=0;105=-1;106=0;107=0;108=13;109=1;110=5;111=0;112=-1;113=0;116=1;120=0
23371,[@hyphen:021f0103][@hyphen:021f0103],-,23xxx,0,100,1,0,13,Magical,1,5,Fire,0,magical,0,0,0,0,0,0,4,1,-1,0,0,false,-1,,,,,0,-1,,,84=0;85=1;86=1;87=-1;88=0;89=-1;90=0;91=-1;92=0;93=-1;94=0;95=1;96=0;97=1;98=1;99=-1;100=0;101=-1;102=0;103=-1;104=0;105=-1;106=0;107=0;108=13;109=1;110=5;111=0;112=-1;113=0;116=1;120=0
23372,[@hyphen:021f0103][@hyphen:021f0103],-,23xxx,0,100,1,0,13,Magical,1,5,Fire,0,magical,0,0,0,0,0,0,0,1,-1,0,0,false,-1,,,,,0,-1,,,84=0;85=1;86=1;87=-1;88=0;89=-1;90=0;91=-1;92=0;93=-1;94=0;95=1;96=0;97=1;98=1;99=-1;100=0;101=-1;102=0;103=-1;104=0;105=-1;106=0;107=0;108=13;109=1;110=5;111=0;112=-1;113=0;116=1;120=0
23373,[@hyphen:021f0103][@hyphen:021f0103],-,23xxx,0,100,1,0,13,Magical,1,5,Fire,0,magical,0,0,0,0,0,0,0,1,-1,0,0,false,-1,,,,,0,-1,,,84=0;85=1;86=1;87=-1;88=0;89=-1;90=0;91=-1;92=0;93=-1;94=0;95=1;96=0;97=1;98=1;99=-1;100=0;101=-1;102=0;103=-1;104=0;105=-1;106=0;107=0;108=13;109=1;110=5;111=0;112=-1;113=0;116=1;120=0
23374,Eruption,エラプション,23xxx,0,100,1,0,13,Magical,1,5,Fire,0,magical,0,0,0,0,0,0,0,7.5,-1,0,0,false,-1,,,,,0,-1,,,84=0;85=1;86=1;87=-1;88=0;89=-1;90=0;91=-1;92=0;93=-1;94=0;95=1;96=0.25;97=1;98=1;99=-1;100=0;101=-1;102=0;103=-1;104=0;105=-1;106=0;107=0;108=13;109=1;110=5;111=0;112=-1;113=0;116=1;120=0
23375,Eruption,エラプション,23xxx,0,100,1,0,13,Magical,1,5,Fire,0,magical,0,0,0,0,0,0,0,1,-1,0,0,false,-1,,,,,0,-1,,,84=0;85=1;86=1;87=-1;88=0;89=-1;90=0;91=-1;92=0;93=-1;94=0;95=1;96=0;97=1;98=1;99=-1;100=0;101=-1;102=0;103=-1;104=0;105=-1;106=0;107=0;108=13;109=1;110=5;111=0;112=-1;113=0;116=1;120=0
23376,Radiant Plume,光輝の炎柱,23xxx,0,100,1,0,13,Magical,1,5,Fire,0,magical,0,0,0,0,0,0,0,7.5,-1,0,0,false,-1,,,,,0,-1,,,84=0;85=1;86=1;87=-1;88=0;89=-1;90=0;91=-1;92=0;93=-1;94=0;95=1;96=0.25;97=1;98=1;99=-1;100=0;101=-1;102=0;103=-1;104=0;105=-1;106=0;107=0;108=13;109=1;110=5;111=0;112=-1;113=0;116=1;120=0
23377,[@hyphen:021f0103][@hyphen:021f0103],-,23xxx,0,100,1,0,13,Magical,1,5,Fire,0,magical,0,0,0,0,0,0,0,1,-1,0,0,false,-1,,,,,0,-1,,,84=0;85=1;86=1;87=-1;88=0;89=-1;90=0;91=-1;92=0;93=-1;94=0;95=1;96=0;97=1;98=1;99=-1;100=0;101=-1;102=0;103=-1;104=0;105=-1;106=0;107=0;108=13;109=1;110=5;111=0;112=-1;113=0;116=1;120=0
23378,[@hyphen:021f0103][@hyphen:021f0103],-,23xxx,0,100,1,0,13,Magical,1,5,Fire,0,magical,0,0,0,0,0,0,0,1,-1,0,0,false,-1,,,,,0,-1,,,84=0;85=1;86=1;87=-1;88=0;89=-1;90=0;91=-1;92=0;93=-1;94=0;95=1;96=0;97=1;98=1;99=-1;100=0;101=-1;102=0;103=-1;104=0;105=-1;106=0;107=0;108=13;109=1;110=5;111=0;112=-1;113=0;116=1;120=0
23379,Death March,デスマーチ,23xxx,0,100,1,0,-1,None,1,-1,None,0,none,0,0,0,0,4,3,8,10,-1,0,0,false,-1,,,,,0,-1,,,84=0;85=1;86=1;87=-1;88=0;89=-1;90=0;91=-1;92=0;93=-1;94=0;95=1;96=0.25;97=1;98=1;99=-1;100=0;101=-1;102=0;103=-1;104=0;105=-1;106=0;107=0;108=-1;109=1;110=-1;111=0;112=-1;113=0;116=1;120=0
23380,Death Throes,デススロウズ,23xxx,0,100,1,0,-1,None,1,-1,None,0,none,0,0,0,0,4,3,8,10,-1,0,0,false,-1,,,,,0,-1,,,84=0;85=1;86=1;87=-1;88=0;89=-1;90=0;91=-1;92=0;93=-1;94=0;95=1;96=0.25;97=1;98=1;99=-1;100=0;101=-1;102=0;103=-1;104=0;105=-1;106=0;107=0;108=-1;109=1;110=-1;111=0;112=-1;113=0;116=1;120=0
23381,-,-,23xxx,0,100,1,0,-1,None,0,-1,None,0,none,0,0,0,0,0,3,0,6,-1,0,0,false,-1,,,,,0,-1,,,84=0;85=1;86=1;87=-1;88=0;89=-1;90=0;91=-1;92=0;93=-1;94=0;95=1;96=0;97=1;98=1;99=-1;100=0;101=-1;102=0;103=-1;104=0;105=-1;106=0;107=1;108=-1;109=0;110=-1;111=0;112=-1;113=0;116=0;120=0
23382,-,-,23xxx,0,100,1,0,-1,None,0,-1,None,0,none,0,0,0,0,0,3,0,6,-1,0,0,false,-1,,,,,0,-1,,,84=0;85=1;86=1;87=-1;88=0;89=-1;90=0;91=-1;92=0;93=-1;94=0;95=1;96=0;97=1;98=1;99=-1;100=0;101=-1;102=0;103=-1;104=0;105=-1;106=0;107=1;108=-1;109=0;110=-1;111=0;112=-1;113=0;116=0;120=0
23383,-,-,23xxx,0,100,1,0,-1,None,0,-1,None,0,none,0,0,0,0,0,3,0,6,-1,0,0,false,-1,,,,,0,-1,,,84=0;85=1;86=1;87=-1;88=0;89=-1;90=0;91=-1;92=0;93=-1;94=0;95=1;96=0;97=1;98=1;99=-1;100=0;101=-1;102=0;103=-1;104=0;105=-1;106=0;107=1;108=-1;109=0;110=-1;111=0;112=-1;113=0;116=0;120=0
23384,Attack,攻撃,23xxx,0,100,1,2,-1,None,0,-1,None,0,none,0,0,0,0,0,0,4,8,-1,0,0,false,-1,,,,,0,-1,,,84=0;85=1;86=1;87=-1;88=0;89=-1;90=0;91=-1;92=0;93=-1;94=0;95=1;96=0.25;97=1;98=1;99=-1;100=0;101=-1;102=0;103=-1;104=0;105=-1;106=0;107=1;108=-1;109=0;110=-1;111=0;112=-1;113=0;116=0;120=60
23385,Heavy Heel,ヘヴィヒール,23xxx,0,100,1,0,3,Blunt,1,-1,None,0,physical,0,0,0,1000,2,3,6,6,-1,0,0,false,-1,,,,,0,-1,,,84=0;85=1;86=1;87=-1;88=0;89=-1;90=0;91=-1;92=0;93=-1;94=0;95=1;96=0.25;97=1;98=1;99=-1;100=0;101=-1;102=0;103=-1;104=0;105=-1;106=0;107=0;108=3;109=1;110=-1;111=0;112=-1;113=0;116=1;120=0
23386,Plaincracker,プレーンクラッカー,23xxx,0,100,1,0,13,Magical,1,8,Earth,0,magical,0,0,0,1000,2,3,8,8,-1,0,0,false,-1,,,,,0,-1,,,84=0;85=1;86=1;87=-1;88=0;89=-1;90=0;91=-1;92=0;93=-1;94=0;95=1;96=0.25;97=1;98=1;99=-1;100=0;101=-1;102=0;103=-1;104=0;105=-1;106=0;107=0;108=13;109=1;110=8;111=0;112=-1;113=0;116=1;120=0
23387,Boulder Clap,ボルダークラップ,23xxx,0,100,1,0,3,Blunt,1,-1,None,0,physical,0,0,0,1000,4,3,6,8,-1,0,0,false,-1,,,,,0,-1,,,84=0;85=1;86=1;87=-1;88=0;89=-1;90=0;91=-1;92=0;93=-1;94=0;95=1;96=0.25;97=1;98=1;99=-1;100=0;101=-1;102=0;103=-1;104=0;105=-1;106=0;107=0;108=3;109=1;110=-1;111=0;112=-1;113=0;116=1;120=0
23388,Landslide,ランドスライド,23xxx,0,100,1,0,13,Magical,1,8,Earth,0,magical,0,0,0,1000,5,3,8,8,-1,0,0,false,-1,,,,,0,-1,,,84=0;85=1;86=1;87=-1;88=0;89=-1;90=0;91=-1;92=0;93=-1;94=0;95=1;96=0.25;97=1;98=1;99=-1;100=0;101=-1;102=0;103=-1;104=0;105=-1;106=0;107=0;108=13;109=1;110=8;111=0;112=-1;113=0;116=1;120=0
23389,Stone Skull,ストーンスカル,23xxx,0,100,1,0,3,Blunt,1,-1,None,0,physical,0,0,0,1000,2,3,6,8,-1,0,0,false,-1,,,,,0,-1,,,84=0;85=1;86=1;87=-1;88=0;89=-1;90=0;91=-1;92=0;93=-1;94=0;95=1;96=0.25;97=1;98=1;99=-1;100=0;101=-1;102=0;103=-1;104=0;105=-1;106=0;107=0;108=3;109=1;110=-1;111=0;112=-1;113=0;116=1;120=0
23390,Molten Core,モルテンコア,23xxx,0,100,1,0,13,Magical,1,8,Earth,0,magical,0,0,0,1000,2,3,6,16,-1,0,0,false,-1,,,,,0,-1,,,84=0;85=1;86=1;87=-1;88=0;89=-1;90=0;91=-1;92=0;93=-1;94=0;95=1;96=0.25;97=1;98=1;99=-1;100=0;101=-1;102=0;103=-1;104=0;105=-1;106=0;107=0;108=13;109=1;110=8;111=0;112=-1;113=0;116=1;120=0
23391,Scree Scatter,スクリースカター,23xxx,0,100,1,0,13,Magical,1,8,Earth,0,magical,0,0,0,1000,2,3,6,12,-1,0,0,false,-1,,,,,0,-1,,,84=0;85=1;86=1;87=-1;88=0;89=-1;90=0;91=-1;92=0;93=-1;94=0;95=1;96=0.25;97=1;98=1;99=-1;100=0;101=-1;102=0;103=-1;104=0;105=-1;106=0;107=0;108=13;109=1;110=8;111=0;112=-1;113=0;116=1;120=0
23392,Scree Scatter,スクリースカター,23xxx,0,100,1,0,13,Magical,1,8,Earth,0,magical,0,0,0,1000,2,3,6,12,-1,0,0,false,-1,,,,,0,-1,,,84=0;85=1;86=1;87=-1;88=0;89=-1;90=0;91=-1;92=0;93=-1;94=0;95=1;96=0.25;97=1;98=1;99=-1;100=0;101=-1;102=0;103=-1;104=0;105=-1;106=0;107=0;108=13;109=1;110=8;111=0;112=-1;113=0;116=1;120=0
23393,True Grit,トゥルーグリット,23xxx,0,100,1,0,13,Magical,1,8,Earth,0,magical,0,0,0,1000,2,3,5,12,-1,0,0,false,-1,,,,,0,-1,,,84=0;85=1;86=1;87=-1;88=0;89=-1;90=0;91=-1;92=0;93=-1;94=0;95=1;96=0.25;97=1;98=1;99=-1;100=0;101=-1;102=0;103=-1;104=0;105=-1;106=0;107=0;108=13;109=1;110=8;111=0;112=-1;113=0;116=1;120=0
23394,Wing Clipper,ウィングクリッパー,23xxx,0,100,1,0,13,Magical,1,7,Wind,0,magical,0,0,0,1000,2,3,6,8,-1,0,0,false,-1,,,,,0,-1,,,84=0;85=1;86=1;87=-1;88=0;89=-1;90=0;91=-1;92=0;93=-1;94=0;95=1;96=0.25;97=1;98=1;99=-1;100=0;101=-1;102=0;103=-1;104=0;105=-1;106=0;107=0;108=13;109=1;110=7;111=0;112=-1;113=0;116=1;120=0
23395,Strong Shoulder,ストロングショルダー,23xxx,0,100,1,0,13,Magical,1,5,Fire,0,magical,0,0,0,1000,2,3,6,10,-1,0,0,false,-1,,,,,0,-1,,,84=0;85=1;86=1;87=-1;88=0;89=-1;90=0;91=-1;92=0;93=-1;94=0;95=1;96=0.25;97=1;98=1;99=-1;100=0;101=-1;102=0;103=-1;104=0;105=-1;106=0;107=0;108=13;109=1;110=5;111=0;112=-1;113=0;116=1;120=0
23396,Firedamp,粉塵,23xxx,0,100,1,0,-1,None,0,-1,None,0,none,0,0,0,1000,2,3,6,8,-1,0,0,false,-1,,,,,0,-1,,,84=0;85=1;86=1;87=-1;88=0;89=-1;90=0;91=-1;92=0;93=-1;94=0;95=1;96=0.25;97=1;98=1;99=-1;100=0;101=-1;102=0;103=-1;104=0;105=-1;106=0;107=0;108=-1;109=0;110=-1;111=0;112=-1;113=0;116=1;120=0
23397,Titan's Heart,特大発破,23xxx,0,100,1,0,13,Magical,1,5,Fire,0,magical,0,0,0,1000,5,3,8,12,-1,0,0,false,-1,,,,,0,-1,,,84=0;85=1;86=1;87=-1;88=0;89=-1;90=0;91=-1;92=0;93=-1;94=0;95=1;96=0.25;97=1;98=1;99=-1;100=0;101=-1;102=0;103=-1;104=0;105=-1;106=0;107=0;108=13;109=1;110=5;111=0;112=-1;113=0;116=1;120=0
23398,Titan's Boon,激励,23xxx,0,100,1,0,-1,None,0,-1,None,0,none,0,0,0,1000,2,3,6,20,-1,0,0,false,-1,,,,,0,-1,,,84=0;85=1;86=1;87=-1;88=0;89=-1;90=0;91=-1;92=0;93=-1;94=0;95=1;96=0.25;97=1;98=1;99=-1;100=0;101=-1;102=0;103=-1;104=0;105=-1;106=0;107=1;108=-1;109=0;110=-1;111=0;112=-1;113=0;116=1;120=0
23399,[@hyphen:021f0103][@hyphen:021f0103],-,23xxx,0,100,1,0,-1,None,0,-1,None,0,none,0,0,0,0,0,0,0,1,-1,0,0,false,-1,,,,,0,-1,,,84=0;85=1;86=1;87=-1;88=0;89=-1;90=0;91=-1;92=0;93=-1;94=0;95=1;96=0;97=1;98=1;99=-1;100=0;101=-1;102=0;103=-1;104=0;105=-1;106=0;107=0;108=-1;109=0;110=-1;111=0;112=-1;113=0;116=1;120=0
23400,[@hyphen:021f0103][@hyphen:021f0103],-,23xxx,0,100,1,0,-1,None,0,-1,None,0,none,0,0,0,0,0,0,0,1,-1,0,0,false,-1,,,,,0,-1,,,84=0;85=1;86=1;87=-1;88=0;89=-1;90=0;91=-1;92=0;93=-1;94=0;95=1;96=0;97=1;98=1;99=-1;100=0;101=-1;102=0;103=-1;104=0;105=-1;106=0;107=0;108=-1;109=0;110=-1;111=0;112=-1;113=0;116=1;120=0
23401,Attrition,アトリション,23xxx,0,100,1,2,1,Slashing,1,-1,None,0,physical,0,0,0,1000,2,0,0,10,-1,0,0,false,-1,,,,,0,-1,,,84=0;85=1;86=1;87=-1;88=0;89=-1;90=0;91=-1;92=0;93=-1;94=0;95=1;96=0.25;97=1;98=1;99=-1;100=0;101=-1;102=0;103=-1;104=0;105=-1;106=0;107=0;108=1;109=1;110=-1;111=0;112=-1;113=0;116=1;120=0
23402,Mindwipe,マインドワイプ,23xxx,0,100,1,2,-1,None,0,-1,None,0,none,0,0,0,1000,2,0,0,10,-1,0,0,false,-1,,,,,0,-1,,,84=0;85=1;86=1;87=-1;88=0;89=-1;90=0;91=-1;92=0;93=-1;94=0;95=1;96=0;97=1;98=1;99=-1;100=0;101=-1;102=0;103=-1;104=0;105=-1;106=0;107=0;108=-1;109=0;110=-1;111=0;112=-1;113=0;116=1;120=0
23403,Sound of the Sea,潮騒,23xxx,0,100,1,2,12,Breath,1,-1,None,0,physical,0,0,0,1000,2,3,8,10,-1,0,0,false,-1,,,,,0,-1,,,84=0;85=1;86=1;87=-1;88=0;89=-1;90=0;91=-1;92=0;93=-1;94=0;95=1;96=0.25;97=1;98=1;99=-1;100=0;101=-1;102=0;103=-1;104=0;105=-1;106=0;107=0;108=12;109=1;110=-1;111=0;112=-1;113=0;116=1;120=60
23404,Radiant Plume,光輝の炎柱,23xxx,0,100,1,0,13,Magical,1,5,Fire,0,magical,0,0,0,0,0,0,0,1,-1,0,0,false,-1,,,,,0,-1,,,84=0;85=1;86=1;87=-1;88=0;89=-1;90=0;91=-1;92=0;93=-1;94=0;95=1;96=0;97=1;98=1;99=-1;100=0;101=-1;102=0;103=-1;104=0;105=-1;106=0;107=0;108=13;109=1;110=5;111=0;112=-1;113=0;116=1;120=0
23405,Attack,攻撃,23xxx,0,100,1,2,-1,None,0,-1,None,0,none,0,0,0,0,0,0,4,8,-1,0,0,false,-1,,,,,0,-1,,,84=0;85=1;86=1;87=-1;88=0;89=-1;90=0;91=-1;92=0;93=-1;94=0;95=1;96=0;97=1;98=1;99=-1;100=0;101=-1;102=0;103=-1;104=0;105=-1;106=0;107=1;108=-1;109=0;110=-1;111=0;112=-1;113=0;116=0;120=0
23406,Attack,攻撃,23xxx,0,100,1,2,-1,None,0,-1,None,0,none,0,0,0,0,0,0,5,8,-1,0,0,false,-1,,,,,0,-1,,,84=0;85=1;86=1;87=-1;88=0;89=-1;90=0;91=-1;92=0;93=-1;94=0;95=1;96=0;97=1;98=1;99=-1;100=0;101=-1;102=0;103=-1;104=0;105=-1;106=0;107=1;108=-1;109=0;110=-1;111=0;112=-1;113=0;116=0;120=0
23407,Attack,攻撃,23xxx,0,100,1,2,-1,None,0,-1,None,0,none,0,0,0,0,0,0,6,8,-1,0,0,false,-1,,,,,0,-1,,,84=0;85=1;86=1;87=-1;88=0;89=-1;90=0;91=-1;92=0;93=-1;94=0;95=1;96=0;97=1;98=1;99=-1;100=0;101=-1;102=0;103=-1;104=0;105=-1;106=0;107=1;108=-1;109=0;110=-1;111=0;112=-1;113=0;116=0;120=0
23408,Hellfire,地獄の火炎,23xxx,0,100,1,0,13,Magical,1,5,Fire,0,magical,0,0,0,0,2,0,6,50,-1,0,0,false,-1,,,,,0,-1,,,84=0;85=1;86=1;87=-1;88=0;89=-1;90=0;91=-1;92=0;93=-1;94=0;95=1;96=0.25;97=1;98=1;99=-1;100=0;101=-1;102=0;103=-1;104=0;105=-1;106=0;107=0;108=13;109=1;110=5;111=0;112=-1;113=0;116=1;120=0
23409,Hellfire,地獄の火炎,23xxx,0,100,1,0,13,Magical,1,5,Fire,0,magical,0,0,0,0,2,0,6,50,-1,0,0,false,-1,,,,,0,-1,,,84=0;85=1;86=1;87=-1;88=0;89=-1;90=0;91=-1;92=0;93=-1;94=0;95=1;96=0.25;97=1;98=1;99=-1;100=0;101=-1;102=0;103=-1;104=0;105=-1;106=0;107=0;108=13;109=1;110=5;111=0;112=-1;113=0;116=1;120=0
23410,Whisker Charge,ホイスカーチャージ,23xxx,0,100,1,2,13,Magical,1,9,Lightning,0,magical,0,0,0,200,2,3,6,6,-1,0,0,false,-1,,,,,0,-1,,,84=0;85=1;86=1;87=-1;88=0;89=-1;90=0;91=-1;92=0;93=-1;94=0;95=1;96=0;97=1;98=1;99=-1;100=0;101=-1;102=0;103=-1;104=0;105=-1;106=0;107=0;108=13;109=1;110=9;111=0;112=-1;113=0;116=1;120=0
23411,Whisker Charge,ホイスカーチャージ,23xxx,0,100,1,2,13,Magical,1,9,Lightning,0,magical,0,0,0,200,2,3,6,6,-1,0,0,false,-1,,,,,0,-1,,,84=0;85=1;86=1;87=-1;88=0;89=-1;90=0;91=-1;92=0;93=-1;94=0;95=1;96=0;97=1;98=1;99=-1;100=0;101=-1;102=0;103=-1;104=0;105=-1;106=0;107=0;108=13;109=1;110=9;111=0;112=-1;113=0;116=1;120=0
23412,Whisker Charge,ホイスカーチャージ,23xxx,0,100,1,2,13,Magical,1,9,Lightning,0,magical,0,0,0,200,2,3,6,6,-1,0,0,false,-1,,,,,0,-1,,,84=0;85=1;86=1;87=-1;88=0;89=-1;90=0;91=-1;92=0;93=-1;94=0;95=1;96=0;97=1;98=1;99=-1;100=0;101=-1;102=0;103=-1;104=0;105=-1;106=0;107=0;108=13;109=1;110=9;111=0;112=-1;113=0;116=1;120=0
23413,100 Needles,針百本,23xxx,0,100,1,2,2,Piercing,1,-1,None,0,physical,0,0,0,3000,1,3,8,8,-1,0,0,false,-1,,,,,0,-1,,,84=0;85=1;86=1;87=-1;88=0;89=-1;90=0;91=-1;92=0;93=-1;94=0;95=1;96=0.25;97=1;98=1;99=-1;100=0;101=-1;102=0;103=-1;104=0;105=-1;106=0;107=0;108=2;109=1;110=-1;111=0;112=-1;113=0;116=1;120=60
23414,Mogdive,モグダイブ,23xxx,0,100,1,2,3,Blunt,0,-1,None,0,physical,0,0,0,1000,1,0,6,6,-1,0,0,false,-1,,,,,0,-1,,,84=0;85=1;86=1;87=-1;88=0;89=-1;90=0;91=-1;92=0;93=-1;94=0;95=1;96=0;97=1;98=1;99=-1;100=0;101=-1;102=0;103=-1;104=0;105=-1;106=0;107=0;108=3;109=0;110=-1;111=0;112=-1;113=0;116=1;120=0
23415,Whisker Bash,ウィスカーバッシュ,23xxx,0,100,1,2,3,Blunt,0,-1,None,0,physical,0,0,0,1000,1,0,6,6,-1,0,0,false,-1,,,,,0,-1,,,84=0;85=1;86=1;87=-1;88=0;89=-1;90=0;91=-1;92=0;93=-1;94=0;95=1;96=0;97=1;98=1;99=-1;100=0;101=-1;102=0;103=-1;104=0;105=-1;106=0;107=0;108=3;109=0;110=-1;111=0;112=-1;113=0;116=1;120=0
23416,[@hyphen:021f0103][@hyphen:021f0103],----,23xxx,0,100,1,2,-1,None,0,-1,None,0,none,0,0,0,0,0,0,0,50,-1,0,0,false,-1,,,,,0,-1,,,84=0;85=1;86=1;87=-1;88=0;89=-1;90=0;91=-1;92=0;93=-1;94=0;95=1;96=0;97=1;98=1;99=-1;100=0;101=-1;102=0;103=-1;104=0;105=-1;106=0;107=0;108=-1;109=0;110=-1;111=0;112=-1;113=0;116=1;120=0
23417,Moogle-Go-Round,モグリーゴーランド,23xxx,0,100,1,2,13,Magical,0,-1,None,0,magical,0,0,0,800,1,0,6,8,-1,0,0,false,-1,,,,,0,-1,,,84=0;85=1;86=1;87=-1;88=0;89=-1;90=0;91=-1;92=0;93=-1;94=0;95=1;96=0;97=1;98=1;99=-1;100=0;101=-1;102=0;103=-1;104=0;105=-1;106=0;107=0;108=13;109=0;110=-1;111=0;112=-1;113=0;116=1;120=0
23418,[@hyphen:021f0103][@hyphen:021f0103],----,23xxx,0,100,1,2,-1,None,0,-1,None,0,none,0,0,0,0,0,0,0,50,-1,0,0,false,-1,,,,,0,-1,,,84=0;85=1;86=1;87=-1;88=0;89=-1;90=0;91=-1;92=0;93=-1;94=0;95=1;96=0;97=1;98=1;99=-1;100=0;101=-1;102=0;103=-1;104=0;105=-1;106=0;107=0;108=-1;109=0;110=-1;111=0;112=-1;113=0;116=1;120=0
23419,Ranged Attack,攻撃,23xxx,0,100,1,2,13,Magical,0,-1,None,0,magical,0,0,0,0,0,0,6,20,-1,0,0,false,-1,,,,,0,-1,,,84=0;85=1;86=1;87=-1;88=0;89=-1;90=0;91=-1;92=0;93=-1;94=0;95=1;96=0;97=1;98=1;99=-1;100=0;101=-1;102=0;103=-1;104=0;105=-1;106=0;107=0;108=13;109=0;110=-1;111=0;112=-1;113=0;116=1;120=0
23420,Moogle Eye Shot,モーグリ・アイ・ショット,23xxx,0,100,1,2,13,Magical,0,-1,None,0,magical,0,0,0,0,2,0,6,20,-1,0,0,false,-1,,,,,0,-1,,,84=0;85=1;86=1;87=-1;88=0;89=-1;90=0;91=-1;92=0;93=-1;94=0;95=1;96=0;97=1;98=1;99=-1;100=0;101=-1;102=0;103=-1;104=0;105=-1;106=0;107=0;108=13;109=0;110=-1;111=0;112=-1;113=0;116=1;120=0
23421,Pom Flare,ポンポンフレア,23xxx,0,100,1,2,13,Magical,0,11,Astral,0,magical,0,0,0,0,4,0,8,12,-1,0,0,false,-1,,,,,0,-1,,,84=0;85=1;86=1;87=-1;88=0;89=-1;90=0;91=-1;92=0;93=-1;94=0;95=1;96=0;97=1;98=1;99=-1;100=0;101=-1;102=0;103=-1;104=0;105=-1;106=0;107=0;108=13;109=0;110=11;111=0;112=-1;113=0;116=1;120=0
23422,Maximoogle,マキシモーグリ,23xxx,0,100,1,2,-1,None,0,-1,None,0,none,0,0,0,0,2,0,6,50,-1,0,0,false,-1,,,,,0,-1,,,84=0;85=1;86=1;87=-1;88=0;89=-1;90=0;91=-1;92=0;93=-1;94=0;95=1;96=0;97=1;98=1;99=-1;100=0;101=-1;102=0;103=-1;104=0;105=-1;106=0;107=0;108=-1;109=0;110=-1;111=0;112=-1;113=0;116=1;120=0
23423,Mognesia,モグネーシア,23xxx,0,100,1,2,13,Magical,0,-1,None,0,magical,0,0,0,1000,4,0,6,12,-1,0,0,false,-1,,,,,0,-1,,,84=0;85=1;86=1;87=-1;88=0;89=-1;90=0;91=-1;92=0;93=-1;94=0;95=1;96=0;97=1;98=1;99=-1;100=0;101=-1;102=0;103=-1;104=0;105=-1;106=0;107=0;108=13;109=0;110=-1;111=0;112=-1;113=0;116=1;120=0
23424,Memento Moogle,メメント・モーグリ,23xxx,0,100,1,2,13,Magical,0,11,Astral,0,magical,0,0,0,0,3,0,8,50,-1,0,0,false,-1,,,,,0,-1,,,84=0;85=1;86=1;87=-1;88=0;89=-1;90=0;91=-1;92=0;93=-1;94=0;95=1;96=0;97=1;98=1;99=-1;100=0;101=-1;102=0;103=-1;104=0;105=-1;106=0;107=0;108=13;109=0;110=11;111=0;112=-1;113=0;116=1;120=0
23425,[@hyphen:021f0103][@hyphen:021f0103],----,23xxx,0,100,1,2,-1,None,0,-1,None,0,none,0,0,0,0,0,0,0,1,-1,0,0,false,-1,,,,,0,-1,,,84=0;85=1;86=1;87=-1;88=0;89=-1;90=0;91=-1;92=0;93=-1;94=0;95=1;96=0;97=1;98=1;99=-1;100=0;101=-1;102=0;103=-1;104=0;105=-1;106=0;107=0;108=-1;109=0;110=-1;111=0;112=-1;113=0;116=1;120=0
23426,[@hyphen:021f0103][@hyphen:021f0103],----,23xxx,0,100,1,2,-1,None,0,-1,None,0,none,0,0,0,0,0,0,0,1,-1,0,0,false,-1,,,,,0,-1,,,84=0;85=1;86=1;87=-1;88=0;89=-1;90=0;91=-1;92=0;93=-1;94=0;95=1;96=0;97=1;98=1;99=-1;100=0;101=-1;102=0;103=-1;104=0;105=-1;106=0;107=0;108=-1;109=0;110=-1;111=0;112=-1;113=0;116=1;120=0
23427,[@hyphen:021f0103][@hyphen:021f0103],----,23xxx,0,100,1,2,-1,None,0,-1,None,0,none,0,0,0,0,0,0,0,1,-1,0,0,false,-1,,,,,0,-1,,,84=0;85=1;86=1;87=-1;88=0;89=-1;90=0;91=-1;92=0;93=-1;94=0;95=1;96=0;97=1;98=1;99=-1;100=0;101=-1;102=0;103=-1;104=0;105=-1;106=0;107=0;108=-1;109=0;110=-1;111=0;112=-1;113=0;116=1;120=0
23428,[@hyphen:021f0103][@hyphen:021f0103],----,23xxx,0,100,1,2,-1,None,0,-1,None,0,none,0,0,0,0,0,0,0,1,-1,0,0,false,-1,,,,,0,-1,,,84=0;85=1;86=1;87=-1;88=0;89=-1;90=0;91=-1;92=0;93=-1;94=0;95=1;96=0;97=1;98=1;99=-1;100=0;101=-1;102=0;103=-1;104=0;105=-1;106=0;107=0;108=-1;109=0;110=-1;111=0;112=-1;113=0;116=1;120=0
23429,[@hyphen:021f0103][@hyphen:021f0103],----,23xxx,0,100,1,2,-1,None,0,-1,None,0,none,0,0,0,0,0,0,0,1,-1,0,0,false,-1,,,,,0,-1,,,84=0;85=1;86=1;87=-1;88=0;89=-1;90=0;91=-1;92=0;93=-1;94=0;95=1;96=0;97=1;98=1;99=-1;100=0;101=-1;102=0;103=-1;104=0;105=-1;106=0;107=0;108=-1;109=0;110=-1;111=0;112=-1;113=0;116=1;120=0
23430,[@hyphen:021f0103][@hyphen:021f0103],----,23xxx,0,100,1,2,-1,None,0,-1,None,0,none,0,0,0,0,0,0,0,1,-1,0,0,false,-1,,,,,0,-1,,,84=0;85=1;86=1;87=-1;88=0;89=-1;90=0;91=-1;92=0;93=-1;94=0;95=1;96=0;97=1;98=1;99=-1;100=0;101=-1;102=0;103=-1;104=0;105=-1;106=0;107=0;108=-1;109=0;110=-1;111=0;112=-1;113=0;116=1;120=0
23431,[@hyphen:021f0103][@hyphen:021f0103],----,23xxx,0,100,1,0,-1,None,0,-1,None,0,none,0,0,0,0,0,0,0,1,-1,0,0,false,-1,,,,,0,-1,,,84=0;85=1;86=1;87=-1;88=0;89=-1;90=0;91=-1;92=0;93=-1;94=0;95=1;96=0;97=1;98=1;99=-1;100=0;101=-1;102=0;103=-1;104=0;105=-1;106=0;107=0;108=-1;109=0;110=-1;111=0;112=-1;113=0;116=1;120=0
23432,[@hyphen:021f0103][@hyphen:021f0103],----,23xxx,0,100,1,2,-1,None,0,-1,None,0,none,0,0,0,0,0,0,0,1,-1,0,0,false,-1,,,,,0,-1,,,84=0;85=1;86=1;87=-1;88=0;89=-1;90=0;91=-1;92=0;93=-1;94=0;95=1;96=0;97=1;98=1;99=-1;100=0;101=-1;102=0;103=-1;104=0;105=-1;106=0;107=0;108=-1;109=0;110=-1;111=0;112=-1;113=0;116=1;120=0
23433,[@hyphen:021f0103][@hyphen:021f0103],----,23xxx,0,100,1,2,-1,None,0,-1,None,0,none,0,0,0,0,0,0,0,1,-1,0,0,false,-1,,,,,0,-1,,,84=0;85=1;86=1;87=-1;88=0;89=-1;90=0;91=-1;92=0;93=-1;94=0;95=1;96=0;97=1;98=1;99=-1;100=0;101=-1;102=0;103=-1;104=0;105=-1;106=0;107=0;108=-1;109=0;110=-1;111=0;112=-1;113=0;116=1;120=0
23434,[@hyphen:021f0103][@hyphen:021f0103],----,23xxx,0,100,1,2,-1,None,0,-1,None,0,none,0,0,0,0,0,0,0,50,-1,0,0,false,-1,,,,,0,-1,,,84=0;85=1;86=1;87=-1;88=0;89=-1;90=0;91=-1;92=0;93=-1;94=0;95=1;96=0;97=1;98=1;99=-1;100=0;101=-1;102=0;103=-1;104=0;105=-1;106=0;107=0;108=-1;109=0;110=-1;111=0;112=-1;113=0;116=1;120=0
23435,[@hyphen:021f0103][@hyphen:021f0103],----,23xxx,0,100,1,2,3,Blunt,0,-1,None,0,physical,0,0,0,0,0,0,0,12,-1,0,0,false,-1,,,,,0,-1,,,84=0;85=1;86=1;87=-1;88=0;89=-1;90=0;91=-1;92=0;93=-1;94=0;95=1;96=0;97=1;98=1;99=-1;100=0;101=-1;102=0;103=-1;104=0;105=-1;106=0;107=0;108=3;109=0;110=-1;111=0;112=-1;113=0;116=1;120=0
23436,[@hyphen:021f0103][@hyphen:021f0103],----,23xxx,0,100,1,2,-1,None,0,-1,None,0,none,0,0,0,0,0,0,0,1,-1,0,0,false,-1,,,,,0,-1,,,84=0;85=1;86=1;87=-1;88=0;89=-1;90=0;91=-1;92=0;93=-1;94=0;95=1;96=0;97=1;98=1;99=-1;100=0;101=-1;102=0;103=-1;104=0;105=-1;106=0;107=0;108=-1;109=0;110=-1;111=0;112=-1;113=0;116=1;120=0
23437,[@hyphen:021f0103][@hyphen:021f0103],----,23xxx,0,100,1,2,-1,None,0,-1,None,0,none,0,0,0,0,0,0,0,1,-1,0,0,false,-1,,,,,0,-1,,,84=0;85=1;86=1;87=-1;88=0;89=-1;90=0;91=-1;92=0;93=-1;94=0;95=1;96=0;97=1;98=1;99=-1;100=0;101=-1;102=0;103=-1;104=0;105=-1;106=0;107=0;108=-1;109=0;110=-1;111=0;112=-1;113=0;116=1;120=0
23438,Break,ブレイク,23xxx,0,100,1,2,13,Magical,0,8,Earth,0,magical,0,0,0,0,2,3,4,12,-1,0,0,false,-1,,,,,0,-1,,,84=0;85=1;86=1;87=-1;88=0;89=-1;90=0;91=-1;92=0;93=-1;94=0;95=1;96=0;97=1;98=1;99=-1;100=0;101=-1;102=0;103=-1;104=0;105=-1;106=0;107=0;108=13;109=0;110=8;111=0;112=-1;113=0;116=1;120=0
23439,Bough Down,バウダウン,23xxx,0,100,1,2,3,Blunt,1,-1,None,0,physical,0,0,0,1000,2,3,4,12,-1,0,0,false,-1,,,,,0,-1,,,84=0;85=1;86=1;87=-1;88=0;89=-1;90=0;91=-1;92=0;93=-1;94=0;95=1;96=0;97=1;98=1;99=-1;100=0;101=-1;102=0;103=-1;104=0;105=-1;106=0;107=0;108=3;109=1;110=-1;111=0;112=-1;113=0;116=1;120=0
23440,Switch Swipe,スイッチスワイプ,23xxx,0,100,1,2,3,Blunt,1,-1,None,0,physical,0,0,0,1000,2,3,4,8,-1,0,0,false,-1,,,,,0,-1,,,84=0;85=1;86=1;87=-1;88=0;89=-1;90=0;91=-1;92=0;93=-1;94=0;95=1;96=0;97=1;98=1;99=-1;100=0;101=-1;102=0;103=-1;104=0;105=-1;106=0;107=0;108=3;109=1;110=-1;111=0;112=-1;113=0;116=1;120=0
23441,Switch Swipe,スイッチスワイプ,23xxx,0,100,1,2,3,Blunt,1,-1,None,0,physical,0,0,0,1000,2,3,4,8,-1,0,0,false,-1,,,,,0,-1,,,84=0;85=1;86=1;87=-1;88=0;89=-1;90=0;91=-1;92=0;93=-1;94=0;95=1;96=0;97=1;98=1;99=-1;100=0;101=-1;102=0;103=-1;104=0;105=-1;106=0;107=0;108=3;109=1;110=-1;111=0;112=-1;113=0;116=1;120=0
23442,Canopy,カノピー,23xxx,0,100,1,2,1,Slashing,1,-1,None,0,physical,0,0,0,1000,2,3,6,8,-1,0,0,false,-1,,,,,0,-1,,,84=0;85=1;86=1;87=-1;88=0;89=-1;90=0;91=-1;92=0;93=-1;94=0;95=1;96=0;97=1;98=1;99=-1;100=0;101=-1;102=0;103=-1;104=0;105=-1;106=0;107=0;108=1;109=1;110=-1;111=0;112=-1;113=0;116=1;120=0
23443,Arboreal Storm,アーボリアルストーム,23xxx,0,100,1,2,13,Magical,1,7,Wind,0,magical,0,0,0,1000,3,3,6,10,-1,0,0,false,-1,,,,,0,-1,,,84=0;85=1;86=1;87=-1;88=0;89=-1;90=0;91=-1;92=0;93=-1;94=0;95=1;96=0;97=1;98=1;99=-1;100=0;101=-1;102=0;103=-1;104=0;105=-1;106=0;107=0;108=13;109=1;110=7;111=0;112=-1;113=0;116=1;120=0
23444,Rise and Fall,ライズ・アンド・フォール,23xxx,0,100,1,2,3,Blunt,1,-1,None,0,physical,0,0,0,1000,3,3,8,10,-1,0,0,false,-1,,,,,0,-1,,,84=0;85=1;86=1;87=-1;88=0;89=-1;90=0;91=-1;92=0;93=-1;94=0;95=1;96=0;97=1;98=1;99=-1;100=0;101=-1;102=0;103=-1;104=0;105=-1;106=0;107=0;108=3;109=1;110=-1;111=0;112=-1;113=0;116=1;120=0
23445,Backhand Blow,バックハンドブロー,23xxx,0,100,1,2,3,Blunt,1,-1,None,0,physical,0,0,0,1000,1,3,4,8,-1,0,0,false,-1,,,,,0,-1,,,84=0;85=1;86=1;87=-1;88=0;89=-1;90=0;91=-1;92=0;93=-1;94=0;95=1;96=0;97=1;98=1;99=-1;100=0;101=-1;102=0;103=-1;104=0;105=-1;106=0;107=0;108=3;109=1;110=-1;111=0;112=-1;113=0;116=1;120=0
23446,Entangle,エンタングル,23xxx,0,100,1,2,-1,None,0,-1,None,0,none,0,0,0,1000,0,3,4,12,-1,0,0,false,-1,,,,,0,-1,,,84=0;85=1;86=1;87=-1;88=0;89=-1;90=0;91=-1;92=0;93=-1;94=0;95=1;96=0;97=1;98=1;99=-1;100=0;101=-1;102=0;103=-1;104=0;105=-1;106=0;107=0;108=-1;109=0;110=-1;111=0;112=-1;113=0;116=1;120=0
23447,Photosynthesis,光合成,23xxx,0,100,1,0,-1,None,0,-1,None,0,none,0,0,0,1000,0,3,4,1,-1,0,0,false,-1,,,,,0,-1,,,84=0;85=1;86=1;87=-1;88=0;89=-1;90=0;91=-1;92=0;93=-1;94=0;95=1;96=0;97=1;98=1;99=-1;100=0;101=-1;102=0;103=-1;104=0;105=-1;106=0;107=0;108=-1;109=0;110=-1;111=0;112=-1;113=0;116=1;120=0
23448,[@hyphen:021f0103][@hyphen:021f0103],----,23xxx,0,100,1,0,-1,None,0,-1,None,0,none,0,0,0,0,0,0,0,1,-1,0,0,false,-1,,,,,0,-1,,,84=0;85=1;86=1;87=-1;88=0;89=-1;90=0;91=-1;92=0;93=-1;94=0;95=1;96=0;97=1;98=1;99=-1;100=0;101=-1;102=0;103=-1;104=0;105=-1;106=0;107=0;108=-1;109=0;110=-1;111=0;112=-1;113=0;116=1;120=0
23449,[@hyphen:021f0103][@hyphen:021f0103],----,23xxx,0,100,1,0,-1,None,0,-1,None,0,none,0,0,0,0,0,0,0,1,-1,0,0,false,-1,,,,,0,-1,,,84=0;85=1;86=1;87=-1;88=0;89=-1;90=0;91=-1;92=0;93=-1;94=0;95=1;96=0;97=1;98=1;99=-1;100=0;101=-1;102=0;103=-1;104=0;105=-1;106=0;107=0;108=-1;109=0;110=-1;111=0;112=-1;113=0;116=1;120=0
23450,Pinecone Bomb,まつぼっくり爆弾,23xxx,0,100,1,2,4,Projectile,1,-1,None,0,physical,0,0,0,0,0,3,4,20,-1,0,0,false,-1,,,,,0,-1,,,84=0;85=1;86=1;87=-1;88=0;89=-1;90=0;91=-1;92=0;93=-1;94=0;95=1;96=0;97=1;98=1;99=-1;100=0;101=-1;102=0;103=-1;104=0;105=-1;106=0;107=0;108=4;109=1;110=-1;111=0;112=-1;113=0;116=0;120=60
23451,Memento Moogle,メメント・モーグリ,23xxx,0,100,1,2,13,Magical,0,11,Astral,0,magical,0,0,0,0,3,0,8,50,-1,0,0,false,-1,,,,,0,-1,,,84=0;85=1;86=1;87=-1;88=0;89=-1;90=0;91=-1;92=0;93=-1;94=0;95=1;96=0;97=1;98=1;99=-1;100=0;101=-1;102=0;103=-1;104=0;105=-1;106=0;107=0;108=13;109=0;110=11;111=0;112=-1;113=0;116=1;120=0
23452,Memento Moogle,メメント・モーグリ,23xxx,0,100,1,2,13,Magical,0,11,Astral,0,magical,0,0,0,0,3,0,8,50,-1,0,0,false,-1,,,,,0,-1,,,84=0;85=1;86=1;87=-1;88=0;89=-1;90=0;91=-1;92=0;93=-1;94=0;95=1;96=0;97=1;98=1;99=-1;100=0;101=-1;102=0;103=-1;104=0;105=-1;106=0;107=0;108=13;109=0;110=11;111=0;112=-1;113=0;116=1;120=0
23453,Memento Moogle,メメント・モーグリ,23xxx,0,100,1,2,13,Magical,0,11,Astral,0,magical,0,0,0,0,3,0,8,50,-1,0,0,false,-1,,,,,0,-1,,,84=0;85=1;86=1;87=-1;88=0;89=-1;90=0;91=-1;92=0;93=-1;94=0;95=1;96=0;97=1;98=1;99=-1;100=0;101=-1;102=0;103=-1;104=0;105=-1;106=0;107=0;108=13;109=0;110=11;111=0;112=-1;113=0;116=1;120=0
23454,[@hyphen:021f0103][@hyphen:021f0103],----,23xxx,0,100,1,2,-1,None,0,-1,None,0,none,0,0,0,0,0,0,0,1,-1,0,0,false,-1,,,,,0,-1,,,84=0;85=1;86=1;87=-1;88=0;89=-1;90=0;91=-1;92=0;93=-1;94=0;95=1;96=0;97=1;98=1;99=-1;100=0;101=-1;102=0;103=-1;104=0;105=-1;106=0;107=0;108=-1;109=0;110=-1;111=0;112=-1;113=0;116=1;120=0
23455,[@hyphen:021f0103][@hyphen:021f0103],----,23xxx,0,100,1,2,-1,None,0,-1,None,0,none,0,0,0,0,0,0,0,1,-1,0,0,false,-1,,,,,0,-1,,,84=0;85=1;86=1;87=-1;88=0;89=-1;90=0;91=-1;92=0;93=-1;94=0;95=1;96=0;97=1;98=1;99=-1;100=0;101=-1;102=0;103=-1;104=0;105=-1;106=0;107=0;108=-1;109=0;110=-1;111=0;112=-1;113=0;116=1;120=0
23456,Breath of the Lion,フレイムブレス,23xxx,0,100,1,2,13,Magical,0,5,Fire,0,magical,0,0,0,1000,3,0,4,12,-1,0,0,false,-1,,,,,0,-1,,,84=0;85=1;86=1;87=-1;88=0;89=-1;90=0;91=-1;92=0;93=-1;94=0;95=1;96=0;97=1;98=1;99=-1;100=0;101=-1;102=0;103=-1;104=0;105=-1;106=0;107=0;108=13;109=0;110=5;111=0;112=-1;113=0;116=1;120=0
23457,Voice of the Lion,火炎の咆哮,23xxx,0,100,1,2,13,Magical,0,5,Fire,0,magical,0,0,0,1000,2.5,0,4,20,-1,0,0,false,-1,,,,,0,-1,,,84=0;85=1;86=1;87=-1;88=0;89=-1;90=0;91=-1;92=0;93=-1;94=0;95=1;96=0;97=1;98=1;99=-1;100=0;101=-1;102=0;103=-1;104=0;105=-1;106=0;107=0;108=13;109=0;110=5;111=0;112=-1;113=0;116=1;120=0
23458,Breath of the Dragon,サンダーブレス,23xxx,0,100,1,2,13,Magical,0,9,Lightning,0,magical,1350,0,0,1000,3.5,0,4,12,-1,0,0,false,-1,,,,,0,-1,,,84=1350;85=1;86=1;87=-1;88=0;89=-1;90=0;91=-1;92=0;93=-1;94=0;95=1;96=0;97=1;98=1;99=-1;100=0;101=-1;102=0;103=-1;104=0;105=-1;106=0;107=0;108=13;109=0;110=9;111=0;112=-1;113=0;116=1;120=0
23459,Voice of the Dragon,雷電の咆哮,23xxx,0,100,1,2,13,Magical,0,9,Lightning,0,magical,1300,0,0,1000,4,0,4,22,-1,15,0,false,-1,,,,,0,-1,,,84=1300;85=1;86=1;87=-1;88=0;89=-1;90=0;91=-1;92=0;93=-1;94=0;95=1;96=0;97=1;98=1;99=-1;100=0;101=-1;102=0;103=-1;104=0;105=-1;106=0;107=0;108=13;109=0;110=9;111=0;112=-1;113=0;116=1;120=0
23460,Breath of the Ram,コールドブレス,23xxx,0,100,1,2,13,Magical,0,6,Ice,0,magical,1350,0,0,1000,3.5,0,4,12,-1,0,0,false,-1,,,,,0,-1,,,84=1350;85=1;86=1;87=-1;88=0;89=-1;90=0;91=-1;92=0;93=-1;94=0;95=1;96=0;97=1;98=1;99=-1;100=0;101=-1;102=0;103=-1;104=0;105=-1;106=0;107=0;108=13;109=0;110=6;111=0;112=-1;113=0;116=1;120=0
23461,Voice of the Ram,氷結の咆哮,23xxx,0,100,1,2,13,Magical,0,6,Ice,0,magical,0,0,0,1000,4,0,4,10,-1,0,0,false,-1,,,,,0,-1,,,84=0;85=1;86=1;87=-1;88=0;89=-1;90=0;91=-1;92=0;93=-1;94=0;95=1;96=0;97=1;98=1;99=-1;100=0;101=-1;102=0;103=-1;104=0;105=-1;106=0;107=0;108=13;109=0;110=6;111=0;112=-1;113=0;116=1;120=0
23462,Dissent of the Bat,バットディセント,23xxx,0,100,1,2,13,Magical,0,7,Wind,0,magical,0,0,0,1000,1,0,4,16,-1,0,0,false,-1,,,,,0,-1,,,84=0;85=1;86=1;87=-1;88=0;89=-1;90=0;91=-1;92=0;93=-1;94=0;95=1;96=0;97=1;98=1;99=-1;100=0;101=-1;102=0;103=-1;104=0;105=-1;106=0;107=0;108=13;109=0;110=7;111=0;112=-1;113=0;116=1;120=0
23463,Chaotic Chorus,カオティックコーラス,23xxx,0,100,1,2,13,Magical,0,12,Umbral,0,magical,0,0,0,1000,1.5,0,4,16,-1,0,0,false,-1,,,,,0,-1,,,84=0;85=1;86=1;87=-1;88=0;89=-1;90=0;91=-1;92=0;93=-1;94=0;95=1;96=0;97=1;98=1;99=-1;100=0;101=-1;102=0;103=-1;104=0;105=-1;106=0;107=0;108=13;109=0;110=12;111=0;112=-1;113=0;116=1;120=0
23464,the Scorpion's Sting,スコーピオンスティング,23xxx,0,100,1,2,13,Magical,0,12,Umbral,0,magical,0,0,0,1000,3,0,4,12,-1,0,0,false,-1,,,,,0,-1,,,84=0;85=1;86=1;87=-1;88=0;89=-1;90=0;91=-1;92=0;93=-1;94=0;95=1;96=0;97=1;98=1;99=-1;100=0;101=-1;102=0;103=-1;104=0;105=-1;106=0;107=0;108=13;109=0;110=12;111=0;112=-1;113=0;116=1;120=0
23465,[@hyphen:021f0103][@hyphen:021f0103],これが出たらバグです：（仮）ライオン首復帰,23xxx,0,100,1,0,-1,None,0,-1,None,0,none,0,0,0,0,0,0,0,1,-1,0,0,false,-1,,,,,0,-1,,,84=0;85=1;86=1;87=-1;88=0;89=-1;90=0;91=-1;92=0;93=-1;94=0;95=1;96=0;97=1;98=1;99=-1;100=0;101=-1;102=0;103=-1;104=0;105=-1;106=0;107=0;108=-1;109=0;110=-1;111=0;112=-1;113=0;116=1;120=0
23466,[@hyphen:021f0103][@hyphen:021f0103],これが出たらバグです：（仮）竜首復帰,23xxx,0,100,1,0,-1,None,0,-1,None,0,none,0,0,0,0,0,0,0,1,-1,0,0,false,-1,,,,,0,-1,,,84=0;85=1;86=1;87=-1;88=0;89=-1;90=0;91=-1;92=0;93=-1;94=0;95=1;96=0;97=1;98=1;99=-1;100=0;101=-1;102=0;103=-1;104=0;105=-1;106=0;107=0;108=-1;109=0;110=-1;111=0;112=-1;113=0;116=1;120=0
23467,[@hyphen:021f0103][@hyphen:021f0103],これが出たらバグです：（仮）ヤギ首復帰,23xxx,0,100,1,0,-1,None,0,-1,None,0,none,0,0,0,0,0,0,0,1,-1,0,0,false,-1,,,,,0,-1,,,84=0;85=1;86=1;87=-1;88=0;89=-1;90=0;91=-1;92=0;93=-1;94=0;95=1;96=0;97=1;98=1;99=-1;100=0;101=-1;102=0;103=-1;104=0;105=-1;106=0;107=0;108=-1;109=0;110=-1;111=0;112=-1;113=0;116=1;120=0
23468,[@hyphen:021f0103][@hyphen:021f0103],これが出たらバグです：（仮）ライオンモードチェンジA⇒B,23xxx,0,100,1,0,-1,None,0,-1,None,0,none,0,0,0,0,0,0,0,1,-1,0,0,false,-1,,,,,0,-1,,,84=0;85=1;86=1;87=-1;88=0;89=-1;90=0;91=-1;92=0;93=-1;94=0;95=1;96=0;97=1;98=1;99=-1;100=0;101=-1;102=0;103=-1;104=0;105=-1;106=0;107=0;108=-1;109=0;110=-1;111=0;112=-1;113=0;116=1;120=0
23469,[@hyphen:021f0103][@hyphen:021f0103],これが出たらバグです：（仮）ライオンモードチェンジB⇒A,23xxx,0,100,1,0,-1,None,0,-1,None,0,none,0,0,0,0,0,0,0,1,-1,0,0,false,-1,,,,,0,-1,,,84=0;85=1;86=1;87=-1;88=0;89=-1;90=0;91=-1;92=0;93=-1;94=0;95=1;96=0;97=1;98=1;99=-1;100=0;101=-1;102=0;103=-1;104=0;105=-1;106=0;107=0;108=-1;109=0;110=-1;111=0;112=-1;113=0;116=1;120=0
23470,[@hyphen:021f0103][@hyphen:021f0103],これが出たらバグです：（仮）竜モードチェンジA⇒B,23xxx,0,100,1,0,-1,None,0,-1,None,0,none,0,0,0,0,0,0,0,1,-1,0,0,false,-1,,,,,0,-1,,,84=0;85=1;86=1;87=-1;88=0;89=-1;90=0;91=-1;92=0;93=-1;94=0;95=1;96=0;97=1;98=1;99=-1;100=0;101=-1;102=0;103=-1;104=0;105=-1;106=0;107=0;108=-1;109=0;110=-1;111=0;112=-1;113=0;116=1;120=0
23471,[@hyphen:021f0103][@hyphen:021f0103],これが出たらバグです：（仮）竜モードチェンジB⇒A,23xxx,0,100,1,0,-1,None,0,-1,None,0,none,0,0,0,0,0,0,0,1,-1,0,0,false,-1,,,,,0,-1,,,84=0;85=1;86=1;87=-1;88=0;89=-1;90=0;91=-1;92=0;93=-1;94=0;95=1;96=0;97=1;98=1;99=-1;100=0;101=-1;102=0;103=-1;104=0;105=-1;106=0;107=0;108=-1;109=0;110=-1;111=0;112=-1;113=0;116=1;120=0
23472,[@hyphen:021f0103][@hyphen:021f0103],これが出たらバグです：（仮）ヤギモードチェンジA⇒B,23xxx,0,100,1,0,-1,None,0,-1,None,0,none,0,0,0,0,0,0,0,1,-1,0,0,false,-1,,,,,0,-1,,,84=0;85=1;86=1;87=-1;88=0;89=-1;90=0;91=-1;92=0;93=-1;94=0;95=1;96=0;97=1;98=1;99=-1;100=0;101=-1;102=0;103=-1;104=0;105=-1;106=0;107=0;108=-1;109=0;110=-1;111=0;112=-1;113=0;116=1;120=0
23473,[@hyphen:021f0103][@hyphen:021f0103],これが出たらバグです：（仮）ヤギモードチェンジB⇒A,23xxx,0,100,1,0,-1,None,0,-1,None,0,none,0,0,0,0,0,0,0,1,-1,0,0,false,-1,,,,,0,-1,,,84=0;85=1;86=1;87=-1;88=0;89=-1;90=0;91=-1;92=0;93=-1;94=0;95=1;96=0;97=1;98=1;99=-1;100=0;101=-1;102=0;103=-1;104=0;105=-1;106=0;107=0;108=-1;109=0;110=-1;111=0;112=-1;113=0;116=1;120=0
23474,[@hyphen:021f0103][@hyphen:021f0103],これが出たらバグです：（仮）脚破壊⇒転倒,23xxx,0,100,1,0,-1,None,0,-1,None,0,none,0,0,0,0,0,0,0,1,-1,0,0,false,-1,,,,,0,-1,,,84=0;85=1;86=1;87=-1;88=0;89=-1;90=0;91=-1;92=0;93=-1;94=0;95=1;96=0;97=1;98=1;99=-1;100=0;101=-1;102=0;103=-1;104=0;105=-1;106=0;107=0;108=-1;109=0;110=-1;111=0;112=-1;113=0;116=1;120=0
23475,[@hyphen:021f0103][@hyphen:021f0103],これが出たらバグです：（仮）転倒⇒復帰,23xxx,0,100,1,0,-1,None,0,-1,None,0,none,0,0,0,0,0,0,0,1,-1,0,0,false,-1,,,,,0,-1,,,84=0;85=1;86=1;87=-1;88=0;89=-1;90=0;91=-1;92=0;93=-1;94=0;95=1;96=0;97=1;98=1;99=-1;100=0;101=-1;102=0;103=-1;104=0;105=-1;106=0;107=0;108=-1;109=0;110=-1;111=0;112=-1;113=0;116=1;120=0
23476,10-tonze Swipe,10トンズ・スワイプ,23xxx,0,100,1,2,3,Blunt,0,-1,None,0,physical,0,0,0,1000,1,0,4,10,-1,0,0,false,-1,,,,,0,-1,,,84=0;85=1;86=1;87=-1;88=0;89=-1;90=0;91=-1;92=0;93=-1;94=0;95=1;96=0;97=1;98=1;99=-1;100=0;101=-1;102=0;103=-1;104=0;105=-1;106=0;107=0;108=3;109=0;110=-1;111=0;112=-1;113=0;116=1;120=0
23477,10-tonze Swing,10トンズ・スイング,23xxx,0,100,1,2,3,Blunt,0,-1,None,0,physical,0,0,0,1000,1,0,4,8,-1,0,0,false,-1,,,,,0,-1,,,84=0;85=1;86=1;87=-1;88=0;89=-1;90=0;91=-1;92=0;93=-1;94=0;95=1;96=0;97=1;98=1;99=-1;100=0;101=-1;102=0;103=-1;104=0;105=-1;106=0;107=0;108=3;109=0;110=-1;111=0;112=-1;113=0;116=1;120=0
23478,Eye of the Beholder,アイ・オブ・ビホルダー,23xxx,0,100,1,2,13,Magical,0,9,Lightning,0,magical,0,0,0,1000,1.5,0,4,20,-1,15,0,false,-1,,,,,0,-1,,,84=0;85=1;86=1;87=-1;88=0;89=-1;90=0;91=-1;92=0;93=-1;94=0;95=1;96=0;97=1;98=1;99=-1;100=0;101=-1;102=0;103=-1;104=0;105=-1;106=0;107=0;108=13;109=0;110=9;111=0;112=-1;113=0;116=1;120=0
23479,Glower,グラワー,23xxx,0,100,1,2,13,Magical,0,9,Lightning,0,magical,0,0,0,1000,1.5,0,4,20,-1,0,0,false,-1,,,,,0,-1,,,84=0;85=1;86=1;87=-1;88=0;89=-1;90=0;91=-1;92=0;93=-1;94=0;95=1;96=0;97=1;98=1;99=-1;100=0;101=-1;102=0;103=-1;104=0;105=-1;106=0;107=0;108=13;109=0;110=9;111=0;112=-1;113=0;116=1;120=0
23480,100-tonze Swipe,100トンズ・スワイプ,23xxx,0,100,1,2,3,Blunt,0,-1,None,0,physical,0,0,0,1000,3,0,4,12,-1,0,0,false,-1,,,,,0,-1,,,84=0;85=1;86=1;87=-1;88=0;89=-1;90=0;91=-1;92=0;93=-1;94=0;95=1;96=0;97=1;98=1;99=-1;100=0;101=-1;102=0;103=-1;104=0;105=-1;106=0;107=0;108=3;109=0;110=-1;111=0;112=-1;113=0;116=1;120=0
23481,100-tonze Swing,100トンズ・スイング,23xxx,0,100,1,2,3,Blunt,0,-1,None,0,physical,0,0,0,1000,5,0,4,10,-1,0,0,false,-1,,,,,0,-1,,,84=0;85=1;86=1;87=-1;88=0;89=-1;90=0;91=-1;92=0;93=-1;94=0;95=1;96=0;97=1;98=1;99=-1;100=0;101=-1;102=0;103=-1;104=0;105=-1;106=0;107=0;108=3;109=0;110=-1;111=0;112=-1;113=0;116=1;120=0
23482,100-tonze Swing,100トンズ・スイング,23xxx,0,100,1,0,-1,None,0,-1,None,0,none,0,0,0,1000,5,0,4,1,-1,0,0,false,-1,,,,,0,-1,,,84=0;85=1;86=1;87=-1;88=0;89=-1;90=0;91=-1;92=0;93=-1;94=0;95=1;96=0;97=1;98=1;99=-1;100=0;101=-1;102=0;103=-1;104=0;105=-1;106=0;107=0;108=-1;109=0;110=-1;111=0;112=-1;113=0;116=1;120=0
23483,[@hyphen:021f0103][@hyphen:021f0103],これが出たらバグです：（仮）ジャイアントスイング：復帰,23xxx,0,100,1,0,-1,None,0,-1,None,0,none,0,0,0,0,0,0,0,1,-1,0,0,false,-1,,,,,0,-1,,,84=0;85=1;86=1;87=-1;88=0;89=-1;90=0;91=-1;92=0;93=-1;94=0;95=1;96=0;97=1;98=1;99=-1;100=0;101=-1;102=0;103=-1;104=0;105=-1;106=0;107=0;108=-1;109=0;110=-1;111=0;112=-1;113=0;116=1;120=0
23484,Animal Instinct,アニマルインスティンクト,23xxx,0,100,1,2,-1,None,0,-1,None,0,none,0,0,0,0,0,0,4,1,-1,0,0,false,-1,,,,,0,-1,,,84=0;85=1;86=1;87=-1;88=0;89=-1;90=0;91=-1;92=0;93=-1;94=0;95=1;96=0;97=1;98=1;99=-1;100=0;101=-1;102=0;103=-1;104=0;105=-1;106=0;107=0;108=-1;109=0;110=-1;111=0;112=-1;113=0;116=1;120=0
23485,Steel Cyclone,スチールサイクロン,23xxx,0,100,1,2,1,Slashing,1,-1,None,0,physical,0,0,0,1000,0,0,4,15,-1,0,0,false,-1,,,,,0,-1,,,84=0;85=1;86=1;87=-1;88=0;89=-1;90=0;91=-1;92=0;93=-1;94=0;95=1;96=0;97=1;98=1;99=-1;100=0;101=-1;102=0;103=-1;104=0;105=-1;106=0;107=0;108=1;109=1;110=-1;111=0;112=-1;113=0;116=1;120=0
23486,Dragon Kick,双竜脚,23xxx,0,100,1,2,3,Blunt,1,-1,None,0,physical,0,0,0,1000,0,0,4,15,-1,0,0,false,-1,,,,,0,-1,,,84=0;85=1;86=1;87=-1;88=0;89=-1;90=0;91=-1;92=0;93=-1;94=0;95=1;96=0;97=1;98=1;99=-1;100=0;101=-1;102=0;103=-1;104=0;105=-1;106=0;107=0;108=3;109=1;110=-1;111=0;112=-1;113=0;116=1;120=0
23487,Second Wind,内丹,23xxx,0,100,1,0,-1,None,0,-1,None,0,none,4000,0,0,0,0,0,0,0,-1,0,0,false,-1,,,,,0,-1,,,84=4000;85=1;86=1;87=-1;88=0;89=-1;90=0;91=-1;92=0;93=-1;94=0;95=1;96=0;97=1;98=1;99=-1;100=0;101=-1;102=0;103=-1;104=0;105=-1;106=0;107=0;108=-1;109=0;110=-1;111=0;112=-1;113=0;116=1;120=0
23488,Fists of Wind,疾風の構え,23xxx,0,100,1,0,-1,None,0,-1,None,0,none,0,0,0,0,0,0,0,15,-1,0,0,false,-1,,,,,0,-1,,,84=0;85=1;86=1;87=-1;88=0;89=-1;90=0;91=-1;92=0;93=-1;94=0;95=1;96=0;97=1;98=1;99=-1;100=0;101=-1;102=0;103=-1;104=0;105=-1;106=0;107=0;108=-1;109=0;110=-1;111=0;112=-1;113=0;116=1;120=0
23489,Whirlwind,ワールウィンド,23xxx,0,100,1,2,1,Slashing,1,-1,None,0,physical,0,0,0,1000,0,0,4,10,-1,0,0,false,-1,,,,,0,-1,,,84=0;85=1;86=1;87=-1;88=0;89=-1;90=0;91=-1;92=0;93=-1;94=0;95=1;96=0;97=1;98=1;99=-1;100=0;101=-1;102=0;103=-1;104=0;105=-1;106=0;107=0;108=1;109=1;110=-1;111=0;112=-1;113=0;116=1;120=0
23490,Godsbane,ゴッズベーン,23xxx,0,100,1,2,1,Slashing,1,-1,None,0,physical,0,0,0,1000,0,0,4,15,-1,0,0,false,-1,,,,,0,-1,,,84=0;85=1;86=1;87=-1;88=0;89=-1;90=0;91=-1;92=0;93=-1;94=0;95=1;96=0;97=1;98=1;99=-1;100=0;101=-1;102=0;103=-1;104=0;105=-1;106=0;107=0;108=1;109=1;110=-1;111=0;112=-1;113=0;116=1;120=0
23491,Bloodbath,ブラッドバス,23xxx,0,100,1,0,-1,None,0,-1,None,0,none,0,0,0,0,0,0,0,15,-1,0,0,false,-1,,,,,0,-1,,,84=0;85=1;86=1;87=-1;88=0;89=-1;90=0;91=-1;92=0;93=-1;94=0;95=1;96=0;97=1;98=1;99=-1;100=0;101=-1;102=0;103=-1;104=0;105=-1;106=0;107=0;108=-1;109=0;110=-1;111=0;112=-1;113=0;116=1;120=0
23492,Invigorate,気合,23xxx,0,100,1,0,-1,None,0,-1,None,0,none,0,0,0,0,0,0,0,15,-1,0,0,false,-1,,,,,0,-1,,,84=0;85=1;86=1;87=-1;88=0;89=-1;90=0;91=-1;92=0;93=-1;94=0;95=1;96=0;97=1;98=1;99=-1;100=0;101=-1;102=0;103=-1;104=0;105=-1;106=0;107=0;108=-1;109=0;110=-1;111=0;112=-1;113=0;116=1;120=0
23493,Jump,ジャンプ,23xxx,0,100,1,2,2,Piercing,0,-1,None,0,physical,0,0,0,1000,0,0,0,15,-1,0,0,false,-1,,,,,0,-1,,,84=0;85=1;86=1;87=-1;88=0;89=-1;90=0;91=-1;92=0;93=-1;94=0;95=1;96=0;97=1;98=1;99=-1;100=0;101=-1;102=0;103=-1;104=0;105=-1;106=0;107=0;108=2;109=0;110=-1;111=0;112=-1;113=0;116=1;120=0
23494,Wyvern Dive,ドラゴンダイブ,23xxx,0,100,1,2,13,Magical,0,5,Fire,0,magical,800,0,0,1000,0,20,0,15,-1,0,8,false,-1,,,,,0,-1,,,84=800;85=1;86=1;87=-1;88=0;89=-1;90=0;91=-1;92=0;93=-1;94=0;95=1;96=0;97=1;98=1;99=-1;100=0;101=-1;102=0;103=-1;104=0;105=-1;106=0;107=0;108=13;109=0;110=5;111=0;112=-1;113=0;116=1;120=0
23495,Dragon's Grasp,ディセムボウル,23xxx,0,100,1,2,2,Piercing,1,-1,None,0,physical,0,0,0,1000,0,0,4,8,-1,0,0,false,-1,,,,,0,-1,,,84=0;85=1;86=1;87=-1;88=0;89=-1;90=0;91=-1;92=0;93=-1;94=0;95=1;96=0;97=1;98=1;99=-1;100=0;101=-1;102=0;103=-1;104=0;105=-1;106=0;107=0;108=2;109=1;110=-1;111=0;112=-1;113=0;116=1;120=0
23496,Ring of Thorns,リングオブタロン,23xxx,0,100,1,2,2,Piercing,1,-1,None,0,physical,0,0,0,1000,0,0,4,8,-1,0,0,false,-1,,,,,0,-1,,,84=0;85=1;86=1;87=-1;88=0;89=-1;90=0;91=-1;92=0;93=-1;94=0;95=1;96=0;97=1;98=1;99=-1;100=0;101=-1;102=0;103=-1;104=0;105=-1;106=0;107=0;108=2;109=1;110=-1;111=0;112=-1;113=0;116=1;120=0
23497,[@hyphen:021f0103][@hyphen:021f0103],----,23xxx,0,100,1,0,-1,None,0,-1,None,0,none,0,0,0,0,0,0,0,2,-1,0,0,false,-1,,,,,0,-1,,,84=0;85=1;86=1;87=-1;88=0;89=-1;90=0;91=-1;92=0;93=-1;94=0;95=1;96=0;97=1;98=1;99=-1;100=0;101=-1;102=0;103=-1;104=0;105=-1;106=0;107=0;108=-1;109=0;110=-1;111=0;112=-1;113=0;116=1;120=0
23498,[@hyphen:021f0103][@hyphen:021f0103],----,23xxx,0,100,1,0,-1,None,0,-1,None,0,none,0,0,0,0,0,0,0,2,-1,0,0,false,-1,,,,,0,-1,,,84=0;85=1;86=1;87=-1;88=0;89=-1;90=0;91=-1;92=0;93=-1;94=0;95=1;96=0;97=1;98=1;99=-1;100=0;101=-1;102=0;103=-1;104=0;105=-1;106=0;107=0;108=-1;109=0;110=-1;111=0;112=-1;113=0;116=1;120=0
23499,[@hyphen:021f0103][@hyphen:021f0103],----,23xxx,0,100,1,0,-1,None,0,-1,None,0,none,0,0,0,0,0,0,0,10,-1,0,0,false,-1,,,,,0,-1,,,84=0;85=1;86=1;87=-1;88=0;89=-1;90=0;91=-1;92=0;93=-1;94=0;95=1;96=0;97=1;98=1;99=-1;100=0;101=-1;102=0;103=-1;104=0;105=-1;106=0;107=0;108=-1;109=0;110=-1;111=0;112=-1;113=0;116=1;120=0
23500,Sandtrap,サンドトラップ,23xxx,0,100,1,0,13,Magical,0,8,Earth,0,magical,0,0,0,0,0,0,0,2,-1,0,0,false,-1,,,,,0,-1,,,84=0;85=1;86=1;87=-1;88=0;89=-1;90=0;91=-1;92=0;93=-1;94=0;95=1;96=0;97=1;98=1;99=-1;100=0;101=-1;102=0;103=-1;104=0;105=-1;106=0;107=0;108=13;109=0;110=8;111=0;112=-1;113=0;116=1;120=0
23501,Sand Pillar,サンドピラー,23xxx,0,100,1,0,13,Magical,0,8,Earth,0,magical,0,0,0,0,0,0,0,2,-1,0,0,false,-1,,,,,0,-1,,,84=0;85=1;86=1;87=-1;88=0;89=-1;90=0;91=-1;92=0;93=-1;94=0;95=1;96=0;97=1;98=1;99=-1;100=0;101=-1;102=0;103=-1;104=0;105=-1;106=0;107=0;108=13;109=0;110=8;111=0;112=-1;113=0;116=1;120=0
23502,Sandtrap,サンドトラップ,23xxx,0,100,1,0,13,Magical,0,8,Earth,0,magical,0,0,0,0,0,0,0,2,-1,0,0,false,-1,,,,,0,-1,,,84=0;85=1;86=1;87=-1;88=0;89=-1;90=0;91=-1;92=0;93=-1;94=0;95=1;96=0;97=1;98=1;99=-1;100=0;101=-1;102=0;103=-1;104=0;105=-1;106=0;107=0;108=13;109=0;110=8;111=0;112=-1;113=0;116=1;120=0
23503,Sand Pillar,サンドピラー,23xxx,0,100,1,0,13,Magical,0,8,Earth,0,magical,0,0,0,0,0,0,0,2,-1,0,0,false,-1,,,,,0,-1,,,84=0;85=1;86=1;87=-1;88=0;89=-1;90=0;91=-1;92=0;93=-1;94=0;95=1;96=0;97=1;98=1;99=-1;100=0;101=-1;102=0;103=-1;104=0;105=-1;106=0;107=0;108=13;109=0;110=8;111=0;112=-1;113=0;116=1;120=0
23504,Sandtrap,サンドトラップ,23xxx,0,100,1,0,13,Magical,0,8,Earth,0,magical,0,0,0,0,0,0,0,2,-1,0,0,false,-1,,,,,0,-1,,,84=0;85=1;86=1;87=-1;88=0;89=-1;90=0;91=-1;92=0;93=-1;94=0;95=1;96=0;97=1;98=1;99=-1;100=0;101=-1;102=0;103=-1;104=0;105=-1;106=0;107=0;108=13;109=0;110=8;111=0;112=-1;113=0;116=1;120=0
23505,Sand Pillar,サンドピラー,23xxx,0,100,1,0,13,Magical,0,8,Earth,0,magical,0,0,0,0,0,0,0,2,-1,0,0,false,-1,,,,,0,-1,,,84=0;85=1;86=1;87=-1;88=0;89=-1;90=0;91=-1;92=0;93=-1;94=0;95=1;96=0;97=1;98=1;99=-1;100=0;101=-1;102=0;103=-1;104=0;105=-1;106=0;107=0;108=13;109=0;110=8;111=0;112=-1;113=0;116=1;120=0
23506,Sand Pillar,サンドピラー,23xxx,0,100,1,0,13,Magical,0,8,Earth,0,magical,6150,0,0,0,0,0,0,5,-1,0,0,false,-1,,,,,0,-1,,,84=6150;85=1;86=1;87=-1;88=0;89=-1;90=0;91=-1;92=0;93=-1;94=0;95=1;96=0;97=1;98=1;99=-1;100=0;101=-1;102=0;103=-1;104=0;105=-1;106=0;107=0;108=13;109=0;110=8;111=0;112=-1;113=0;116=1;120=0
23507,Sand Spire,サンドスパイア,23xxx,0,100,1,0,13,Magical,0,8,Earth,0,magical,8000,0,0,0,0,0,0,3,-1,0,0,false,-1,,,,,0,-1,,,84=8000;85=1;86=1;87=-1;88=0;89=-1;90=0;91=-1;92=0;93=-1;94=0;95=1;96=0;97=1;98=1;99=-1;100=0;101=-1;102=0;103=-1;104=0;105=-1;106=0;107=0;108=13;109=0;110=8;111=0;112=-1;113=0;116=1;120=0
23508,Fire II,ファイアII,23xxx,0,100,1,0,13,Magical,1,5,Fire,0,magical,600,0,0,0,3,0,6,12,-1,0,5,false,-1,,,,,0,-1,,,84=600;85=1;86=1;87=4;88=1;89=-1;90=0;91=4;92=0.5;93=-1;94=0;95=1;96=0;97=1;98=1;99=-1;100=0;101=-1;102=0;103=-1;104=0;105=-1;106=0;107=0;108=13;109=1;110=5;111=0;112=-1;113=0;116=1;120=0
23509,Burn II,バーンII,23xxx,0,100,1,0,13,Magical,1,5,Fire,0,magical,19,0,0,0,3,0,4,12,-1,0,5,false,-1,,,,,-15,-1,,,84=19;85=1;86=1;87=-1;88=0;89=-1;90=0;91=-1;92=0;93=-1;94=0;95=1;96=0;97=1;98=1;99=-1;100=0;101=-1;102=0;103=-1;104=0;105=-1;106=0;107=0;108=13;109=1;110=5;111=0;112=-1;113=0;116=1;120=0
23510,Flare,フレア,23xxx,0,100,1,0,13,Magical,1,5,Fire,0,magical,2000,0,0,0,6,0,6,12,-1,0,5,false,-1,,,,,0,-1,,,84=2000;85=1;86=1;87=-1;88=0;89=-1;90=0;91=-1;92=0;93=-1;94=0;95=1;96=0;97=1;98=1;99=-1;100=0;101=-1;102=0;103=-1;104=0;105=-1;106=0;107=0;108=13;109=1;110=5;111=0;112=-1;113=0;116=1;120=0
23511,Blizzard II,ブリザドII,23xxx,0,100,1,0,13,Magical,1,6,Ice,0,magical,600,0,0,0,3,0,6,12,-1,0,5,false,-1,,,,,0,-1,,,84=600;85=1;86=1;87=4;88=1;89=-1;90=0;91=4;92=0.5;93=-1;94=0;95=1;96=0;97=1;98=1;99=-1;100=0;101=-1;102=0;103=-1;104=0;105=-1;106=0;107=0;108=13;109=1;110=6;111=0;112=-1;113=0;116=1;120=0
23512,Frost II,フロストII,23xxx,0,100,1,0,13,Magical,1,6,Ice,0,magical,19,0,0,0,3,0,4,12,-1,0,5,false,-1,,,,,-15,-1,,,84=19;85=1;86=1;87=-1;88=0;89=-1;90=0;91=-1;92=0;93=-1;94=0;95=1;96=0;97=1;98=1;99=-1;100=0;101=-1;102=0;103=-1;104=0;105=-1;106=0;107=0;108=13;109=1;110=6;111=0;112=-1;113=0;116=1;120=0
23513,Freeze,フリーズ,23xxx,0,100,1,0,13,Magical,1,6,Ice,0,magical,2000,0,0,0,6,0,6,12,-1,0,5,false,-1,,,,,0,-1,,,84=2000;85=1;86=1;87=-1;88=0;89=-1;90=0;91=-1;92=0;93=-1;94=0;95=1;96=0;97=1;98=1;99=-1;100=0;101=-1;102=0;103=-1;104=0;105=-1;106=0;107=0;108=13;109=1;110=6;111=0;112=-1;113=0;116=1;120=0
23514,Aero II,エアロII,23xxx,0,100,1,0,13,Magical,1,7,Wind,0,magical,600,0,0,0,3,0,6,12,-1,0,5,false,-1,,,,,0,-1,,,84=600;85=1;86=1;87=4;88=1;89=-1;90=0;91=4;92=0.5;93=-1;94=0;95=1;96=0;97=1;98=1;99=-1;100=0;101=-1;102=0;103=-1;104=0;105=-1;106=0;107=0;108=13;109=1;110=7;111=0;112=-1;113=0;116=1;120=0
23515,Choke II,チョークII,23xxx,0,100,1,0,13,Magical,1,7,Wind,0,magical,19,0,0,0,3,0,4,12,-1,0,5,false,-1,,,,,-15,-1,,,84=19;85=1;86=1;87=-1;88=0;89=-1;90=0;91=-1;92=0;93=-1;94=0;95=1;96=0;97=1;98=1;99=-1;100=0;101=-1;102=0;103=-1;104=0;105=-1;106=0;107=0;108=13;109=1;110=7;111=0;112=-1;113=0;116=1;120=0
23516,Tornado,トルネド,23xxx,0,100,1,0,13,Magical,1,7,Wind,0,magical,2000,0,0,0,6,0,6,12,-1,0,5,false,-1,,,,,0,-1,,,84=2000;85=1;86=1;87=-1;88=0;89=-1;90=0;91=-1;92=0;93=-1;94=0;95=1;96=0;97=1;98=1;99=-1;100=0;101=-1;102=0;103=-1;104=0;105=-1;106=0;107=0;108=13;109=1;110=7;111=0;112=-1;113=0;116=1;120=0
23517,Stone II,ストーンII,23xxx,0,100,1,0,13,Magical,1,8,Earth,0,magical,600,0,0,0,3,0,6,12,-1,0,5,false,-1,,,,,0,-1,,,84=600;85=1;86=1;87=4;88=1;89=-1;90=0;91=4;92=0.5;93=-1;94=0;95=1;96=0;97=1;98=1;99=-1;100=0;101=-1;102=0;103=-1;104=0;105=-1;106=0;107=0;108=13;109=1;110=8;111=0;112=-1;113=0;116=1;120=0
23518,Rasp II,ラスプII,23xxx,0,100,1,0,13,Magical,1,8,Earth,0,magical,19,0,0,0,3,0,4,12,-1,0,5,false,-1,,,,,-15,-1,,,84=19;85=1;86=1;87=-1;88=0;89=-1;90=0;91=-1;92=0;93=-1;94=0;95=1;96=0;97=1;98=1;99=-1;100=0;101=-1;102=0;103=-1;104=0;105=-1;106=0;107=0;108=13;109=1;110=8;111=0;112=-1;113=0;116=1;120=0
23519,Quake,クエイク,23xxx,0,100,1,0,13,Magical,1,8,Earth,0,magical,2000,0,0,0,6,0,6,12,-1,0,5,false,-1,,,,,0,-1,,,84=2000;85=1;86=1;87=-1;88=0;89=-1;90=0;91=-1;92=0;93=-1;94=0;95=1;96=0;97=1;98=1;99=-1;100=0;101=-1;102=0;103=-1;104=0;105=-1;106=0;107=0;108=13;109=1;110=8;111=0;112=-1;113=0;116=1;120=0
23520,Thunder II,サンダーII,23xxx,0,100,1,0,13,Magical,1,9,Lightning,0,magical,600,0,0,0,3,0,6,12,-1,0,5,false,-1,,,,,0,-1,,,84=600;85=1;86=1;87=4;88=1;89=-1;90=0;91=4;92=0.5;93=-1;94=0;95=1;96=0;97=1;98=1;99=-1;100=0;101=-1;102=0;103=-1;104=0;105=-1;106=0;107=0;108=13;109=1;110=9;111=0;112=-1;113=0;116=1;120=0
23521,Shock II,ショックII,23xxx,0,100,1,0,13,Magical,1,9,Lightning,0,magical,19,0,0,0,3,0,4,12,-1,0,5,false,-1,,,,,-15,-1,,,84=19;85=1;86=1;87=-1;88=0;89=-1;90=0;91=-1;92=0;93=-1;94=0;95=1;96=0;97=1;98=1;99=-1;100=0;101=-1;102=0;103=-1;104=0;105=-1;106=0;107=0;108=13;109=1;110=9;111=0;112=-1;113=0;116=1;120=0
23522,Burst,バースト,23xxx,0,100,1,0,13,Magical,1,9,Lightning,0,magical,2000,0,0,0,6,0,6,12,-1,0,5,false,-1,,,,,0,-1,,,84=2000;85=1;86=1;87=-1;88=0;89=-1;90=0;91=-1;92=0;93=-1;94=0;95=1;96=0;97=1;98=1;99=-1;100=0;101=-1;102=0;103=-1;104=0;105=-1;106=0;107=0;108=13;109=1;110=9;111=0;112=-1;113=0;116=1;120=0
23523,Water II,ウォータII,23xxx,0,100,1,0,13,Magical,1,10,Water,0,magical,600,0,0,0,3,0,6,12,-1,0,5,false,-1,,,,,0,-1,,,84=600;85=1;86=1;87=4;88=1;89=-1;90=0;91=4;92=0.5;93=-1;94=0;95=1;96=0;97=1;98=1;99=-1;100=0;101=-1;102=0;103=-1;104=0;105=-1;106=0;107=0;108=13;109=1;110=10;111=0;112=-1;113=0;116=1;120=0
23524,Drown II,ドラウンII,23xxx,0,100,1,0,13,Magical,1,10,Water,0,magical,19,0,0,0,3,0,4,12,-1,0,5,false,-1,,,,,-15,-1,,,84=19;85=1;86=1;87=-1;88=0;89=-1;90=0;91=-1;92=0;93=-1;94=0;95=1;96=0;97=1;98=1;99=-1;100=0;101=-1;102=0;103=-1;104=0;105=-1;106=0;107=0;108=13;109=1;110=10;111=0;112=-1;113=0;116=1;120=0
23525,Flood,フラッド,23xxx,0,100,1,0,13,Magical,1,10,Water,0,magical,2000,0,0,0,6,0,6,12,-1,0,5,false,-1,,,,,0,-1,,,84=2000;85=1;86=1;87=-1;88=0;89=-1;90=0;91=-1;92=0;93=-1;94=0;95=1;96=0;97=1;98=1;99=-1;100=0;101=-1;102=0;103=-1;104=0;105=-1;106=0;107=0;108=13;109=1;110=10;111=0;112=-1;113=0;116=1;120=0
23526,Blind,ブライン,23xxx,0,100,1,0,13,Magical,1,12,Umbral,0.33,magical,0,0,0,0,1,0,4,12,-1,0,5,false,-1,,,,,-0.1,-1,,,84=0;85=1;86=1;87=-1;88=0;89=-1;90=0;91=-1;92=0;93=-1;94=0;95=1;96=0;97=1;98=1;99=-1;100=0;101=-1;102=0;103=-1;104=0;105=-1;106=0;107=0;108=13;109=1;110=12;111=0.33;112=-1;113=0;116=1;120=0
23527,Sleep,スリプル,23xxx,0,100,1,0,13,Magical,1,12,Umbral,0.33,magical,0,0,0,0,3,0,2,12,-1,0,5,false,-1,,,,,0,-1,,,84=0;85=1;86=1;87=-1;88=0;89=-1;90=0;91=-1;92=0;93=-1;94=0;95=1;96=0;97=1;98=1;99=-1;100=0;101=-1;102=0;103=-1;104=0;105=-1;106=0;107=0;108=13;109=1;110=12;111=0.33;112=-1;113=0;116=1;120=0
23528,Silence,サイレス,23xxx,0,100,1,0,13,Magical,1,7,Wind,0,magical,0,0,0,0,1,0,2,12,-1,0,5,false,-1,,,,,0.1,-1,,,84=0;85=1;86=1;87=-1;88=0;89=-1;90=0;91=-1;92=0;93=-1;94=0;95=1;96=0;97=1;98=1;99=-1;100=0;101=-1;102=0;103=-1;104=0;105=-1;106=0;107=0;108=13;109=1;110=7;111=0;112=-1;113=0;116=1;120=0
23529,Gravity,グラビデ,23xxx,0,100,1,0,13,Magical,1,7,Wind,0,magical,0,0,0,0,1.5,0,2,12,-1,0,5,false,-1,,,,,0.001,-1,,,84=0;85=1;86=1;87=-1;88=0;89=-1;90=0;91=-1;92=0;93=-1;94=0;95=1;96=0;97=1;98=1;99=-1;100=0;101=-1;102=0;103=-1;104=0;105=-1;106=0;107=0;108=13;109=1;110=7;111=0;112=-1;113=0;116=1;120=0
23530,Paralyze,パライズ,23xxx,0,100,1,0,13,Magical,1,6,Ice,0,magical,0,0,0,0,2,0,4,12,-1,0,5,false,-1,,,,,0.001,-1,,,84=0;85=1;86=1;87=-1;88=0;89=-1;90=0;91=-1;92=0;93=-1;94=0;95=1;96=0;97=1;98=1;99=-1;100=0;101=-1;102=0;103=-1;104=0;105=-1;106=0;107=0;108=13;109=1;110=6;111=0;112=-1;113=0;116=1;120=0
23531,Slow,スロウ,23xxx,0,100,1,0,13,Magical,1,8,Earth,0,magical,0,0,0,0,1.5,0,4,12,-1,0,5,false,-1,,,,,0.001,-1,,,84=0;85=1;86=1;87=-1;88=0;89=-1;90=0;91=-1;92=0;93=-1;94=0;95=1;96=0;97=1;98=1;99=-1;100=0;101=-1;102=0;103=-1;104=0;105=-1;106=0;107=0;108=13;109=1;110=8;111=0;112=-1;113=0;116=1;120=0
23532,Stygian Spikes II,マインドスパイクII,23xxx,0,100,1,0,13,Magical,1,12,Umbral,0.33,magical,3,0,0,0,3,0,4,12,-1,0,5,false,-1,,,,,0,-1,,,84=3;85=0;86=1;87=4;88=0.4;89=-1;90=0;91=4;92=0.2;93=-1;94=0;95=1;96=0;97=1;98=1;99=-1;100=0;101=-1;102=0;103=-1;104=0;105=-1;106=0;107=0;108=13;109=1;110=12;111=0.33;112=-1;113=0;116=1;120=0
23533,Stoneskin II,ストンスキンII,23xxx,0,100,1,0,13,Magical,1,8,Earth,0,magical,0,0,0,0,6,0,4,12,-1,0,5,false,-1,,,,,1,-1,,,84=0;85=0;86=1;87=-1;88=0;89=-1;90=0;91=-1;92=0;93=-1;94=0;95=1;96=0;97=1;98=1;99=-1;100=0;101=-1;102=0;103=-1;104=0;105=-1;106=0;107=0;108=13;109=1;110=8;111=0;112=-1;113=0;116=1;120=0
23534,Shock Spikes II,ショックスパイクII,23xxx,0,100,1,0,13,Magical,1,9,Lightning,0,magical,120,0,0,0,3,0,4,12,-1,0,5,false,-1,,,,,4,-1,,,84=120;85=0;86=1;87=4;88=0.2;89=-1;90=0;91=4;92=0.1;93=-1;94=0;95=1;96=0;97=1;98=1;99=-1;100=0;101=-1;102=0;103=-1;104=0;105=-1;106=0;107=0;108=13;109=1;110=9;111=0;112=-1;113=0;116=1;120=0
23535,Ranged Attack,攻撃,23xxx,0,100,1,2,4,Projectile,1,-1,None,0,physical,0,0,0,0,0,0,2,25,-1,0,0,false,-1,,,,,0,-1,,,84=0;85=1;86=1;87=-1;88=0;89=-1;90=0;91=-1;92=0;93=-1;94=0;95=1;96=0;97=1;98=1;99=-1;100=0;101=-1;102=0;103=-1;104=0;105=-1;106=0;107=0;108=4;109=1;110=-1;111=0;112=-1;113=0;116=0;120=0
23536,Attack,攻撃,23xxx,0,100,1,2,4,Projectile,0,-1,None,0,physical,0,0,0,0,0,0,0,25,-1,0,5,false,-1,,,,,0,-1,,,84=0;85=1;86=1;87=-1;88=0;89=-1;90=0;91=-1;92=0;93=-1;94=0;95=1;96=0;97=1;98=1;99=-1;100=0;101=-1;102=0;103=-1;104=0;105=-1;106=0;107=0;108=4;109=0;110=-1;111=0;112=-1;113=0;116=1;120=0
23537,Downburst,ダウンバースト,23xxx,0,100,1,2,3,Blunt,0,-1,None,0,physical,0,0,0,1000,1,0,0,10,-1,0,0,false,-1,,,,,0,-1,,,84=0;85=1;86=1;87=-1;88=0;89=-1;90=0;91=-1;92=0;93=-1;94=0;95=1;96=0;97=1;98=1;99=-1;100=0;101=-1;102=0;103=-1;104=0;105=-1;106=0;107=0;108=3;109=0;110=-1;111=0;112=-1;113=0;116=1;120=0
23538,Wicked Wheel,ウィケッドホイール,23xxx,0,100,1,2,3,Blunt,0,-1,None,0,physical,0,0,0,1000,1,0,0,10,-1,0,0,false,-1,,,,,0,-1,,,84=0;85=1;86=1;87=-1;88=0;89=-1;90=0;91=-1;92=0;93=-1;94=0;95=1;96=0;97=1;98=1;99=-1;100=0;101=-1;102=0;103=-1;104=0;105=-1;106=0;107=0;108=3;109=0;110=-1;111=0;112=-1;113=0;116=1;120=0
23539,Slipstream,スリップストリーム,23xxx,0,100,1,2,13,Magical,1,7,Wind,0,magical,0,0,0,1000,3,0,0,10,-1,0,0,false,-1,,,,,0,-1,,,84=0;85=1;86=1;87=-1;88=0;89=-1;90=0;91=-1;92=0;93=-1;94=0;95=1;96=0;97=1;98=1;99=-1;100=0;101=-1;102=0;103=-1;104=0;105=-1;106=0;107=0;108=13;109=1;110=7;111=0;112=-1;113=0;116=1;120=0
23540,Mistral Song,ミストラルソング,23xxx,0,100,1,0,13,Magical,1,7,Wind,0,magical,0,0,0,0,0,0,0,30,-1,0,0,false,-1,,,,,0,-1,,,84=0;85=1;86=1;87=-1;88=0;89=-1;90=0;91=-1;92=0;93=-1;94=0;95=1;96=0;97=1;98=1;99=-1;100=0;101=-1;102=0;103=-1;104=0;105=-1;106=0;107=0;108=13;109=1;110=7;111=0;112=-1;113=0;116=1;120=0
23541,Mistral Shriek,ミストラルシュリーク,23xxx,0,100,1,0,13,Magical,1,7,Wind,0,magical,1667,0,0,0,0,0,0,22,-1,0,0,false,-1,,,,,0,-1,,,84=1667;85=1;86=1;87=-1;88=0;89=-1;90=0;91=-1;92=0;93=-1;94=0;95=1;96=0;97=1;98=1;99=-1;100=0;101=-1;102=0;103=-1;104=0;105=-1;106=0;107=0;108=13;109=1;110=7;111=0;112=-1;113=0;116=1;120=0
23542,[@hyphen:021f0103][@hyphen:021f0103],****,23xxx,0,100,1,0,-1,None,0,-1,None,0,none,0,0,0,0,0,0,0,0,-1,0,0,false,-1,,,,,0,-1,,,84=0;85=1;86=1;87=-1;88=0;89=-1;90=0;91=-1;92=0;93=-1;94=0;95=1;96=0;97=1;98=1;99=-1;100=0;101=-1;102=0;103=-1;104=0;105=-1;106=0;107=0;108=-1;109=0;110=-1;111=0;112=-1;113=0;116=1;120=0
23543,[@hyphen:021f0103][@hyphen:021f0103],****,23xxx,0,100,1,0,-1,None,0,-1,None,0,none,0,0,0,0,0,0,0,0,-1,0,0,false,-1,,,,,0,-1,,,84=0;85=1;86=1;87=-1;88=0;89=-1;90=0;91=-1;92=0;93=-1;94=0;95=1;96=0;97=1;98=1;99=-1;100=0;101=-1;102=0;103=-1;104=0;105=-1;106=0;107=0;108=-1;109=0;110=-1;111=0;112=-1;113=0;116=1;120=0
23544,Plumage,プルーメージ,23xxx,0,100,1,0,-1,None,0,-1,None,0,none,0,0,0,0,0,0,0,0,-1,0,0,false,-1,,,,,0,-1,,,84=0;85=1;86=1;87=-1;88=0;89=-1;90=0;91=-1;92=0;93=-1;94=0;95=1;96=0;97=1;98=1;99=-1;100=0;101=-1;102=0;103=-1;104=0;105=-1;106=0;107=0;108=-1;109=0;110=-1;111=0;112=-1;113=0;116=1;120=0
23545,[@hyphen:021f0103][@hyphen:021f0103],****,23xxx,0,100,1,0,-1,None,0,-1,None,0,none,0,0,0,0,0,0,0,0,-1,0,0,false,-1,,,,,0,-1,,,84=0;85=1;86=1;87=-1;88=0;89=-1;90=0;91=-1;92=0;93=-1;94=0;95=1;96=0;97=1;98=1;99=-1;100=0;101=-1;102=0;103=-1;104=0;105=-1;106=0;107=0;108=-1;109=0;110=-1;111=0;112=-1;113=0;116=1;120=0
23546,Aerial Blast,エリアルブラスト,23xxx,0,100,1,0,13,Magical,1,7,Wind,0,magical,0,0,0,0,3,0,0,50,-1,0,0,false,-1,,,,,0,-1,,,84=0;85=1;86=1;87=-1;88=0;89=-1;90=0;91=-1;92=0;93=-1;94=0;95=1;96=0;97=1;98=1;99=-1;100=0;101=-1;102=0;103=-1;104=0;105=-1;106=0;107=0;108=13;109=1;110=7;111=0;112=-1;113=0;116=1;120=0
23547,[@hyphen:021f0103][@hyphen:021f0103],****,23xxx,0,100,1,0,-1,None,0,-1,None,0,none,0,0,0,0,0,0,0,0,-1,0,0,false,-1,,,,,0,-1,,,84=0;85=1;86=1;87=-1;88=0;89=-1;90=0;91=-1;92=0;93=-1;94=0;95=1;96=0;97=1;98=1;99=-1;100=0;101=-1;102=0;103=-1;104=0;105=-1;106=0;107=0;108=-1;109=0;110=-1;111=0;112=-1;113=0;116=1;120=0
23548,[@hyphen:021f0103][@hyphen:021f0103],****,23xxx,0,100,1,0,-1,None,0,-1,None,0,none,0,0,0,0,0,0,0,0,-1,0,0,false,-1,,,,,0,-1,,,84=0;85=1;86=1;87=-1;88=0;89=-1;90=0;91=-1;92=0;93=-1;94=0;95=1;96=0;97=1;98=1;99=-1;100=0;101=-1;102=0;103=-1;104=0;105=-1;106=0;107=0;108=-1;109=0;110=-1;111=0;112=-1;113=0;116=1;120=0
23549,[@hyphen:021f0103][@hyphen:021f0103],****,23xxx,0,100,1,0,-1,None,0,-1,None,0,none,0,0,0,0,0,0,0,0,-1,0,0,false,-1,,,,,0,-1,,,84=0;85=1;86=1;87=-1;88=0;89=-1;90=0;91=-1;92=0;93=-1;94=0;95=1;96=0;97=1;98=1;99=-1;100=0;101=-1;102=0;103=-1;104=0;105=-1;106=0;107=0;108=-1;109=0;110=-1;111=0;112=-1;113=0;116=1;120=0
23550,Featherlance,フェザーランス,23xxx,0,100,1,0,13,Magical,1,7,Wind,0,magical,0,0,0,0,0,0,0,8,-1,0,0,false,-1,,,,,0,-1,,,84=0;85=1;86=1;87=-1;88=0;89=-1;90=0;91=-1;92=0;93=-1;94=0;95=1;96=0;97=1;98=1;99=-1;100=0;101=-1;102=0;103=-1;104=0;105=-1;106=0;107=0;108=13;109=1;110=7;111=0;112=-1;113=0;116=1;120=0
23551,[@hyphen:021f0103][@hyphen:021f0103],****,23xxx,0,100,1,0,-1,None,0,-1,None,0,none,0,0,0,0,0,0,0,0,-1,0,0,false,-1,,,,,0,-1,,,84=0;85=1;86=1;87=-1;88=0;89=-1;90=0;91=-1;92=0;93=-1;94=0;95=1;96=0;97=1;98=1;99=-1;100=0;101=-1;102=0;103=-1;104=0;105=-1;106=0;107=0;108=-1;109=0;110=-1;111=0;112=-1;113=0;116=1;120=0
23552,Thermal Tumult,サーマルタマルト,23xxx,0,100,1,0,-1,None,0,-1,None,0,none,0,0,0,0,0,0,0,5,-1,0,0,false,-1,,,,,0,-1,,,84=0;85=1;86=1;87=-1;88=0;89=-1;90=0;91=-1;92=0;93=-1;94=0;95=1;96=0;97=1;98=1;99=-1;100=0;101=-1;102=0;103=-1;104=0;105=-1;106=0;107=0;108=-1;109=0;110=-1;111=0;112=-1;113=0;116=1;120=0
23553,[@hyphen:021f0103][@hyphen:021f0103],****,23xxx,0,100,1,0,-1,None,0,-1,None,0,none,0,0,0,0,0,0,0,0,-1,0,0,false,-1,,,,,0,-1,,,84=0;85=1;86=1;87=-1;88=0;89=-1;90=0;91=-1;92=0;93=-1;94=0;95=1;96=0;97=1;98=1;99=-1;100=0;101=-1;102=0;103=-1;104=0;105=-1;106=0;107=0;108=-1;109=0;110=-1;111=0;112=-1;113=0;116=1;120=0
23554,[@hyphen:021f0103][@hyphen:021f0103],****,23xxx,0,100,1,0,-1,None,0,-1,None,0,none,0,0,0,0,0,0,0,0,-1,0,0,false,-1,,,,,0,-1,,,84=0;85=1;86=1;87=-1;88=0;89=-1;90=0;91=-1;92=0;93=-1;94=0;95=1;96=0;97=1;98=1;99=-1;100=0;101=-1;102=0;103=-1;104=0;105=-1;106=0;107=0;108=-1;109=0;110=-1;111=0;112=-1;113=0;116=1;120=0
23555,[@hyphen:021f0103][@hyphen:021f0103],****,23xxx,0,100,1,0,-1,None,0,-1,None,0,none,0,0,0,0,0,0,0,0,-1,0,0,false,-1,,,,,0,-1,,,84=0;85=1;86=1;87=-1;88=0;89=-1;90=0;91=-1;92=0;93=-1;94=0;95=1;96=0;97=1;98=1;99=-1;100=0;101=-1;102=0;103=-1;104=0;105=-1;106=0;107=0;108=-1;109=0;110=-1;111=0;112=-1;113=0;116=1;120=0
23556,Great Whirlwind,大旋風,23xxx,0,100,1,0,13,Magical,1,7,Wind,0,magical,0,0,0,0,0,0,0,12,-1,0,0,false,-1,,,,,0,-1,,,84=0;85=1;86=1;87=-1;88=0;89=-1;90=0;91=-1;92=0;93=-1;94=0;95=1;96=0;97=1;98=1;99=-1;100=0;101=-1;102=0;103=-1;104=0;105=-1;106=0;107=0;108=13;109=1;110=7;111=0;112=-1;113=0;116=1;120=0
23557,[@hyphen:021f0103][@hyphen:021f0103],****,23xxx,0,100,1,0,-1,None,0,-1,None,0,none,0,0,0,0,0,0,0,0,-1,0,0,false,-1,,,,,0,-1,,,84=0;85=1;86=1;87=-1;88=0;89=-1;90=0;91=-1;92=0;93=-1;94=0;95=1;96=0;97=1;98=1;99=-1;100=0;101=-1;102=0;103=-1;104=0;105=-1;106=0;107=0;108=-1;109=0;110=-1;111=0;112=-1;113=0;116=1;120=0
23558,[@hyphen:021f0103][@hyphen:021f0103],****,23xxx,0,100,1,0,-1,None,0,-1,None,0,none,0,0,0,0,0,0,0,0,-1,0,0,false,-1,,,,,0,-1,,,84=0;85=1;86=1;87=-1;88=0;89=-1;90=0;91=-1;92=0;93=-1;94=0;95=1;96=0;97=1;98=1;99=-1;100=0;101=-1;102=0;103=-1;104=0;105=-1;106=0;107=0;108=-1;109=0;110=-1;111=0;112=-1;113=0;116=1;120=0
23559,Eye of the Storm,アイ・オブ・ストーム,23xxx,0,100,1,0,13,Magical,1,7,Wind,0,magical,0,0,0,0,0,0,0,44,-1,12,0,false,-1,,,,,0,-1,,,84=0;85=1;86=1;87=-1;88=0;89=-1;90=0;91=-1;92=0;93=-1;94=0;95=1;96=0;97=1;98=1;99=-1;100=0;101=-1;102=0;103=-1;104=0;105=-1;106=0;107=0;108=13;109=1;110=7;111=0;112=-1;113=0;116=1;120=0
23560,Formic Pheromones,フォーミックフェロモンズ,23xxx,0,100,1,2,-1,None,0,-1,None,0,none,3600,0,0,1000,8,3,4,12,-1,0,0,false,-1,,,,,0,-1,,,84=3600;85=1;86=1;87=-1;88=0;89=-1;90=0;91=-1;92=0;93=-1;94=0;95=1;96=0;97=1;98=1;99=-1;100=0;101=-1;102=0;103=-1;104=0;105=-1;106=0;107=1;108=-1;109=0;110=-1;111=0;112=-1;113=0;116=1;120=60
23561,[@hyphen:021f0103][@hyphen:021f0103],****,23xxx,0,100,1,0,-1,None,0,-1,None,0,none,0,0,0,0,0,0,0,0,-1,0,0,false,-1,,,,,0,-1,,,84=0;85=1;86=1;87=-1;88=0;89=-1;90=0;91=-1;92=0;93=-1;94=0;95=1;96=0;97=1;98=1;99=-1;100=0;101=-1;102=0;103=-1;104=0;105=-1;106=0;107=0;108=-1;109=0;110=-1;111=0;112=-1;113=0;116=1;120=0
23562,[@hyphen:021f0103][@hyphen:021f0103],****,23xxx,0,100,1,0,-1,None,0,-1,None,0,none,0,0,0,0,0,0,0,0,-1,0,0,false,-1,,,,,0,-1,,,84=0;85=1;86=1;87=-1;88=0;89=-1;90=0;91=-1;92=0;93=-1;94=0;95=1;96=0;97=1;98=1;99=-1;100=0;101=-1;102=0;103=-1;104=0;105=-1;106=0;107=0;108=-1;109=0;110=-1;111=0;112=-1;113=0;116=1;120=0
23563,[@hyphen:021f0103][@hyphen:021f0103],****,23xxx,0,100,1,0,-1,None,0,-1,None,0,none,0,0,0,0,0,0,0,0,-1,0,0,false,-1,,,,,0,-1,,,84=0;85=1;86=1;87=-1;88=0;89=-1;90=0;91=-1;92=0;93=-1;94=0;95=1;96=0;97=1;98=1;99=-1;100=0;101=-1;102=0;103=-1;104=0;105=-1;106=0;107=0;108=-1;109=0;110=-1;111=0;112=-1;113=0;116=1;120=0
23564,[@hyphen:021f0103][@hyphen:021f0103],****,23xxx,0,100,1,0,-1,None,0,-1,None,0,none,0,0,0,0,0,0,0,0,-1,0,0,false,-1,,,,,0,-1,,,84=0;85=1;86=1;87=-1;88=0;89=-1;90=0;91=-1;92=0;93=-1;94=0;95=1;96=0;97=1;98=1;99=-1;100=0;101=-1;102=0;103=-1;104=0;105=-1;106=0;107=0;108=-1;109=0;110=-1;111=0;112=-1;113=0;116=1;120=0
23565,Cermet Drill,サーメットドリル,23xxx,0,100,1,2,3,Blunt,0,-1,None,0,physical,0,0,0,1000,1,0,4,8,-1,0,0,false,-1,,,,,0,-1,,,84=0;85=1;86=1;87=-1;88=0;89=-1;90=0;91=-1;92=0;93=-1;94=0;95=1;96=0;97=1;98=1;99=-1;100=0;101=-1;102=0;103=-1;104=0;105=-1;106=0;107=0;108=3;109=0;110=-1;111=0;112=-1;113=0;116=1;120=0
23566,Drill Cannon,ドリルキャノン,23xxx,0,100,1,2,2,Piercing,0,-1,None,0,physical,0,0,0,1000,1,0,4,20,-1,0,0,false,-1,,,,,0,-1,,,84=0;85=1;86=1;87=-1;88=0;89=-1;90=0;91=-1;92=0;93=-1;94=0;95=1;96=0;97=1;98=1;99=-1;100=0;101=-1;102=0;103=-1;104=0;105=-1;106=0;107=0;108=2;109=0;110=-1;111=0;112=-1;113=0;116=1;120=0
23567,Overcharge,オーバーチャージ,23xxx,0,100,1,2,13,Magical,0,9,Lightning,0,magical,0,0,0,1000,1,0,4,10,-1,0,0,false,-1,,,,,0,-1,,,84=0;85=1;86=1;87=-1;88=0;89=-1;90=0;91=-1;92=0;93=-1;94=0;95=1;96=0;97=1;98=1;99=-1;100=0;101=-1;102=0;103=-1;104=0;105=-1;106=0;107=0;108=13;109=0;110=9;111=0;112=-1;113=0;116=1;120=0
23568,Mistral Song,ミストラルソング,23xxx,0,100,1,0,13,Magical,1,7,Wind,0,magical,0,0,0,0,1,0,0,30,-1,0,0,false,-1,,,,,0,-1,,,84=0;85=1;86=1;87=-1;88=0;89=-1;90=0;91=-1;92=0;93=-1;94=0;95=1;96=0;97=1;98=1;99=-1;100=0;101=-1;102=0;103=-1;104=0;105=-1;106=0;107=0;108=13;109=1;110=7;111=0;112=-1;113=0;116=1;120=0
23569,Mistral Shriek,ミストラルシュリーク,23xxx,0,100,1,0,13,Magical,1,7,Wind,0,magical,0,0,0,0,2,0,0,22,-1,0,0,false,-1,,,,,0,-1,,,84=0;85=1;86=1;87=-1;88=0;89=-1;90=0;91=-1;92=0;93=-1;94=0;95=1;96=0;97=1;98=1;99=-1;100=0;101=-1;102=0;103=-1;104=0;105=-1;106=0;107=0;108=13;109=1;110=7;111=0;112=-1;113=0;116=1;120=0
23570,Aerial Blast,エリアルブラスト,23xxx,0,100,1,0,13,Magical,1,7,Wind,0,magical,0,0,0,0,3,0,0,50,-1,0,0,false,-1,,,,,0,-1,,,84=0;85=1;86=1;87=-1;88=0;89=-1;90=0;91=-1;92=0;93=-1;94=0;95=1;96=0;97=1;98=1;99=-1;100=0;101=-1;102=0;103=-1;104=0;105=-1;106=0;107=0;108=13;109=1;110=7;111=0;112=-1;113=0;116=1;120=0
23571,Aerial Blast,エリアルブラスト,23xxx,0,100,1,0,13,Magical,1,7,Wind,0,magical,0,0,0,0,3,0,0,50,-1,0,0,false,-1,,,,,0,-1,,,84=0;85=1;86=1;87=-1;88=0;89=-1;90=0;91=-1;92=0;93=-1;94=0;95=1;96=0;97=1;98=1;99=-1;100=0;101=-1;102=0;103=-1;104=0;105=-1;106=0;107=0;108=13;109=1;110=7;111=0;112=-1;113=0;116=1;120=0
23572,Aerial Blast,エリアルブラスト,23xxx,0,100,1,0,13,Magical,1,7,Wind,0,magical,0,0,0,0,3,0,0,50,-1,0,0,false,-1,,,,,0,-1,,,84=0;85=1;86=1;87=-1;88=0;89=-1;90=0;91=-1;92=0;93=-1;94=0;95=1;96=0;97=1;98=1;99=-1;100=0;101=-1;102=0;103=-1;104=0;105=-1;106=0;107=0;108=13;109=1;110=7;111=0;112=-1;113=0;116=1;120=0
23573,Featherlance,フェザーランス,23xxx,0,100,1,0,13,Magical,1,7,Wind,0,magical,0,0,0,0,0,0,0,8,-1,0,0,false,-1,,,,,0,-1,,,84=0;85=1;86=1;87=-1;88=0;89=-1;90=0;91=-1;92=0;93=-1;94=0;95=1;96=0;97=1;98=1;99=-1;100=0;101=-1;102=0;103=-1;104=0;105=-1;106=0;107=0;108=13;109=1;110=7;111=0;112=-1;113=0;116=1;120=0
23574,[@hyphen:021f0103][@hyphen:021f0103],****,23xxx,0,100,1,0,-1,None,0,-1,None,0,none,0,0,0,0,0,0,0,0,-1,0,0,false,-1,,,,,0,-1,,,84=0;85=1;86=1;87=-1;88=0;89=-1;90=0;91=-1;92=0;93=-1;94=0;95=1;96=0;97=1;98=1;99=-1;100=0;101=-1;102=0;103=-1;104=0;105=-1;106=0;107=0;108=-1;109=0;110=-1;111=0;112=-1;113=0;116=1;120=0
23575,[@hyphen:021f0103][@hyphen:021f0103],****,23xxx,0,100,1,0,-1,None,0,-1,None,0,none,0,0,0,0,0,0,0,0,-1,0,0,false,-1,,,,,0,-1,,,84=0;85=1;86=1;87=-1;88=0;89=-1;90=0;91=-1;92=0;93=-1;94=0;95=1;96=0;97=1;98=1;99=-1;100=0;101=-1;102=0;103=-1;104=0;105=-1;106=0;107=0;108=-1;109=0;110=-1;111=0;112=-1;113=0;116=1;120=0
23576,Attack,攻撃,23xxx,0,100,1,0,1,Slashing,0.5,5,Fire,0.5,physical,0,0,0,0,0,0,4,10,-1,0,0,false,-1,,,,,0,-1,,,84=0;85=1;86=1;87=-1;88=0;89=-1;90=0;91=-1;92=0;93=-1;94=0;95=1;96=0.25;97=1;98=1;99=-1;100=0;101=-1;102=0;103=-1;104=0;105=-1;106=0;107=0;108=1;109=0.5;110=5;111=0.5;112=-1;113=0;116=1;120=0
23577,Sear,熱風,23xxx,0,100,1,0,13,Magical,1,5,Fire,0,magical,0,0,0,0,0,0,0,8,-1,0,0,false,-1,,,,,0,-1,,,84=0;85=1;86=1;87=-1;88=0;89=-1;90=0;91=-1;92=0;93=-1;94=0;95=1;96=0.25;97=1;98=1;99=-1;100=0;101=-1;102=0;103=-1;104=0;105=-1;106=0;107=0;108=13;109=1;110=5;111=0;112=-1;113=0;116=1;120=0
23578,Vulcan Burst,バルカンバースト,23xxx,0,100,1,0,13,Magical,1,5,Fire,0,magical,0,0,0,0,2,0,4,16,-1,0,0,false,-1,,,,,0,-1,,,84=0;85=1;86=1;87=-1;88=0;89=-1;90=0;91=-1;92=0;93=-1;94=0;95=1;96=0.25;97=1;98=1;99=-1;100=0;101=-1;102=0;103=-1;104=0;105=-1;106=0;107=0;108=13;109=1;110=5;111=0;112=-1;113=0;116=1;120=0
23579,Incinerate,インシネレート,23xxx,0,100,1,0,13,Magical,1,5,Fire,0,magical,0,0,0,0,2,0,4,10,-1,0,0,false,-1,,,,,0,-1,,,84=0;85=1;86=1;87=-1;88=0;89=-1;90=0;91=-1;92=0;93=-1;94=0;95=1;96=0.25;97=1;98=1;99=-1;100=0;101=-1;102=0;103=-1;104=0;105=-1;106=0;107=0;108=13;109=1;110=5;111=0;112=-1;113=0;116=1;120=0
23580,Crimson Cyclone,クリムゾンサイクロン,23xxx,0,100,1,0,13,Magical,1,5,Fire,0,magical,0,0,0,0,0,0,0,44,-1,0,0,false,-1,,,,,0,-1,,,84=0;85=1;86=1;87=-1;88=0;89=-1;90=0;91=-1;92=0;93=-1;94=0;95=1;96=0.25;97=1;98=1;99=-1;100=0;101=-1;102=0;103=-1;104=0;105=-1;106=0;107=0;108=13;109=1;110=5;111=0;112=-1;113=0;116=1;120=0
23581,Hellfire,地獄の火炎,23xxx,0,100,1,0,13,Magical,1,5,Fire,0,magical,0,0,0,0,2,0,6,50,-1,0,0,false,-1,,,,,0,-1,,,84=0;85=1;86=1;87=-1;88=0;89=-1;90=0;91=-1;92=0;93=-1;94=0;95=1;96=0.25;97=1;98=1;99=-1;100=0;101=-1;102=0;103=-1;104=0;105=-1;106=0;107=0;108=13;109=1;110=5;111=0;112=-1;113=0;116=1;120=0
23582,Eruption,エラプション,23xxx,0,100,1,0,13,Magical,1,5,Fire,0,magical,0,0,0,0,0,0,0,8,-1,0,0,false,-1,,,,,0,-1,,,84=0;85=1;86=1;87=-1;88=0;89=-1;90=0;91=-1;92=0;93=-1;94=0;95=1;96=0.25;97=1;98=1;99=-1;100=0;101=-1;102=0;103=-1;104=0;105=-1;106=0;107=0;108=13;109=1;110=5;111=0;112=-1;113=0;116=1;120=0
23583,Radiant Plume,光輝の炎柱,23xxx,0,100,1,0,13,Magical,1,5,Fire,0,magical,0,0,0,0,0,0,0,8,-1,0,0,false,-1,,,,,0,-1,,,84=0;85=1;86=1;87=-1;88=0;89=-1;90=0;91=-1;92=0;93=-1;94=0;95=1;96=0.25;97=1;98=1;99=-1;100=0;101=-1;102=0;103=-1;104=0;105=-1;106=0;107=0;108=13;109=1;110=5;111=0;112=-1;113=0;116=1;120=0
23584,Dia II,ディアII,23xxx,0,100,1,2,13,Magical,0,11,Astral,0,magical,100,0,0,0,2,0,4,12,-1,0,5,false,-1,,,,,-558,77,,,84=100;85=1;86=1;87=-1;88=0;89=-1;90=0;91=-1;92=0;93=-1;94=0;95=1;96=0;97=1;98=1;99=-1;100=0;101=-1;102=0;103=-1;104=0;105=-1;106=0;107=0;108=13;109=0;110=11;111=0;112=-1;113=0;116=1;120=0
23585,[@hyphen:021f0103][@hyphen:021f0103],----,23xxx,0,100,1,0,-1,None,0,-1,None,0,none,0,0,0,0,0,0,0,0,-1,0,0,false,-1,,,,,0,-1,,,84=0;85=1;86=1;87=-1;88=0;89=-1;90=0;91=-1;92=0;93=-1;94=0;95=1;96=0;97=1;98=1;99=-1;100=0;101=-1;102=0;103=-1;104=0;105=-1;106=0;107=0;108=-1;109=0;110=-1;111=0;112=-1;113=0;116=1;120=0
23586,Sunset Plumes,サンセットプルーム,23xxx,0,100,1,2,1,Slashing,1,7,Wind,1,physical,230,0,0,1000,2,3,6,10,-1,0,0,false,-1,,,,,0,-1,,,84=230;85=1;86=1;87=-1;88=0;89=-1;90=0;91=-1;92=0;93=-1;94=0;95=1;96=0.25;97=1;98=1;99=-1;100=0;101=-1;102=0;103=-1;104=0;105=-1;106=0;107=0;108=1;109=1;110=7;111=1;112=-1;113=0;116=1;120=60
23587,Infuriate,我武者羅,23xxx,0,100,1,2,-1,None,0,-1,None,0,none,0,0,0,1000,2,3,4,6,-1,0,0,false,-1,,,,,0,-1,,,84=0;85=1;86=1;87=-1;88=0;89=-1;90=0;91=-1;92=0;93=-1;94=0;95=1;96=0;97=1;98=1;99=-1;100=0;101=-1;102=0;103=-1;104=0;105=-1;106=0;107=1;108=-1;109=0;110=-1;111=0;112=-1;113=0;116=1;120=60
23588,Grim Fate,グリムフェイト,23xxx,0,100,1,2,1,Slashing,1,-1,None,0,physical,0,0,0,0,3,3,8,8,-1,0,0,false,-1,,,,,0,-1,,,84=0;85=1;86=1;87=-1;88=0;89=-1;90=0;91=-1;92=0;93=-1;94=0;95=1;96=0.25;97=1;98=1;99=-1;100=0;101=-1;102=0;103=-1;104=0;105=-1;106=0;107=0;108=1;109=1;110=-1;111=0;112=-1;113=0;116=1;120=60
23589,Ranged Attack,攻撃,23xxx,0,100,1,2,13,Magical,1,12,Umbral,0.33,magical,100,0,0,0,0,0,8,20,-1,0,0,false,-1,,,,,0,-1,,,84=100;85=1;86=1;87=-1;88=0;89=-1;90=0;91=-1;92=0;93=-1;94=0;95=1;96=0;97=1;98=1;99=-1;100=0;101=-1;102=0;103=-1;104=0;105=-1;106=0;107=0;108=13;109=1;110=12;111=0.33;112=-1;113=0;116=1;120=60
23590,Desolation,デソレーション,23xxx,0,100,1,2,13,Magical,1,12,Umbral,0.33,magical,0,0,0,0,0,0,8,20,-1,0,0,false,-1,,,,,0,-1,,,84=0;85=1;86=1;87=-1;88=0;89=-1;90=0;91=-1;92=0;93=-1;94=0;95=1;96=0.25;97=1;98=1;99=-1;100=0;101=-1;102=0;103=-1;104=0;105=-1;106=0;107=0;108=13;109=1;110=12;111=0.33;112=-1;113=0;116=1;120=60
23591,Scrutinize,大喝一声,23xxx,0,100,1,2,-1,None,0,-1,None,0,none,0,0,0,1000,2,3,4,12,-1,0,0,false,-1,,,,,0,-1,,,84=0;85=1;86=1;87=-1;88=0;89=-1;90=0;91=-1;92=0;93=-1;94=0;95=1;96=0;97=1;98=1;99=-1;100=0;101=-1;102=0;103=-1;104=0;105=-1;106=0;107=1;108=-1;109=0;110=-1;111=0;112=-1;113=0;116=1;120=60
23592,Eruption,エラプション,23xxx,0,100,1,0,13,Magical,1,5,Fire,0,magical,0,0,0,0,0,0,0,1,-1,0,0,false,-1,,,,,0,-1,,,84=0;85=1;86=1;87=-1;88=0;89=-1;90=0;91=-1;92=0;93=-1;94=0;95=1;96=0;97=1;98=1;99=-1;100=0;101=-1;102=0;103=-1;104=0;105=-1;106=0;107=0;108=13;109=1;110=5;111=0;112=-1;113=0;116=1;120=0
23593,Radiant Plume,光輝の炎柱,23xxx,0,100,1,0,13,Magical,1,5,Fire,0,magical,0,0,0,0,0,0,0,1,-1,0,0,false,-1,,,,,0,-1,,,84=0;85=1;86=1;87=-1;88=0;89=-1;90=0;91=-1;92=0;93=-1;94=0;95=1;96=0;97=1;98=1;99=-1;100=0;101=-1;102=0;103=-1;104=0;105=-1;106=0;107=0;108=13;109=1;110=5;111=0;112=-1;113=0;116=1;120=0
23594,Eruption,エラプション,23xxx,0,100,1,0,13,Magical,1,5,Fire,0,magical,0,0,0,0,0,0,0,8,-1,0,0,false,-1,,,,,0,-1,,,84=0;85=1;86=1;87=-1;88=0;89=-1;90=0;91=-1;92=0;93=-1;94=0;95=1;96=0.25;97=1;98=1;99=-1;100=0;101=-1;102=0;103=-1;104=0;105=-1;106=0;107=0;108=13;109=1;110=5;111=0;112=-1;113=0;116=1;120=0
23595,Radiant Plume,光輝の炎柱,23xxx,0,100,1,0,13,Magical,1,5,Fire,0,magical,0,0,0,0,0,0,0,8,-1,0,0,false,-1,,,,,0,-1,,,84=0;85=1;86=1;87=-1;88=0;89=-1;90=0;91=-1;92=0;93=-1;94=0;95=1;96=0.25;97=1;98=1;99=-1;100=0;101=-1;102=0;103=-1;104=0;105=-1;106=0;107=0;108=13;109=1;110=5;111=0;112=-1;113=0;116=1;120=0
23596,Megaflare,メガフレア,23xxx,0,100,1,2,13,Magical,1,5,Fire,0,magical,0,0,0,0,0,0,0,50,-1,0,0,false,-1,,,,,0,-1,,,84=0;85=1;86=1;87=-1;88=0;89=-1;90=0;91=-1;92=0;93=-1;94=0;95=1;96=0;97=1;98=1;99=-1;100=0;101=-1;102=0;103=-1;104=0;105=-1;106=0;107=0;108=13;109=1;110=5;111=0;112=-1;113=0;116=1;120=0
23597,[@hyphen:021f0103][@hyphen:021f0103],これが出たらバグです：メガフレア詠唱,23xxx,0,100,1,2,-1,None,0,-1,None,0,none,0,0,0,0,0,0,0,0,-1,0,0,false,-1,,,,,0,-1,,,84=0;85=1;86=1;87=-1;88=0;89=-1;90=0;91=-1;92=0;93=-1;94=0;95=1;96=0;97=1;98=1;99=-1;100=0;101=-1;102=0;103=-1;104=0;105=-1;106=0;107=0;108=-1;109=0;110=-1;111=0;112=-1;113=0;116=1;120=0
23598,[@hyphen:021f0103][@hyphen:021f0103],これが出たらバグです：いんせき召喚,23xxx,0,100,1,2,-1,None,0,-1,None,0,none,0,0,0,0,0,0,0,0,-1,0,0,false,-1,,,,,0,-1,,,84=0;85=1;86=1;87=-1;88=0;89=-1;90=0;91=-1;92=0;93=-1;94=0;95=1;96=0;97=1;98=1;99=-1;100=0;101=-1;102=0;103=-1;104=0;105=-1;106=0;107=0;108=-1;109=0;110=-1;111=0;112=-1;113=0;116=1;120=0
23599,[@hyphen:021f0103][@hyphen:021f0103],これが出たらバグです：黒隕石召喚,23xxx,0,100,1,2,-1,None,0,-1,None,0,none,0,0,0,0,0,0,0,0,-1,0,0,false,-1,,,,,0,-1,,,84=0;85=1;86=1;87=-1;88=0;89=-1;90=0;91=-1;92=0;93=-1;94=0;95=1;96=0;97=1;98=1;99=-1;100=0;101=-1;102=0;103=-1;104=0;105=-1;106=0;107=0;108=-1;109=0;110=-1;111=0;112=-1;113=0;116=1;120=0
23600,[@hyphen:021f0103][@hyphen:021f0103],これが出たらバグです：黒隕石召喚中止,23xxx,0,100,1,2,-1,None,0,-1,None,0,none,0,0,0,0,0,0,0,0,-1,0,0,false,-1,,,,,0,-1,,,84=0;85=1;86=1;87=-1;88=0;89=-1;90=0;91=-1;92=0;93=-1;94=0;95=1;96=0;97=1;98=1;99=-1;100=0;101=-1;102=0;103=-1;104=0;105=-1;106=0;107=0;108=-1;109=0;110=-1;111=0;112=-1;113=0;116=1;120=0
23601,[@hyphen:021f0103][@hyphen:021f0103],これが出たらバグです：将軍ワープ（出現）,23xxx,0,100,1,2,-1,None,0,-1,None,0,none,0,0,0,0,0,0,0,0,-1,0,0,false,-1,,,,,0,-1,,,84=0;85=1;86=1;87=-1;88=0;89=-1;90=0;91=-1;92=0;93=-1;94=0;95=1;96=0;97=1;98=1;99=-1;100=0;101=-1;102=0;103=-1;104=0;105=-1;106=0;107=0;108=-1;109=0;110=-1;111=0;112=-1;113=0;116=1;120=0
23602,[@hyphen:021f0103][@hyphen:021f0103],これが出たらバグです：将軍ワープ（消滅）,23xxx,0,100,1,2,-1,None,0,-1,None,0,none,0,0,0,0,0,0,0,0,-1,0,0,false,-1,,,,,0,-1,,,84=0;85=1;86=1;87=-1;88=0;89=-1;90=0;91=-1;92=0;93=-1;94=0;95=1;96=0;97=1;98=1;99=-1;100=0;101=-1;102=0;103=-1;104=0;105=-1;106=0;107=0;108=-1;109=0;110=-1;111=0;112=-1;113=0;116=1;120=0
23603,Thermionic Beam,サーミオニックビーム,23xxx,0,100,1,2,13,Magical,0,9,Lightning,0,magical,0,0,0,1000,0,0,4,30,-1,0,0,false,-1,,,,,0,-1,,,84=0;85=1;86=1;87=-1;88=0;89=-1;90=0;91=-1;92=0;93=-1;94=0;95=1;96=0;97=1;98=1;99=-1;100=0;101=-1;102=0;103=-1;104=0;105=-1;106=0;107=0;108=13;109=0;110=9;111=0;112=-1;113=0;116=1;120=0
23604,Thermionic Burst,サーミオニックバースト,23xxx,0,100,1,2,13,Magical,0,9,Lightning,0,magical,0,0,0,0,0,0,0,2,-1,0,0,false,-1,,,,,0,-1,,,84=0;85=1;86=1;87=-1;88=0;89=-1;90=0;91=-1;92=0;93=-1;94=0;95=1;96=0;97=1;98=1;99=-1;100=0;101=-1;102=0;103=-1;104=0;105=-1;106=0;107=0;108=13;109=0;110=9;111=0;112=-1;113=0;116=1;120=0
23605,Plasma Acoustics,プラズマアコースティックス,23xxx,0,100,1,2,-1,None,0,-1,None,0,none,0,0,0,1000,3.5,0,4,25,-1,0,0,false,-1,,,,,0,-1,,,84=0;85=1;86=1;87=-1;88=0;89=-1;90=0;91=-1;92=0;93=-1;94=0;95=1;96=0;97=1;98=1;99=-1;100=0;101=-1;102=0;103=-1;104=0;105=-1;106=0;107=1;108=-1;109=0;110=-1;111=0;112=-1;113=0;116=1;120=0
23606,[@hyphen:021f0103][@hyphen:021f0103],これが出たらバグです：ダラガブダイブ詠唱,23xxx,0,100,1,2,-1,None,0,-1,None,0,none,0,0,0,0,0,0,0,0,-1,0,0,false,-1,,,,,0,-1,,,84=0;85=1;86=1;87=-1;88=0;89=-1;90=0;91=-1;92=0;93=-1;94=0;95=1;96=0;97=1;98=1;99=-1;100=0;101=-1;102=0;103=-1;104=0;105=-1;106=0;107=0;108=-1;109=0;110=-1;111=0;112=-1;113=0;116=1;120=0
23607,[@hyphen:021f0103][@hyphen:021f0103],これが出たらバグです：ダラガブダイブ用ジャンプ,23xxx,0,100,1,2,-1,None,0,-1,None,0,none,0,0,0,0,0,0,0,0,-1,0,0,false,-1,,,,,0,-1,,,84=0;85=1;86=1;87=-1;88=0;89=-1;90=0;91=-1;92=0;93=-1;94=0;95=1;96=0;97=1;98=1;99=-1;100=0;101=-1;102=0;103=-1;104=0;105=-1;106=0;107=0;108=-1;109=0;110=-1;111=0;112=-1;113=0;116=1;120=0
23608,Dalamud Dive,ダラガブダイブ,23xxx,0,100,1,2,13,Magical,1,5,Fire,0,magical,0,0,0,0,0,0,0,50,-1,0,0,false,-1,,,,,0,-1,,,84=0;85=1;86=1;87=-1;88=0;89=-1;90=0;91=-1;92=0;93=-1;94=0;95=1;96=0;97=1;98=1;99=-1;100=0;101=-1;102=0;103=-1;104=0;105=-1;106=0;107=0;108=13;109=1;110=5;111=0;112=-1;113=0;116=1;120=0
23609,Dalamud Dive,これが出たらバグです：ダイブ失敗,23xxx,0,100,1,2,-1,None,0,-1,None,0,none,0,0,0,0,0,0,0,0,-1,0,0,false,-1,,,,,0,-1,,,84=0;85=1;86=1;87=-1;88=0;89=-1;90=0;91=-1;92=0;93=-1;94=0;95=1;96=0;97=1;98=1;99=-1;100=0;101=-1;102=0;103=-1;104=0;105=-1;106=0;107=0;108=-1;109=0;110=-1;111=0;112=-1;113=0;116=1;120=0
23610,Dalamud Dive,ダラガブダイブ,23xxx,0,100,1,2,13,Magical,0,9,Lightning,0,magical,0,0,0,0,0,0,0,2,-1,0,0,false,-1,,,,,0,-1,,,84=0;85=1;86=1;87=-1;88=0;89=-1;90=0;91=-1;92=0;93=-1;94=0;95=1;96=0;97=1;98=1;99=-1;100=0;101=-1;102=0;103=-1;104=0;105=-1;106=0;107=0;108=13;109=0;110=9;111=0;112=-1;113=0;116=1;120=0
23611,Iron Chariot,アイアンチャリオット,23xxx,0,100,1,2,-1,None,0,-1,None,0,none,0,0,0,1000,0,0,4,12,-1,0,0,false,-1,,,,,0,-1,,,84=0;85=1;86=1;87=-1;88=0;89=-1;90=0;91=-1;92=0;93=-1;94=0;95=1;96=0;97=1;98=1;99=-1;100=0;101=-1;102=0;103=-1;104=0;105=-1;106=0;107=1;108=-1;109=0;110=-1;111=0;112=-1;113=0;116=1;120=0
23612,Lunar Dynamo,ルナダイナモ,23xxx,0,100,1,2,13,Magical,0,11,Astral,0,magical,0,0,0,1000,1,0,4,25,-1,15,0,false,-1,,,,,0,-1,,,84=0;85=1;86=1;87=-1;88=0;89=-1;90=0;91=-1;92=0;93=-1;94=0;95=1;96=0;97=1;98=1;99=-1;100=0;101=-1;102=0;103=-1;104=0;105=-1;106=0;107=0;108=13;109=0;110=11;111=0;112=-1;113=0;116=1;120=0
23613,Ravensbeak,レイヴェンズビーク,23xxx,0,100,1,2,-1,None,0,-1,None,0,none,0,0,0,1000,0,0,4,8,-1,0,0,false,-1,,,,,0,-1,,,84=0;85=1;86=1;87=-1;88=0;89=-1;90=0;91=-1;92=0;93=-1;94=0;95=1;96=0;97=1;98=1;99=-1;100=0;101=-1;102=0;103=-1;104=0;105=-1;106=0;107=1;108=-1;109=0;110=-1;111=0;112=-1;113=0;116=1;120=0
23614,Chaos Thrust,桜華狂咲,23xxx,0,100,1,2,-1,None,0,-1,None,0,none,0,0,0,1000,0,0,4,8,-1,0,0,false,-1,,,,,0,-1,,,84=0;85=1;86=1;87=-1;88=0;89=-1;90=0;91=-1;92=0;93=-1;94=0;95=1;96=0;97=1;98=1;99=-1;100=0;101=-1;102=0;103=-1;104=0;105=-1;106=0;107=1;108=-1;109=0;110=-1;111=0;112=-1;113=0;116=1;120=0
23615,Twisting Vice,ツイストヴァイス,23xxx,0,100,1,2,-1,None,0,-1,None,0,none,0,0,0,1000,0,0,4,8,-1,0,0,false,-1,,,,,0,-1,,,84=0;85=1;86=1;87=-1;88=0;89=-1;90=0;91=-1;92=0;93=-1;94=0;95=1;96=0;97=1;98=1;99=-1;100=0;101=-1;102=0;103=-1;104=0;105=-1;106=0;107=1;108=-1;109=0;110=-1;111=0;112=-1;113=0;116=1;120=0
23616,explosion,爆散,23xxx,0,100,1,2,13,Magical,1,5,Fire,0,magical,0,0,0,0,0,0,0,50,-1,0,0,false,-1,,,,,0,-1,,,84=0;85=1;86=1;87=-1;88=0;89=-1;90=0;91=-1;92=0;93=-1;94=0;95=1;96=0;97=1;98=1;99=-1;100=0;101=-1;102=0;103=-1;104=0;105=-1;106=0;107=0;108=13;109=1;110=5;111=0;112=-1;113=0;116=1;120=0
23617,Aetherial Emission,エーテリアルエミッション,23xxx,0,100,1,2,13,Magical,0,13,Unaspected,0,magical,0,0,0,0,0,0,0,30,-1,0,4,false,-1,,,,,0,-1,,,84=0;85=1;86=1;87=-1;88=0;89=-1;90=0;91=-1;92=0;93=-1;94=0;95=1;96=0;97=1;98=1;99=-1;100=0;101=-1;102=0;103=-1;104=0;105=-1;106=0;107=0;108=13;109=0;110=13;111=0;112=-1;113=0;116=1;120=0
23618,Cavernous Maw,禁断の口,23xxx,0,100,1,2,13,Magical,0,13,Unaspected,0,magical,0,0,0,0,6,0,0,30,-1,0,0,false,-1,,,,,0,-1,,,84=0;85=1;86=1;87=-1;88=0;89=-1;90=0;91=-1;92=0;93=-1;94=0;95=1;96=0;97=1;98=1;99=-1;100=0;101=-1;102=0;103=-1;104=0;105=-1;106=0;107=0;108=13;109=0;110=13;111=0;112=-1;113=0;116=1;120=0
23619,Voidbrume,ヴォイドブルーム,23xxx,0,100,1,2,13,Magical,0,13,Unaspected,0,magical,320,0,0,0,6,0,0,12,-1,0,0,false,-1,,,,,0,-1,,,84=320;85=1;86=1;87=-1;88=0;89=-1;90=0;91=-1;92=0;93=-1;94=0;95=1;96=0;97=1;98=1;99=-1;100=0;101=-1;102=0;103=-1;104=0;105=-1;106=0;107=0;108=13;109=0;110=13;111=0;112=-1;113=0;116=1;120=0
23620,Aetherial Eruption,エーテリアルエラプション,23xxx,0,100,1,2,13,Magical,0,13,Unaspected,0,magical,380,0,0,0,2,0,0,20,-1,0,0,false,-1,,,,,0,-1,,,84=380;85=1;86=1;87=-1;88=0;89=-1;90=0;91=-1;92=0;93=-1;94=0;95=1;96=0;97=1;98=1;99=-1;100=0;101=-1;102=0;103=-1;104=0;105=-1;106=0;107=0;108=13;109=0;110=13;111=0;112=-1;113=0;116=1;120=0
23621,Aetherial Eruption,エーテリアルエラプション,23xxx,0,100,1,2,13,Magical,0,13,Unaspected,0,magical,380,0,0,0,2,0,0,20,-1,0,0,false,-1,,,,,0,-1,,,84=380;85=1;86=1;87=-1;88=0;89=-1;90=0;91=-1;92=0;93=-1;94=0;95=1;96=0;97=1;98=1;99=-1;100=0;101=-1;102=0;103=-1;104=0;105=-1;106=0;107=0;108=13;109=0;110=13;111=0;112=-1;113=0;116=1;120=0
23622,Aetherial Eruption,エーテリアルエラプション,23xxx,0,100,1,2,13,Magical,0,13,Unaspected,0,magical,50,0,0,0,0,0,0,4,-1,0,0,false,-1,,,,,0,-1,,,84=50;85=1;86=1;87=-1;88=0;89=-1;90=0;91=-1;92=0;93=-1;94=0;95=1;96=0;97=1;98=1;99=-1;100=0;101=-1;102=0;103=-1;104=0;105=-1;106=0;107=0;108=13;109=0;110=13;111=0;112=-1;113=0;116=1;120=0
23623,Cataclysm,カタクリズム,23xxx,0,100,1,2,13,Magical,0,13,Unaspected,0,magical,0,0,0,0,2,0,0,20,-1,0,0,false,-1,,,,,0,-1,,,84=0;85=1;86=1;87=-1;88=0;89=-1;90=0;91=-1;92=0;93=-1;94=0;95=1;96=0;97=1;98=1;99=-1;100=0;101=-1;102=0;103=-1;104=0;105=-1;106=0;107=0;108=13;109=0;110=13;111=0;112=-1;113=0;116=1;120=0
23624,Megaflare,メガフレア,23xxx,0,100,1,2,13,Magical,1,5,Fire,0,magical,0,0,0,0,0,0,0,50,-1,0,0,false,-1,,,,,0,-1,,,84=0;85=1;86=1;87=-1;88=0;89=-1;90=0;91=-1;92=0;93=-1;94=0;95=1;96=0;97=1;98=1;99=-1;100=0;101=-1;102=0;103=-1;104=0;105=-1;106=0;107=0;108=13;109=1;110=5;111=0;112=-1;113=0;116=1;120=0
23625,Megaflare,メガフレア,23xxx,0,100,1,2,13,Magical,1,5,Fire,0,magical,2500,0,0,0,0,0,0,50,-1,0,0,false,-1,,,,,0,-1,,,84=2500;85=1;86=1;87=-1;88=0;89=-1;90=0;91=-1;92=0;93=-1;94=0;95=1;96=0;97=1;98=1;99=-1;100=0;101=-1;102=0;103=-1;104=0;105=-1;106=0;107=0;108=13;109=1;110=5;111=0;112=-1;113=0;116=1;120=0
23626,Megaflare,メガフレア,23xxx,0,100,1,2,13,Magical,1,5,Fire,0,magical,0,0,0,0,0,0,0,50,-1,0,0,false,-1,,,,,0,-1,,,84=0;85=1;86=1;87=-1;88=0;89=-1;90=0;91=-1;92=0;93=-1;94=0;95=1;96=0;97=1;98=1;99=-1;100=0;101=-1;102=0;103=-1;104=0;105=-1;106=0;107=0;108=13;109=1;110=5;111=0;112=-1;113=0;116=1;120=0
23627,Lunar Dynamo,ルナダイナモ,23xxx,0,100,1,2,13,Magical,0,11,Astral,0,magical,0,0,0,1000,3,0,4,25,-1,15,0,false,-1,,,,,0,-1,,,84=0;85=1;86=1;87=-1;88=0;89=-1;90=0;91=-1;92=0;93=-1;94=0;95=1;96=0;97=1;98=1;99=-1;100=0;101=-1;102=0;103=-1;104=0;105=-1;106=0;107=0;108=13;109=0;110=11;111=0;112=-1;113=0;116=1;120=0
23628,Self-destruct,自爆,23xxx,0,100,1,0,13,Magical,1,5,Fire,0,magical,0,0,0,0,1,3,8,15,-1,0,0,false,-1,,,,,0,-1,,,84=0;85=1;86=1;87=-1;88=0;89=-1;90=0;91=-1;92=0;93=-1;94=0;95=1;96=0.25;97=1;98=1;99=-1;100=0;101=-1;102=0;103=-1;104=0;105=-1;106=0;107=0;108=13;109=1;110=5;111=0;112=-1;113=0;116=1;120=60
23629,100-tonze Swipe,100トンズ・スワイプ,23xxx,0,100,1,2,3,Blunt,0,-1,None,0,physical,0,0,0,1000,5,0,4,12,-1,0,0,false,-1,,,,,0,-1,,,84=0;85=1;86=1;87=-1;88=0;89=-1;90=0;91=-1;92=0;93=-1;94=0;95=1;96=0;97=1;98=1;99=-1;100=0;101=-1;102=0;103=-1;104=0;105=-1;106=0;107=0;108=3;109=0;110=-1;111=0;112=-1;113=0;116=1;120=0
23630,100-tonze Swing,100トンズ・スイング,23xxx,0,100,1,2,3,Blunt,0,-1,None,0,physical,0,0,0,1000,7,0,4,10,-1,0,0,false,-1,,,,,0,-1,,,84=0;85=1;86=1;87=-1;88=0;89=-1;90=0;91=-1;92=0;93=-1;94=0;95=1;96=0;97=1;98=1;99=-1;100=0;101=-1;102=0;103=-1;104=0;105=-1;106=0;107=0;108=3;109=0;110=-1;111=0;112=-1;113=0;116=1;120=0
23631,Fierce Ravensbeak,フィアス・レイヴェンズビーク,23xxx,0,100,1,2,13,Magical,0,11,Astral,0,magical,0,0,0,0,0,0,0,15,-1,0,0,false,-1,,,,,0,-1,,,84=0;85=1;86=1;87=-1;88=0;89=-1;90=0;91=-1;92=0;93=-1;94=0;95=1;96=0;97=1;98=1;99=-1;100=0;101=-1;102=0;103=-1;104=0;105=-1;106=0;107=0;108=13;109=0;110=11;111=0;112=-1;113=0;116=1;120=0
23632,[@hyphen:021f0103][@hyphen:021f0103],（クリスタルパワー充填）※文章を表示,23xxx,0,100,1,2,-1,None,0,-1,None,0,none,0,0,0,0,0,0,0,0,-1,0,0,false,-1,,,,,0,-1,,,84=0;85=1;86=1;87=-1;88=0;89=-1;90=0;91=-1;92=0;93=-1;94=0;95=1;96=0;97=1;98=1;99=-1;100=0;101=-1;102=0;103=-1;104=0;105=-1;106=0;107=0;108=-1;109=0;110=-1;111=0;112=-1;113=0;116=1;120=0
23633,[@hyphen:021f0103][@hyphen:021f0103],（咆哮）※文章を表示,23xxx,0,100,1,0,-1,None,0,-1,None,0,none,0,0,0,0,0,0,0,0,-1,0,0,false,-1,,,,,0,-1,,,84=0;85=1;86=1;87=-1;88=0;89=-1;90=0;91=-1;92=0;93=-1;94=0;95=1;96=0;97=1;98=1;99=-1;100=0;101=-1;102=0;103=-1;104=0;105=-1;106=0;107=0;108=-1;109=0;110=-1;111=0;112=-1;113=0;116=1;120=0
23634,[@hyphen:021f0103][@hyphen:021f0103],（エーテライト吸収）※文章を表示,23xxx,0,100,1,0,-1,None,0,-1,None,0,none,0,0,0,0,0,0,0,0,-1,0,0,false,-1,,,,,0,-1,,,84=0;85=1;86=1;87=-1;88=0;89=-1;90=0;91=-1;92=0;93=-1;94=0;95=1;96=0;97=1;98=1;99=-1;100=0;101=-1;102=0;103=-1;104=0;105=-1;106=0;107=0;108=-1;109=0;110=-1;111=0;112=-1;113=0;116=1;120=0
23635,[@hyphen:021f0103][@hyphen:021f0103],（エーテライト吸収解除）※何も表示しない,23xxx,0,100,1,0,-1,None,0,-1,None,0,none,0,0,0,0,0,0,0,0,-1,0,0,false,-1,,,,,0,-1,,,84=0;85=1;86=1;87=-1;88=0;89=-1;90=0;91=-1;92=0;93=-1;94=0;95=1;96=0;97=1;98=1;99=-1;100=0;101=-1;102=0;103=-1;104=0;105=-1;106=0;107=0;108=-1;109=0;110=-1;111=0;112=-1;113=0;116=1;120=0
23636,-,文章なし（これが出たらバグ）,23xxx,0,100,1,0,-1,None,0,-1,None,0,none,0,0,0,0,0,0,0,0,-1,0,0,false,-1,,,,,0,-1,,,84=0;85=1;86=1;87=-1;88=0;89=-1;90=0;91=-1;92=0;93=-1;94=0;95=1;96=0;97=1;98=1;99=-1;100=0;101=-1;102=0;103=-1;104=0;105=-1;106=0;107=0;108=-1;109=0;110=-1;111=0;112=-1;113=0;116=0;120=0
23638,Heavy Heel,ヘヴィヒール,23xxx,0,100,1,0,3,Blunt,1,-1,None,0,physical,0,0,0,1000,1,0,6,6,-1,0,0,false,-1,,,,,0,-1,,,84=0;85=1;86=1;87=-1;88=0;89=-1;90=0;91=-1;92=0;93=-1;94=0;95=1;96=0.25;97=1;98=1;99=-1;100=0;101=-1;102=0;103=-1;104=0;105=-1;106=0;107=0;108=3;109=1;110=-1;111=0;112=-1;113=0;116=1;120=0
23639,Plaincracker,プレーンクラッカー,23xxx,0,100,1,0,13,Magical,1,8,Earth,0,magical,0,0,0,1000,2,0,8,8,-1,0,0,false,-1,,,,,0,-1,,,84=0;85=1;86=1;87=-1;88=0;89=-1;90=0;91=-1;92=0;93=-1;94=0;95=1;96=0.25;97=1;98=1;99=-1;100=0;101=-1;102=0;103=-1;104=0;105=-1;106=0;107=0;108=13;109=1;110=8;111=0;112=-1;113=0;116=1;120=0
23640,Boulder Clap,ボルダークラップ,23xxx,0,100,1,0,3,Blunt,1,-1,None,0,physical,0,0,0,1000,2,0,6,8,-1,0,0,false,-1,,,,,0,-1,,,84=0;85=1;86=1;87=-1;88=0;89=-1;90=0;91=-1;92=0;93=-1;94=0;95=1;96=0.25;97=1;98=1;99=-1;100=0;101=-1;102=0;103=-1;104=0;105=-1;106=0;107=0;108=3;109=1;110=-1;111=0;112=-1;113=0;116=1;120=0
23641,Landslide,ランドスライド,23xxx,0,100,1,0,13,Magical,1,8,Earth,0,magical,0,0,0,1000,3,0,8,8,-1,0,0,false,-1,,,,,0,-1,,,84=0;85=1;86=1;87=-1;88=0;89=-1;90=0;91=-1;92=0;93=-1;94=0;95=1;96=0.25;97=1;98=1;99=-1;100=0;101=-1;102=0;103=-1;104=0;105=-1;106=0;107=0;108=13;109=1;110=8;111=0;112=-1;113=0;116=1;120=0
23642,Switch Swipe,スイッチスワイプ,23xxx,0,100,1,2,3,Blunt,1,-1,None,0,physical,0,0,0,1000,1,0,4,8,-1,0,0,false,-1,,,,,0,-1,,,84=0;85=1;86=1;87=-1;88=0;89=-1;90=0;91=-1;92=0;93=-1;94=0;95=1;96=0;97=1;98=1;99=-1;100=0;101=-1;102=0;103=-1;104=0;105=-1;106=0;107=0;108=3;109=1;110=-1;111=0;112=-1;113=0;116=1;120=0
23643,Switch Swipe,スイッチスワイプ,23xxx,0,100,1,2,3,Blunt,1,-1,None,0,physical,0,0,0,1000,1,0,4,8,-1,0,0,false,-1,,,,,0,-1,,,84=0;85=1;86=1;87=-1;88=0;89=-1;90=0;91=-1;92=0;93=-1;94=0;95=1;96=0;97=1;98=1;99=-1;100=0;101=-1;102=0;103=-1;104=0;105=-1;106=0;107=0;108=3;109=1;110=-1;111=0;112=-1;113=0;116=1;120=0
23644,explosion,（いんせき）自爆※これが出たらバグです,23xxx,0,100,1,2,-1,None,0,-1,None,0,none,0,0,0,0,0,0,0,0,-1,0,0,false,-1,,,,,0,-1,,,84=0;85=1;86=1;87=-1;88=0;89=-1;90=0;91=-1;92=0;93=-1;94=0;95=1;96=0;97=1;98=1;99=-1;100=0;101=-1;102=0;103=-1;104=0;105=-1;106=0;107=0;108=-1;109=0;110=-1;111=0;112=-1;113=0;116=1;120=0
23645,explosion,爆散,23xxx,0,100,1,2,13,Magical,1,5,Fire,0,magical,0,0,0,0,0,0,0,50,-1,0,0,false,-1,,,,,0,-1,,,84=0;85=1;86=1;87=-1;88=0;89=-1;90=0;91=-1;92=0;93=-1;94=0;95=1;96=0;97=1;98=1;99=-1;100=0;101=-1;102=0;103=-1;104=0;105=-1;106=0;107=0;108=13;109=1;110=5;111=0;112=-1;113=0;116=1;120=0
25001,Attack,攻撃,25xxx,0,1,1,2,-1,None,0,-1,None,0,none,0,0,0,0,0,0,8,8,-1,0,0,false,-1,,,,,0,-1,,,84=0;85=1;86=1;87=-1;88=0;89=-1;90=0;91=-1;92=0;93=-1;94=0;95=1;96=0;97=1;98=1;99=-1;100=0;101=-1;102=0;103=-1;104=0;105=-1;106=0;107=1;108=-1;109=0;110=-1;111=0;112=-1;113=0;116=0;120=60
26001,Enhance Weapon,武器強化,26xxx,1,1,113,2,-1,None,0,-1,None,0,none,0,0,0,0,0,0,6,8,-1,0,0,false,-1,,,,,0,-1,,,84=0;85=1;86=1;87=-1;88=0;89=-1;90=0;91=-1;92=0;93=-1;94=0;95=1;96=0;97=1;98=1;99=-1;100=0;101=-1;102=0;103=-1;104=0;105=-1;106=0;107=1;108=-1;109=0;110=-1;111=0;112=-1;113=0;116=0;120=60
26502,Second Wind,内丹,26xxx,2,6,112,0,-1,None,0,-1,None,0,none,1600,0,0,250,0,45,6,0,-1,0,0,false,-1,,,,,0,-1,,,84=1600;85=1;86=1;87=2;88=0.5;89=-1;90=0;91=-1;92=0;93=-1;94=0;95=1;96=0;97=1;98=1;99=-1;100=0;101=-1;102=0;103=-1;104=0;105=-1;106=0;107=0;108=-1;109=0;110=-1;111=0;112=-1;113=0;116=1;120=60
26503,Second Wind II,内丹II,26xxx,2,36,112,0,-1,None,0,-1,None,0,none,1600,0,0,250,0,45,6,0,-1,0,0,false,-1,,,,,0,-1,,,84=1600;85=1;86=1;87=2;88=1;89=-1;90=0;91=-1;92=0;93=-1;94=0;95=1;96=0;97=1;98=1;99=-1;100=0;101=-1;102=0;103=-1;104=0;105=-1;106=0;107=0;108=-1;109=0;110=-1;111=0;112=-1;113=0;116=1;120=60
26504,Second Wind III,内丹III,26xxx,2,66,112,0,-1,None,0,-1,None,0,none,1600,0,0,250,0,45,6,0,-1,0,0,false,-1,,,,,0,-1,,,84=1600;85=1;86=1;87=2;88=1.5;89=-1;90=0;91=-1;92=0;93=-1;94=0;95=1;96=0;97=1;98=1;99=-1;100=0;101=-1;102=0;103=-1;104=0;105=-1;106=0;107=0;108=-1;109=0;110=-1;111=0;112=-1;113=0;116=1;120=60
26506,Taunt,口笛,26xxx,2,10,137,2,-1,None,0,-1,None,0,none,0,0,0,0,0,60,6,15,-1,0,0,false,-1,,,,,0,-1,,,84=0;85=1;86=1;87=-1;88=0;89=-1;90=0;91=-1;92=0;93=-1;94=0;95=1;96=0;97=1;98=1;99=-1;100=0;101=-1;102=0;103=-1;104=0;105=-1;106=0;107=0;108=-1;109=0;110=-1;111=0;112=-1;113=0;116=1;120=60
26507,Taunt II,口笛II,26xxx,2,40,137,2,-1,None,0,-1,None,0,none,0,0,0,0,0,50,6,15,-1,0,0,false,-1,,,,,0,-1,,,84=0;85=1;86=1;87=-1;88=0;89=-1;90=0;91=-1;92=0;93=-1;94=0;95=1;96=0;97=1;98=1;99=-1;100=0;101=-1;102=0;103=-1;104=0;105=-1;106=0;107=0;108=-1;109=0;110=-1;111=0;112=-1;113=0;116=1;120=60
26508,Taunt III,口笛III,26xxx,2,70,137,2,-1,None,0,-1,None,0,none,0,0,0,0,0,40,6,15,-1,0,0,false,-1,,,,,0,-1,,,84=0;85=1;86=1;87=-1;88=0;89=-1;90=0;91=-1;92=0;93=-1;94=0;95=1;96=0;97=1;98=1;99=-1;100=0;101=-1;102=0;103=-1;104=0;105=-1;106=0;107=0;108=-1;109=0;110=-1;111=0;112=-1;113=0;116=1;120=60
26510,Featherfoot,フェザーステップ,26xxx,2,12,112,0,-1,None,0,-1,None,0,none,0,0,0,0,0,30,3.5,0,-1,0,0,false,-1,,,,,0,-1,,,84=0;85=1;86=1;87=-1;88=0;89=-1;90=0;91=-1;92=0;93=-1;94=0;95=1;96=0;97=1;98=1;99=-1;100=0;101=-1;102=0;103=-1;104=0;105=-1;106=0;107=0;108=-1;109=0;110=-1;111=0;112=-1;113=0;116=1;120=60
26511,Featherfoot II,フェザーステップII,26xxx,2,42,112,0,-1,None,0,-1,None,0,none,0,0,0,0,0,30,3.5,0,-1,0,0,false,-1,,,,,0,-1,,,84=0;85=1;86=1;87=-1;88=0;89=-1;90=0;91=-1;92=0;93=-1;94=0;95=1;96=0;97=1;98=1;99=-1;100=0;101=-1;102=0;103=-1;104=0;105=-1;106=0;107=0;108=-1;109=0;110=-1;111=0;112=-1;113=0;116=1;120=60
26512,Featherfoot III,フェザーステップIII,26xxx,2,72,112,0,-1,None,0,-1,None,0,none,0,0,0,0,0,30,3.5,0,-1,0,0,false,-1,,,,,0,-1,,,84=0;85=1;86=1;87=-1;88=0;89=-1;90=0;91=-1;92=0;93=-1;94=0;95=1;96=0;97=1;98=1;99=-1;100=0;101=-1;102=0;103=-1;104=0;105=-1;106=0;107=0;108=-1;109=0;110=-1;111=0;112=-1;113=0;116=1;120=60
26514,Blindside,ブラインドサイド,26xxx,2,16,112,0,-1,None,0,-1,None,0,none,0,0,0,0,0,60,0,0,-1,0,0,false,-1,,,,,0,-1,,,84=0;85=1;86=1;87=-1;88=0;89=-1;90=0;91=-1;92=0;93=-1;94=0;95=1;96=0;97=1;98=1;99=-1;100=0;101=-1;102=0;103=-1;104=0;105=-1;106=0;107=0;108=-1;109=0;110=-1;111=0;112=-1;113=0;116=1;120=60
26515,Blindside II,ブラインドサイドII,26xxx,2,46,112,0,-1,None,0,-1,None,0,none,0,0,0,0,0,60,0,0,-1,0,0,false,-1,,,,,0,-1,,,84=0;85=1;86=1;87=-1;88=0;89=-1;90=0;91=-1;92=0;93=-1;94=0;95=1;96=0;97=1;98=1;99=-1;100=0;101=-1;102=0;103=-1;104=0;105=-1;106=0;107=0;108=-1;109=0;110=-1;111=0;112=-1;113=0;116=1;120=60
26516,Blindside III,ブラインドサイドIII,26xxx,2,76,112,0,-1,None,0,-1,None,0,none,0,0,0,0,0,60,0,0,-1,0,0,false,-1,,,,,0,-1,,,84=0;85=1;86=1;87=-1;88=0;89=-1;90=0;91=-1;92=0;93=-1;94=0;95=1;96=0;97=1;98=1;99=-1;100=0;101=-1;102=0;103=-1;104=0;105=-1;106=0;107=0;108=-1;109=0;110=-1;111=0;112=-1;113=0;116=1;120=60
26518,.Steal,.盗む,26xxx,2,99,112,2,-1,None,0,-1,None,0,none,0,0,0,0,0,60,10,5,-1,0,0,false,-1,,,,,0,-1,,,84=0;85=1;86=1;87=-1;88=0;89=-1;90=0;91=-1;92=0;93=-1;94=0;95=1;96=0;97=1;98=1;99=-1;100=0;101=-1;102=0;103=-1;104=0;105=-1;106=0;107=0;108=-1;109=0;110=-1;111=0;112=-1;113=0;116=1;120=60
26519,.Steal II,.盗むII,26xxx,2,99,112,2,-1,None,0,-1,None,0,none,0,0,0,0,0,60,10,5,-1,0,0,false,-1,,,,,0,-1,,,84=0;85=1;86=1;87=-1;88=0;89=-1;90=0;91=-1;92=0;93=-1;94=0;95=1;96=0;97=1;98=1;99=-1;100=0;101=-1;102=0;103=-1;104=0;105=-1;106=0;107=0;108=-1;109=0;110=-1;111=0;112=-1;113=0;116=1;120=60
26521,.-,.クァールステップ,26xxx,2,99,112,0,-1,None,0,-1,None,0,none,0,0,0,0,0,90,6,0,-1,0,0,false,-1,,,,,0,-1,,,84=0;85=1;86=1;87=-1;88=0;89=-1;90=0;91=-1;92=0;93=-1;94=0;95=1;96=0;97=1;98=1;99=-1;100=0;101=-1;102=0;103=-1;104=0;105=-1;106=0;107=0;108=-1;109=0;110=-1;111=0;112=-1;113=0;116=1;120=60
26522,.-,.クァールステップII,26xxx,2,99,112,0,-1,None,0,-1,None,0,none,0,0,0,0,0,90,6,0,-1,0,0,false,-1,,,,,0,-1,,,84=0;85=1;86=1;87=-1;88=0;89=-1;90=0;91=-1;92=0;93=-1;94=0;95=1;96=0;97=1;98=1;99=-1;100=0;101=-1;102=0;103=-1;104=0;105=-1;106=0;107=0;108=-1;109=0;110=-1;111=0;112=-1;113=0;116=1;120=60
26524,Accomplice,アカンプリス,26xxx,2,30,112,0,-1,None,0,-1,None,0,none,0,0,0,0,0,30,6,15,-1,0,0,false,-1,,,,,0,-1,,,84=0;85=1;86=1;87=-1;88=0;89=-1;90=0;91=-1;92=0;93=-1;94=0;95=1;96=0;97=1;98=1;99=-1;100=0;101=-1;102=0;103=-1;104=0;105=-1;106=0;107=0;108=-1;109=0;110=-1;111=0;112=-1;113=0;116=1;120=60
26525,Accomplice II,アカンプリスII,26xxx,2,62,112,0,-1,None,0,-1,None,0,none,0,0,0,0,0,30,6,15,-1,0,0,false,-1,,,,,0,-1,,,84=0;85=1;86=1;87=-1;88=0;89=-1;90=0;91=-1;92=0;93=-1;94=0;95=1;96=0;97=1;98=1;99=-1;100=0;101=-1;102=0;103=-1;104=0;105=-1;106=0;107=0;108=-1;109=0;110=-1;111=0;112=-1;113=0;116=1;120=60
26527,.-,.ハイド,26xxx,2,99,112,0,-1,None,0,-1,None,0,none,0,0,0,0,0,180,6,0,-1,0,0,false,-1,,,,,0,-1,,,84=0;85=1;86=1;87=-1;88=0;89=-1;90=0;91=-1;92=0;93=-1;94=0;95=1;96=0;97=1;98=1;99=-1;100=0;101=-1;102=0;103=-1;104=0;105=-1;106=0;107=0;108=-1;109=0;110=-1;111=0;112=-1;113=0;116=1;120=60
26529,Presence of Mind,サードアイ,26xxx,2,20,10,0,-1,None,0,-1,None,0,none,0,0,0,0,0,60,6,0,-1,0,0,true,-1,,,,,0,-1,,,84=0;85=1;86=1;87=-1;88=0;89=-1;90=0;91=-1;92=0;93=-1;94=0;95=1;96=0;97=1;98=1;99=-1;100=0;101=-1;102=0;103=-1;104=0;105=-1;106=0;107=0;108=-1;109=0;110=-1;111=0;112=-1;113=0;116=1;120=60
26530,Discerning Eye,見極める,26xxx,2,26,112,0,-1,None,0,-1,None,0,none,0,0,0,0,0,90,6,0,-1,0,0,false,-1,,,,,0,-1,,,84=0;85=1;86=1;87=-1;88=0;89=-1;90=0;91=-1;92=0;93=-1;94=0;95=1;96=0;97=1;98=1;99=-1;100=0;101=-1;102=0;103=-1;104=0;105=-1;106=0;107=0;108=-1;109=0;110=-1;111=0;112=-1;113=0;116=1;120=60
26612,Victimize,貫手,26xxx,2,18,113,2,2,Piercing,1,-1,None,0,physical,50,0,0,2000,0,60,3.5,5,-1,0,0,false,-1,,,,,0,-1,,,84=50;85=1;86=1;87=-1;88=0;89=-1;90=0;91=-1;92=0;93=-1;94=0;95=1;96=0.1;97=1;98=0;99=-1;100=0;101=-1;102=0;103=-1;104=0;105=-1;106=0;107=0;108=2;109=1;110=-1;111=0;112=-1;113=0;116=1.5;120=60
26613,Victimize II,貫手II,26xxx,2,48,113,2,2,Piercing,1,-1,None,0,physical,50,0,0,2000,0,60,3.5,5,-1,0,0,false,-1,,,,,0,-1,,,84=50;85=1;86=1;87=-1;88=0;89=-1;90=0;91=-1;92=0;93=-1;94=0;95=1;96=0.1;97=1;98=0;99=-1;100=0;101=-1;102=0;103=-1;104=0;105=-1;106=0;107=0;108=2;109=1;110=-1;111=0;112=-1;113=0;116=1.5;120=60
26615,Concussive Blow,コンカシブブロー,26xxx,2,1,135,2,3,Blunt,1,-1,None,0,physical,50,0,0,1000,0,10,3.5,5,-1,0,0,false,-1,,,,,0,-1,,,84=50;85=1;86=1;87=-1;88=0;89=-1;90=0;91=-1;92=0;93=-1;94=0;95=1;96=0.1;97=1;98=0;99=-1;100=0;101=-1;102=0;103=-1;104=0;105=-1;106=0;107=0;108=3;109=1;110=-1;111=0;112=-1;113=0;116=1;120=60
26616,Concussive Blow II,コンカシブブローII,26xxx,2,22,135,2,3,Blunt,1,-1,None,0,physical,50,0,0,1000,0,10,3.5,5,-1,0,0,false,-1,,,,,0,-1,,,84=50;85=1;86=1;87=-1;88=0;89=-1;90=0;91=-1;92=0;93=-1;94=0;95=1;96=0.1;97=1;98=0;99=-1;100=0;101=-1;102=0;103=-1;104=0;105=-1;106=0;107=0;108=3;109=1;110=-1;111=0;112=-1;113=0;116=1;120=60
26618,Haymaker,ヘイメーカー,26xxx,2,4,137,2,3,Blunt,1,-1,None,0,physical,50,0,0,250,0,5,0,5,-1,0,0,false,-1,,,,,0,-1,,,84=50;85=1;86=1;87=-1;88=0;89=-1;90=0;91=-1;92=0;93=-1;94=0;95=1;96=0.1;97=1;98=0;99=-1;100=0;101=-1;102=0;103=-1;104=0;105=-1;106=0;107=0;108=3;109=1;110=-1;111=0;112=-1;113=0;116=1;120=0
26619,Haymaker II,ヘイメーカーII,26xxx,2,32,137,2,3,Blunt,1,-1,None,0,physical,50,0,0,250,0,5,0,5,-1,0,0,false,-1,,,,,0,-1,,,84=50;85=1;86=1;87=-1;88=0;89=-1;90=0;91=-1;92=0;93=-1;94=0;95=1;96=0.1;97=1;98=0;99=-1;100=0;101=-1;102=0;103=-1;104=0;105=-1;106=0;107=0;108=3;109=1;110=-1;111=0;112=-1;113=0;116=1;120=0
26621,Seismic Shock,地烈斬,26xxx,2,8,113,2,13,Magical,1,8,Earth,0,magical,50,0,10,1000,0,10,3.5,5,-1,0,0,false,-1,,,,,0,-1,,,84=50;85=1;86=1;87=-1;88=0;89=-1;90=0;91=-1;92=0;93=-1;94=0;95=1;96=0.1;97=1;98=1;99=-1;100=0;101=-1;102=0;103=-1;104=0;105=-1;106=0;107=0.5;108=13;109=1;110=8;111=0;112=-1;113=0;116=1;120=60
26622,Seismic Shock II,地烈斬II,26xxx,2,28,113,2,13,Magical,1,8,Earth,0,magical,50,0,10,1000,0,10,3.5,5,-1,0,0,false,-1,,,,,0,-1,,,84=50;85=1;86=1;87=-1;88=0;89=-1;90=0;91=-1;92=0;93=-1;94=0;95=1;96=0.1;97=1;98=1;99=-1;100=0;101=-1;102=0;103=-1;104=0;105=-1;106=0;107=0.5;108=13;109=1;110=8;111=0;112=-1;113=0;116=1;120=60
26624,Jarring Strike,ジャーリングストライク,26xxx,2,14,112,2,3,Blunt,1,-1,None,0,physical,50,0,0,250,0,5,0,5,-1,0,0,false,-1,,,,,0,-1,,,84=50;85=1;86=1;87=-1;88=0;89=-1;90=0;91=-1;92=0;93=-1;94=0;95=1;96=0.1;97=1;98=1;99=-1;100=0;101=-1;102=0;103=-1;104=0;105=-1;106=0;107=0;108=3;109=1;110=-1;111=0;112=-1;113=0;116=1;120=0
26625,Jarring Strike II,ジャーリングストライクII,26xxx,2,38,112,2,3,Blunt,1,-1,None,0,physical,50,0,0,250,0,5,0,5,-1,0,0,false,-1,,,,,0,-1,,,84=50;85=1;86=1;87=-1;88=0;89=-1;90=0;91=-1;92=0;93=-1;94=0;95=1;96=0.1;97=1;98=1;99=-1;100=0;101=-1;102=0;103=-1;104=0;105=-1;106=0;107=0;108=3;109=1;110=-1;111=0;112=-1;113=0;116=1;120=0
26626,Jarring Strike III,ジャーリングストライクIII,26xxx,2,99,112,2,3,Blunt,1,-1,None,0,physical,50,0,0,250,0,5,0,5,-1,0,0,false,-1,,,,,0,-1,,,84=50;85=1;86=1;87=-1;88=0;89=-1;90=0;91=-1;92=0;93=-1;94=0;95=1;96=0.1;97=1;98=1;99=-1;100=0;101=-1;102=0;103=-1;104=0;105=-1;106=0;107=0;108=3;109=1;110=-1;111=0;112=-1;113=0;116=1;120=0
26628,Aura Pulse,オーラパルス,26xxx,2,24,112,2,3,Blunt,1,-1,None,0,physical,50,0,0,1000,0,10,3.5,5,-1,0,0,false,-1,,,,,0,-1,,,84=50;85=1;86=1;87=-1;88=0;89=-1;90=0;91=-1;92=0;93=-1;94=0;95=1;96=0.1;97=1;98=1;99=-1;100=0;101=-1;102=0;103=-1;104=0;105=-1;106=0;107=0;108=3;109=1;110=-1;111=0;112=-1;113=0;116=1;120=60
26629,Aura Pulse II,オーラパルスII,26xxx,2,54,112,2,3,Blunt,1,-1,None,0,physical,50,0,0,1000,0,10,3.5,5,-1,0,0,false,-1,,,,,0,-1,,,84=50;85=1;86=1;87=-1;88=0;89=-1;90=0;91=-1;92=0;93=-1;94=0;95=1;96=0.1;97=1;98=1;99=-1;100=0;101=-1;102=0;103=-1;104=0;105=-1;106=0;107=0;108=3;109=1;110=-1;111=0;112=-1;113=0;116=1;120=60
26630,Aura Pulse III,オーラパルスIII,26xxx,2,99,112,2,3,Blunt,1,-1,None,0,physical,50,0,0,1000,0,10,3.5,5,-1,0,0,false,-1,,,,,0,-1,,,84=50;85=1;86=1;87=-1;88=0;89=-1;90=0;91=-1;92=0;93=-1;94=0;95=1;96=0.1;97=1;98=1;99=-1;100=0;101=-1;102=0;103=-1;104=0;105=-1;106=0;107=0;108=3;109=1;110=-1;111=0;112=-1;113=0;116=1;120=60
26632,.Shoulder Tackle,.タックル,26xxx,2,99,112,2,3,Blunt,1,-1,None,0,physical,0,0,0,1000,0,10,3.5,5,-1,0,0,false,-1,,,,,0,-1,,,84=0;85=1;86=1;87=-1;88=0;89=-1;90=0;91=-1;92=0;93=-1;94=0;95=1;96=0.1;97=1;98=1;99=-1;100=0;101=-1;102=0;103=-1;104=0;105=-1;106=0;107=0;108=3;109=1;110=-1;111=0;112=-1;113=0;116=1;120=60
26634,Pounce,当身,26xxx,2,34,112,2,3,Blunt,1,-1,None,0,physical,50,0,0,500,0,60,7,5,-1,0,0,false,-1,,,,,0,-1,,,84=50;85=1;86=1;87=-1;88=0;89=-1;90=0;91=-1;92=0;93=-1;94=0;95=1;96=0.1;97=1;98=1;99=-1;100=0;101=-1;102=0;103=-1;104=0;105=-1;106=0;107=0;108=3;109=1;110=-1;111=0;112=-1;113=0;116=1;120=60
26635,Pounce II,当身II,26xxx,2,99,112,2,3,Blunt,1,-1,None,0,physical,50,0,0,500,0,60,7,5,-1,0,0,false,-1,,,,,0,-1,,,84=50;85=1;86=1;87=-1;88=0;89=-1;90=0;91=-1;92=0;93=-1;94=0;95=1;96=0.1;97=1;98=1;99=-1;100=0;101=-1;102=0;103=-1;104=0;105=-1;106=0;107=0;108=3;109=1;110=-1;111=0;112=-1;113=0;116=1;120=60
26637,Follow Through,零勁,26xxx,2,44,135,2,-1,None,0,-1,None,0,none,50,0,0,1000,0,10,3.5,5,-1,0,0,false,-1,,,,,0,-1,,,84=50;85=1;86=1;87=-1;88=0;89=-1;90=0;91=-1;92=0;93=-1;94=0;95=1;96=0.1;97=1;98=0;99=-1;100=0;101=-1;102=0;103=-1;104=0;105=-1;106=0;107=1;108=-1;109=0;110=-1;111=0;112=-1;113=0;116=1;120=60
26638,Follow Through II,零勁II,26xxx,2,99,135,2,-1,None,0,-1,None,0,none,50,0,0,1000,0,10,3.5,5,-1,0,0,false,-1,,,,,0,-1,,,84=50;85=1;86=1;87=-1;88=0;89=-1;90=0;91=-1;92=0;93=-1;94=0;95=1;96=0.1;97=1;98=0;99=-1;100=0;101=-1;102=0;103=-1;104=0;105=-1;106=0;107=1;108=-1;109=0;110=-1;111=0;112=-1;113=0;116=1;120=60
26640,Simian Thrash,猿猴九連掌,26xxx,2,50,113,2,3,Blunt,1,-1,None,0,physical,0,0,0,1500,0,30,3.5,5,-1,0,0,false,-1,,,,,0,-1,,,84=0;85=1;86=1;87=-1;88=0;89=-1;90=0;91=-1;92=0;93=-1;94=0;95=1;96=0.1;97=1;98=1;99=-1;100=0;101=-1;102=0;103=-1;104=0;105=-1;106=0;107=0;108=3;109=1;110=-1;111=0;112=-1;113=0;116=2;120=0
26642,.Asuran Fists,.夢想阿修羅拳,26xxx,2,99,113,2,3,Blunt,1,-1,None,0,physical,0,0,0,2000,0,30,3.5,5,-1,0,0,false,-1,,,,,0,-1,,,84=0;85=1;86=1;87=-1;88=0;89=-1;90=0;91=-1;92=0;93=-1;94=0;95=1;96=0.1;97=1;98=1;99=-1;100=0;101=-1;102=0;103=-1;104=0;105=-1;106=0;107=0;108=3;109=1;110=-1;111=0;112=-1;113=0;116=1.5;120=60
26644,.-,.双竜連脚,26xxx,2,99,112,2,3,Blunt,1,-1,None,0,physical,0,0,0,1000,0,10,3.5,5,-1,0,0,false,-1,,,,,0,-1,,,84=0;85=1;86=1;87=-1;88=0;89=-1;90=0;91=-1;92=0;93=-1;94=0;95=1;96=0.1;97=1;98=1;99=-1;100=0;101=-1;102=0;103=-1;104=0;105=-1;106=0;107=0;108=3;109=1;110=-1;111=0;112=-1;113=0;116=1;120=60
26677,Light Strike,拳撃,26xxx,2,1,113,2,-1,None,0,-1,None,0,none,0,0,10,0,0,30,3.5,5,-1,0,0,false,-1,,,,,0,-1,,,84=0;85=1;86=1;87=-1;88=0;89=-1;90=0;91=-1;92=0;93=-1;94=0;95=1;96=0;97=1;98=1;99=-1;100=0;101=-1;102=0;103=-1;104=0;105=-1;106=0;107=1;108=-1;109=0;110=-1;111=0;112=-1;113=0;116=0;120=60
26678,Flurry,連撃,26xxx,2,40,113,2,-1,None,0,-1,None,0,none,0,0,0,0,0,60,3.5,5,-1,0,0,false,-1,,,,,0,-1,,,84=0;85=1;86=1;87=-1;88=0;89=-1;90=0;91=-1;92=0;93=-1;94=0;95=1;96=0;97=1;98=1;99=-1;100=0;101=-1;102=0;103=-1;104=0;105=-1;106=0;107=1;108=-1;109=0;110=-1;111=0;112=-1;113=0;116=0;120=60
26679,Pummel,裏拳,26xxx,2,20,113,2,-1,None,0,-1,None,0,none,0,0,10,0,0,30,4.5,5,-1,0,0,false,-1,,,,,0,-1,,,84=0;85=1;86=1;87=-1;88=0;89=-1;90=0;91=-1;92=0;93=-1;94=0;95=1;96=0;97=1;98=1;99=-1;100=0;101=-1;102=0;103=-1;104=0;105=-1;106=0;107=1;108=-1;109=0;110=-1;111=0;112=-1;113=0;116=0;120=60
26682,Rampart,ランパート,26xxx,3,4,112,0,-1,None,0,-1,None,0,none,0,0,0,0,0,300,6,0,-1,0,0,false,-1,,,,,0,-1,,,84=0;85=1;86=1;87=-1;88=0;89=-1;90=0;91=-1;92=0;93=-1;94=0;95=1;96=0;97=1;98=1;99=-1;100=0;101=-1;102=0;103=-1;104=0;105=-1;106=0;107=0;108=-1;109=0;110=-1;111=0;112=-1;113=0;116=1;120=60
26683,Rampart II,ランパートII,26xxx,3,34,112,0,-1,None,0,-1,None,0,none,0,0,0,0,0,300,6,0,-1,0,0,false,-1,,,,,0,-1,,,84=0;85=1;86=1;87=-1;88=0;89=-1;90=0;91=-1;92=0;93=-1;94=0;95=1;96=0;97=1;98=1;99=-1;100=0;101=-1;102=0;103=-1;104=0;105=-1;106=0;107=0;108=-1;109=0;110=-1;111=0;112=-1;113=0;116=1;120=60
26684,Rampart III,ランパートIII,26xxx,3,99,112,0,-1,None,0,-1,None,0,none,0,0,0,0,0,300,6,0,-1,0,0,false,-1,,,,,0,-1,,,84=0;85=1;86=1;87=-1;88=0;89=-1;90=0;91=-1;92=0;93=-1;94=0;95=1;96=0;97=1;98=1;99=-1;100=0;101=-1;102=0;103=-1;104=0;105=-1;106=0;107=0;108=-1;109=0;110=-1;111=0;112=-1;113=0;116=1;120=60
26686,Provoke,挑発,26xxx,3,10,138,2,-1,None,0,-1,None,0,none,0,0,0,0,0,20,6,15,-1,0,0,false,-1,,,,,0,-1,,,84=0;85=1;86=1;87=-1;88=0;89=-1;90=0;91=-1;92=0;93=-1;94=0;95=1;96=0;97=1;98=1;99=-1;100=0;101=-1;102=0;103=-1;104=0;105=-1;106=0;107=0;108=-1;109=0;110=-1;111=0;112=-1;113=0;116=1;120=60
26687,Provoke II,挑発II,26xxx,3,40,138,2,-1,None,0,-1,None,0,none,0,0,0,0,0,20,6,15,-1,0,0,false,-1,,,,,0,-1,,,84=0;85=1;86=1;87=-1;88=0;89=-1;90=0;91=-1;92=0;93=-1;94=0;95=1;96=0;97=1;98=1;99=-1;100=0;101=-1;102=0;103=-1;104=0;105=-1;106=0;107=0;108=-1;109=0;110=-1;111=0;112=-1;113=0;116=1;120=60
26688,Provoke III,挑発III,26xxx,3,99,138,2,-1,None,0,-1,None,0,none,0,0,0,0,0,20,6,15,-1,0,0,false,-1,,,,,0,-1,,,84=0;85=1;86=1;87=-1;88=0;89=-1;90=0;91=-1;92=0;93=-1;94=0;95=1;96=0;97=1;98=1;99=-1;100=0;101=-1;102=0;103=-1;104=0;105=-1;106=0;107=0;108=-1;109=0;110=-1;111=0;112=-1;113=0;116=1;120=60
26690,Still Precision,プレシジョン,26xxx,3,14,10,0,-1,None,0,-1,None,0,none,0,0,0,0,0,90,6,0,-1,0,0,true,-1,,,,,0,-1,,,84=0;85=1;86=1;87=-1;88=0;89=-1;90=0;91=-1;92=0;93=-1;94=0;95=1;96=0;97=1;98=1;99=-1;100=0;101=-1;102=0;103=-1;104=0;105=-1;106=0;107=0;108=-1;109=0;110=-1;111=0;112=-1;113=0;116=1;120=60
26691,Still Precision II,プレシジョンII,26xxx,3,44,10,0,-1,None,0,-1,None,0,none,0,0,0,0,0,90,6,0,-1,0,0,true,-1,,,,,0,-1,,,84=0;85=1;86=1;87=-1;88=0;89=-1;90=0;91=-1;92=0;93=-1;94=0;95=1;96=0;97=1;98=1;99=-1;100=0;101=-1;102=0;103=-1;104=0;105=-1;106=0;107=0;108=-1;109=0;110=-1;111=0;112=-1;113=0;116=1;120=60
26693,Obsess,オブセス,26xxx,3,18,10,2,-1,None,0,-1,None,0,none,0,0,0,0,0,45,6,12,-1,0,0,true,-1,,,,,0,-1,,,84=0;85=1;86=1;87=-1;88=0;89=-1;90=0;91=-1;92=0;93=-1;94=0;95=1;96=0;97=1;98=1;99=-1;100=0;101=-1;102=0;103=-1;104=0;105=-1;106=0;107=0;108=-1;109=0;110=-1;111=0;112=-1;113=0;116=1;120=60
26694,Obsess II,オブセスII,26xxx,3,48,10,2,-1,None,0,-1,None,0,none,0,0,0,0,0,45,6,12,-1,0,0,true,-1,,,,,0,-1,,,84=0;85=1;86=1;87=-1;88=0;89=-1;90=0;91=-1;92=0;93=-1;94=0;95=1;96=0;97=1;98=1;99=-1;100=0;101=-1;102=0;103=-1;104=0;105=-1;106=0;107=0;108=-1;109=0;110=-1;111=0;112=-1;113=0;116=1;120=60
26696,Cover,カバー,26xxx,3,22,10,0,-1,None,0,-1,None,0,none,0,0,0,0,0,60,6,15,-1,0,0,true,-1,,,,,0,-1,,,84=0;85=1;86=1;87=-1;88=0;89=-1;90=0;91=-1;92=0;93=-1;94=0;95=1;96=0;97=1;98=1;99=-1;100=0;101=-1;102=0;103=-1;104=0;105=-1;106=0;107=0;108=-1;109=0;110=-1;111=0;112=-1;113=0;116=1;120=60
26698,Cadence,ケイデンス,26xxx,3,26,10,0,-1,None,0,-1,None,0,none,0,0,0,0,0,60,6,0,-1,0,0,true,-1,,,,,0,-1,,,84=0;85=1;86=1;87=-1;88=0;89=-1;90=0;91=-1;92=0;93=-1;94=0;95=1;96=0;97=1;98=1;99=-1;100=0;101=-1;102=0;103=-1;104=0;105=-1;106=0;107=0;108=-1;109=0;110=-1;111=0;112=-1;113=0;116=1;120=60
26699,Cadence II,ケイデンスII,26xxx,3,66,10,0,-1,None,0,-1,None,0,none,0,0,0,0,0,60,6,0,-1,0,0,true,-1,,,,,0,-1,,,84=0;85=1;86=1;87=-1;88=0;89=-1;90=0;91=-1;92=0;93=-1;94=0;95=1;96=0;97=1;98=1;99=-1;100=0;101=-1;102=0;103=-1;104=0;105=-1;106=0;107=0;108=-1;109=0;110=-1;111=0;112=-1;113=0;116=1;120=60
26701,Ambidexterity,双手,26xxx,3,30,112,0,-1,None,0,-1,None,0,none,0,0,0,0,0,300,6,0,-1,0,0,false,-1,,,,,0,-1,,,84=0;85=1;86=1;87=-1;88=0;89=-1;90=0;91=-1;92=0;93=-1;94=0;95=1;96=0;97=1;98=1;99=-1;100=0;101=-1;102=0;103=-1;104=0;105=-1;106=0;107=0;108=-1;109=0;110=-1;111=0;112=-1;113=0;116=1;120=60
26703,Sentinel,センチネル,26xxx,3,36,112,0,-1,None,0,-1,None,0,none,0,0,0,0,0,60,6,0,-1,0,0,false,-1,,,,,0,-1,,,84=0;85=1;86=1;87=-1;88=0;89=-1;90=0;91=-1;92=0;93=-1;94=0;95=1;96=0;97=1;98=1;99=-1;100=0;101=-1;102=0;103=-1;104=0;105=-1;106=0;107=0;108=-1;109=0;110=-1;111=0;112=-1;113=0;116=1;120=60
26704,Sentinel II,センチネルII,26xxx,3,99,112,0,-1,None,0,-1,None,0,none,0,0,0,0,0,60,6,0,-1,0,0,false,-1,,,,,0,-1,,,84=0;85=1;86=1;87=-1;88=0;89=-1;90=0;91=-1;92=0;93=-1;94=0;95=1;96=0;97=1;98=1;99=-1;100=0;101=-1;102=0;103=-1;104=0;105=-1;106=0;107=0;108=-1;109=0;110=-1;111=0;112=-1;113=0;116=1;120=60
26708,Tempered Will,鋼の意志,26xxx,3,46,112,0,-1,None,0,-1,None,0,none,0,0,0,0,0,90,6,0,-1,0,0,false,-1,,,,,0,-1,,,84=0;85=1;86=1;87=-1;88=0;89=-1;90=0;91=-1;92=0;93=-1;94=0;95=1;96=0;97=1;98=1;99=-1;100=0;101=-1;102=0;103=-1;104=0;105=-1;106=0;107=0;108=-1;109=0;110=-1;111=0;112=-1;113=0;116=1;120=60
26710,.Master of Arms,.マスターオブアームズ,26xxx,3,99,112,0,-1,None,0,-1,None,0,none,0,0,0,0,0,180,3,0,-1,0,0,false,-1,,,,,0,-1,,,84=0;85=1;86=1;87=-1;88=0;89=-1;90=0;91=-1;92=0;93=-1;94=0;95=1;96=0;97=1;98=1;99=-1;100=0;101=-1;102=0;103=-1;104=0;105=-1;106=0;107=0;108=-1;109=0;110=-1;111=0;112=-1;113=0;116=1;120=60
26712,.Battle Calm,.バトルカーム,26xxx,3,99,112,0,-1,None,0,-1,None,0,none,0,0,10,0,0,60,0,0,-1,0,0,false,-1,,,,,0,-1,,,84=0;85=1;86=1;87=-1;88=0;89=-1;90=0;91=-1;92=0;93=-1;94=0;95=1;96=0;97=1;98=1;99=-1;100=0;101=-1;102=0;103=-1;104=0;105=-1;106=0;107=0;108=-1;109=0;110=-1;111=0;112=-1;113=0;116=1;120=60
26792,Red Lotus,レッドロータス,26xxx,3,1,112,2,13,Magical,1,5,Fire,0,magical,75,0,10,1000,0,10,3.5,5,-1,0,0,false,-1,,,,,0,-1,,,84=75;85=1;86=1;87=-1;88=0;89=-1;90=0;91=-1;92=0;93=-1;94=0;95=1;96=0.1;97=1;98=1;99=-1;100=0;101=-1;102=0;103=-1;104=0;105=-1;106=0;107=0.5;108=13;109=1;110=5;111=0;112=-1;113=0;116=1;120=60
26793,Red Lotus II,レッドロータスII,26xxx,3,28,112,2,13,Magical,1,5,Fire,0,magical,75,0,10,1000,0,10,3.5,5,-1,0,0,false,-1,,,,,0,-1,,,84=75;85=1;86=1;87=-1;88=0;89=-1;90=0;91=-1;92=0;93=-1;94=0;95=1;96=0.1;97=1;98=1;99=-1;100=0;101=-1;102=0;103=-1;104=0;105=-1;106=0;107=0.5;108=13;109=1;110=5;111=0;112=-1;113=0;116=1;120=60
26795,Circle Slash,サークルスラッシュ,26xxx,3,6,112,2,1,Slashing,1,-1,None,0,physical,75,0,0,1000,0,10,3.5,5,-1,0,0,false,-1,,,,,0,-1,,,84=75;85=1;86=1;87=-1;88=0;89=-1;90=0;91=-1;92=0;93=-1;94=0;95=1;96=0.1;97=1;98=1;99=-1;100=0;101=-1;102=0;103=-1;104=0;105=-1;106=0;107=0;108=1;109=1;110=-1;111=0;112=-1;113=0;116=1;120=60
26796,Circle Slash II,サークルスラッシュII,26xxx,3,32,112,2,1,Slashing,1,-1,None,0,physical,75,0,0,1000,0,10,3.5,5,-1,0,0,false,-1,,,,,0,-1,,,84=75;85=1;86=1;87=-1;88=0;89=-1;90=0;91=-1;92=0;93=-1;94=0;95=1;96=0.1;97=1;98=1;99=-1;100=0;101=-1;102=0;103=-1;104=0;105=-1;106=0;107=0;108=1;109=1;110=-1;111=0;112=-1;113=0;116=1;120=60
26798,Phalanx,ファランクス,26xxx,3,8,112,2,1,Slashing,1,-1,None,0,physical,75,0,0,250,0,5,0,5,-1,0,0,false,-1,,,,,0,-1,,,84=75;85=1;86=1;87=-1;88=0;89=-1;90=0;91=-1;92=0;93=-1;94=0;95=1;96=0.1;97=1;98=1;99=-1;100=0;101=-1;102=0;103=-1;104=0;105=-1;106=0;107=0;108=1;109=1;110=-1;111=0;112=-1;113=0;116=1;120=0
26799,Phalanx II,ファランクスII,26xxx,3,38,112,2,1,Slashing,1,-1,None,0,physical,75,0,0,250,0,5,0,5,-1,0,0,false,-1,,,,,0,-1,,,84=75;85=1;86=1;87=-1;88=0;89=-1;90=0;91=-1;92=0;93=-1;94=0;95=1;96=0.1;97=1;98=1;99=-1;100=0;101=-1;102=0;103=-1;104=0;105=-1;106=0;107=0;108=1;109=1;110=-1;111=0;112=-1;113=0;116=1;120=0
26802,Spinstroke,スピンストローク,26xxx,3,12,112,2,1,Slashing,1,-1,None,0,physical,75,0,0,1000,0,10,3.5,5,-1,0,0,false,-1,,,,,0,-1,,,84=75;85=1;86=1;87=-1;88=0;89=-1;90=0;91=-1;92=0;93=-1;94=0;95=1;96=0.1;97=1;98=1;99=-1;100=0;101=-1;102=0;103=-1;104=0;105=-1;106=0;107=0;108=1;109=1;110=-1;111=0;112=-1;113=0;116=1;120=60
26803,Spinstroke II,スピンストロークII,26xxx,3,42,112,2,1,Slashing,1,-1,None,0,physical,75,0,0,1000,0,10,3.5,5,-1,0,0,false,-1,,,,,0,-1,,,84=75;85=1;86=1;87=-1;88=0;89=-1;90=0;91=-1;92=0;93=-1;94=0;95=1;96=0.1;97=1;98=1;99=-1;100=0;101=-1;102=0;103=-1;104=0;105=-1;106=0;107=0;108=1;109=1;110=-1;111=0;112=-1;113=0;116=1;120=60
26805,Onion Cut,オニオンカット,26xxx,3,20,112,2,1,Slashing,1,-1,None,0,physical,75,0,0,1000,0,10,3.5,5,-1,0,0,false,-1,,,,,0,-1,,,84=75;85=1;86=1;87=-1;88=0;89=-1;90=0;91=-1;92=0;93=-1;94=0;95=1;96=0.1;97=1;98=1;99=-1;100=0;101=-1;102=0;103=-1;104=0;105=-1;106=0;107=0;108=1;109=1;110=-1;111=0;112=-1;113=0;116=1;120=60
26807,Howling Vortex,ハウリングブレード,26xxx,3,16,112,2,1,Slashing,1,-1,None,0,physical,75,0,0,1000,0,10,3.5,5,-1,0,0,false,-1,,,,,0,-1,,,84=75;85=1;86=1;87=-1;88=0;89=-1;90=0;91=-1;92=0;93=-1;94=0;95=1;96=0.1;97=1;98=1;99=-1;100=0;101=-1;102=0;103=-1;104=0;105=-1;106=0;107=0;108=1;109=1;110=-1;111=0;112=-1;113=0;116=1;120=60
26808,Howling Vortex II,ハウリングブレードII,26xxx,3,54,112,2,1,Slashing,1,-1,None,0,physical,75,0,0,1000,0,10,3.5,5,-1,0,0,false,-1,,,,,0,-1,,,84=75;85=1;86=1;87=-1;88=0;89=-1;90=0;91=-1;92=0;93=-1;94=0;95=1;96=0.1;97=1;98=1;99=-1;100=0;101=-1;102=0;103=-1;104=0;105=-1;106=0;107=0;108=1;109=1;110=-1;111=0;112=-1;113=0;116=1;120=60
26809,Luminous Spire,ルミナススパイア,26xxx,3,24,113,2,13,Magical,1,11,Astral,0.33,magical,75,0,10,1000,0,10,3.5,5,-1,0,8,false,-1,,,,,0,-1,,,84=75;85=1;86=1;87=-1;88=0;89=-1;90=0;91=-1;92=0;93=-1;94=0;95=1;96=0.1;97=1;98=1;99=-1;100=0;101=-1;102=0;103=-1;104=0;105=-1;106=0;107=0.5;108=13;109=1;110=11;111=0.33;112=-1;113=0;116=1;120=60
26811,Rage of Halone,レイジオブハルオーネ,26xxx,3,30,113,2,2,Piercing,1,-1,None,0,physical,75,0,0,1000,5,10,3.5,5,-1,0,0,false,-1,,,,,0,-1,,,84=75;85=1;86=1;87=-1;88=0;89=-1;90=0;91=-1;92=0;93=-1;94=0;95=1;96=0.1;97=1;98=1;99=-1;100=0;101=-1;102=0;103=-1;104=0;105=-1;106=0;107=0;108=2;109=1;110=-1;111=0;112=-1;113=0;116=1;120=60
26812,Rage of Halone II,レイジオブハルオーネII,26xxx,3,99,113,2,2,Piercing,1,-1,None,0,physical,75,0,0,1000,5,10,3.5,5,-1,0,0,false,-1,,,,,0,-1,,,84=75;85=1;86=1;87=-1;88=0;89=-1;90=0;91=-1;92=0;93=-1;94=0;95=1;96=0.1;97=1;98=1;99=-1;100=0;101=-1;102=0;103=-1;104=0;105=-1;106=0;107=0;108=2;109=1;110=-1;111=0;112=-1;113=0;116=1;120=60
26814,Riot Blade,ライオットソード,26xxx,3,50,113,2,1,Slashing,1,-1,None,0,physical,75,0,0,2000,0,10,3.5,5,-1,0,0,false,-1,,,,,0,-1,,,84=75;85=1;86=1;87=-1;88=0;89=-1;90=0;91=-1;92=0;93=-1;94=0;95=1;96=0.1;97=1;98=1;99=-1;100=0;101=-1;102=0;103=-1;104=0;105=-1;106=0;107=0;108=1;109=1;110=-1;111=0;112=-1;113=0;116=1.5;120=60
26815,Riot Blade II,ライオットソードII,26xxx,3,99,113,2,1,Slashing,1,-1,None,0,physical,75,0,0,2000,0,10,3.5,5,-1,0,0,false,-1,,,,,0,-1,,,84=75;85=1;86=1;87=-1;88=0;89=-1;90=0;91=-1;92=0;93=-1;94=0;95=1;96=0.1;97=1;98=1;99=-1;100=0;101=-1;102=0;103=-1;104=0;105=-1;106=0;107=0;108=1;109=1;110=-1;111=0;112=-1;113=0;116=1.5;120=60
26817,.Stroke of Time,.紫電一閃,26xxx,3,99,113,2,1,Slashing,1,-1,None,0,physical,75,0,0,2000,0,40,3.5,5,-1,0,0,false,-1,,,,,0,-1,,,84=75;85=1;86=1;87=-1;88=0;89=-1;90=0;91=-1;92=0;93=-1;94=0;95=1;96=0.1;97=1;98=1;99=-1;100=0;101=-1;102=0;103=-1;104=0;105=-1;106=0;107=0;108=1;109=1;110=-1;111=0;112=-1;113=0;116=1.5;120=60
26819,.Inferno Edge,.インフェルノエッジ,26xxx,3,99,113,2,13,Magical,1,5,Fire,0,magical,75,0,10,1500,0,30,3.5,5,-1,0,0,false,-1,,,,,0,-1,,,84=75;85=1;86=1;87=-1;88=0;89=-1;90=0;91=-1;92=0;93=-1;94=0;95=1;96=0.1;97=1;98=1;99=-1;100=0;101=-1;102=0;103=-1;104=0;105=-1;106=0;107=0.5;108=13;109=1;110=5;111=0;112=-1;113=0;116=1;120=60
26821,Void Rend,.無頼剣,26xxx,3,99,113,2,-1,None,0,-1,None,0,none,75,0,0,2000,0,30,3.5,5,-1,0,0,false,-1,,,,,0,-1,,,84=75;85=1;86=1;87=-1;88=0;89=-1;90=0;91=-1;92=0;93=-1;94=0;95=1;96=0.1;97=1;98=1;99=-1;100=0;101=-1;102=0;103=-1;104=0;105=-1;106=0;107=0;108=-1;109=0;110=-1;111=0;112=-1;113=0;116=1.5;120=60
26857,Light Stab,スタブ,26xxx,3,1,113,2,2,Piercing,1,-1,None,0,physical,0,0,0,0,0,30,3,5,-1,0,0,false,-1,,,,,0,-1,,,84=0;85=1;86=1;87=-1;88=0;89=-1;90=0;91=-1;92=0;93=-1;94=0;95=1;96=0.2;97=1;98=1;99=-1;100=0;101=-1;102=0;103=-1;104=0;105=-1;106=0;107=0;108=2;109=1;110=-1;111=0;112=-1;113=0;116=0;120=60
26858,Heavy Slash,ヘヴィスラッシュ,26xxx,3,20,113,2,-1,None,0,-1,None,0,none,0,0,0,0,0,60,6,5,-1,0,0,false,-1,,,,,0,-1,,,84=0;85=1;86=1;87=-1;88=0;89=-1;90=0;91=-1;92=0;93=-1;94=0;95=1;96=0;97=1;98=1;99=-1;100=0;101=-1;102=0;103=-1;104=0;105=-1;106=0;107=1;108=-1;109=0;110=-1;111=0;112=-1;113=0;116=0;120=60
26859,Heavy Stab,インペール,26xxx,3,40,113,2,2,Piercing,1,-1,None,0,physical,0,0,0,0,0,60,4.5,5,-1,0,0,false,-1,,,,,0,-1,,,84=0;85=1;86=1;87=-1;88=0;89=-1;90=0;91=-1;92=0;93=-1;94=0;95=1;96=0.2;97=1;98=1;99=-1;100=0;101=-1;102=0;103=-1;104=0;105=-1;106=0;107=0;108=2;109=1;110=-1;111=0;112=-1;113=0;116=0;120=60
26862,Bloodbath,ブラッドバス,26xxx,4,6,112,0,-1,None,0,-1,None,0,none,0,0,0,0,0,45,3.5,0,-1,0,0,false,-1,,,,,0,-1,,,84=0;85=1;86=1;87=-1;88=0;89=-1;90=0;91=-1;92=0;93=-1;94=0;95=1;96=0;97=1;98=1;99=-1;100=0;101=-1;102=0;103=-1;104=0;105=-1;106=0;107=0;108=-1;109=0;110=-1;111=0;112=-1;113=0;116=1;120=60
26863,Bloodbath II,ブラッドバスII,26xxx,4,50,112,0,-1,None,0,-1,None,0,none,0,0,0,0,0,45,3.5,0,-1,0,0,false,-1,,,,,0,-1,,,84=0;85=1;86=1;87=-1;88=0;89=-1;90=0;91=-1;92=0;93=-1;94=0;95=1;96=0;97=1;98=1;99=-1;100=0;101=-1;102=0;103=-1;104=0;105=-1;106=0;107=0;108=-1;109=0;110=-1;111=0;112=-1;113=0;116=1;120=60
26865,Disorient,ディスオリエント,26xxx,4,18,112,2,-1,None,0,-1,None,0,none,0,0,0,0,0,15,6,12,-1,0,0,false,-1,,,,,0,-1,,,84=0;85=1;86=1;87=-1;88=0;89=-1;90=0;91=-1;92=0;93=-1;94=0;95=1;96=0;97=1;98=1;99=-1;100=0;101=-1;102=0;103=-1;104=0;105=-1;106=0;107=0;108=-1;109=0;110=-1;111=0;112=-1;113=0;116=1;120=60
26866,Disorient II,ディスオリエントII,26xxx,4,40,112,2,-1,None,0,-1,None,0,none,0,0,0,0,0,15,6,12,-1,0,0,false,-1,,,,,0,-1,,,84=0;85=1;86=1;87=-1;88=0;89=-1;90=0;91=-1;92=0;93=-1;94=0;95=1;96=0;97=1;98=1;99=-1;100=0;101=-1;102=0;103=-1;104=0;105=-1;106=0;107=0;108=-1;109=0;110=-1;111=0;112=-1;113=0;116=1;120=60
26868,Foresight,フォーサイト,26xxx,4,12,112,0,-1,None,0,-1,None,0,none,0,0,0,0,0,30,3.5,0,-1,0,0,false,-1,,,,,0,-1,,,84=0;85=1;86=1;87=-1;88=0;89=-1;90=0;91=-1;92=0;93=-1;94=0;95=1;96=0;97=1;98=1;99=-1;100=0;101=-1;102=0;103=-1;104=0;105=-1;106=0;107=0;108=-1;109=0;110=-1;111=0;112=-1;113=0;116=1;120=60
26869,Foresight II,フォーサイトII,26xxx,4,42,112,0,-1,None,0,-1,None,0,none,0,0,0,0,0,30,3.5,0,-1,0,0,false,-1,,,,,0,-1,,,84=0;85=1;86=1;87=-1;88=0;89=-1;90=0;91=-1;92=0;93=-1;94=0;95=1;96=0;97=1;98=1;99=-1;100=0;101=-1;102=0;103=-1;104=0;105=-1;106=0;107=0;108=-1;109=0;110=-1;111=0;112=-1;113=0;116=1;120=60
26870,Foresight III,フォーサイトIII,26xxx,4,72,112,0,-1,None,0,-1,None,0,none,0,0,0,0,0,30,3.5,0,-1,0,0,false,-1,,,,,0,-1,,,84=0;85=1;86=1;87=-1;88=0;89=-1;90=0;91=-1;92=0;93=-1;94=0;95=1;96=0;97=1;98=1;99=-1;100=0;101=-1;102=0;103=-1;104=0;105=-1;106=0;107=0;108=-1;109=0;110=-1;111=0;112=-1;113=0;116=1;120=60
26872,Defender,ディフェンダー,26xxx,4,10,10,0,-1,None,0,-1,None,0,none,0,0,0,0,0,30,3,0,-1,0,0,true,-1,,,,,1.2,-1,,,84=0;85=1;86=1;87=-1;88=0;89=-1;90=0;91=-1;92=0;93=-1;94=0;95=1;96=0;97=1;98=1;99=-1;100=0;101=-1;102=0;103=-1;104=0;105=-1;106=0;107=0;108=-1;109=0;110=-1;111=0;112=-1;113=0;116=1;120=60
26873,Defender II,ディフェンダーII,26xxx,4,48,10,0,-1,None,0,-1,None,0,none,0,0,0,0,0,30,3,0,-1,0,0,true,-1,,,,,1.2,-1,,,84=0;85=1;86=1;87=-1;88=0;89=-1;90=0;91=-1;92=0;93=-1;94=0;95=1;96=0;97=1;98=1;99=-1;100=0;101=-1;102=0;103=-1;104=0;105=-1;106=0;107=0;108=-1;109=0;110=-1;111=0;112=-1;113=0;116=1;120=60
26874,Defender III,ディフェンダーIII,26xxx,4,99,10,0,-1,None,0,-1,None,0,none,0,0,0,0,0,30,3,0,-1,0,0,true,-1,,,,,1.2,-1,,,84=0;85=1;86=1;87=-1;88=0;89=-1;90=0;91=-1;92=0;93=-1;94=0;95=1;96=0;97=1;98=1;99=-1;100=0;101=-1;102=0;103=-1;104=0;105=-1;106=0;107=0;108=-1;109=0;110=-1;111=0;112=-1;113=0;116=1;120=60
26876,Enduring March,不屈の行軍,26xxx,4,20,112,0,-1,None,0,-1,None,0,none,0,0,0,0,0,60,6,0,-1,0,0,false,-1,,,,,0,-1,,,84=0;85=1;86=1;87=-1;88=0;89=-1;90=0;91=-1;92=0;93=-1;94=0;95=1;96=0;97=1;98=1;99=-1;100=0;101=-1;102=0;103=-1;104=0;105=-1;106=0;107=0;108=-1;109=0;110=-1;111=0;112=-1;113=0;116=1;120=60
26877,Enduring March II,不屈の行軍II,26xxx,4,99,112,0,-1,None,0,-1,None,0,none,0,0,0,0,0,60,6,0,-1,0,0,false,-1,,,,,0,-1,,,84=0;85=1;86=1;87=-1;88=0;89=-1;90=0;91=-1;92=0;93=-1;94=0;95=1;96=0;97=1;98=1;99=-1;100=0;101=-1;102=0;103=-1;104=0;105=-1;106=0;107=0;108=-1;109=0;110=-1;111=0;112=-1;113=0;116=1;120=60
26879,Murderous Intent,力攻め,26xxx,4,26,10,0,-1,None,0,-1,None,0,none,0,0,0,0,0,180,6,0,-1,0,0,true,-1,,,,,0,-1,,,84=0;85=1;86=1;87=-1;88=0;89=-1;90=0;91=-1;92=0;93=-1;94=0;95=1;96=0;97=1;98=1;99=-1;100=0;101=-1;102=0;103=-1;104=0;105=-1;106=0;107=0;108=-1;109=0;110=-1;111=0;112=-1;113=0;116=1;120=60
26881,Warmonger,ウォーモンガー,26xxx,4,30,137,2,-1,None,0,-1,None,0,none,0,0,0,0,0,120,6,10,-1,0,0,false,-1,,,,,0,-1,,,84=0;85=1;86=1;87=-1;88=0;89=-1;90=0;91=-1;92=0;93=-1;94=0;95=1;96=0;97=1;98=1;99=-1;100=0;101=-1;102=0;103=-1;104=0;105=-1;106=0;107=0;108=-1;109=0;110=-1;111=0;112=-1;113=0;116=1;120=60
26882,Warmonger II,ウォーモンガーII,26xxx,4,99,137,2,-1,None,0,-1,None,0,none,0,0,0,0,0,90,6,10,-1,0,0,false,-1,,,,,0,-1,,,84=0;85=1;86=1;87=-1;88=0;89=-1;90=0;91=-1;92=0;93=-1;94=0;95=1;96=0;97=1;98=1;99=-1;100=0;101=-1;102=0;103=-1;104=0;105=-1;106=0;107=0;108=-1;109=0;110=-1;111=0;112=-1;113=0;116=1;120=60
26884,Barbaric Yawp,雄叫び,26xxx,4,34,112,2,-1,None,0,-1,None,0,none,0,0,0,0,0,120,6,8,-1,0,0,false,-1,,,,,0,-1,,,84=0;85=1;86=1;87=-1;88=0;89=-1;90=0;91=-1;92=0;93=-1;94=0;95=1;96=0;97=1;98=1;99=-1;100=0;101=-1;102=0;103=-1;104=0;105=-1;106=0;107=0;108=-1;109=0;110=-1;111=0;112=-1;113=0;116=1;120=60
26885,Barbaric Yawp II,雄叫びII,26xxx,4,99,112,2,-1,None,0,-1,None,0,none,0,0,0,0,0,120,6,8,-1,0,0,false,-1,,,,,0,-1,,,84=0;85=1;86=1;87=-1;88=0;89=-1;90=0;91=-1;92=0;93=-1;94=0;95=1;96=0;97=1;98=1;99=-1;100=0;101=-1;102=0;103=-1;104=0;105=-1;106=0;107=0;108=-1;109=0;110=-1;111=0;112=-1;113=0;116=1;120=60
26887,.Rampage,.ランページ,26xxx,4,99,112,0,-1,None,0,-1,None,0,none,0,0,0,0,0,90,6,0,-1,0,0,false,-1,,,,,0,-1,,,84=0;85=1;86=1;87=-1;88=0;89=-1;90=0;91=-1;92=0;93=-1;94=0;95=1;96=0;97=1;98=1;99=-1;100=0;101=-1;102=0;103=-1;104=0;105=-1;106=0;107=0;108=-1;109=0;110=-1;111=0;112=-1;113=0;116=1;120=60
26889,.Entrench,.仁王立ち,26xxx,4,99,112,0,-1,None,0,-1,None,0,none,0,0,0,0,0,300,6,0,-1,0,0,false,-1,,,,,0,-1,,,84=0;85=1;86=1;87=-1;88=0;89=-1;90=0;91=-1;92=0;93=-1;94=0;95=1;96=0;97=1;98=1;99=-1;100=0;101=-1;102=0;103=-1;104=0;105=-1;106=0;107=0;108=-1;109=0;110=-1;111=0;112=-1;113=0;116=1;120=60
26891,.Retaliation,.リタリエーション,26xxx,4,99,112,0,-1,None,0,-1,None,0,none,0,0,0,0,0,90,6,0,-1,0,0,false,-1,,,,,0,-1,,,84=0;85=1;86=1;87=-1;88=0;89=-1;90=0;91=-1;92=0;93=-1;94=0;95=1;96=0;97=1;98=1;99=-1;100=0;101=-1;102=0;103=-1;104=0;105=-1;106=0;107=0;108=-1;109=0;110=-1;111=0;112=-1;113=0;116=1;120=60
26972,Trunksplitter,丸太割り,26xxx,4,1,137,2,1,Slashing,1,-1,None,0,physical,0,0,0,1000,0,10,3.5,5,-1,0,0,false,-1,,,,,0,-1,,,84=0;85=1;86=1;87=-1;88=0;89=-1;90=0;91=-1;92=0;93=-1;94=0;95=1;96=0.1;97=1;98=0;99=-1;100=0;101=-1;102=0;103=-1;104=0;105=-1;106=0;107=0;108=1;109=1;110=-1;111=0;112=-1;113=0;116=1;120=60
26973,Trunksplitter II,丸太割りII,26xxx,4,24,137,2,1,Slashing,1,-1,None,0,physical,0,0,0,1000,0,10,3.5,5,-1,0,0,false,-1,,,,,0,-1,,,84=0;85=1;86=1;87=-1;88=0;89=-1;90=0;91=-1;92=0;93=-1;94=0;95=1;96=0.1;97=1;98=0;99=-1;100=0;101=-1;102=0;103=-1;104=0;105=-1;106=0;107=0;108=1;109=1;110=-1;111=0;112=-1;113=0;116=1;120=60
26974,Trunksplitter III,丸太割りIII,26xxx,4,99,137,2,1,Slashing,1,-1,None,0,physical,0,0,0,1000,0,10,3.5,5,-1,0,0,false,-1,,,,,0,-1,,,84=0;85=1;86=1;87=-1;88=0;89=-1;90=0;91=-1;92=0;93=-1;94=0;95=1;96=0.1;97=1;98=0;99=-1;100=0;101=-1;102=0;103=-1;104=0;105=-1;106=0;107=0;108=1;109=1;110=-1;111=0;112=-1;113=0;116=1;120=60
26976,Brutal Swing,ブルータルスウィング,26xxx,4,16,137,2,3,Blunt,1,-1,None,0,physical,0,0,0,1000,0,10,3.5,8,-1,0,0,false,-1,,,,,0,-1,,,84=0;85=1;86=1;87=-1;88=0;89=-1;90=0;91=-1;92=0;93=-1;94=0;95=1;96=0.1;97=1;98=0;99=-1;100=0;101=-1;102=0;103=-1;104=0;105=-1;106=0;107=0;108=3;109=1;110=-1;111=0;112=-1;113=0;116=1;120=60
26977,Brutal Swing II,ブルータルスウィングII,26xxx,4,44,137,2,3,Blunt,1,-1,None,0,physical,0,0,0,1000,0,10,3.5,8,-1,0,0,false,-1,,,,,0,-1,,,84=0;85=1;86=1;87=-1;88=0;89=-1;90=0;91=-1;92=0;93=-1;94=0;95=1;96=0.1;97=1;98=0;99=-1;100=0;101=-1;102=0;103=-1;104=0;105=-1;106=0;107=0;108=3;109=1;110=-1;111=0;112=-1;113=0;116=1;120=60
26979,Brandish,ブランディッシュ,26xxx,4,4,112,2,1,Slashing,1,-1,None,0,physical,0,0,0,1000,0,10,3.5,5,-1,0,0,false,-1,,,,,0,-1,,,84=0;85=1;86=1;87=-1;88=0;89=-1;90=0;91=-1;92=0;93=-1;94=0;95=1;96=0.1;97=1;98=1;99=-1;100=0;101=-1;102=0;103=-1;104=0;105=-1;106=0;107=0;108=1;109=1;110=-1;111=0;112=-1;113=0;116=1;120=60
26980,Brandish II,ブランディッシュII,26xxx,4,32,112,2,1,Slashing,1,-1,None,0,physical,0,0,0,1000,0,10,3.5,5,-1,0,0,false,-1,,,,,0,-1,,,84=0;85=1;86=1;87=-1;88=0;89=-1;90=0;91=-1;92=0;93=-1;94=0;95=1;96=0.1;97=1;98=1;99=-1;100=0;101=-1;102=0;103=-1;104=0;105=-1;106=0;107=0;108=1;109=1;110=-1;111=0;112=-1;113=0;116=1;120=60
26982,Fracture,フラクチャー,26xxx,4,14,112,2,1,Slashing,1,-1,None,0,physical,0,0,0,250,0,5,0,5,-1,0,0,false,-1,,,,,0,-1,,,84=0;85=1;86=1;87=-1;88=0;89=-1;90=0;91=-1;92=0;93=-1;94=0;95=1;96=0.1;97=1;98=1;99=-1;100=0;101=-1;102=0;103=-1;104=0;105=-1;106=0;107=0;108=1;109=1;110=-1;111=0;112=-1;113=0;116=1;120=0
26983,Fracture II,フラクチャーII,26xxx,4,38,112,2,1,Slashing,1,-1,None,0,physical,0,0,0,250,0,5,0,5,-1,0,0,false,-1,,,,,0,-1,,,84=0;85=1;86=1;87=-1;88=0;89=-1;90=0;91=-1;92=0;93=-1;94=0;95=1;96=0.1;97=1;98=1;99=-1;100=0;101=-1;102=0;103=-1;104=0;105=-1;106=0;107=0;108=1;109=1;110=-1;111=0;112=-1;113=0;116=1;120=0
26984,Fracture III,フラクチャーIII,26xxx,4,99,112,2,1,Slashing,1,-1,None,0,physical,0,0,0,250,0,5,0,5,-1,0,0,false,-1,,,,,0,-1,,,84=0;85=1;86=1;87=-1;88=0;89=-1;90=0;91=-1;92=0;93=-1;94=0;95=1;96=0.1;97=1;98=1;99=-1;100=0;101=-1;102=0;103=-1;104=0;105=-1;106=0;107=0;108=1;109=1;110=-1;111=0;112=-1;113=0;116=1;120=0
26986,Skull Sunder,スカルサンダー,26xxx,4,8,112,2,1,Slashing,1,-1,None,0,physical,0,0,0,500,0,10,3.5,8,-1,0,0,false,-1,,,,,0,-1,,,84=0;85=1;86=1;87=-1;88=0;89=-1;90=0;91=-1;92=0;93=-1;94=0;95=1;96=0.1;97=1;98=1;99=-1;100=0;101=-1;102=0;103=-1;104=0;105=-1;106=0;107=0;108=1;109=1;110=-1;111=0;112=-1;113=0;116=1;120=60
26987,Skull Sunder II,スカルサンダーII,26xxx,4,28,112,2,1,Slashing,1,-1,None,0,physical,0,0,0,500,0,10,3.5,8,-1,0,0,false,-1,,,,,0,-1,,,84=0;85=1;86=1;87=-1;88=0;89=-1;90=0;91=-1;92=0;93=-1;94=0;95=1;96=0.1;97=1;98=1;99=-1;100=0;101=-1;102=0;103=-1;104=0;105=-1;106=0;107=0;108=1;109=1;110=-1;111=0;112=-1;113=0;116=1;120=60
26989,Iron Tempest,アイアンテンペスト,26xxx,4,22,113,2,13,Magical,1,7,Wind,0,magical,0,0,10,1000,0,10,3.5,15,-1,3,0,false,-1,,,,,0,-1,,,84=0;85=1;86=1;87=-1;88=0;89=-1;90=0;91=-1;92=0;93=-1;94=0;95=1;96=0.1;97=1;98=1;99=-1;100=0;101=-1;102=0;103=-1;104=0;105=-1;106=0;107=0.5;108=13;109=1;110=7;111=0;112=-1;113=0;116=1;120=60
26990,Iron Tempest II,アイアンテンペストII,26xxx,4,99,113,2,13,Magical,1,7,Wind,0,magical,0,0,10,1000,0,10,3.5,15,-1,3,0,false,-1,,,,,0,-1,,,84=0;85=1;86=1;87=-1;88=0;89=-1;90=0;91=-1;92=0;93=-1;94=0;95=1;96=0.1;97=1;98=1;99=-1;100=0;101=-1;102=0;103=-1;104=0;105=-1;106=0;107=0.5;108=13;109=1;110=7;111=0;112=-1;113=0;116=1;120=60
26992,Maim,メイム,26xxx,4,36,113,2,1,Slashing,1,-1,None,0,physical,0,0,0,2000,0,60,3.5,5,-1,0,0,false,-1,,,,,0,-1,,,84=0;85=1;86=1;87=-1;88=0;89=-1;90=0;91=-1;92=0;93=-1;94=0;95=1;96=0.1;97=1;98=0;99=-1;100=0;101=-1;102=0;103=-1;104=0;105=-1;106=0;107=0;108=1;109=1;110=-1;111=0;112=-1;113=0;116=1.5;120=60
26993,Maim II,メイムII,26xxx,4,99,113,2,1,Slashing,1,-1,None,0,physical,0,0,0,2000,0,60,3.5,5,-1,0,0,false,-1,,,,,0,-1,,,84=0;85=1;86=1;87=-1;88=0;89=-1;90=0;91=-1;92=0;93=-1;94=0;95=1;96=0.1;97=1;98=0;99=-1;100=0;101=-1;102=0;103=-1;104=0;105=-1;106=0;107=0;108=1;109=1;110=-1;111=0;112=-1;113=0;116=1.5;120=60
26995,Storm's Path,シュトルムヴィント,26xxx,4,46,113,2,1,Slashing,1,-1,None,0,physical,0,0,0,1500,0,10,3.5,8,-1,0,0,false,-1,,,,,0,-1,,,84=0;85=1;86=1;87=-1;88=0;89=-1;90=0;91=-1;92=0;93=-1;94=0;95=1;96=0.1;97=1;98=1;99=-1;100=0;101=-1;102=0;103=-1;104=0;105=-1;106=0;107=0;108=1;109=1;110=-1;111=0;112=-1;113=0;116=1;120=60
26996,Storm's Path II,シュトルムヴィントII,26xxx,4,99,113,2,1,Slashing,1,-1,None,0,physical,0,0,0,1500,0,10,3.5,8,-1,0,0,false,-1,,,,,0,-1,,,84=0;85=1;86=1;87=-1;88=0;89=-1;90=0;91=-1;92=0;93=-1;94=0;95=1;96=0.1;97=1;98=1;99=-1;100=0;101=-1;102=0;103=-1;104=0;105=-1;106=0;107=0;108=1;109=1;110=-1;111=0;112=-1;113=0;116=1;120=60
26998,Godsbane,.ゴッズベーン,26xxx,4,99,113,2,1,Slashing,1,-1,None,0,physical,0,0,0,2000,0,30,3.5,5,-1,0,0,false,-1,,,,,0,-1,,,84=0;85=1;86=1;87=-1;88=0;89=-1;90=0;91=-1;92=0;93=-1;94=0;95=1;96=0.1;97=1;98=1;99=-1;100=0;101=-1;102=0;103=-1;104=0;105=-1;106=0;107=0;108=1;109=1;110=-1;111=0;112=-1;113=0;116=1.5;120=60
27000,Whirlwind,.ワールウィンド,27xxx,4,99,113,2,1,Slashing,1,-1,None,0,physical,0,0,0,2000,0,30,3.5,5,-1,0,0,false,-1,,,,,0,-1,,,84=0;85=1;86=1;87=-1;88=0;89=-1;90=0;91=-1;92=0;93=-1;94=0;95=1;96=0.1;97=1;98=1;99=-1;100=0;101=-1;102=0;103=-1;104=0;105=-1;106=0;107=0;108=1;109=1;110=-1;111=0;112=-1;113=0;116=1;120=60
27037,Broad Swing,ブロードスウィング,27xxx,4,1,113,2,-1,None,0,-1,None,0,none,0,0,0,0,0,30,4.5,5,-1,0,0,false,-1,,,,,0,-1,,,84=0;85=1;86=1;87=-1;88=0;89=-1;90=0;91=-1;92=0;93=-1;94=0;95=1;96=0;97=1;98=1;99=-1;100=0;101=-1;102=0;103=-1;104=0;105=-1;106=0;107=1;108=-1;109=0;110=-1;111=0;112=-1;113=0;116=0;120=60
27038,Full Swing,アイアンストーム,27xxx,4,40,113,2,-1,None,0,-1,None,0,none,0,0,0,0,0,60,6,5,-1,0,0,false,-1,,,,,0,-1,,,84=0;85=1;86=1;87=-1;88=0;89=-1;90=0;91=-1;92=0;93=-1;94=0;95=1;96=0;97=1;98=1;99=-1;100=0;101=-1;102=0;103=-1;104=0;105=-1;106=0;107=1;108=-1;109=0;110=-1;111=0;112=-1;113=0;116=0;120=60
27039,Heavy Swing,ヘヴィスウィング,27xxx,4,20,113,2,-1,None,0,-1,None,0,none,0,0,0,0,0,60,4.5,5,-1,0,0,false,-1,,,,,0,-1,,,84=0;85=1;86=1;87=-1;88=0;89=-1;90=0;91=-1;92=0;93=-1;94=0;95=1;96=0;97=1;98=1;99=-1;100=0;101=-1;102=0;103=-1;104=0;105=-1;106=0;107=1;108=-1;109=0;110=-1;111=0;112=-1;113=0;116=0;120=60
27100,Second Wind,内丹,27xxx,2,6,6,0,-1,None,0,-1,None,0,none,1550,0,0,0,0,45,6,0,-1,0,0,false,-1,,,,,0,-1,,,84=1550;85=1;86=1;87=4;88=0.5;89=-1;90=0;91=-1;92=0;93=-1;94=0;95=1;96=0;97=1;98=1;99=-1;100=0;101=-1;102=0;103=-1;104=0;105=-1;106=0;107=0;108=-1;109=0;110=-1;111=0;112=-1;113=0;116=1;120=60
27101,Blindside,ブラインドサイド,27xxx,2,14,6,0,-1,None,0,-1,None,0,none,0,0,0,0,0,60,0,15,-1,0,0,false,-1,,,,,0,-1,,,84=0;85=1;86=1;87=-1;88=0;89=-1;90=0;91=-1;92=0;93=-1;94=0;95=1;96=0;97=1;98=1;99=-1;100=0;101=-1;102=0;103=-1;104=0;105=-1;106=0;107=0;108=-1;109=0;110=-1;111=0;112=-1;113=0;116=1;120=60
27102,Taunt,口笛,27xxx,2,42,113,2,-1,None,0,-1,None,0,none,0,0,0,0,0,60,0,15,-1,0,0,false,-1,,,,,0,-1,,,84=0;85=1;86=1;87=-1;88=0;89=-1;90=0;91=-1;92=0;93=-1;94=0;95=1;96=0;97=1;98=1;99=-1;100=0;101=-1;102=0;103=-1;104=0;105=-1;106=0;107=0;108=-1;109=0;110=-1;111=0;112=-1;113=0;116=1;120=60
27103,Featherfoot,フェザーステップ,27xxx,2,2,6,0,-1,None,0,-1,None,0,none,0,0,0,0,0,60,0,15,-1,0,0,false,-1,,,,,0,-1,,,84=0;85=1;86=1;87=-1;88=0;89=-1;90=0;91=-1;92=0;93=-1;94=0;95=1;96=0;97=1;98=1;99=-1;100=0;101=-1;102=0;103=-1;104=0;105=-1;106=0;107=0;108=-1;109=0;110=-1;111=0;112=-1;113=0;116=1;120=60
27104,Fists of Fire,紅蓮の構え,27xxx,2,34,113,0,-1,None,0,-1,None,0,none,0,0,0,0,0,10,0,15,-1,0,0,false,-1,,,,,0,-1,,,84=0;85=1;86=1;87=-1;88=0;89=-1;90=0;91=-1;92=0;93=-1;94=0;95=1;96=0;97=1;98=1;99=-1;100=0;101=-1;102=0;103=-1;104=0;105=-1;106=0;107=0;108=-1;109=0;110=-1;111=0;112=-1;113=0;116=1;120=60
27105,Fists of Earth,金剛の構え,27xxx,2,22,113,0,-1,None,0,-1,None,0,none,0,0,0,0,0,10,0,15,-1,0,0,false,-1,,,,,0,-1,,,84=0;85=1;86=1;87=-1;88=0;89=-1;90=0;91=-1;92=0;93=-1;94=0;95=1;96=0;97=1;98=1;99=-1;100=0;101=-1;102=0;103=-1;104=0;105=-1;106=0;107=0;108=-1;109=0;110=-1;111=0;112=-1;113=0;116=1;120=60
27106,Hundred Fists,百烈拳,27xxx,15,0,88,0,-1,None,0,-1,None,0,none,0,0,0,0,0,900,0,15,-1,0,0,false,-1,,,,,0,-1,,,84=0;85=1;86=1;87=-1;88=0;89=-1;90=0;91=-1;92=0;93=-1;94=0;95=1;96=0;97=1;98=1;99=-1;100=0;101=-1;102=0;103=-1;104=0;105=-1;106=0;107=0;108=-1;109=0;110=-1;111=0;112=-1;113=0;116=1;120=60
27107,Spinning Heel,蹴撃,27xxx,15,0,88,0,-1,None,0,-1,None,0,none,0,0,0,0,0,120,0,15,-1,0,0,false,-1,,,,,0,-1,,,84=0;85=1;86=1;87=-1;88=0;89=-1;90=0;91=-1;92=0;93=-1;94=0;95=1;96=0;97=1;98=1;99=-1;100=0;101=-1;102=0;103=-1;104=0;105=-1;106=0;107=0;108=-1;109=0;110=-1;111=0;112=-1;113=0;116=1;120=60
27108,Shoulder Tackle,羅刹衝,27xxx,15,0,88,2,3,Blunt,1,-1,None,0,physical,0,0,0,0,0,60,0,15,-1,0,0,false,-1,,,,,0,-1,,,84=0;85=1;86=1;87=-1;88=0;89=-1;90=0;91=-1;92=0;93=-1;94=0;95=1;96=0;97=1;98=1;99=-1;100=0;101=-1;102=0;103=-1;104=0;105=-1;106=0;107=0;108=3;109=1;110=-1;111=0;112=-1;113=0;116=1;120=60
27109,Fists of Wind,疾風の構え,27xxx,15,0,88,0,-1,None,0,-1,None,0,none,0,0,0,0,0,10,0,15,-1,0,0,false,-1,,,,,0,-1,,,84=0;85=1;86=1;87=-1;88=0;89=-1;90=0;91=-1;92=0;93=-1;94=0;95=1;96=0;97=1;98=1;99=-1;100=0;101=-1;102=0;103=-1;104=0;105=-1;106=0;107=0;108=-1;109=0;110=-1;111=0;112=-1;113=0;116=1;120=60
27110,Pummel,裏拳,27xxx,2,1,87,2,3,Blunt,1,-1,None,0,physical,0,0,0,1000,0,10,0,15,-1,0,0,false,-1,,,,,0,-1,,,84=0;85=1;86=1;87=-1;88=0;89=-1;90=0;91=-1;92=0;93=-1;94=0;95=1;96=0;97=1;98=1;99=-1;100=0;101=-1;102=0;103=-1;104=0;105=-1;106=0;107=0;108=3;109=1;110=-1;111=0;112=-1;113=0;116=1;120=60
27111,Concussive Blow,コンカシブブロー,27xxx,2,10,87,2,3,Blunt,1,-1,None,0,physical,0,0,0,1500,0,30,0,15,-1,0,0,false,-1,,,,,0,-1,,,84=0;85=1;86=1;87=-1;88=0;89=-1;90=0;91=-1;92=0;93=-1;94=0;95=1;96=0;97=1;98=1;99=-1;100=0;101=-1;102=0;103=-1;104=0;105=-1;106=0;107=0;108=3;109=1;110=-1;111=0;112=-1;113=0;116=1;120=60
27112,Simian Thrash,猿猴九連掌,27xxx,2,50,113,2,3,Blunt,1,-1,None,0,physical,0,0,0,2000,0,80,0,15,-1,0,0,false,-1,,,,,0,-1,,,84=0;85=1;86=1;87=-1;88=0;89=-1;90=0;91=-1;92=0;93=-1;94=0;95=1;96=0;97=1;98=1;99=-1;100=0;101=-1;102=0;103=-1;104=0;105=-1;106=0;107=0;108=3;109=1;110=-1;111=0;112=-1;113=0;116=1;120=60
27113,Aura Pulse,オーラパルス,27xxx,2,38,113,2,3,Blunt,1,-1,None,0,physical,0,0,0,1500,0,40,0,8,-1,0,0,false,-1,,,,,0,-1,,,84=0;85=1;86=1;87=-1;88=0;89=-1;90=0;91=-1;92=0;93=-1;94=0;95=1;96=0;97=1;98=1;99=-1;100=0;101=-1;102=0;103=-1;104=0;105=-1;106=0;107=0;108=3;109=1;110=-1;111=0;112=-1;113=0;116=1;120=60
27114,Pounce,当身,27xxx,2,4,113,2,3,Blunt,1,-1,None,0,physical,0,0,0,1500,0,20,0,15,-1,0,0,false,-1,,,,,0,-1,,,84=0;85=1;86=1;87=-1;88=0;89=-1;90=0;91=-1;92=0;93=-1;94=0;95=1;96=0;97=1;98=1;99=-1;100=0;101=-1;102=0;103=-1;104=0;105=-1;106=0;107=0;108=3;109=1;110=-1;111=0;112=-1;113=0;116=1;120=60
27115,Demolish,デモリッシュ,27xxx,2,30,87,2,3,Blunt,1,-1,None,0,physical,0,0,0,1500,0,30,0,15,-1,0,0,false,-1,,,,,0,-1,,,84=0;85=1;86=1;87=-1;88=0;89=-1;90=0;91=-1;92=0;93=-1;94=0;95=1;96=0;97=1;98=1;99=-1;100=0;101=-1;102=0;103=-1;104=0;105=-1;106=0;107=0;108=3;109=1;110=-1;111=0;112=-1;113=0;116=1;120=60
27116,Howling Fist,空鳴拳,27xxx,2,46,113,2,3,Blunt,1,-1,None,0,physical,0,0,0,3000,0,80,0,15,-1,0,0,false,-1,,,,,0,-1,,,84=0;85=1;86=1;87=-1;88=0;89=-1;90=0;91=-1;92=0;93=-1;94=0;95=1;96=0;97=1;98=1;99=-1;100=0;101=-1;102=0;103=-1;104=0;105=-1;106=0;107=0;108=3;109=1;110=-1;111=0;112=-1;113=0;116=1;120=60
27117,Sucker Punch,闘魂吸魔掌,27xxx,2,26,87,2,3,Blunt,1,-1,None,0,physical,0,0,0,1000,0,15,0,15,-1,0,0,false,-1,,,,,0,-1,,,84=0;85=1;86=1;87=-1;88=0;89=-1;90=0;91=-1;92=0;93=-1;94=0;95=1;96=0;97=1;98=1;99=-1;100=0;101=-1;102=0;103=-1;104=0;105=-1;106=0;107=0;108=3;109=1;110=-1;111=0;112=-1;113=0;116=1;120=60
27118,Dragon Kick,双竜脚,27xxx,15,0,88,2,3,Blunt,1,-1,None,0,physical,0,0,0,2000,0,60,0,15,-1,0,0,false,-1,,,,,0,-1,,,84=0;85=1;86=1;87=-1;88=0;89=-1;90=0;91=-1;92=0;93=-1;94=0;95=1;96=0;97=1;98=1;99=-1;100=0;101=-1;102=0;103=-1;104=0;105=-1;106=0;107=0;108=3;109=1;110=-1;111=0;112=-1;113=0;116=1;120=60
27119,Haymaker,ヘイメーカー,27xxx,2,18,113,2,3,Blunt,1,-1,None,0,physical,0,0,0,250,0,5,0,15,-1,0,0,false,-1,,,,,0,-1,,,84=0;85=1;86=1;87=-1;88=0;89=-1;90=0;91=-1;92=0;93=-1;94=0;95=1;96=0;97=1;98=1;99=-1;100=0;101=-1;102=0;103=-1;104=0;105=-1;106=0;107=0;108=3;109=1;110=-1;111=0;112=-1;113=0;116=1;120=60
27120,Enhanced Second Wind,内丹効果アップ,27xxx,2,20,113,0,-1,None,0,-1,None,0,none,0,0,0,0,0,5,0,15,-1,0,0,false,-1,,,,,0,-1,,,84=0;85=1;86=1;87=-1;88=0;89=-1;90=0;91=-1;92=0;93=-1;94=0;95=1;96=0;97=1;98=1;99=-1;100=0;101=-1;102=0;103=-1;104=0;105=-1;106=0;107=0;108=-1;109=0;110=-1;111=0;112=-1;113=0;116=1;120=60
27121,Enhanced Blindside,ブラインドサイド効果アップ,27xxx,2,24,113,0,-1,None,0,-1,None,0,none,0,0,0,0,0,5,0,15,-1,0,0,false,-1,,,,,0,-1,,,84=0;85=1;86=1;87=-1;88=0;89=-1;90=0;91=-1;92=0;93=-1;94=0;95=1;96=0;97=1;98=1;99=-1;100=0;101=-1;102=0;103=-1;104=0;105=-1;106=0;107=0;108=-1;109=0;110=-1;111=0;112=-1;113=0;116=1;120=60
27122,Swift Taunt,口笛リキャストタイム短縮,27xxx,2,48,113,0,-1,None,0,-1,None,0,none,0,0,0,0,0,45,0,15,-1,0,0,false,-1,,,,,0,-1,,,84=0;85=1;86=1;87=-1;88=0;89=-1;90=0;91=-1;92=0;93=-1;94=0;95=1;96=0;97=1;98=1;99=-1;100=0;101=-1;102=0;103=-1;104=0;105=-1;106=0;107=0;108=-1;109=0;110=-1;111=0;112=-1;113=0;116=1;120=60
27123,Enhanced Featherfoot,フェザーステップ効果アップ,27xxx,2,28,113,0,-1,None,0,-1,None,0,none,0,0,0,0,0,5,0,15,-1,0,0,false,-1,,,,,0,-1,,,84=0;85=1;86=1;87=-1;88=0;89=-1;90=0;91=-1;92=0;93=-1;94=0;95=1;96=0;97=1;98=1;99=-1;100=0;101=-1;102=0;103=-1;104=0;105=-1;106=0;107=0;108=-1;109=0;110=-1;111=0;112=-1;113=0;116=1;120=60
27124,Enhanced Fists of Fire,紅蓮の構え効果アップ,27xxx,2,44,113,0,-1,None,0,-1,None,0,none,0,0,0,0,0,5,0,15,-1,0,0,false,-1,,,,,0,-1,,,84=0;85=1;86=1;87=-1;88=0;89=-1;90=0;91=-1;92=0;93=-1;94=0;95=1;96=0;97=1;98=1;99=-1;100=0;101=-1;102=0;103=-1;104=0;105=-1;106=0;107=0;108=-1;109=0;110=-1;111=0;112=-1;113=0;116=1;120=60
27125,Enhanced Fists of Earth,金剛の構え効果アップ,27xxx,2,36,113,0,-1,None,0,-1,None,0,none,0,0,0,0,0,5,0,15,-1,0,0,false,-1,,,,,0,-1,,,84=0;85=1;86=1;87=-1;88=0;89=-1;90=0;91=-1;92=0;93=-1;94=0;95=1;96=0;97=1;98=1;99=-1;100=0;101=-1;102=0;103=-1;104=0;105=-1;106=0;107=0;108=-1;109=0;110=-1;111=0;112=-1;113=0;116=1;120=60
27126,Enhanced Physical Accuracy,物理命中力アップI,27xxx,2,16,113,0,-1,None,0,-1,None,0,none,0,0,0,0,0,5,0,15,-1,0,0,false,-1,,,,,0,-1,,,84=0;85=1;86=1;87=-1;88=0;89=-1;90=0;91=-1;92=0;93=-1;94=0;95=1;96=0;97=1;98=1;99=-1;100=0;101=-1;102=0;103=-1;104=0;105=-1;106=0;107=0;108=-1;109=0;110=-1;111=0;112=-1;113=0;116=1;120=60
27127,Enhanced Physical Attack,物理攻撃力アップI,27xxx,2,8,113,0,-1,None,0,-1,None,0,none,0,0,0,0,0,5,0,15,-1,0,0,false,-1,,,,,0,-1,,,84=0;85=1;86=1;87=-1;88=0;89=-1;90=0;91=-1;92=0;93=-1;94=0;95=1;96=0;97=1;98=1;99=-1;100=0;101=-1;102=0;103=-1;104=0;105=-1;106=0;107=0;108=-1;109=0;110=-1;111=0;112=-1;113=0;116=1;120=60
27128,Enhanced Physical Attack II,物理攻撃力アップII,27xxx,2,40,113,0,-1,None,0,-1,None,0,none,0,0,0,0,0,5,0,15,-1,0,0,false,-1,,,,,0,-1,,,84=0;85=1;86=1;87=-1;88=0;89=-1;90=0;91=-1;92=0;93=-1;94=0;95=1;96=0;97=1;98=1;99=-1;100=0;101=-1;102=0;103=-1;104=0;105=-1;106=0;107=0;108=-1;109=0;110=-1;111=0;112=-1;113=0;116=1;120=60
27129,Enhanced Evasion,物理回避力アップI,27xxx,2,12,113,0,-1,None,0,-1,None,0,none,0,0,0,0,0,5,0,15,-1,0,0,false,-1,,,,,0,-1,,,84=0;85=1;86=1;87=-1;88=0;89=-1;90=0;91=-1;92=0;93=-1;94=0;95=1;96=0;97=1;98=1;99=-1;100=0;101=-1;102=0;103=-1;104=0;105=-1;106=0;107=0;108=-1;109=0;110=-1;111=0;112=-1;113=0;116=1;120=60
27130,Enhanced Physical Crit Damage,物理クリティカル攻撃力アップI,27xxx,2,32,113,0,-1,None,0,-1,None,0,none,0,0,0,0,0,5,0,15,-1,0,0,false,-1,,,,,0,-1,,,84=0;85=1;86=1;87=-1;88=0;89=-1;90=0;91=-1;92=0;93=-1;94=0;95=1;96=0;97=1;98=1;99=-1;100=0;101=-1;102=0;103=-1;104=0;105=-1;106=0;107=0;108=-1;109=0;110=-1;111=0;112=-1;113=0;116=1;120=60
27140,Sentinel,センチネル,27xxx,3,22,6,0,-1,None,0,-1,None,0,none,0,0,0,0,0,90,0,15,-1,0,0,false,-1,,,,,0,-1,,,84=0;85=1;86=1;87=-1;88=0;89=-1;90=0;91=-1;92=0;93=-1;94=0;95=1;96=0;97=1;98=1;99=-1;100=0;101=-1;102=0;103=-1;104=0;105=-1;106=0;107=0;108=-1;109=0;110=-1;111=0;112=-1;113=0;116=1;120=60
27141,Aegis Boon,イージスブーン,27xxx,3,6,113,0,-1,None,0,-1,None,0,none,0,0,0,0,0,60,0,15,-1,0,0,false,-1,,,,,0,-1,,,84=0;85=1;86=1;87=-1;88=0;89=-1;90=0;91=-1;92=0;93=-1;94=0;95=1;96=0;97=1;98=1;99=-1;100=0;101=-1;102=0;103=-1;104=0;105=-1;106=0;107=0;108=-1;109=0;110=-1;111=0;112=-1;113=0;116=1;120=60
27142,Rampart,ランパート,27xxx,3,2,6,0,-1,None,0,-1,None,0,none,0,0,0,0,0,120,0,8,-1,0,0,false,-1,,,,,0,-1,,,84=0;85=1;86=1;87=-1;88=0;89=-1;90=0;91=-1;92=0;93=-1;94=0;95=1;96=0;97=1;98=1;99=-1;100=0;101=-1;102=0;103=-1;104=0;105=-1;106=0;107=0;108=-1;109=0;110=-1;111=0;112=-1;113=0;116=1;120=60
27143,Tempered Will,鋼の意志,27xxx,3,42,113,0,-1,None,0,-1,None,0,none,0,0,0,0,0,180,0,15,-1,0,0,false,-1,,,,,0,-1,,,84=0;85=1;86=1;87=-1;88=0;89=-1;90=0;91=-1;92=0;93=-1;94=0;95=1;96=0;97=1;98=1;99=-1;100=0;101=-1;102=0;103=-1;104=0;105=-1;106=0;107=0;108=-1;109=0;110=-1;111=0;112=-1;113=0;116=1;120=60
27144,Outmaneuver,アウトマニューバ,27xxx,3,34,6,0,-1,None,0,-1,None,0,none,0,0,0,0,0,90,0,15,-1,0,0,false,-1,,,,,0,-1,,,84=0;85=1;86=1;87=-1;88=0;89=-1;90=0;91=-1;92=0;93=-1;94=0;95=1;96=0;97=1;98=1;99=-1;100=0;101=-1;102=0;103=-1;104=0;105=-1;106=0;107=0;108=-1;109=0;110=-1;111=0;112=-1;113=0;116=1;120=60
27145,Flash,フラッシュ,27xxx,3,14,6,2,-1,None,0,-1,None,0,none,0,0,0,0,0,30,0,15,-1,0,0,false,-1,,,,,0,-1,,,84=0;85=1;86=1;87=-1;88=0;89=-1;90=0;91=-1;92=0;93=-1;94=0;95=1;96=0;97=1;98=1;99=-1;100=0;101=-1;102=0;103=-1;104=0;105=-1;106=0;107=0;108=-1;109=0;110=-1;111=0;112=-1;113=0;116=1;120=60
27146,Cover,かばう,27xxx,16,0,89,0,-1,None,0,-1,None,0,none,0,0,0,0,0,60,0,15,-1,0,0,false,-1,,,,,0,-1,,,84=0;85=1;86=1;87=-1;88=0;89=-1;90=0;91=-1;92=0;93=-1;94=0;95=1;96=0;97=1;98=1;99=-1;100=0;101=-1;102=0;103=-1;104=0;105=-1;106=0;107=0;108=-1;109=0;110=-1;111=0;112=-1;113=0;116=1;120=60
27147,Divine Veil,ディヴァインヴェール,27xxx,16,0,89,0,-1,None,0,-1,None,0,none,0,0,0,0,0,60,0,15,-1,0,0,false,-1,,,,,0,-1,,,84=0;85=1;86=1;87=-1;88=0;89=-1;90=0;91=-1;92=0;93=-1;94=0;95=1;96=0;97=1;98=1;99=-1;100=0;101=-1;102=0;103=-1;104=0;105=-1;106=0;107=0;108=-1;109=0;110=-1;111=0;112=-1;113=0;116=1;120=60
27148,Hallowed Ground,インビンシブル,27xxx,16,0,89,0,-1,None,0,-1,None,0,none,0,0,0,0,0,900,0,15,-1,0,0,false,-1,,,,,0,-1,,,84=0;85=1;86=1;87=-1;88=0;89=-1;90=0;91=-1;92=0;93=-1;94=0;95=1;96=0;97=1;98=1;99=-1;100=0;101=-1;102=0;103=-1;104=0;105=-1;106=0;107=0;108=-1;109=0;110=-1;111=0;112=-1;113=0;116=1;120=60
27149,Holy Succor,ホーリーサカー,27xxx,16,0,89,0,-1,None,0,-1,None,0,none,1500,0,100,0,2,10,0,15,-1,0,0,false,-1,,,,,0,-1,,,84=1500;85=1;86=1;87=5;88=0.4;89=-1;90=0;91=2;92=0.2;93=-1;94=0;95=1;96=0;97=1;98=1;99=-1;100=0;101=-1;102=0;103=-1;104=0;105=-1;106=0;107=0;108=-1;109=0;110=-1;111=0;112=-1;113=0;116=1;120=60
27150,Fast Blade,ファストブレード,27xxx,3,1,87,2,1,Slashing,1,-1,None,0,physical,0,0,0,1000,0,10,0,15,-1,0,0,false,-1,,,,,0,-1,,,84=0;85=1;86=1;87=-1;88=0;89=-1;90=0;91=-1;92=0;93=-1;94=0;95=1;96=0;97=1;98=1;99=-1;100=0;101=-1;102=0;103=-1;104=0;105=-1;106=0;107=0;108=1;109=1;110=-1;111=0;112=-1;113=0;116=1;120=60
27151,Flat Blade,フラットブレード,27xxx,3,26,87,2,1,Slashing,1,-1,None,0,physical,0,0,0,1500,0,10,0,15,-1,0,0,false,-1,,,,,0,-1,,,84=0;85=1;86=1;87=-1;88=0;89=-1;90=0;91=-1;92=0;93=-1;94=0;95=1;96=0;97=1;98=1;99=-1;100=0;101=-1;102=0;103=-1;104=0;105=-1;106=0;107=0;108=1;109=1;110=-1;111=0;112=-1;113=0;116=1;120=60
27152,Savage Blade,サベッジブレード,27xxx,3,10,87,2,1,Slashing,1,-1,None,0,physical,0,0,0,1000,0,30,0,15,-1,0,0,false,-1,,,,,0,-1,,,84=0;85=1;86=1;87=-1;88=0;89=-1;90=0;91=-1;92=0;93=-1;94=0;95=1;96=0;97=1;98=1;99=-1;100=0;101=-1;102=0;103=-1;104=0;105=-1;106=0;107=0;108=1;109=1;110=-1;111=0;112=-1;113=0;116=1;120=60
27153,Goring Blade,ゴアブレード,27xxx,3,50,113,2,1,Slashing,1,-1,None,0,physical,0,0,0,3000,0,60,0,15,-1,0,0,false,-1,,,,,0,-1,,,84=0;85=1;86=1;87=-1;88=0;89=-1;90=0;91=-1;92=0;93=-1;94=0;95=1;96=0;97=1;98=1;99=-1;100=0;101=-1;102=0;103=-1;104=0;105=-1;106=0;107=0;108=1;109=1;110=-1;111=0;112=-1;113=0;116=1;120=60
27154,Riot Blade,ライオットソード,27xxx,3,30,113,2,1,Slashing,1,-1,None,0,physical,0,0,0,2000,0,80,0,15,-1,0,0,false,-1,,,,,0,-1,,,84=0;85=1;86=1;87=-1;88=0;89=-1;90=0;91=-1;92=0;93=-1;94=0;95=1;96=0;97=1;98=1;99=-1;100=0;101=-1;102=0;103=-1;104=0;105=-1;106=0;107=0;108=1;109=1;110=-1;111=0;112=-1;113=0;116=1;120=60
27155,Rage of Halone,レイジオブハルオーネ,27xxx,3,46,113,2,1,Slashing,1,-1,None,0,physical,0,0,0,1500,0,20,0,15,-1,0,0,false,-1,,,,,0,-1,,,84=0;85=1;86=1;87=-1;88=0;89=-1;90=0;91=-1;92=0;93=-1;94=0;95=1;96=-0.4;97=1;98=1;99=-1;100=0;101=-1;102=0;103=-1;104=0;105=-1;106=0;107=0;108=1;109=1;110=-1;111=0;112=-1;113=0;116=1;120=60
27156,Shield Bash,シールドバッシュ,27xxx,3,18,6,2,1,Slashing,1,-1,None,0,physical,0,0,0,250,0,30,0,15,-1,0,0,false,-1,,,,,0,-1,,,84=0;85=1;86=1;87=-1;88=0;89=-1;90=0;91=-1;92=0;93=-1;94=0;95=1;96=0;97=1;98=1;99=-1;100=0;101=-1;102=0;103=-1;104=0;105=-1;106=0;107=0;108=1;109=1;110=-1;111=0;112=-1;113=0;116=1;120=60
27157,War Drum,ウォードラム,27xxx,3,38,113,2,1,Slashing,1,-1,None,0,physical,0,0,0,500,0,60,0,8,-1,0,0,false,-1,,,,,0,-1,,,84=0;85=1;86=1;87=-1;88=0;89=-1;90=0;91=-1;92=0;93=-1;94=0;95=1;96=0;97=1;98=1;99=-1;100=0;101=-1;102=0;103=-1;104=0;105=-1;106=0;107=0;108=1;109=1;110=-1;111=0;112=-1;113=0;116=1;120=60
27158,Phalanx,ファランクス,27xxx,3,4,113,2,1,Slashing,1,-1,None,0,physical,0,0,0,250,0,5,0,15,-1,0,0,false,-1,,,,,0,-1,,,84=0;85=1;86=1;87=-1;88=0;89=-1;90=0;91=-1;92=0;93=-1;94=0;95=1;96=0;97=1;98=1;99=-1;100=0;101=-1;102=0;103=-1;104=0;105=-1;106=0;107=0;108=1;109=1;110=-1;111=0;112=-1;113=0;116=1;120=60
27159,Spirits Within,スピリッツウィズイン,27xxx,16,0,89,2,1,Slashing,1,-1,None,0,physical,0,0,0,3000,0,60,0,15,-1,0,0,false,-1,,,,,0,-1,,,84=0;85=1;86=1;87=-1;88=0;89=-1;90=0;91=-1;92=0;93=-1;94=0;95=1;96=0.5;97=1;98=1;99=-1;100=0;101=-1;102=0;103=-1;104=0;105=-1;106=0;107=0;108=1;109=1;110=-1;111=0;112=-1;113=0;116=1;120=60
27160,Enhanced Sentinel,センチネル効果アップ,27xxx,3,36,113,0,-1,None,0,-1,None,0,none,0,0,0,0,0,5,0,15,-1,0,0,false,-1,,,,,0,-1,,,84=0;85=1;86=1;87=-1;88=0;89=-1;90=0;91=-1;92=0;93=-1;94=0;95=1;96=0;97=1;98=1;99=-1;100=0;101=-1;102=0;103=-1;104=0;105=-1;106=0;107=0;108=-1;109=0;110=-1;111=0;112=-1;113=0;116=1;120=60
27161,Enhanced Flash,フラッシュ効果アップI,27xxx,3,28,113,0,-1,None,0,-1,None,0,none,0,0,0,0,0,5,0,15,-1,0,0,false,-1,,,,,0,-1,,,84=0;85=1;86=1;87=-1;88=0;89=-1;90=0;91=-1;92=0;93=-1;94=0;95=1;96=0;97=1;98=1;99=-1;100=0;101=-1;102=0;103=-1;104=0;105=-1;106=0;107=0;108=-1;109=0;110=-1;111=0;112=-1;113=0;116=1;120=60
27162,Enhanced Flash II,フラッシュ効果アップII,27xxx,3,48,113,0,-1,None,0,-1,None,0,none,0,0,0,0,0,5,0,15,-1,0,8,false,-1,,,,,0,-1,,,84=0;85=1;86=1;87=-1;88=0;89=-1;90=0;91=-1;92=0;93=-1;94=0;95=1;96=0;97=1;98=1;99=-1;100=0;101=-1;102=0;103=-1;104=0;105=-1;106=0;107=0;108=-1;109=0;110=-1;111=0;112=-1;113=0;116=1;120=60
27163,Enhanced Rampart,ランパート効果アップ,27xxx,3,12,113,0,-1,None,0,-1,None,0,none,0,0,0,0,0,5,0,15,-1,0,8,false,-1,,,,,0,-1,,,84=0;85=1;86=1;87=-1;88=0;89=-1;90=0;91=-1;92=0;93=-1;94=0;95=1;96=0;97=1;98=1;99=-1;100=0;101=-1;102=0;103=-1;104=0;105=-1;106=0;107=0;108=-1;109=0;110=-1;111=0;112=-1;113=0;116=1;120=60
27164,Swift Aegis Boon,イージスブーンリキャストタイム短縮,27xxx,3,20,113,0,-1,None,0,-1,None,0,none,0,0,0,0,0,45,0,15,-1,0,0,false,-1,,,,,0,-1,,,84=0;85=1;86=1;87=-1;88=0;89=-1;90=0;91=-1;92=0;93=-1;94=0;95=1;96=0;97=1;98=1;99=-1;100=0;101=-1;102=0;103=-1;104=0;105=-1;106=0;107=0;108=-1;109=0;110=-1;111=0;112=-1;113=0;116=1;120=60
27165,Enhanced Outmaneuver,アウトマニューバ効果アップ,27xxx,3,44,113,0,-1,None,0,-1,None,0,none,0,0,0,0,0,5,0,15,-1,0,0,false,-1,,,,,0,-1,,,84=0;85=1;86=1;87=-1;88=0;89=-1;90=0;91=-1;92=0;93=-1;94=0;95=1;96=0;97=1;98=1;99=-1;100=0;101=-1;102=0;103=-1;104=0;105=-1;106=0;107=0;108=-1;109=0;110=-1;111=0;112=-1;113=0;116=1;120=60
27166,Enhanced Physical Crit Resilience,物理クリティカル防御力アップI,27xxx,3,32,113,0,-1,None,0,-1,None,0,none,0,0,0,0,0,5,0,15,-1,0,0,false,-1,,,,,0,-1,,,84=0;85=1;86=1;87=-1;88=0;89=-1;90=0;91=-1;92=0;93=-1;94=0;95=1;96=0;97=1;98=1;99=-1;100=0;101=-1;102=0;103=-1;104=0;105=-1;106=0;107=0;108=-1;109=0;110=-1;111=0;112=-1;113=0;116=1;120=60
27167,Enhanced Block Rate,ブロック発動力アップI,27xxx,3,16,113,0,-1,None,0,-1,None,0,none,0,0,0,0,0,5,0,15,-1,0,0,false,-1,,,,,0,-1,,,84=0;85=1;86=1;87=-1;88=0;89=-1;90=0;91=-1;92=0;93=-1;94=0;95=1;96=0;97=1;98=1;99=-1;100=0;101=-1;102=0;103=-1;104=0;105=-1;106=0;107=0;108=-1;109=0;110=-1;111=0;112=-1;113=0;116=1;120=60
27168,Enhanced Physical Defense,物理防御力アップI,27xxx,3,8,113,0,-1,None,0,-1,None,0,none,0,0,0,0,0,5,0,15,-1,0,0,false,-1,,,,,0,-1,,,84=0;85=1;86=1;87=-1;88=0;89=-1;90=0;91=-1;92=0;93=-1;94=0;95=1;96=0;97=1;98=1;99=-1;100=0;101=-1;102=0;103=-1;104=0;105=-1;106=0;107=0;108=-1;109=0;110=-1;111=0;112=-1;113=0;116=1;120=60
27169,Enhanced Physical Defense II,物理防御力アップII,27xxx,3,24,113,0,-1,None,0,-1,None,0,none,0,0,0,0,0,5,0,15,-1,0,0,false,-1,,,,,0,-1,,,84=0;85=1;86=1;87=-1;88=0;89=-1;90=0;91=-1;92=0;93=-1;94=0;95=1;96=0;97=1;98=1;99=-1;100=0;101=-1;102=0;103=-1;104=0;105=-1;106=0;107=0;108=-1;109=0;110=-1;111=0;112=-1;113=0;116=1;120=60
27170,Enhanced Physical Defense III,物理防御力アップIII,27xxx,3,40,113,0,-1,None,0,-1,None,0,none,0,0,0,0,0,5,0,15,-1,0,0,false,-1,,,,,0,-1,,,84=0;85=1;86=1;87=-1;88=0;89=-1;90=0;91=-1;92=0;93=-1;94=0;95=1;96=0;97=1;98=1;99=-1;100=0;101=-1;102=0;103=-1;104=0;105=-1;106=0;107=0;108=-1;109=0;110=-1;111=0;112=-1;113=0;116=1;120=60
27180,Provoke,挑発,27xxx,4,14,6,2,-1,None,0,-1,None,0,none,0,0,0,0,0,30,0,15,-1,0,0,false,-1,,,,,0,-1,,,84=0;85=1;86=1;87=-1;88=0;89=-1;90=0;91=-1;92=0;93=-1;94=0;95=1;96=0;97=1;98=1;99=-1;100=0;101=-1;102=0;103=-1;104=0;105=-1;106=0;107=0;108=-1;109=0;110=-1;111=0;112=-1;113=0;116=1;120=60
27181,Foresight,フォーサイト,27xxx,4,2,6,0,-1,None,0,-1,None,0,none,0,0,0,0,0,60,0,15,-1,0,0,false,-1,,,,,0,-1,,,84=0;85=1;86=1;87=-1;88=0;89=-1;90=0;91=-1;92=0;93=-1;94=0;95=1;96=0;97=1;98=1;99=-1;100=0;101=-1;102=0;103=-1;104=0;105=-1;106=0;107=0;108=-1;109=0;110=-1;111=0;112=-1;113=0;116=1;120=60
27182,Bloodbath,ブラッドバス,27xxx,4,6,6,0,-1,None,0,-1,None,0,none,0,0,0,0,0,60,0,15,-1,0,0,false,-1,,,,,0,-1,,,84=0;85=1;86=1;87=-1;88=0;89=-1;90=0;91=-1;92=0;93=-1;94=0;95=1;96=0;97=1;98=1;99=-1;100=0;101=-1;102=0;103=-1;104=0;105=-1;106=0;107=0;108=-1;109=0;110=-1;111=0;112=-1;113=0;116=1;120=60
27183,Berserk,バーサク,27xxx,4,22,113,0,-1,None,0,-1,None,0,none,0,0,0,0,0,10,0,15,-1,0,0,false,-1,,,,,0,-1,,,84=0;85=1;86=1;87=-1;88=0;89=-1;90=0;91=-1;92=0;93=-1;94=0;95=1;96=0;97=1;98=1;99=-1;100=0;101=-1;102=0;103=-1;104=0;105=-1;106=0;107=0;108=-1;109=0;110=-1;111=0;112=-1;113=0;116=1;120=60
27184,Rampage,ランページ,27xxx,4,34,113,0,-1,None,0,-1,None,0,none,0,0,0,0,0,10,0,15,-1,0,0,false,-1,,,,,0,-1,,,84=0;85=1;86=1;87=-1;88=0;89=-1;90=0;91=-1;92=0;93=-1;94=0;95=1;96=0;97=1;98=1;99=-1;100=0;101=-1;102=0;103=-1;104=0;105=-1;106=0;107=0;108=-1;109=0;110=-1;111=0;112=-1;113=0;116=1;120=60
27185,Enduring March,不屈の行軍,27xxx,4,42,113,0,-1,None,0,-1,None,0,none,0,0,0,0,0,180,0,15,-1,0,0,false,-1,,,,,0,-1,,,84=0;85=1;86=1;87=-1;88=0;89=-1;90=0;91=-1;92=0;93=-1;94=0;95=1;96=0;97=1;98=1;99=-1;100=0;101=-1;102=0;103=-1;104=0;105=-1;106=0;107=0;108=-1;109=0;110=-1;111=0;112=-1;113=0;116=1;120=60
27186,Vengeance,ヴェンジェンス,27xxx,17,0,90,0,-1,None,0,-1,None,0,none,0,0,0,0,0,150,0,15,-1,0,0,false,-1,,,,,0,-1,,,84=0;85=1;86=1;87=-1;88=0;89=-1;90=0;91=-1;92=0;93=-1;94=0;95=1;96=0;97=1;98=1;99=-1;100=0;101=-1;102=0;103=-1;104=0;105=-1;106=0;107=0;108=-1;109=0;110=-1;111=0;112=-1;113=0;116=1;120=60
27187,Antagonize,アンタゴナイズ,27xxx,17,0,90,0,-1,None,0,-1,None,0,none,0,0,0,0,0,120,0,15,-1,0,0,false,-1,,,,,0,-1,,,84=0;85=1;86=1;87=-1;88=0;89=-1;90=0;91=-1;92=0;93=-1;94=0;95=1;96=0;97=1;98=1;99=-1;100=0;101=-1;102=0;103=-1;104=0;105=-1;106=0;107=0;108=-1;109=0;110=-1;111=0;112=-1;113=0;116=1;120=60
27188,Collusion,コルーション,27xxx,17,0,90,0,-1,None,0,-1,None,0,none,0,0,0,0,0,90,0,15,-1,0,0,false,-1,,,,,0,-1,,,84=0;85=1;86=1;87=-1;88=0;89=-1;90=0;91=-1;92=0;93=-1;94=0;95=1;96=0;97=1;98=1;99=-1;100=0;101=-1;102=0;103=-1;104=0;105=-1;106=0;107=0;108=-1;109=0;110=-1;111=0;112=-1;113=0;116=1;120=60
27189,Mighty Strikes,マイティストライク,27xxx,17,0,90,0,-1,None,0,-1,None,0,none,0,0,0,0,0,900,0,15,-1,0,0,false,-1,,,,,0,-1,,,84=0;85=1;86=1;87=-1;88=0;89=-1;90=0;91=-1;92=0;93=-1;94=0;95=1;96=0;97=1;98=1;99=-1;100=0;101=-1;102=0;103=-1;104=0;105=-1;106=0;107=0;108=-1;109=0;110=-1;111=0;112=-1;113=0;116=1;120=60
27190,Heavy Swing,ヘヴィスウィング,27xxx,4,1,87,2,1,Slashing,1,-1,None,0,physical,0,0,0,1000,0,10,0,15,-1,0,0,false,-1,,,,,0,-1,,,84=0;85=1;86=1;87=-1;88=0;89=-1;90=0;91=-1;92=0;93=-1;94=0;95=1;96=0;97=1;98=1;99=-1;100=0;101=-1;102=0;103=-1;104=0;105=-1;106=0;107=0;108=1;109=1;110=-1;111=0;112=-1;113=0;116=1;120=60
27191,Skull Sunder,スカルサンダー,27xxx,4,10,87,2,1,Slashing,1,-1,None,0,physical,0,0,0,1500,0,30,0,15,-1,0,0,false,-1,,,,,0,-1,,,84=0;85=1;86=1;87=-1;88=0;89=-1;90=0;91=-1;92=0;93=-1;94=0;95=1;96=0;97=1;98=1;99=-1;100=0;101=-1;102=0;103=-1;104=0;105=-1;106=0;107=0;108=1;109=1;110=-1;111=0;112=-1;113=0;116=1;120=60
27192,Steel Cyclone,スチールサイクロン,27xxx,17,0,90,2,1,Slashing,1,-1,None,0,physical,0,0,0,1000,0,30,0,10,-1,0,0,false,-1,,,,,0,-1,,,84=0;85=1;86=1;87=-1;88=0;89=-1;90=0;91=-1;92=0;93=-1;94=0;95=1;96=0;97=1;98=1;99=-1;100=0;101=-1;102=0;103=-1;104=0;105=-1;106=0;107=0;108=1;109=1;110=-1;111=0;112=-1;113=0;116=1;120=60
27193,Brutal Swing,ブルータルスウィング,27xxx,4,4,87,2,1,Slashing,1,-1,None,0,physical,0,0,0,1500,0,20,0,15,-1,0,0,false,-1,,,,,0,-1,,,84=0;85=1;86=1;87=-1;88=0;89=-1;90=0;91=-1;92=0;93=-1;94=0;95=1;96=0;97=1;98=1;99=-1;100=0;101=-1;102=0;103=-1;104=0;105=-1;106=0;107=0;108=1;109=1;110=-1;111=0;112=-1;113=0;116=1;120=60
27194,Maim,メイム,27xxx,4,26,87,2,1,Slashing,1,-1,None,0,physical,0,0,0,1500,0,30,0,15,-1,0,0,false,-1,,,,,0,-1,,,84=0;85=1;86=1;87=-1;88=0;89=-1;90=0;91=-1;92=0;93=-1;94=0;95=1;96=0;97=1;98=1;99=-1;100=0;101=-1;102=0;103=-1;104=0;105=-1;106=0;107=0;108=1;109=1;110=-1;111=0;112=-1;113=0;116=1;120=60
27195,Godsbane,ゴッズベーン,27xxx,4,50,113,2,1,Slashing,1,-1,None,0,physical,0,0,0,3000,0,60,0,15,-1,0,0,false,-1,,,,,0,-1,,,84=0;85=1;86=1;87=-1;88=0;89=-1;90=0;91=-1;92=0;93=-1;94=0;95=1;96=0;97=1;98=1;99=-1;100=0;101=-1;102=0;103=-1;104=0;105=-1;106=0;107=0;108=1;109=1;110=-1;111=0;112=-1;113=0;116=1;120=60
27196,Path of the Storm,シュトルムヴィント,27xxx,4,38,113,2,1,Slashing,1,-1,None,0,physical,0,0,0,1500,0,30,0,15,-1,0,0,false,-1,,,,,0,-1,,,84=0;85=1;86=1;87=-1;88=0;89=-1;90=0;91=-1;92=0;93=-1;94=0;95=1;96=0;97=1;98=1;99=-1;100=0;101=-1;102=0;103=-1;104=0;105=-1;106=0;107=0;108=1;109=1;110=-1;111=0;112=-1;113=0;116=1;120=60
27197,Whirlwind,ワールウィンド,27xxx,4,46,113,2,1,Slashing,1,-1,None,0,physical,0,0,0,3000,0,80,0,10,-1,0,0,false,-1,,,,,0,-1,,,84=0;85=1;86=1;87=-1;88=0;89=-1;90=0;91=-1;92=0;93=-1;94=0;95=1;96=0;97=1;98=1;99=-1;100=0;101=-1;102=0;103=-1;104=0;105=-1;106=0;107=0;108=1;109=1;110=-1;111=0;112=-1;113=0;116=1;120=60
27198,Fracture,フラクチャー,27xxx,4,18,113,2,1,Slashing,1,-1,None,0,physical,0,0,0,500,0,40,0,15,-1,0,0,false,-1,,,,,0,-1,,,84=0;85=1;86=1;87=-1;88=0;89=-1;90=0;91=-1;92=0;93=-1;94=0;95=1;96=0;97=1;98=1;99=-1;100=0;101=-1;102=0;103=-1;104=0;105=-1;106=0;107=0;108=1;109=1;110=-1;111=0;112=-1;113=0;116=1;120=60
27199,Overpower,オーバーパワー,27xxx,4,30,87,2,1,Slashing,1,-1,None,0,physical,0,0,0,250,0,5,0,15,-1,0,0,false,-1,,,,,0,-1,,,84=0;85=1;86=1;87=-1;88=0;89=-1;90=0;91=-1;92=0;93=-1;94=0;95=1;96=0;97=1;98=1;99=-1;100=0;101=-1;102=0;103=-1;104=0;105=-1;106=0;107=0;108=1;109=1;110=-1;111=0;112=-1;113=0;116=1;120=60
27200,Enhanced Provoke,挑発効果アップ,27xxx,4,28,113,2,-1,None,0,-1,None,0,none,0,0,0,0,0,5,0,15,-1,0,0,false,-1,,,,,0,-1,,,84=0;85=1;86=1;87=-1;88=0;89=-1;90=0;91=-1;92=0;93=-1;94=0;95=1;96=0;97=1;98=1;99=-1;100=0;101=-1;102=0;103=-1;104=0;105=-1;106=0;107=0;108=-1;109=0;110=-1;111=0;112=-1;113=0;116=1;120=60
27201,Swift Foresight,フォーサイトリキャストタイム短縮,27xxx,4,20,113,2,-1,None,0,-1,None,0,none,0,0,0,0,0,45,0,15,-1,0,0,false,-1,,,,,0,-1,,,84=0;85=1;86=1;87=-1;88=0;89=-1;90=0;91=-1;92=0;93=-1;94=0;95=1;96=0;97=1;98=1;99=-1;100=0;101=-1;102=0;103=-1;104=0;105=-1;106=0;107=0;108=-1;109=0;110=-1;111=0;112=-1;113=0;116=1;120=60
27202,Swift Bloodbath,ブラッドバスリキャストタイム短縮,27xxx,4,16,113,2,-1,None,0,-1,None,0,none,0,0,0,0,0,45,0,15,-1,0,0,false,-1,,,,,0,-1,,,84=0;85=1;86=1;87=-1;88=0;89=-1;90=0;91=-1;92=0;93=-1;94=0;95=1;96=0;97=1;98=1;99=-1;100=0;101=-1;102=0;103=-1;104=0;105=-1;106=0;107=0;108=-1;109=0;110=-1;111=0;112=-1;113=0;116=1;120=60
27203,Enhanced Enduring March,不屈の行軍効果アップ,27xxx,4,48,113,2,-1,None,0,-1,None,0,none,0,0,0,0,0,5,0,15,-1,0,0,false,-1,,,,,0,-1,,,84=0;85=1;86=1;87=-1;88=0;89=-1;90=0;91=-1;92=0;93=-1;94=0;95=1;96=0;97=1;98=1;99=-1;100=0;101=-1;102=0;103=-1;104=0;105=-1;106=0;107=0;108=-1;109=0;110=-1;111=0;112=-1;113=0;116=1;120=60
27204,Enhanced Rampage,ランページ効果アップ,27xxx,4,44,113,2,-1,None,0,-1,None,0,none,0,0,0,0,0,5,0,15,-1,0,0,false,-1,,,,,0,-1,,,84=0;85=1;86=1;87=-1;88=0;89=-1;90=0;91=-1;92=0;93=-1;94=0;95=1;96=0;97=1;98=1;99=-1;100=0;101=-1;102=0;103=-1;104=0;105=-1;106=0;107=0;108=-1;109=0;110=-1;111=0;112=-1;113=0;116=1;120=60
27205,Enhanced Berserk,バーサク効果アップ,27xxx,4,36,113,2,-1,None,0,-1,None,0,none,0,0,0,0,0,5,0,15,-1,0,0,false,-1,,,,,0,-1,,,84=0;85=1;86=1;87=-1;88=0;89=-1;90=0;91=-1;92=0;93=-1;94=0;95=1;96=0;97=1;98=1;99=-1;100=0;101=-1;102=0;103=-1;104=0;105=-1;106=0;107=0;108=-1;109=0;110=-1;111=0;112=-1;113=0;116=1;120=60
27206,Enhanced Physical Crit Evasion,物理クリティカル回避力アップI,27xxx,4,32,113,2,-1,None,0,-1,None,0,none,0,0,0,0,0,5,0,15,-1,0,0,false,-1,,,,,0,-1,,,84=0;85=1;86=1;87=-1;88=0;89=-1;90=0;91=-1;92=0;93=-1;94=0;95=1;96=0;97=1;98=1;99=-1;100=0;101=-1;102=0;103=-1;104=0;105=-1;106=0;107=0;108=-1;109=0;110=-1;111=0;112=-1;113=0;116=1;120=60
27207,Enhanced Parry,受け流し力アップI,27xxx,4,24,113,2,-1,None,0,-1,None,0,none,0,0,0,0,0,5,0,15,-1,0,0,false,-1,,,,,0,-1,,,84=0;85=1;86=1;87=-1;88=0;89=-1;90=0;91=-1;92=0;93=-1;94=0;95=1;96=0;97=1;98=1;99=-1;100=0;101=-1;102=0;103=-1;104=0;105=-1;106=0;107=0;108=-1;109=0;110=-1;111=0;112=-1;113=0;116=1;120=60
27208,Enhanced Physical Defense,物理防御力アップI,27xxx,4,12,113,2,-1,None,0,-1,None,0,none,0,0,0,0,0,5,0,15,-1,0,0,false,-1,,,,,0,-1,,,84=0;85=1;86=1;87=-1;88=0;89=-1;90=0;91=-1;92=0;93=-1;94=0;95=1;96=0;97=1;98=1;99=-1;100=0;101=-1;102=0;103=-1;104=0;105=-1;106=0;107=0;108=-1;109=0;110=-1;111=0;112=-1;113=0;116=1;120=60
27209,Enhanced Physical Defense II,物理防御力アップII,27xxx,4,40,113,2,-1,None,0,-1,None,0,none,0,0,0,0,0,5,0,15,-1,0,0,false,-1,,,,,0,-1,,,84=0;85=1;86=1;87=-1;88=0;89=-1;90=0;91=-1;92=0;93=-1;94=0;95=1;96=0;97=1;98=1;99=-1;100=0;101=-1;102=0;103=-1;104=0;105=-1;106=0;107=0;108=-1;109=0;110=-1;111=0;112=-1;113=0;116=1;120=60
27210,Enhanced Physical Attack Power,物理攻撃力アップI,27xxx,4,8,113,2,-1,None,0,-1,None,0,none,0,0,0,0,0,5,0,15,-1,0,0,false,-1,,,,,0,-1,,,84=0;85=1;86=1;87=-1;88=0;89=-1;90=0;91=-1;92=0;93=-1;94=0;95=1;96=0;97=1;98=1;99=-1;100=0;101=-1;102=0;103=-1;104=0;105=-1;106=0;107=0;108=-1;109=0;110=-1;111=0;112=-1;113=0;116=1;120=60
27220,Hawk's Eye,ホークアイ,27xxx,7,6,6,0,-1,None,0,-1,None,0,none,0,0,0,0,0,90,0,15,-1,0,0,false,-1,,,,,0,-1,,,84=0;85=1;86=1;87=-1;88=0;89=-1;90=0;91=-1;92=0;93=-1;94=0;95=1;96=0;97=1;98=1;99=-1;100=0;101=-1;102=0;103=-1;104=0;105=-1;106=0;107=0;108=-1;109=0;110=-1;111=0;112=-1;113=0;116=1;120=60
27221,Quelling Strike,静者の撃,27xxx,7,22,6,0,-1,None,0,-1,None,0,none,0,0,0,0,0,60,0,15,-1,0,0,false,-1,,,,,0,-1,,,84=0;85=1;86=1;87=-1;88=0;89=-1;90=0;91=-1;92=0;93=-1;94=0;95=1;96=0;97=1;98=1;99=-1;100=0;101=-1;102=0;103=-1;104=0;105=-1;106=0;107=0;108=-1;109=0;110=-1;111=0;112=-1;113=0;116=1;120=60
27222,Decoy,デコイ,27xxx,7,2,6,0,-1,None,0,-1,None,0,none,0,0,100,0,0,90,0,15,-1,0,0,false,-1,,,,,0,-1,,,84=0;85=1;86=1;87=-1;88=0;89=-1;90=0;91=-1;92=0;93=-1;94=0;95=1;96=0;97=1;98=1;99=-1;100=0;101=-1;102=0;103=-1;104=0;105=-1;106=0;107=0;108=-1;109=0;110=-1;111=0;112=-1;113=0;116=1;120=60
27223,Chameleon,カメレオン,27xxx,7,42,6,0,-1,None,0,-1,None,0,none,0,0,0,0,0,180,0,15,-1,0,0,false,-1,,,,,0,-1,,,84=0;85=1;86=1;87=-1;88=0;89=-1;90=0;91=-1;92=0;93=-1;94=0;95=1;96=0;97=1;98=1;99=-1;100=0;101=-1;102=0;103=-1;104=0;105=-1;106=0;107=0;108=-1;109=0;110=-1;111=0;112=-1;113=0;116=1;120=60
27224,Barrage,乱れ撃ち,27xxx,7,34,113,0,-1,None,0,-1,None,0,none,0,0,0,0,0,90,0,15,-1,0,0,false,-1,,,,,0,-1,,,84=0;85=1;86=1;87=-1;88=0;89=-1;90=0;91=-1;92=0;93=-1;94=0;95=1;96=0;97=1;98=1;99=-1;100=0;101=-1;102=0;103=-1;104=0;105=-1;106=0;107=0;108=-1;109=0;110=-1;111=0;112=-1;113=0;116=1;120=60
27225,Raging Strike,猛者の撃,27xxx,7,14,113,0,-1,None,0,-1,None,0,none,0,0,0,0,0,10,0,15,-1,0,0,false,-1,,,,,0,-1,,,84=0;85=1;86=1;87=-1;88=0;89=-1;90=0;91=-1;92=0;93=-1;94=0;95=1;96=0;97=1;98=1;99=-1;100=0;101=-1;102=0;103=-1;104=0;105=-1;106=0;107=0;108=-1;109=0;110=-1;111=0;112=-1;113=0;116=1;120=60
27226,Swiftsong,スウィフトソング,27xxx,7,26,113,0,-1,None,0,-1,None,0,none,0,0,100,0,0,10,0,8,-1,0,8,false,-1,,,,,0,-1,,,84=0;85=1;86=1;87=-1;88=0;89=-1;90=0;91=-1;92=0;93=-1;94=0;95=1;96=0;97=1;98=1;99=-1;100=0;101=-1;102=0;103=-1;104=0;105=-1;106=0;107=0;108=-1;109=0;110=-1;111=0;112=-1;113=0;116=1;120=60
27227,Battle Voice,バトルボイス,27xxx,18,0,91,0,-1,None,0,-1,None,0,none,0,0,0,0,0,900,0,8,-1,0,0,false,-1,,,,,0,-1,,,84=0;85=1;86=1;87=-1;88=0;89=-1;90=0;91=-1;92=0;93=-1;94=0;95=1;96=0;97=1;98=1;99=-1;100=0;101=-1;102=0;103=-1;104=0;105=-1;106=0;107=0;108=-1;109=0;110=-1;111=0;112=-1;113=0;116=1;120=60
27228,Heavy Shot,ヘヴィショット,27xxx,7,1,87,2,4,Projectile,1,-1,None,0,physical,0,0,0,1000,0,10,0,15,8,0,0,false,-1,,,,,0,-1,,,84=0;85=1;86=1;87=-1;88=0;89=-1;90=0;91=-1;92=0;93=-1;94=0;95=1;96=0;97=1;98=1;99=-1;100=0;101=-1;102=0;103=-1;104=0;105=-1;106=0;107=0;108=4;109=1;110=-1;111=0;112=-1;113=0;116=1;120=60
27229,Leaden Arrow,レッデンアロー,27xxx,7,10,87,2,4,Projectile,1,-1,None,0,physical,0,0,0,1500,0,30,0,15,-1,0,0,false,-1,,,,,0,-1,,,84=0;85=1;86=1;87=-1;88=0;89=-1;90=0;91=-1;92=0;93=-1;94=0;95=1;96=0;97=1;98=1;99=-1;100=0;101=-1;102=0;103=-1;104=0;105=-1;106=0;107=0;108=4;109=1;110=-1;111=0;112=-1;113=0;116=1;120=60
27230,Wide Volley,ワイドボレー,27xxx,7,50,113,2,4,Projectile,1,-1,None,0,physical,0,0,0,2000,0,80,0,15,-1,0,8,false,-1,,,,,0,-1,,,84=0;85=1;86=1;87=-1;88=0;89=-1;90=0;91=-1;92=0;93=-1;94=0;95=1;96=-0.2;97=1;98=1;99=-1;100=0;101=-1;102=0;103=-1;104=0;105=-1;106=0;107=0;108=4;109=1;110=-1;111=0;112=-1;113=0;116=1;120=60
27231,Quick Nock,クイックノック,27xxx,7,38,113,2,4,Projectile,1,-1,None,0,physical,0,0,0,1000,0,180,0,10,-1,0,0,false,-1,,,,,0,-1,,,84=0;85=1;86=1;87=-1;88=0;89=-1;90=0;91=-1;92=0;93=-1;94=0;95=1;96=0;97=1;98=1;99=-1;100=0;101=-1;102=0;103=-1;104=0;105=-1;106=0;107=0;108=4;109=1;110=-1;111=0;112=-1;113=0;116=1;120=60
27232,Rain of Death,レインオブデス,27xxx,18,0,91,2,4,Projectile,1,-1,None,0,physical,0,0,0,3000,0,30,0,15,-1,0,8,false,-1,,,,,0,-1,,,84=0;85=1;86=1;87=-1;88=0;89=-1;90=0;91=-1;92=0;93=-1;94=0;95=1;96=0;97=1;98=1;99=-1;100=0;101=-1;102=0;103=-1;104=0;105=-1;106=0;107=0;108=4;109=1;110=-1;111=0;112=-1;113=0;116=1;120=60
27233,Piercing Arrow,ピアシングアロー,27xxx,7,4,87,2,4,Projectile,1,-1,None,0,physical,0,0,0,1000,0,20,0,15,8,0,0,false,-1,,,,,0,-1,,,84=0;85=1;86=1;87=-1;88=0;89=-1;90=0;91=-1;92=0;93=-1;94=0;95=1;96=0;97=1;98=1;99=-1;100=0;101=-1;102=0;103=-1;104=0;105=-1;106=0;107=0;108=4;109=1;110=-1;111=0;112=-1;113=0;116=1;120=60
27234,Gloom Arrow,グルームアロー,27xxx,7,30,87,2,4,Projectile,1,-1,None,0,physical,0,0,0,1000,0,10,0,15,-1,0,0,false,-1,,,,,0,-1,,,84=0;85=1;86=1;87=-1;88=0;89=-1;90=0;91=-1;92=0;93=-1;94=0;95=1;96=0;97=1;98=1;99=-1;100=0;101=-1;102=0;103=-1;104=0;105=-1;106=0;107=0;108=4;109=1;110=-1;111=0;112=-1;113=0;116=1;120=60
27235,Bloodletter,ブラッドレッター,27xxx,7,46,113,2,4,Projectile,1,-1,None,0,physical,0,0,0,1500,0,80,0,8,-1,0,0,false,-1,,,,,0,-1,,,84=0;85=1;86=1;87=-1;88=0;89=-1;90=0;91=-1;92=0;93=-1;94=0;95=1;96=0;97=1;98=1;99=-1;100=0;101=-1;102=0;103=-1;104=0;105=-1;106=0;107=0;108=4;109=1;110=-1;111=0;112=-1;113=0;116=1;120=60
27236,Shadowbind,影縫い,27xxx,7,18,113,2,4,Projectile,1,-1,None,0,physical,0,0,0,250,0,40,0,15,-1,0,0,false,-1,,,,,0,-1,,,84=0;85=1;86=1;87=-1;88=0;89=-1;90=0;91=-1;92=0;93=-1;94=0;95=1;96=0;97=1;98=1;99=-1;100=0;101=-1;102=0;103=-1;104=0;105=-1;106=0;107=0;108=4;109=1;110=-1;111=0;112=-1;113=0;116=1;120=60
27237,Ballad of Magi,賢人のバラード,27xxx,18,0,91,0,-1,None,0,-1,None,0,none,0,0,100,0,3,10,0,8,-1,0,0,false,-1,,,,,0,-1,,,84=0;85=1;86=1;87=-1;88=0;89=-1;90=0;91=-1;92=0;93=-1;94=0;95=1;96=0;97=1;98=1;99=-1;100=0;101=-1;102=0;103=-1;104=0;105=-1;106=0;107=0;108=-1;109=0;110=-1;111=0;112=-1;113=0;116=1;120=60
27238,Paeon of War,軍神のパイオン,27xxx,18,0,91,0,-1,None,0,-1,None,0,none,0,0,50,1000,3,10,0,8,-1,0,0,false,-1,,,,,0,-1,,,84=0;85=1;86=1;87=-1;88=0;89=-1;90=0;91=-1;92=0;93=-1;94=0;95=1;96=0;97=1;98=1;99=-1;100=0;101=-1;102=0;103=-1;104=0;105=-1;106=0;107=0;108=-1;109=0;110=-1;111=0;112=-1;113=0;116=1;120=60
27239,Minuet of Rigor,厳命のメヌエット,27xxx,18,0,91,0,-1,None,0,-1,None,0,none,0,0,100,0,3,10,0,8,-1,0,0,false,-1,,,,,0,-1,,,84=0;85=1;86=1;87=-1;88=0;89=-1;90=0;91=-1;92=0;93=-1;94=0;95=1;96=0;97=1;98=1;99=-1;100=0;101=-1;102=0;103=-1;104=0;105=-1;106=0;107=0;108=-1;109=0;110=-1;111=0;112=-1;113=0;116=1;120=60
27240,Enhanced Hawk's Eye,ホークアイ効果アップ,27xxx,7,28,113,0,-1,None,0,-1,None,0,none,0,0,0,0,0,5,0,15,-1,0,0,false,-1,,,,,0,-1,,,84=0;85=1;86=1;87=-1;88=0;89=-1;90=0;91=-1;92=0;93=-1;94=0;95=1;96=0;97=1;98=1;99=-1;100=0;101=-1;102=0;103=-1;104=0;105=-1;106=0;107=0;108=-1;109=0;110=-1;111=0;112=-1;113=0;116=1;120=60
27241,Enhanced Quelling Strike,静者の撃効果アップ,27xxx,7,32,113,0,-1,None,0,-1,None,0,none,0,0,0,0,0,5,0,15,-1,0,0,false,-1,,,,,0,-1,,,84=0;85=1;86=1;87=-1;88=0;89=-1;90=0;91=-1;92=0;93=-1;94=0;95=1;96=0;97=1;98=1;99=-1;100=0;101=-1;102=0;103=-1;104=0;105=-1;106=0;107=0;108=-1;109=0;110=-1;111=0;112=-1;113=0;116=1;120=60
27242,Enhanced Barrage,乱れ撃ち効果アップ,27xxx,7,44,113,0,-1,None,0,-1,None,0,none,0,0,0,0,0,5,0,15,-1,0,0,false,-1,,,,,0,-1,,,84=0;85=1;86=1;87=-1;88=0;89=-1;90=0;91=-1;92=0;93=-1;94=0;95=1;96=0;97=1;98=1;99=-1;100=0;101=-1;102=0;103=-1;104=0;105=-1;106=0;107=0;108=-1;109=0;110=-1;111=0;112=-1;113=0;116=1;120=60
27243,Enhanced Raging Strike,猛者の撃効果アップ,27xxx,7,36,113,0,-1,None,0,-1,None,0,none,0,0,0,0,0,5,0,15,-1,0,0,false,-1,,,,,0,-1,,,84=0;85=1;86=1;87=-1;88=0;89=-1;90=0;91=-1;92=0;93=-1;94=0;95=1;96=0;97=1;98=1;99=-1;100=0;101=-1;102=0;103=-1;104=0;105=-1;106=0;107=0;108=-1;109=0;110=-1;111=0;112=-1;113=0;116=1;120=60
27244,Enhanced Decoy,デコイ効果アップ,27xxx,7,16,113,0,-1,None,0,-1,None,0,none,0,0,0,0,0,5,0,15,-1,0,0,false,-1,,,,,0,-1,,,84=0;85=1;86=1;87=-1;88=0;89=-1;90=0;91=-1;92=0;93=-1;94=0;95=1;96=0;97=1;98=1;99=-1;100=0;101=-1;102=0;103=-1;104=0;105=-1;106=0;107=0;108=-1;109=0;110=-1;111=0;112=-1;113=0;116=1;120=60
27245,Swift Chameleon,カメレオンリキャストタイム短縮,27xxx,7,48,113,0,-1,None,0,-1,None,0,none,0,0,0,0,0,120,0,15,-1,0,0,false,-1,,,,,0,-1,,,84=0;85=1;86=1;87=-1;88=0;89=-1;90=0;91=-1;92=0;93=-1;94=0;95=1;96=0;97=1;98=1;99=-1;100=0;101=-1;102=0;103=-1;104=0;105=-1;106=0;107=0;108=-1;109=0;110=-1;111=0;112=-1;113=0;116=1;120=60
27246,Enhanced Physical Crit Accuracy,物理クリティカル命中力アップI,27xxx,7,40,113,0,-1,None,0,-1,None,0,none,0,0,0,0,0,5,0,15,-1,0,0,false,-1,,,,,0,-1,,,84=0;85=1;86=1;87=-1;88=0;89=-1;90=0;91=-1;92=0;93=-1;94=0;95=1;96=0;97=1;98=1;99=-1;100=0;101=-1;102=0;103=-1;104=0;105=-1;106=0;107=0;108=-1;109=0;110=-1;111=0;112=-1;113=0;116=1;120=60
27247,Enhanced Physical Crit Evasion,物理クリティカル回避力アップI,27xxx,7,20,113,0,-1,None,0,-1,None,0,none,0,0,0,0,0,5,0,15,-1,0,0,false,-1,,,,,0,-1,,,84=0;85=1;86=1;87=-1;88=0;89=-1;90=0;91=-1;92=0;93=-1;94=0;95=1;96=0;97=1;98=1;99=-1;100=0;101=-1;102=0;103=-1;104=0;105=-1;106=0;107=0;108=-1;109=0;110=-1;111=0;112=-1;113=0;116=1;120=60
27248,Enhanced Physical Evasion,物理回避力アップI,27xxx,7,12,113,0,-1,None,0,-1,None,0,none,0,0,0,0,0,5,0,15,-1,0,0,false,-1,,,,,0,-1,,,84=0;85=1;86=1;87=-1;88=0;89=-1;90=0;91=-1;92=0;93=-1;94=0;95=1;96=0;97=1;98=1;99=-1;100=0;101=-1;102=0;103=-1;104=0;105=-1;106=0;107=0;108=-1;109=0;110=-1;111=0;112=-1;113=0;116=1;120=60
27249,Enhanced Physical Accuracy,物理命中力アップI,27xxx,7,8,113,0,-1,None,0,-1,None,0,none,0,0,0,0,0,5,0,15,-1,0,0,false,-1,,,,,0,-1,,,84=0;85=1;86=1;87=-1;88=0;89=-1;90=0;91=-1;92=0;93=-1;94=0;95=1;96=0;97=1;98=1;99=-1;100=0;101=-1;102=0;103=-1;104=0;105=-1;106=0;107=0;108=-1;109=0;110=-1;111=0;112=-1;113=0;116=1;120=60
27250,Enhanced Physical Accuracy II,物理命中力アップII,27xxx,7,24,113,0,-1,None,0,-1,None,0,none,0,0,0,0,0,5,0,15,-1,0,0,false,-1,,,,,0,-1,,,84=0;85=1;86=1;87=-1;88=0;89=-1;90=0;91=-1;92=0;93=-1;94=0;95=1;96=0;97=1;98=1;99=-1;100=0;101=-1;102=0;103=-1;104=0;105=-1;106=0;107=0;108=-1;109=0;110=-1;111=0;112=-1;113=0;116=1;120=60
27258,Refill,矢籠め,27xxx,7,1,113,0,-1,None,0,-1,None,0,none,0,0,0,0,0,0,0,-1,-1,0,0,false,-1,,,,,0,-1,,,84=0;85=1;86=1;87=-1;88=0;89=-1;90=0;91=-1;92=0;93=-1;94=0;95=1;96=0;97=1;98=1;99=-1;100=0;101=-1;102=0;103=-1;104=0;105=-1;106=0;107=1;108=-1;109=0;110=-1;111=0;112=-1;113=0;116=0;120=0
27259,Light Shot,ショット,27xxx,7,1,113,2,-1,None,0,-1,None,0,none,0,0,0,0,0,0,3,8,-1,0,0,false,-1,,,,,0,-1,,,84=0;85=1;86=1;87=-1;88=0;89=-1;90=0;91=-1;92=0;93=-1;94=0;95=1;96=0;97=1;98=1;99=-1;100=0;101=-1;102=0;103=-1;104=0;105=-1;106=0;107=1;108=-1;109=0;110=-1;111=0;112=-1;113=0;116=0;120=60
27260,Invigorate,気合,27xxx,8,14,6,0,-1,None,0,-1,None,0,none,0,0,0,0,0,90,0,15,-1,0,0,false,-1,,,,,0,-1,,,84=0;85=1;86=1;87=-1;88=0;89=-1;90=0;91=-1;92=0;93=-1;94=0;95=1;96=0;97=1;98=1;99=-1;100=0;101=-1;102=0;103=-1;104=0;105=-1;106=0;107=0;108=-1;109=0;110=-1;111=0;112=-1;113=0;116=1;120=60
27261,Power Surge,竜槍,27xxx,8,34,113,0,-1,None,0,-1,None,0,none,0,0,0,0,0,10,0,15,-1,0,0,false,-1,,,,,0,-1,,,84=0;85=1;86=1;87=-1;88=0;89=-1;90=0;91=-1;92=0;93=-1;94=0;95=1;96=0;97=1;98=1;99=-1;100=0;101=-1;102=0;103=-1;104=0;105=-1;106=0;107=0;108=-1;109=0;110=-1;111=0;112=-1;113=0;116=1;120=60
27262,Life Surge,竜剣,27xxx,8,22,113,0,-1,None,0,-1,None,0,none,0,0,0,250,0,15,0,15,-1,0,0,false,-1,,,,,0,-1,,,84=0;85=1;86=1;87=-1;88=0;89=-1;90=0;91=-1;92=0;93=-1;94=0;95=1;96=0;97=1;98=1;99=-1;100=0;101=-1;102=0;103=-1;104=0;105=-1;106=0;107=0;108=-1;109=0;110=-1;111=0;112=-1;113=0;116=1;120=60
27263,Dread Spike,ドレッドスパイク,27xxx,8,42,113,0,-1,None,0,-1,None,0,none,0,0,0,0,0,120,0,15,-1,0,0,false,-1,,,,,0,-1,,,84=0;85=1;86=1;87=-1;88=0;89=-1;90=0;91=-1;92=0;93=-1;94=0;95=1;96=0;97=1;98=1;99=-1;100=0;101=-1;102=0;103=-1;104=0;105=-1;106=0;107=0;108=-1;109=0;110=-1;111=0;112=-1;113=0;116=1;120=60
27264,Blood for Blood,捨身,27xxx,8,6,6,0,-1,None,0,-1,None,0,none,0,0,0,0,0,60,0,15,-1,0,0,false,-1,,,,,0,-1,,,84=0;85=1;86=1;87=-1;88=0;89=-1;90=0;91=-1;92=0;93=-1;94=0;95=1;96=0;97=1;98=1;99=-1;100=0;101=-1;102=0;103=-1;104=0;105=-1;106=0;107=0;108=-1;109=0;110=-1;111=0;112=-1;113=0;116=1;120=60
27265,Keen Flurry,キーンフラーリ,27xxx,8,26,6,0,-1,None,0,-1,None,0,none,0,0,0,0,0,90,0,15,-1,0,0,false,-1,,,,,0,-1,,,84=0;85=1;86=1;87=-1;88=0;89=-1;90=0;91=-1;92=0;93=-1;94=0;95=1;96=0;97=1;98=1;99=-1;100=0;101=-1;102=0;103=-1;104=0;105=-1;106=0;107=0;108=-1;109=0;110=-1;111=0;112=-1;113=0;116=1;120=60
27266,Jump,ジャンプ,27xxx,19,0,92,2,2,Piercing,1,-1,None,0,physical,0,0,0,0,0,60,0,15,-1,0,0,false,-1,,,,,0,-1,,,84=0;85=1;86=1;87=-1;88=0;89=-1;90=0;91=-1;92=0;93=-1;94=0;95=1;96=0;97=1;98=1;99=-1;100=0;101=-1;102=0;103=-1;104=0;105=-1;106=0;107=0;108=2;109=1;110=-1;111=0;112=-1;113=0;116=1;120=60
27267,Elusive Jump,イルーシブジャンプ,27xxx,19,0,92,0,-1,None,0,-1,None,0,none,0,0,0,0,0,180,0,15,-1,0,0,false,-1,,,,,0,-1,,,84=0;85=1;86=1;87=-1;88=0;89=-1;90=0;91=-1;92=0;93=-1;94=0;95=1;96=0;97=1;98=1;99=-1;100=0;101=-1;102=0;103=-1;104=0;105=-1;106=0;107=0;108=-1;109=0;110=-1;111=0;112=-1;113=0;116=1;120=60
27268,Dragonfire Dive,ドラゴンダイブ,27xxx,19,0,92,2,13,Magical,1,5,Fire,0,magical,1200,0,0,0,0,900,0,15,-1,0,4,false,-1,,,,,0,-1,,,84=1200;85=1;86=1;87=6;88=1.5;89=-1;90=0;91=6;92=0.75;93=-1;94=0;95=1;96=0;97=1;98=1;99=-1;100=0;101=-1;102=0;103=-1;104=0;105=-1;106=0;107=0;108=13;109=1;110=5;111=0;112=-1;113=0;116=1;120=60
27269,True Thrust,トゥルースラスト,27xxx,8,1,87,2,2,Piercing,1,-1,None,0,physical,0,0,0,1000,0,10,0,15,-1,0,0,false,-1,,,,,0,-1,,,84=0;85=1;86=1;87=-1;88=0;89=-1;90=0;91=-1;92=0;93=-1;94=0;95=1;96=0;97=1;98=1;99=-1;100=0;101=-1;102=0;103=-1;104=0;105=-1;106=0;107=0;108=2;109=1;110=-1;111=0;112=-1;113=0;116=1;120=60
27270,Leg Sweep,足払い,27xxx,8,30,87,2,2,Piercing,1,-1,None,0,physical,0,0,0,1000,0,30,0,8,-1,0,0,false,-1,,,,,0,-1,,,84=0;85=1;86=1;87=-1;88=0;89=-1;90=0;91=-1;92=0;93=-1;94=0;95=1;96=0;97=1;98=1;99=-1;100=0;101=-1;102=0;103=-1;104=0;105=-1;106=0;107=0;108=2;109=1;110=-1;111=0;112=-1;113=0;116=1;120=60
27271,Doom Spike,ドゥームスパイク,27xxx,8,46,113,2,2,Piercing,1,-1,None,0,physical,0,0,0,3000,0,60,0,8,-1,0,0,false,-1,,,,,0,-1,,,84=0;85=1;86=1;87=-1;88=0;89=-1;90=0;91=-1;92=0;93=-1;94=0;95=1;96=0;97=1;98=1;99=-1;100=0;101=-1;102=0;103=-1;104=0;105=-1;106=0;107=0;108=2;109=1;110=-1;111=0;112=-1;113=0;116=1;120=60
27272,Disembowel,ディセムボウル,27xxx,19,0,92,2,2,Piercing,1,-1,None,0,physical,0,0,0,750,0,30,0,15,-1,0,0,false,-1,,,,,0,-1,,,84=0;85=1;86=1;87=-1;88=0;89=-1;90=0;91=-1;92=0;93=-1;94=0;95=1;96=0;97=1;98=1;99=-1;100=0;101=-1;102=0;103=-1;104=0;105=-1;106=0;107=0;108=2;109=1;110=-1;111=0;112=-1;113=0;116=1;120=60
27273,Heavy Thrust,ヘヴィスラスト,27xxx,8,10,87,2,2,Piercing,1,-1,None,0,physical,0,0,0,1500,0,20,0,15,-1,0,0,false,-1,,,,,0,-1,,,84=0;85=1;86=1;87=-1;88=0;89=-1;90=0;91=-1;92=0;93=-1;94=0;95=1;96=0;97=1;98=1;99=-1;100=0;101=-1;102=0;103=-1;104=0;105=-1;106=0;107=0;108=2;109=1;110=-1;111=0;112=-1;113=0;116=1;120=60
27274,Vorpal Thrust,ボーパルスラスト,27xxx,8,2,87,2,2,Piercing,1,-1,None,0,physical,0,0,0,1500,0,20,0,15,-1,0,0,false,-1,,,,,0,-1,,,84=0;85=1;86=1;87=-1;88=0;89=-1;90=0;91=-1;92=0;93=-1;94=0;95=1;96=0;97=1;98=1;99=-1;100=0;101=-1;102=0;103=-1;104=0;105=-1;106=0;107=0;108=2;109=1;110=-1;111=0;112=-1;113=0;116=1;120=60
27275,Impulse Drive,インパルスドライヴ,27xxx,8,18,87,2,2,Piercing,1,-1,None,0,physical,0,0,0,1500,0,30,0,15,-1,0,0,false,-1,,,,,0,-1,,,84=0;85=1;86=1;87=-1;88=0;89=-1;90=0;91=-1;92=0;93=-1;94=0;95=1;96=0;97=1;98=1;99=-1;100=0;101=-1;102=0;103=-1;104=0;105=-1;106=0;107=0;108=2;109=1;110=-1;111=0;112=-1;113=0;116=1;120=60
27276,Chaos Thrust,桜華狂咲,27xxx,8,50,113,2,2,Piercing,1,-1,None,0,physical,0,0,0,3000,0,80,0,15,-1,0,0,false,-1,,,,,0,-1,,,84=0;85=1;86=1;87=-1;88=0;89=-1;90=0;91=-1;92=0;93=-1;94=0;95=1;96=0;97=1;98=1;99=-1;100=0;101=-1;102=0;103=-1;104=0;105=-1;106=0;107=0;108=2;109=1;110=-1;111=0;112=-1;113=0;116=1;120=60
27277,Ring of Talons,リングオブタロン,27xxx,19,0,92,2,2,Piercing,1,-1,None,0,physical,0,0,0,2000,0,60,0,8,-1,0,0,false,-1,,,,,0,-1,,,84=0;85=1;86=1;87=-1;88=0;89=-1;90=0;91=-1;92=0;93=-1;94=0;95=1;96=0;97=1;98=1;99=-1;100=0;101=-1;102=0;103=-1;104=0;105=-1;106=0;107=0;108=2;109=1;110=-1;111=0;112=-1;113=0;116=1;120=60
27278,Feint,フェイント,27xxx,8,4,87,2,2,Piercing,1,-1,None,0,physical,0,0,0,250,0,10,0,15,-1,0,0,false,-1,,,,,0,-1,,,84=0;85=1;86=1;87=-1;88=0;89=-1;90=0;91=-1;92=0;93=-1;94=0;95=1;96=1;97=1;98=1;99=-1;100=0;101=-1;102=0;103=-1;104=0;105=-1;106=0;107=0;108=2;109=1;110=-1;111=0;112=-1;113=0;116=1;120=60
27279,Full Thrust,フルスラスト,27xxx,8,38,113,2,2,Piercing,1,-1,None,0,physical,0,0,0,250,0,30,0,15,-1,0,0,false,-1,,,,,0,-1,,,84=0;85=1;86=1;87=-1;88=0;89=-1;90=0;91=-1;92=0;93=-1;94=0;95=1;96=0.5;97=1;98=1;99=-1;100=0;101=-1;102=0;103=-1;104=0;105=-1;106=0;107=0;108=2;109=1;110=-1;111=0;112=-1;113=0;116=1;120=60
27280,Enhanced Invigorate,気合効果アップ,27xxx,8,28,113,0,-1,None,0,-1,None,0,none,0,0,0,0,0,5,0,15,-1,0,0,false,-1,,,,,0,-1,,,84=0;85=1;86=1;87=-1;88=0;89=-1;90=0;91=-1;92=0;93=-1;94=0;95=1;96=0;97=1;98=1;99=-1;100=0;101=-1;102=0;103=-1;104=0;105=-1;106=0;107=0;108=-1;109=0;110=-1;111=0;112=-1;113=0;116=1;120=60
27281,Enhanced Power Surge,竜槍効果アップ,27xxx,8,44,113,0,-1,None,0,-1,None,0,none,0,0,0,0,0,5,0,15,-1,0,0,false,-1,,,,,0,-1,,,84=0;85=1;86=1;87=-1;88=0;89=-1;90=0;91=-1;92=0;93=-1;94=0;95=1;96=0;97=1;98=1;99=-1;100=0;101=-1;102=0;103=-1;104=0;105=-1;106=0;107=0;108=-1;109=0;110=-1;111=0;112=-1;113=0;116=1;120=60
27282,Enhanced Life Surge,竜剣効果アップ,27xxx,8,32,113,0,-1,None,0,-1,None,0,none,0,0,0,0,0,5,0,15,-1,0,0,false,-1,,,,,0,-1,,,84=0;85=1;86=1;87=-1;88=0;89=-1;90=0;91=-1;92=0;93=-1;94=0;95=1;96=0;97=1;98=1;99=-1;100=0;101=-1;102=0;103=-1;104=0;105=-1;106=0;107=0;108=-1;109=0;110=-1;111=0;112=-1;113=0;116=1;120=60
27283,Enhanced Blood for Blood,捨身効果アップ,27xxx,8,48,113,0,-1,None,0,-1,None,0,none,0,0,0,0,0,5,0,15,-1,0,0,false,-1,,,,,0,-1,,,84=0;85=1;86=1;87=-1;88=0;89=-1;90=0;91=-1;92=0;93=-1;94=0;95=1;96=0;97=1;98=1;99=-1;100=0;101=-1;102=0;103=-1;104=0;105=-1;106=0;107=0;108=-1;109=0;110=-1;111=0;112=-1;113=0;116=1;120=60
27284,Swift Blood for Blood,捨身リキャストタイム短縮,27xxx,8,16,113,0,-1,None,0,-1,None,0,none,0,0,0,0,0,45,0,15,-1,0,0,false,-1,,,,,0,-1,,,84=0;85=1;86=1;87=-1;88=0;89=-1;90=0;91=-1;92=0;93=-1;94=0;95=1;96=0;97=1;98=1;99=-1;100=0;101=-1;102=0;103=-1;104=0;105=-1;106=0;107=0;108=-1;109=0;110=-1;111=0;112=-1;113=0;116=1;120=60
27285,Enhanced Keen Flurry,キーンフラーリ効果アップ,27xxx,8,36,113,0,-1,None,0,-1,None,0,none,0,0,0,0,0,5,0,15,-1,0,0,false,-1,,,,,0,-1,,,84=0;85=1;86=1;87=-1;88=0;89=-1;90=0;91=-1;92=0;93=-1;94=0;95=1;96=0;97=1;98=1;99=-1;100=0;101=-1;102=0;103=-1;104=0;105=-1;106=0;107=0;108=-1;109=0;110=-1;111=0;112=-1;113=0;116=1;120=60
27286,Store TP,ストアＴＰ,27xxx,8,12,113,0,-1,None,0,-1,None,0,none,0,0,0,0,0,5,0,15,-1,0,0,false,-1,,,,,0,-1,,,84=0;85=1;86=1;87=-1;88=0;89=-1;90=0;91=-1;92=0;93=-1;94=0;95=1;96=0;97=1;98=1;99=-1;100=0;101=-1;102=0;103=-1;104=0;105=-1;106=0;107=0;108=-1;109=0;110=-1;111=0;112=-1;113=0;116=1;120=60
27287,Enhanced Physical Crit Accuracy,物理クリティカル命中力アップI,27xxx,8,24,113,0,-1,None,0,-1,None,0,none,0,0,0,0,0,5,0,15,-1,0,0,false,-1,,,,,0,-1,,,84=0;85=1;86=1;87=-1;88=0;89=-1;90=0;91=-1;92=0;93=-1;94=0;95=1;96=0;97=1;98=1;99=-1;100=0;101=-1;102=0;103=-1;104=0;105=-1;106=0;107=0;108=-1;109=0;110=-1;111=0;112=-1;113=0;116=1;120=60
27288,Enhanced Physical Attack Power,物理攻撃力アップI,27xxx,8,8,113,0,-1,None,0,-1,None,0,none,0,0,0,0,0,5,0,15,-1,0,0,false,-1,,,,,0,-1,,,84=0;85=1;86=1;87=-1;88=0;89=-1;90=0;91=-1;92=0;93=-1;94=0;95=1;96=0;97=1;98=1;99=-1;100=0;101=-1;102=0;103=-1;104=0;105=-1;106=0;107=0;108=-1;109=0;110=-1;111=0;112=-1;113=0;116=1;120=60
27289,Enhanced Physical Attack Power II,物理攻撃力アップII,27xxx,8,20,113,0,-1,None,0,-1,None,0,none,0,0,0,0,0,5,0,15,-1,0,0,false,-1,,,,,0,-1,,,84=0;85=1;86=1;87=-1;88=0;89=-1;90=0;91=-1;92=0;93=-1;94=0;95=1;96=0;97=1;98=1;99=-1;100=0;101=-1;102=0;103=-1;104=0;105=-1;106=0;107=0;108=-1;109=0;110=-1;111=0;112=-1;113=0;116=1;120=60
27290,Enhanced Physical Attack Power III,物理攻撃力アップIII,27xxx,8,40,113,0,-1,None,0,-1,None,0,none,0,0,0,0,0,5,0,15,-1,0,0,false,-1,,,,,0,-1,,,84=0;85=1;86=1;87=-1;88=0;89=-1;90=0;91=-1;92=0;93=-1;94=0;95=1;96=0;97=1;98=1;99=-1;100=0;101=-1;102=0;103=-1;104=0;105=-1;106=0;107=0;108=-1;109=0;110=-1;111=0;112=-1;113=0;116=1;120=60
27300,Dark Seal,ダークシール,27xxx,22,14,6,0,-1,None,0,-1,None,0,none,0,0,0,0,0,90,0,15,-1,0,0,false,-1,,,,,0,-1,,,84=0;85=1;86=1;87=-1;88=0;89=-1;90=0;91=-1;92=0;93=-1;94=0;95=1;96=0;97=1;98=1;99=-1;100=0;101=-1;102=0;103=-1;104=0;105=-1;106=0;107=0;108=-1;109=0;110=-1;111=0;112=-1;113=0;116=1;120=60
27301,Resonance,レゾナンス,27xxx,22,22,6,0,-1,None,0,-1,None,0,none,0,0,0,0,0,90,0,15,-1,0,0,false,-1,,,,,0,-1,,,84=0;85=1;86=1;87=-1;88=0;89=-1;90=0;91=-1;92=0;93=-1;94=0;95=1;96=0;97=1;98=1;99=-1;100=0;101=-1;102=0;103=-1;104=0;105=-1;106=0;107=0;108=-1;109=0;110=-1;111=0;112=-1;113=0;116=1;120=60
27302,Excruciate,エクスクルシエート,27xxx,22,38,113,0,-1,None,0,-1,None,0,none,0,0,0,0,0,90,0,15,-1,0,0,false,-1,,,,,0,-1,,,84=0;85=1;86=1;87=-1;88=0;89=-1;90=0;91=-1;92=0;93=-1;94=0;95=1;96=0;97=1;98=1;99=-1;100=0;101=-1;102=0;103=-1;104=0;105=-1;106=0;107=0;108=-1;109=0;110=-1;111=0;112=-1;113=0;116=1;120=60
27303,Necrogenesis,ネクロジェネシス,27xxx,22,6,6,0,-1,None,0,-1,None,0,none,0,0,0,0,0,90,0,15,-1,0,0,false,-1,,,,,0,-1,,,84=0;85=1;86=1;87=-1;88=0;89=-1;90=0;91=-1;92=0;93=-1;94=0;95=1;96=0;97=1;98=1;99=-1;100=0;101=-1;102=0;103=-1;104=0;105=-1;106=0;107=0;108=-1;109=0;110=-1;111=0;112=-1;113=0;116=1;120=60
27304,Parsimony,パーシモニー,27xxx,22,2,113,0,-1,None,0,-1,None,0,none,0,0,0,0,0,90,0,15,-1,0,0,false,-1,,,,,0,-1,,,84=0;85=1;86=1;87=-1;88=0;89=-1;90=0;91=-1;92=0;93=-1;94=0;95=1;96=0;97=1;98=1;99=-1;100=0;101=-1;102=0;103=-1;104=0;105=-1;106=0;107=0;108=-1;109=0;110=-1;111=0;112=-1;113=0;116=1;120=60
27305,Convert,コンバート,27xxx,26,0,93,0,-1,None,0,-1,None,0,none,0,0,0,0,0,450,0,15,-1,0,0,false,-1,,,,,0,-1,,,84=0;85=1;86=1;87=-1;88=0;89=-1;90=0;91=-1;92=0;93=-1;94=0;95=1;96=0;97=1;98=1;99=-1;100=0;101=-1;102=0;103=-1;104=0;105=-1;106=0;107=0;108=-1;109=0;110=-1;111=0;112=-1;113=0;116=1;120=60
27306,Sleep,スリプル,27xxx,22,42,113,0,13,Magical,1,12,Umbral,0.33,magical,0,0,75,0,3,0,0,20,-1,0,0,false,-1,,,,,0,-1,,,84=0;85=1;86=1;87=-1;88=0;89=-1;90=0;91=-1;92=0;93=-1;94=0;95=1;96=0;97=1;98=1;99=-1;100=0;101=-1;102=0;103=-1;104=0;105=-1;106=0;107=0;108=13;109=1;110=12;111=0.33;112=-1;113=0;116=1;120=60
27307,Sanguine Rite,ブラッドライト,27xxx,22,30,6,0,13,Magical,1,12,Umbral,0.33,magical,0,0,120,0,0,60,0,20,-1,0,0,false,-1,,,,,0,-1,,,84=0;85=1;86=1;87=-1;88=0;89=-1;90=0;91=-1;92=0;93=-1;94=0;95=1;96=0;97=1;98=1;99=-1;100=0;101=-1;102=0;103=-1;104=0;105=-1;106=0;107=0;108=13;109=1;110=12;111=0.33;112=-1;113=0;116=1;120=60
27308,Blizzard,ブリザド,27xxx,22,4,113,0,13,Magical,1,6,Ice,0,magical,800,0,90,0,3,10,0,20,-1,0,0,false,-1,,,,,0,-1,,,84=800;85=1;86=1;87=4;88=0.5;89=-1;90=0;91=4;92=0.25;93=-1;94=0;95=1;96=0;97=1;98=1;99=-1;100=0;101=-1;102=0;103=-1;104=0;105=-1;106=0;107=0;108=13;109=1;110=6;111=0;112=-1;113=0;116=1;120=60
27309,Blizzara,ブリザラ,27xxx,22,26,113,0,13,Magical,1,6,Ice,0,magical,550,0,150,0,0,40,0,8,-1,0,0,false,-1,,,,,0,-1,,,84=550;85=1;86=1;87=4;88=0.25;89=-1;90=0;91=4;92=0.125;93=-1;94=0;95=1;96=0;97=1;98=1;99=-1;100=0;101=-1;102=0;103=-1;104=0;105=-1;106=0;107=0;108=13;109=1;110=6;111=0;112=-1;113=0;116=1;120=60
27310,Fire,ファイア,27xxx,22,10,6,0,13,Magical,1,5,Fire,0,magical,950,0,105,0,3,8,0,20,-1,0,8,false,-1,,,,,0,-1,,,84=950;85=1;86=1;87=4;88=0.5;89=-1;90=0;91=4;92=0.25;93=-1;94=0;95=1;96=0;97=1;98=1;99=-1;100=0;101=-1;102=0;103=-1;104=0;105=-1;106=0;107=0;108=13;109=1;110=5;111=0;112=-1;113=0;116=1;120=60
27311,Fira,ファイラ,27xxx,22,34,6,0,13,Magical,1,5,Fire,0,magical,1200,0,180,0,5,16,0,20,-1,0,8,false,-1,,,,,0,-1,,,84=1200;85=1;86=1;87=4;88=1;89=-1;90=0;91=4;92=0.5;93=-1;94=0;95=1;96=0;97=1;98=1;99=-1;100=0;101=-1;102=0;103=-1;104=0;105=-1;106=0;107=0;108=13;109=1;110=5;111=0;112=-1;113=0;116=1;120=60
27312,Firaga,ファイガ,27xxx,22,50,113,0,13,Magical,1,5,Fire,0,magical,1600,0,255,0,8,7,0,20,-1,0,8,false,-1,,,,,0,-1,,,84=1600;85=1;86=1;87=4;88=1.5;89=-1;90=0;91=4;92=0.75;93=-1;94=0;95=1;96=0;97=1;98=1;99=-1;100=0;101=-1;102=0;103=-1;104=0;105=-1;106=0;107=0;108=13;109=1;110=5;111=0;112=-1;113=0;116=1;120=60
27313,Thunder,サンダー,27xxx,22,1,6,0,13,Magical,1,9,Lightning,0,magical,1050,0,75,0,2,6,0,20,-1,0,0,false,-1,,,,,0,-1,,,84=1050;85=1;86=1;87=4;88=0.5;89=-1;90=0;91=4;92=0.25;93=-1;94=0;95=1;96=0;97=1;98=1;99=-1;100=0;101=-1;102=0;103=-1;104=0;105=-1;106=0;107=0;108=13;109=1;110=9;111=0;112=-1;113=0;116=1;120=60
27314,Thundara,サンダラ,27xxx,22,18,113,0,13,Magical,1,9,Lightning,0,magical,500,0,135,0,0,30,0,20,-1,0,0,false,-1,,,,,0,-1,,,84=500;85=1;86=1;87=4;88=1;89=-1;90=0;91=4;92=0.5;93=-1;94=0;95=1;96=0;97=1;98=1;99=-1;100=0;101=-1;102=0;103=-1;104=0;105=-1;106=0;107=0;108=13;109=1;110=9;111=0;112=-1;113=0;116=1;120=60
27315,Thundaga,サンダガ,27xxx,22,46,113,0,13,Magical,1,9,Lightning,0,magical,2150,0,195,0,5,45,0,20,-1,0,0,false,-1,,,,,0,-1,,,84=2150;85=1;86=1;87=4;88=1.5;89=-1;90=0;91=4;92=0.75;93=-1;94=0;95=1;96=0;97=1;98=1;99=-1;100=0;101=-1;102=0;103=-1;104=0;105=-1;106=0;107=0;108=13;109=1;110=9;111=0;112=-1;113=0;116=1;120=60
27316,Burst,バースト,27xxx,26,0,93,0,13,Magical,1,9,Lightning,0,magical,2200,0,90,0,4,900,0,20,-1,0,0,false,-1,,,,,0,-1,,,84=2200;85=1;86=1;87=4;88=1.5;89=-1;90=0;91=4;92=0.75;93=-1;94=0;95=1;96=0;97=1;98=1;99=-1;100=0;101=-1;102=0;103=-1;104=0;105=-1;106=0;107=0;108=13;109=1;110=9;111=0;112=-1;113=0;116=1;120=60
27317,Sleepga,スリプガ,27xxx,26,0,93,0,13,Magical,1,12,Umbral,0.33,magical,0,0,100,0,4,0,0,20,-1,0,8,false,-1,,,,,0,-1,,,84=0;85=1;86=1;87=-1;88=0;89=-1;90=0;91=-1;92=0;93=-1;94=0;95=1;96=0;97=1;98=1;99=-1;100=0;101=-1;102=0;103=-1;104=0;105=-1;106=0;107=0;108=13;109=1;110=12;111=0.33;112=-1;113=0;116=1;120=60
27318,Flare,フレア,27xxx,26,0,93,0,13,Magical,1,5,Fire,0,magical,2000,0,200,0,8,120,0,8,-1,0,0,false,-1,,,,,0,-1,,,84=2000;85=1;86=1;87=4;88=1.5;89=-1;90=0;91=4;92=0.75;93=-1;94=0;95=1;96=0;97=1;98=1;99=-1;100=0;101=-1;102=0;103=-1;104=0;105=-1;106=0;107=0;108=13;109=1;110=5;111=0;112=-1;113=0;116=1;120=60
27319,Freeze,フリーズ,27xxx,26,0,93,0,13,Magical,1,6,Ice,0,magical,1200,0,120,0,5,120,0,20,-1,0,0,false,-1,,,,,0,-1,,,84=1200;85=1;86=1;87=4;88=1.5;89=-1;90=0;91=4;92=0.75;93=-1;94=0;95=1;96=0;97=1;98=1;99=-1;100=0;101=-1;102=0;103=-1;104=0;105=-1;106=0;107=0;108=13;109=1;110=6;111=0;112=-1;113=0;116=1;120=60
27320,Swift Dark Seal,ダークシールリキャストタイム短縮,27xxx,22,36,113,0,-1,None,0,-1,None,0,none,0,0,0,0,0,60,0,15,-1,0,0,false,-1,,,,,0,-1,,,84=0;85=1;86=1;87=-1;88=0;89=-1;90=0;91=-1;92=0;93=-1;94=0;95=1;96=0;97=1;98=1;99=-1;100=0;101=-1;102=0;103=-1;104=0;105=-1;106=0;107=0;108=-1;109=0;110=-1;111=0;112=-1;113=0;116=1;120=60
27321,Enhanced Excruciate,エクスクルシエート効果アップ,27xxx,22,48,113,0,-1,None,0,-1,None,0,none,0,0,0,0,0,5,0,15,-1,0,0,false,-1,,,,,0,-1,,,84=0;85=1;86=1;87=-1;88=0;89=-1;90=0;91=-1;92=0;93=-1;94=0;95=1;96=0;97=1;98=1;99=-1;100=0;101=-1;102=0;103=-1;104=0;105=-1;106=0;107=0;108=-1;109=0;110=-1;111=0;112=-1;113=0;116=1;120=60
27322,Swift Necrogenesis,ネクロジェネシスリキャストタイム短縮,27xxx,22,24,113,0,-1,None,0,-1,None,0,none,0,0,0,0,0,60,0,15,-1,0,0,false,-1,,,,,0,-1,,,84=0;85=1;86=1;87=-1;88=0;89=-1;90=0;91=-1;92=0;93=-1;94=0;95=1;96=0;97=1;98=1;99=-1;100=0;101=-1;102=0;103=-1;104=0;105=-1;106=0;107=0;108=-1;109=0;110=-1;111=0;112=-1;113=0;116=1;120=60
27323,Enhanced Parsimony,パーシモニー効果アップ,27xxx,22,16,113,0,-1,None,0,-1,None,0,none,0,0,0,0,0,5,0,15,-1,0,0,false,-1,,,,,0,-1,,,84=0;85=1;86=1;87=-1;88=0;89=-1;90=0;91=-1;92=0;93=-1;94=0;95=1;96=0;97=1;98=1;99=-1;100=0;101=-1;102=0;103=-1;104=0;105=-1;106=0;107=0;108=-1;109=0;110=-1;111=0;112=-1;113=0;116=1;120=60
27324,Enhanced Sanguine Rite,ブラッドライト効果アップ,27xxx,22,44,113,0,-1,None,0,-1,None,0,none,0,0,0,0,0,5,0,15,-1,0,0,false,-1,,,,,0,-1,,,84=0;85=1;86=1;87=-1;88=0;89=-1;90=0;91=-1;92=0;93=-1;94=0;95=1;96=0;97=1;98=1;99=-1;100=0;101=-1;102=0;103=-1;104=0;105=-1;106=0;107=0;108=-1;109=0;110=-1;111=0;112=-1;113=0;116=1;120=60
27325,Enhanced Enfeebling Magic,弱体魔法威力アップI,27xxx,22,12,113,0,-1,None,0,-1,None,0,none,0,0,0,0,0,5,0,15,-1,0,0,false,-1,,,,,0,-1,,,84=0;85=1;86=1;87=-1;88=0;89=-1;90=0;91=-1;92=0;93=-1;94=0;95=1;96=0;97=1;98=1;99=-1;100=0;101=-1;102=0;103=-1;104=0;105=-1;106=0;107=0;108=-1;109=0;110=-1;111=0;112=-1;113=0;116=1;120=60
27326,Enhanced Enfeebling Magic II,弱体魔法威力アップII,27xxx,22,32,113,0,-1,None,0,-1,None,0,none,0,0,0,0,0,5,0,15,-1,0,0,false,-1,,,,,0,-1,,,84=0;85=1;86=1;87=-1;88=0;89=-1;90=0;91=-1;92=0;93=-1;94=0;95=1;96=0;97=1;98=1;99=-1;100=0;101=-1;102=0;103=-1;104=0;105=-1;106=0;107=0;108=-1;109=0;110=-1;111=0;112=-1;113=0;116=1;120=60
27327,Enhanced Magic Potency,攻撃魔法威力アップI,27xxx,22,8,113,0,-1,None,0,-1,None,0,none,0,0,0,0,0,5,0,15,-1,0,0,false,-1,,,,,0,-1,,,84=0;85=1;86=1;87=-1;88=0;89=-1;90=0;91=-1;92=0;93=-1;94=0;95=1;96=0;97=1;98=1;99=-1;100=0;101=-1;102=0;103=-1;104=0;105=-1;106=0;107=0;108=-1;109=0;110=-1;111=0;112=-1;113=0;116=1;120=60
27328,Enhanced Magic Potency II,攻撃魔法威力アップII,27xxx,22,28,113,0,-1,None,0,-1,None,0,none,0,0,0,0,0,5,0,15,-1,0,0,false,-1,,,,,0,-1,,,84=0;85=1;86=1;87=-1;88=0;89=-1;90=0;91=-1;92=0;93=-1;94=0;95=1;96=0;97=1;98=1;99=-1;100=0;101=-1;102=0;103=-1;104=0;105=-1;106=0;107=0;108=-1;109=0;110=-1;111=0;112=-1;113=0;116=1;120=60
27329,Enhanced Magic Crit Potency,魔法クリティカル威力アップI,27xxx,22,40,113,0,-1,None,0,-1,None,0,none,0,0,0,0,0,5,0,15,-1,0,0,false,-1,,,,,0,-1,,,84=0;85=1;86=1;87=-1;88=0;89=-1;90=0;91=-1;92=0;93=-1;94=0;95=1;96=0;97=1;98=1;99=-1;100=0;101=-1;102=0;103=-1;104=0;105=-1;106=0;107=0;108=-1;109=0;110=-1;111=0;112=-1;113=0;116=1;120=60
27330,Auto-refresh,オートリフレシュ,27xxx,22,20,113,0,-1,None,0,-1,None,0,none,0,0,0,0,0,5,0,15,-1,0,0,false,-1,,,,,0,-1,,,84=0;85=1;86=1;87=-1;88=0;89=-1;90=0;91=-1;92=0;93=-1;94=0;95=1;96=0;97=1;98=1;99=-1;100=0;101=-1;102=0;103=-1;104=0;105=-1;106=0;107=0;108=-1;109=0;110=-1;111=0;112=-1;113=0;116=1;120=60
27340,Sacred Prism,女神の慈悲,27xxx,23,34,6,0,-1,None,0,-1,None,0,none,0,0,0,0,0,90,0,15,-1,0,0,false,-1,,,,,0,-1,,,84=0;85=1;86=1;87=-1;88=0;89=-1;90=0;91=-1;92=0;93=-1;94=0;95=1;96=0;97=1;98=1;99=-1;100=0;101=-1;102=0;103=-1;104=0;105=-1;106=0;107=0;108=-1;109=0;110=-1;111=0;112=-1;113=0;116=1;120=60
27341,Shroud of Saints,女神の加護,27xxx,23,38,113,0,-1,None,0,-1,None,0,none,0,0,0,0,0,180,0,15,-1,0,0,false,-1,,,,,0,-1,,,84=0;85=1;86=1;87=-1;88=0;89=-1;90=0;91=-1;92=0;93=-1;94=0;95=1;96=0;97=1;98=1;99=-1;100=0;101=-1;102=0;103=-1;104=0;105=-1;106=0;107=0;108=-1;109=0;110=-1;111=0;112=-1;113=0;116=1;120=60
27342,Cleric Stance,クルセードスタンス,27xxx,23,10,113,0,-1,None,0,-1,None,0,none,0,0,0,0,0,30,0,15,-1,0,0,false,-1,,,,,0,-1,,,84=0;85=1;86=1;87=-1;88=0;89=-1;90=0;91=-1;92=0;93=-1;94=0;95=1;96=0;97=1;98=1;99=-1;100=0;101=-1;102=0;103=-1;104=0;105=-1;106=0;107=0;108=-1;109=0;110=-1;111=0;112=-1;113=0;116=1;120=60
27343,Blissful Mind,献身,27xxx,23,14,113,0,-1,None,0,-1,None,0,none,0,0,0,0,0,30,0,15,-1,0,0,false,-1,,,,,0,-1,,,84=0;85=1;86=1;87=-1;88=0;89=-1;90=0;91=-1;92=0;93=-1;94=0;95=1;96=0;97=1;98=1;99=-1;100=0;101=-1;102=0;103=-1;104=0;105=-1;106=0;107=0;108=-1;109=0;110=-1;111=0;112=-1;113=0;116=1;120=60
27344,Presence of Mind,神速魔,27xxx,27,0,94,0,-1,None,0,-1,None,0,none,0,0,0,0,0,300,0,15,-1,0,0,false,-1,,,,,0,-1,,,84=0;85=1;86=1;87=-1;88=0;89=-1;90=0;91=-1;92=0;93=-1;94=0;95=1;96=0;97=1;98=1;99=-1;100=0;101=-1;102=0;103=-1;104=0;105=-1;106=0;107=0;108=-1;109=0;110=-1;111=0;112=-1;113=0;116=1;120=60
27345,Benediction,ベネディクション,27xxx,27,0,94,0,-1,None,0,-1,None,0,none,0,0,0,0,0,900,0,20,-1,0,0,false,-1,,,,,0,-1,,,84=0;85=1;86=1;87=-1;88=0;89=-1;90=0;91=-1;92=0;93=-1;94=0;95=1;96=0;97=1;98=1;99=-1;100=0;101=-1;102=0;103=-1;104=0;105=-1;106=0;107=0;108=-1;109=0;110=-1;111=0;112=-1;113=0;116=1;120=60
27346,Cure,ケアル,27xxx,23,2,6,0,13,Magical,1,13,Unaspected,0,magical,1000,0,40,0,2,5,0,20,-1,0,0,false,-1,,,,,0,-1,,,84=1000;85=1;86=1;87=5;88=0.2;89=-1;90=0;91=2;92=0.1;93=-1;94=0;95=1;96=0;97=1;98=1;99=-1;100=0;101=-1;102=0;103=-1;104=0;105=-1;106=0;107=0;108=13;109=1;110=13;111=0;112=-1;113=0;116=1;120=60
27347,Cura,ケアルラ,27xxx,23,30,113,0,13,Magical,1,13,Unaspected,0,magical,2000,0,100,0,2,5,0,20,-1,0,0,false,-1,,,,,0,-1,,,84=2000;85=1;86=1;87=5;88=0.4;89=-1;90=0;91=2;92=0.2;93=-1;94=0;95=1;96=0;97=1;98=1;99=-1;100=0;101=-1;102=0;103=-1;104=0;105=-1;106=0;107=0;108=13;109=1;110=13;111=0;112=-1;113=0;116=1;120=60
27348,Curaga,ケアルガ,27xxx,23,46,113,0,13,Magical,1,13,Unaspected,0,magical,4000,0,150,0,3,10,0,20,-1,0,8,false,-1,,,,,0,-1,,,84=4000;85=1;86=1;87=5;88=0.2;89=-1;90=0;91=2;92=0.1;93=-1;94=0;95=1;96=0;97=1;98=1;99=-1;100=0;101=-1;102=0;103=-1;104=0;105=-1;106=0;107=0;108=13;109=1;110=13;111=0;112=-1;113=0;116=1;120=60
27349,Raise,レイズ,27xxx,23,18,6,0,13,Magical,1,11,Astral,0.33,magical,0,0,150,0,10,300,0,20,-1,0,0,false,-1,,,,,0,-1,,,84=0;85=1;86=1;87=-1;88=0;89=-1;90=0;91=-1;92=0;93=-1;94=0;95=1;96=0;97=1;98=1;99=-1;100=0;101=-1;102=0;103=-1;104=0;105=-1;106=0;107=0;108=13;109=1;110=11;111=0.33;112=-1;113=0;116=1;120=60
27350,Stoneskin,ストンスキン,27xxx,23,26,6,0,13,Magical,1,8,Earth,0,magical,0,0,50,0,3,30,0,20,-1,0,0,false,-1,,,,,0,-1,,,84=0;85=1;86=1;87=-1;88=0;89=-1;90=0;91=-1;92=0;93=-1;94=0;95=1;96=0;97=1;98=1;99=-1;100=0;101=-1;102=0;103=-1;104=0;105=-1;106=0;107=0;108=13;109=1;110=8;111=0;112=-1;113=0;116=1;120=60
27351,Protect,プロテス,27xxx,23,6,6,0,13,Magical,1,11,Astral,0.33,magical,0,0,80,0,3,30,0,20,-1,0,8,false,-1,,,,,0,-1,,,84=0;85=1;86=1;87=-1;88=0;89=-1;90=0;91=-1;92=0;93=-1;94=0;95=1;96=0;97=1;98=1;99=-1;100=0;101=-1;102=0;103=-1;104=0;105=-1;106=0;107=0;108=13;109=1;110=11;111=0.33;112=-1;113=0;116=1;120=60
27352,Repose,リポーズ,27xxx,23,50,113,0,13,Magical,1,10,Water,0,magical,0,0,80,0,3,0,0,20,-1,0,0,false,-1,,,,,0,-1,,,84=0;85=1;86=1;87=-1;88=0;89=-1;90=0;91=-1;92=0;93=-1;94=0;95=1;96=0;97=1;98=1;99=-1;100=0;101=-1;102=0;103=-1;104=0;105=-1;106=0;107=0;108=13;109=1;110=10;111=0;112=-1;113=0;116=1;120=60
27353,Aero,エアロ,27xxx,23,4,6,0,13,Magical,1,7,Wind,0,magical,800,0,75,0,3,6,0,20,-1,0,0,false,-1,,,,,0,-1,,,84=800;85=1;86=1;87=4;88=0.25;89=5;90=0.25;91=4;92=0.125;93=5;94=0.125;95=1;96=0;97=1;98=1;99=-1;100=0;101=-1;102=0;103=-1;104=0;105=-1;106=0;107=0;108=13;109=1;110=7;111=0;112=-1;113=0;116=1;120=60
27354,Aerora,エアロラ,27xxx,23,42,113,0,13,Magical,1,7,Wind,0,magical,1200,0,150,0,4,20,0,20,-1,0,8,false,-1,,,,,0,-1,,,84=1200;85=1;86=1;87=4;88=0.5;89=5;90=0.5;91=4;92=0.25;93=5;94=0.25;95=1;96=0;97=1;98=1;99=-1;100=0;101=-1;102=0;103=-1;104=0;105=-1;106=0;107=0;108=13;109=1;110=7;111=0;112=-1;113=0;116=1;120=60
27355,Stone,ストーン,27xxx,23,1,6,0,13,Magical,1,8,Earth,0,magical,950,0,75,0,2,6,0,20,-1,0,0,false,-1,,,,,0,-1,,,84=950;85=1;86=1;87=4;88=0.25;89=5;90=0.25;91=4;92=0.125;93=5;94=0.125;95=1;96=0;97=1;98=1;99=-1;100=0;101=-1;102=0;103=-1;104=0;105=-1;106=0;107=0;108=13;109=1;110=8;111=0;112=-1;113=0;116=1;120=60
27356,Stonera,ストンラ,27xxx,23,22,113,0,13,Magical,1,8,Earth,0,magical,950,0,150,0,3,30,0,20,-1,0,8,false,-1,,,,,0,-1,,,84=950;85=1;86=1;87=4;88=0.5;89=5;90=0.5;91=4;92=0.25;93=5;94=0.25;95=1;96=0;97=1;98=1;99=-1;100=0;101=-1;102=0;103=-1;104=0;105=-1;106=0;107=0;108=13;109=1;110=8;111=0;112=-1;113=0;116=1;120=60
27357,Esuna,エスナ,27xxx,27,0,94,0,13,Magical,1,13,Unaspected,0,magical,0,0,40,0,2,10,0,20,-1,0,0,false,-1,,,,,0,-1,,,84=0;85=1;86=1;87=-1;88=0;89=-1;90=0;91=-1;92=0;93=-1;94=0;95=1;96=0;97=1;98=1;99=-1;100=0;101=-1;102=0;103=-1;104=0;105=-1;106=0;107=0;108=13;109=1;110=13;111=0;112=-1;113=0;116=1;120=60
27358,Regen,リジェネ,27xxx,27,0,94,0,13,Magical,1,13,Unaspected,0,magical,0,0,20,0,2,5,0,20,-1,0,0,false,-1,,,,,0,-1,,,84=0;85=1;86=1;87=-1;88=0;89=-1;90=0;91=-1;92=0;93=-1;94=0;95=1;96=0;97=1;98=1;99=-1;100=0;101=-1;102=0;103=-1;104=0;105=-1;106=0;107=0;108=13;109=1;110=13;111=0;112=-1;113=0;116=1;120=60
27359,Holy,ホーリー,27xxx,27,0,94,0,13,Magical,1,11,Astral,0.33,magical,2000,0,100,0,0,300,0,8,-1,0,0,false,-1,,,,,0,-1,,,84=2000;85=1;86=1;87=4;88=1;89=5;90=1;91=4;92=0.5;93=5;94=0.5;95=1;96=0;97=1;98=1;99=-1;100=0;101=-1;102=0;103=-1;104=0;105=-1;106=0;107=0;108=13;109=1;110=11;111=0.33;112=-1;113=0;116=1;120=60
27360,Swift Sacred Prism,女神の慈悲リキャストタイム短縮,27xxx,23,40,137,0,-1,None,0,-1,None,0,none,0,0,0,0,0,60,0,15,-1,0,0,false,-1,,,,,0,-1,,,84=0;85=1;86=1;87=-1;88=0;89=-1;90=0;91=-1;92=0;93=-1;94=0;95=1;96=0;97=1;98=1;99=-1;100=0;101=-1;102=0;103=-1;104=0;105=-1;106=0;107=0;108=-1;109=0;110=-1;111=0;112=-1;113=0;116=1;120=60
27361,Swift Shroud of Saints,女神の加護リキャストタイム短縮,27xxx,23,44,137,0,-1,None,0,-1,None,0,none,0,0,0,0,0,120,0,15,-1,0,0,false,-1,,,,,0,-1,,,84=0;85=1;86=1;87=-1;88=0;89=-1;90=0;91=-1;92=0;93=-1;94=0;95=1;96=0;97=1;98=1;99=-1;100=0;101=-1;102=0;103=-1;104=0;105=-1;106=0;107=0;108=-1;109=0;110=-1;111=0;112=-1;113=0;116=1;120=60
27362,Enhanced Blissful Mind,献身効果アップ,27xxx,23,32,137,0,-1,None,0,-1,None,0,none,0,0,0,0,0,5,0,15,-1,0,0,false,-1,,,,,0,-1,,,84=0;85=1;86=1;87=-1;88=0;89=-1;90=0;91=-1;92=0;93=-1;94=0;95=1;96=0;97=1;98=1;99=-1;100=0;101=-1;102=0;103=-1;104=0;105=-1;106=0;107=0;108=-1;109=0;110=-1;111=0;112=-1;113=0;116=1;120=60
27363,Enhanced Raise,レイズ効果アップ,27xxx,23,48,137,0,-1,None,0,-1,None,0,none,0,0,0,0,0,5,0,15,-1,0,0,false,-1,,,,,0,-1,,,84=0;85=1;86=1;87=-1;88=0;89=-1;90=0;91=-1;92=0;93=-1;94=0;95=1;96=0;97=1;98=1;99=-1;100=0;101=-1;102=0;103=-1;104=0;105=-1;106=0;107=0;108=-1;109=0;110=-1;111=0;112=-1;113=0;116=1;120=60
27364,Enhanced Stoneskin,ストンスキン効果アップ,27xxx,23,36,137,0,-1,None,0,-1,None,0,none,0,0,0,0,0,5,0,15,-1,0,0,false,-1,,,,,0,-1,,,84=0;85=1;86=1;87=-1;88=0;89=-1;90=0;91=-1;92=0;93=-1;94=0;95=1;96=0;97=1;98=1;99=-1;100=0;101=-1;102=0;103=-1;104=0;105=-1;106=0;107=0;108=-1;109=0;110=-1;111=0;112=-1;113=0;116=1;120=60
27365,Enhanced Protect,プロテス効果アップ,27xxx,23,24,137,0,-1,None,0,-1,None,0,none,0,0,0,0,0,5,0,15,-1,0,0,false,-1,,,,,0,-1,,,84=0;85=1;86=1;87=-1;88=0;89=-1;90=0;91=-1;92=0;93=-1;94=0;95=1;96=0;97=1;98=1;99=-1;100=0;101=-1;102=0;103=-1;104=0;105=-1;106=0;107=0;108=-1;109=0;110=-1;111=0;112=-1;113=0;116=1;120=60
27366,Greater Enhancing Magic,強化魔法威力アップI,27xxx,23,12,137,0,-1,None,0,-1,None,0,none,0,0,0,0,0,5,0,15,-1,0,0,false,-1,,,,,0,-1,,,84=0;85=1;86=1;87=-1;88=0;89=-1;90=0;91=-1;92=0;93=-1;94=0;95=1;96=0;97=1;98=1;99=-1;100=0;101=-1;102=0;103=-1;104=0;105=-1;106=0;107=0;108=-1;109=0;110=-1;111=0;112=-1;113=0;116=1;120=60
27367,Greater Healing,回復魔法威力アップI,27xxx,23,8,137,0,-1,None,0,-1,None,0,none,0,0,0,0,0,5,0,15,-1,0,0,false,-1,,,,,0,-1,,,84=0;85=1;86=1;87=-1;88=0;89=-1;90=0;91=-1;92=0;93=-1;94=0;95=1;96=0;97=1;98=1;99=-1;100=0;101=-1;102=0;103=-1;104=0;105=-1;106=0;107=0;108=-1;109=0;110=-1;111=0;112=-1;113=0;116=1;120=60
27368,Greater Healing II,回復魔法威力アップII,27xxx,23,28,137,0,-1,None,0,-1,None,0,none,0,0,0,0,0,5,0,15,-1,0,0,false,-1,,,,,0,-1,,,84=0;85=1;86=1;87=-1;88=0;89=-1;90=0;91=-1;92=0;93=-1;94=0;95=1;96=0;97=1;98=1;99=-1;100=0;101=-1;102=0;103=-1;104=0;105=-1;106=0;107=0;108=-1;109=0;110=-1;111=0;112=-1;113=0;116=1;120=60
27369,Enhanced Magic Accuracy,魔法命中力アップI,27xxx,23,16,137,0,-1,None,0,-1,None,0,none,0,0,0,0,0,5,0,15,-1,0,0,false,-1,,,,,0,-1,,,84=0;85=1;86=1;87=-1;88=0;89=-1;90=0;91=-1;92=0;93=-1;94=0;95=1;96=0;97=1;98=1;99=-1;100=0;101=-1;102=0;103=-1;104=0;105=-1;106=0;107=0;108=-1;109=0;110=-1;111=0;112=-1;113=0;116=1;120=60
27370,Auto-refresh,オートリフレシュ,27xxx,23,20,137,0,-1,None,0,-1,None,0,none,0,0,0,0,0,5,0,15,-1,0,0,false,-1,,,,,0,-1,,,84=0;85=1;86=1;87=-1;88=0;89=-1;90=0;91=-1;92=0;93=-1;94=0;95=1;96=0;97=1;98=1;99=-1;100=0;101=-1;102=0;103=-1;104=0;105=-1;106=0;107=0;108=-1;109=0;110=-1;111=0;112=-1;113=0;116=1;120=60
27402,Raging Strike,猛者の撃,27xxx,7,4,112,0,-1,None,0,-1,None,0,none,0,0,0,0,0,30,0,0,-1,0,0,false,-1,,,,,0,-1,,,84=0;85=1;86=1;87=-1;88=0;89=-1;90=0;91=-1;92=0;93=-1;94=0;95=1;96=0;97=1;98=1;99=-1;100=0;101=-1;102=0;103=-1;104=0;105=-1;106=0;107=0;108=-1;109=0;110=-1;111=0;112=-1;113=0;116=1;120=60
27403,Raging Strike II,猛者の撃II,27xxx,7,40,112,0,-1,None,0,-1,None,0,none,0,0,0,0,0,30,0,0,-1,0,0,false,-1,,,,,0,-1,,,84=0;85=1;86=1;87=-1;88=0;89=-1;90=0;91=-1;92=0;93=-1;94=0;95=1;96=0;97=1;98=1;99=-1;100=0;101=-1;102=0;103=-1;104=0;105=-1;106=0;107=0;108=-1;109=0;110=-1;111=0;112=-1;113=0;116=1;120=60
27404,Raging Strike III,猛者の撃III,27xxx,7,99,112,0,-1,None,0,-1,None,0,none,0,0,0,0,0,30,0,0,-1,0,0,false,-1,,,,,0,-1,,,84=0;85=1;86=1;87=-1;88=0;89=-1;90=0;91=-1;92=0;93=-1;94=0;95=1;96=0;97=1;98=1;99=-1;100=0;101=-1;102=0;103=-1;104=0;105=-1;106=0;107=0;108=-1;109=0;110=-1;111=0;112=-1;113=0;116=1;120=60
27406,Quelling Strike,静者の撃,27xxx,7,10,112,0,-1,None,0,-1,None,0,none,0,0,0,0,0,30,0,0,-1,0,0,false,-1,,,,,0,-1,,,84=0;85=1;86=1;87=-1;88=0;89=-1;90=0;91=-1;92=0;93=-1;94=0;95=1;96=0;97=1;98=1;99=-1;100=0;101=-1;102=0;103=-1;104=0;105=-1;106=0;107=0;108=-1;109=0;110=-1;111=0;112=-1;113=0;116=1;120=60
27407,Quelling Strike II,静者の撃II,27xxx,7,42,112,0,-1,None,0,-1,None,0,none,0,0,0,0,0,30,0,0,-1,0,0,false,-1,,,,,0,-1,,,84=0;85=1;86=1;87=-1;88=0;89=-1;90=0;91=-1;92=0;93=-1;94=0;95=1;96=0;97=1;98=1;99=-1;100=0;101=-1;102=0;103=-1;104=0;105=-1;106=0;107=0;108=-1;109=0;110=-1;111=0;112=-1;113=0;116=1;120=60
27409,Hawk's Eye,ホークアイ,27xxx,7,14,112,0,-1,None,0,-1,None,0,none,0,0,0,0,0,60,0,0,-1,0,0,false,-1,,,,,0,-1,,,84=0;85=1;86=1;87=-1;88=0;89=-1;90=0;91=-1;92=0;93=-1;94=0;95=1;96=0;97=1;98=1;99=-1;100=0;101=-1;102=0;103=-1;104=0;105=-1;106=0;107=0;108=-1;109=0;110=-1;111=0;112=-1;113=0;116=1;120=60
27410,Hawk's Eye II,ホークアイII,27xxx,7,99,112,0,-1,None,0,-1,None,0,none,0,0,0,0,0,60,0,0,-1,0,0,false,-1,,,,,0,-1,,,84=0;85=1;86=1;87=-1;88=0;89=-1;90=0;91=-1;92=0;93=-1;94=0;95=1;96=0;97=1;98=1;99=-1;100=0;101=-1;102=0;103=-1;104=0;105=-1;106=0;107=0;108=-1;109=0;110=-1;111=0;112=-1;113=0;116=1;120=60
27412,Scavenge,スカベンジ,27xxx,7,18,113,0,-1,None,0,-1,None,0,none,0,0,0,0,0,5,3.5,0,-1,0,0,false,-1,,,,,0,-1,,,84=0;85=1;86=1;87=-1;88=0;89=-1;90=0;91=-1;92=0;93=-1;94=0;95=1;96=0;97=1;98=1;99=-1;100=0;101=-1;102=0;103=-1;104=0;105=-1;106=0;107=0;108=-1;109=0;110=-1;111=0;112=-1;113=0;116=1;120=60
27413,Scavenge II,スカベンジII,27xxx,7,99,113,0,-1,None,0,-1,None,0,none,0,0,0,0,0,5,3.5,0,-1,0,0,false,-1,,,,,0,-1,,,84=0;85=1;86=1;87=-1;88=0;89=-1;90=0;91=-1;92=0;93=-1;94=0;95=1;96=0;97=1;98=1;99=-1;100=0;101=-1;102=0;103=-1;104=0;105=-1;106=0;107=0;108=-1;109=0;110=-1;111=0;112=-1;113=0;116=1;120=60
27415,Quickstride,ストライド,27xxx,7,22,112,0,-1,None,0,-1,None,0,none,0,0,0,0,0,180,6,0,-1,0,0,false,-1,,,,,0,-1,,,84=0;85=1;86=1;87=-1;88=0;89=-1;90=0;91=-1;92=0;93=-1;94=0;95=1;96=0;97=1;98=1;99=-1;100=0;101=-1;102=0;103=-1;104=0;105=-1;106=0;107=0;108=-1;109=0;110=-1;111=0;112=-1;113=0;116=1;120=60
27416,Quickstride II,ストライドII,27xxx,7,99,112,0,-1,None,0,-1,None,0,none,0,0,0,0,0,180,6,0,-1,0,0,false,-1,,,,,0,-1,,,84=0;85=1;86=1;87=-1;88=0;89=-1;90=0;91=-1;92=0;93=-1;94=0;95=1;96=0;97=1;98=1;99=-1;100=0;101=-1;102=0;103=-1;104=0;105=-1;106=0;107=0;108=-1;109=0;110=-1;111=0;112=-1;113=0;116=1;120=60
27418,Chameleon,カメレオン,27xxx,7,26,112,0,-1,None,0,-1,None,0,none,0,0,0,250,0,300,6,0,-1,0,0,false,-1,,,,,0,-1,,,84=0;85=1;86=1;87=-1;88=0;89=-1;90=0;91=-1;92=0;93=-1;94=0;95=1;96=0;97=1;98=1;99=-1;100=0;101=-1;102=0;103=-1;104=0;105=-1;106=0;107=0;108=-1;109=0;110=-1;111=0;112=-1;113=0;116=1;120=60
27419,Chameleon II,カメレオンII,27xxx,7,99,112,0,-1,None,0,-1,None,0,none,0,0,0,250,0,180,6,0,-1,0,0,false,-1,,,,,0,-1,,,84=0;85=1;86=1;87=-1;88=0;89=-1;90=0;91=-1;92=0;93=-1;94=0;95=1;96=0;97=1;98=1;99=-1;100=0;101=-1;102=0;103=-1;104=0;105=-1;106=0;107=0;108=-1;109=0;110=-1;111=0;112=-1;113=0;116=1;120=60
27421,Trifurcate,トライファケイト,27xxx,7,30,113,2,-1,None,0,-1,None,0,none,0,0,10,0,0,120,6,0,-1,0,0,false,-1,,,,,0,-1,,,84=0;85=1;86=1;87=-1;88=0;89=-1;90=0;91=-1;92=0;93=-1;94=0;95=1;96=0;97=1;98=1;99=-1;100=0;101=-1;102=0;103=-1;104=0;105=-1;106=0;107=0;108=-1;109=0;110=-1;111=0;112=-1;113=0;116=1;120=60
27422,Trifurcate II,トライファケイトII,27xxx,7,99,113,2,-1,None,0,-1,None,0,none,0,0,10,0,0,90,6,0,-1,0,0,false,-1,,,,,0,-1,,,84=0;85=1;86=1;87=-1;88=0;89=-1;90=0;91=-1;92=0;93=-1;94=0;95=1;96=0;97=1;98=1;99=-1;100=0;101=-1;102=0;103=-1;104=0;105=-1;106=0;107=0;108=-1;109=0;110=-1;111=0;112=-1;113=0;116=1;120=60
27424,Decoy,デコイ,27xxx,7,36,112,0,-1,None,0,-1,None,0,none,0,0,0,250,0,90,6,0,-1,0,0,false,-1,,,,,0,-1,,,84=0;85=1;86=1;87=-1;88=0;89=-1;90=0;91=-1;92=0;93=-1;94=0;95=1;96=0;97=1;98=1;99=-1;100=0;101=-1;102=0;103=-1;104=0;105=-1;106=0;107=0;108=-1;109=0;110=-1;111=0;112=-1;113=0;116=1;120=60
27425,Decoy II,デコイII,27xxx,7,99,112,0,-1,None,0,-1,None,0,none,0,0,0,250,0,90,6,0,-1,0,0,false,-1,,,,,0,-1,,,84=0;85=1;86=1;87=-1;88=0;89=-1;90=0;91=-1;92=0;93=-1;94=0;95=1;96=0;97=1;98=1;99=-1;100=0;101=-1;102=0;103=-1;104=0;105=-1;106=0;107=0;108=-1;109=0;110=-1;111=0;112=-1;113=0;116=1;120=60
27427,Farshot,ファーショット,27xxx,7,46,10,0,-1,None,0,-1,None,0,none,0,0,0,0,0,40,6,0,-1,0,0,true,-1,,,,,0,-1,,,84=0;85=1;86=1;87=-1;88=0;89=-1;90=0;91=-1;92=0;93=-1;94=0;95=1;96=0;97=1;98=1;99=-1;100=0;101=-1;102=0;103=-1;104=0;105=-1;106=0;107=0;108=-1;109=0;110=-1;111=0;112=-1;113=0;116=1;120=60
27428,Farshot II,ファーショットII,27xxx,7,99,10,0,-1,None,0,-1,None,0,none,0,0,0,0,0,40,6,0,-1,0,0,true,-1,,,,,0,-1,,,84=0;85=1;86=1;87=-1;88=0;89=-1;90=0;91=-1;92=0;93=-1;94=0;95=1;96=0;97=1;98=1;99=-1;100=0;101=-1;102=0;103=-1;104=0;105=-1;106=0;107=0;108=-1;109=0;110=-1;111=0;112=-1;113=0;116=1;120=60
27430,Subtle Release,サトルリリース,27xxx,7,50,112,2,-1,None,0,-1,None,0,none,0,0,0,0,0,180,6,8,-1,0,0,false,-1,,,,,0,-1,,,84=0;85=1;86=1;87=-1;88=0;89=-1;90=0;91=-1;92=0;93=-1;94=0;95=1;96=0;97=1;98=1;99=-1;100=0;101=-1;102=0;103=-1;104=0;105=-1;106=0;107=0;108=-1;109=0;110=-1;111=0;112=-1;113=0;116=1;120=60
27512,Puncture,パンクチャー,27xxx,7,1,112,2,4,Projectile,1,-1,None,0,physical,0,0,0,1000,0,10,3.5,12,-1,0,0,false,-1,,,,,0,-1,,,84=0;85=1;86=1;87=-1;88=0;89=-1;90=0;91=-1;92=0;93=-1;94=0;95=1;96=0.1;97=1;98=1;99=-1;100=0;101=-1;102=0;103=-1;104=0;105=-1;106=0;107=0;108=4;109=1;110=-1;111=0;112=-1;113=0;116=1;120=60
27513,Puncture II,パンクチャーII,27xxx,7,28,112,2,4,Projectile,1,-1,None,0,physical,0,0,0,1000,0,10,3.5,12,-1,0,0,false,-1,,,,,0,-1,,,84=0;85=1;86=1;87=-1;88=0;89=-1;90=0;91=-1;92=0;93=-1;94=0;95=1;96=0.1;97=1;98=1;99=-1;100=0;101=-1;102=0;103=-1;104=0;105=-1;106=0;107=0;108=4;109=1;110=-1;111=0;112=-1;113=0;116=1;120=60
27515,Shadowbind,影縫い,27xxx,7,6,112,2,4,Projectile,1,-1,None,0,physical,0,0,0,250,0,40,7,12,-1,0,0,false,-1,,,,,0,-1,,,84=0;85=1;86=1;87=-1;88=0;89=-1;90=0;91=-1;92=0;93=-1;94=0;95=1;96=0.1;97=1;98=1;99=-1;100=0;101=-1;102=0;103=-1;104=0;105=-1;106=0;107=0;108=4;109=1;110=-1;111=0;112=-1;113=0;116=1;120=60
27516,Shadowbind II,影縫いII,27xxx,7,32,112,2,4,Projectile,1,-1,None,0,physical,0,0,0,250,0,40,7,12,-1,0,0,false,-1,,,,,0,-1,,,84=0;85=1;86=1;87=-1;88=0;89=-1;90=0;91=-1;92=0;93=-1;94=0;95=1;96=0.1;97=1;98=1;99=-1;100=0;101=-1;102=0;103=-1;104=0;105=-1;106=0;107=0;108=4;109=1;110=-1;111=0;112=-1;113=0;116=1;120=60
27518,Wide Volley,ワイドボレー,27xxx,7,8,112,2,4,Projectile,1,-1,None,0,physical,0,0,0,1000,0,10,3.5,12,-1,0,5,false,-1,,,,,0,-1,,,84=0;85=1;86=1;87=-1;88=0;89=-1;90=0;91=-1;92=0;93=-1;94=0;95=1;96=0.1;97=1;98=1;99=-1;100=0;101=-1;102=0;103=-1;104=0;105=-1;106=0;107=0;108=4;109=1;110=-1;111=0;112=-1;113=0;116=1;120=60
27519,Wide Volley II,ワイドボレーII,27xxx,7,44,112,2,4,Projectile,1,-1,None,0,physical,0,0,0,1000,0,10,3.5,12,-1,0,5,false,-1,,,,,0,-1,,,84=0;85=1;86=1;87=-1;88=0;89=-1;90=0;91=-1;92=0;93=-1;94=0;95=1;96=0.1;97=1;98=1;99=-1;100=0;101=-1;102=0;103=-1;104=0;105=-1;106=0;107=0;108=4;109=1;110=-1;111=0;112=-1;113=0;116=1;120=60
27521,Scouring Strike,スカルストライク,27xxx,7,12,112,2,4,Projectile,1,-1,None,0,physical,0,0,0,500,0,40,7,12,-1,0,0,false,-1,,,,,0,-1,,,84=0;85=1;86=1;87=-1;88=0;89=-1;90=0;91=-1;92=0;93=-1;94=0;95=1;96=0.1;97=1;98=1;99=-1;100=0;101=-1;102=0;103=-1;104=0;105=-1;106=0;107=0;108=4;109=1;110=-1;111=0;112=-1;113=0;116=1;120=60
27522,Scouring Strike II,スカルストライクII,27xxx,7,99,112,2,4,Projectile,1,-1,None,0,physical,0,0,0,500,0,40,7,12,-1,0,0,false,-1,,,,,0,-1,,,84=0;85=1;86=1;87=-1;88=0;89=-1;90=0;91=-1;92=0;93=-1;94=0;95=1;96=0.1;97=1;98=1;99=-1;100=0;101=-1;102=0;103=-1;104=0;105=-1;106=0;107=0;108=4;109=1;110=-1;111=0;112=-1;113=0;116=1;120=60
27524,Arrow Helix,アローヘリックス,27xxx,7,16,113,2,4,Projectile,1,-1,None,0,physical,0,0,0,1000,0,10,3.5,15,-1,3,0,false,-1,,,,,0,-1,,,84=0;85=1;86=1;87=-1;88=0;89=-1;90=0;91=-1;92=0;93=-1;94=0;95=1;96=0.1;97=1;98=1;99=-1;100=0;101=-1;102=0;103=-1;104=0;105=-1;106=0;107=0;108=4;109=1;110=-1;111=0;112=-1;113=0;116=1;120=60
27525,Arrow Helix II,アローヘリックスII,27xxx,7,99,113,2,4,Projectile,1,-1,None,0,physical,0,0,0,1000,0,10,3.5,15,-1,3,0,false,-1,,,,,0,-1,,,84=0;85=1;86=1;87=-1;88=0;89=-1;90=0;91=-1;92=0;93=-1;94=0;95=1;96=0.1;97=1;98=1;99=-1;100=0;101=-1;102=0;103=-1;104=0;105=-1;106=0;107=0;108=4;109=1;110=-1;111=0;112=-1;113=0;116=1;120=60
27527,Quick Nock,クイックノック,27xxx,7,20,113,2,4,Projectile,1,-1,None,0,physical,0,0,0,2000,0,60,3.5,12,-1,0,0,false,-1,,,,,0,-1,,,84=0;85=1;86=1;87=-1;88=0;89=-1;90=0;91=-1;92=0;93=-1;94=0;95=1;96=0.1;97=1;98=1;99=-1;100=0;101=-1;102=0;103=-1;104=0;105=-1;106=0;107=0;108=4;109=1;110=-1;111=0;112=-1;113=0;116=1;120=60
27528,Quick Nock II,クイックノックII,27xxx,7,99,113,2,4,Projectile,1,-1,None,0,physical,0,0,0,2000,0,60,3.5,12,-1,0,0,false,-1,,,,,0,-1,,,84=0;85=1;86=1;87=-1;88=0;89=-1;90=0;91=-1;92=0;93=-1;94=0;95=1;96=0.1;97=1;98=1;99=-1;100=0;101=-1;102=0;103=-1;104=0;105=-1;106=0;107=0;108=4;109=1;110=-1;111=0;112=-1;113=0;116=1;120=60
27530,Shrieker,シュリーカー,27xxx,7,24,112,2,4,Projectile,1,-1,None,0,physical,0,0,0,500,0,40,7,12,-1,0,0,false,-1,,,,,0,-1,,,84=0;85=1;86=1;87=-1;88=0;89=-1;90=0;91=-1;92=0;93=-1;94=0;95=1;96=0.1;97=1;98=1;99=-1;100=0;101=-1;102=0;103=-1;104=0;105=-1;106=0;107=0;108=4;109=1;110=-1;111=0;112=-1;113=0;116=1;120=60
27532,Barrage,乱れ撃ち,27xxx,7,34,112,2,-1,None,0,-1,None,0,none,0,0,0,1500,0,30,3.5,12,-1,0,0,false,-1,,,,,0,-1,,,84=0;85=1;86=1;87=-1;88=0;89=-1;90=0;91=-1;92=0;93=-1;94=0;95=1;96=0.1;97=1;98=1;99=-1;100=0;101=-1;102=0;103=-1;104=0;105=-1;106=0;107=1;108=-1;109=0;110=-1;111=0;112=-1;113=0;116=1;120=60
27534,Foeseeker,フォウシーカー,27xxx,7,38,112,2,4,Projectile,1,-1,None,0,physical,0,0,0,1000,0,10,3.5,12,-1,0,0,false,-1,,,,,0,-1,,,84=0;85=1;86=1;87=-1;88=0;89=-1;90=0;91=-1;92=0;93=-1;94=0;95=1;96=0.1;97=1;98=1;99=-1;100=0;101=-1;102=0;103=-1;104=0;105=-1;106=0;107=0;108=4;109=1;110=-1;111=0;112=-1;113=0;116=1;120=60
27536,Bloodletter,ブラッドレッター,27xxx,7,48,113,2,4,Projectile,1,-1,None,0,physical,0,0,0,1000,0,10,3.5,12,-1,0,0,false,-1,,,,,0,-1,,,84=0;85=1;86=1;87=-1;88=0;89=-1;90=0;91=-1;92=0;93=-1;94=0;95=1;96=0.1;97=1;98=1;99=-1;100=0;101=-1;102=0;103=-1;104=0;105=-1;106=0;107=0;108=4;109=1;110=-1;111=0;112=-1;113=0;116=1;120=60
27537,Bloodletter II,ブラッドレッターII,27xxx,7,99,113,2,4,Projectile,1,-1,None,0,physical,0,0,0,1000,0,10,3.5,12,-1,0,0,false,-1,,,,,0,-1,,,84=0;85=1;86=1;87=-1;88=0;89=-1;90=0;91=-1;92=0;93=-1;94=0;95=1;96=0.1;97=1;98=1;99=-1;100=0;101=-1;102=0;103=-1;104=0;105=-1;106=0;107=0;108=4;109=1;110=-1;111=0;112=-1;113=0;116=1;120=60
27539,.Mindscatter,.マインドカッター,27xxx,7,99,112,2,4,Projectile,1,-1,None,0,physical,0,0,0,1000,0,10,3.5,12,-1,0,0,false,-1,,,,,0,-1,,,84=0;85=1;86=1;87=-1;88=0;89=-1;90=0;91=-1;92=0;93=-1;94=0;95=1;96=0.1;97=1;98=1;99=-1;100=0;101=-1;102=0;103=-1;104=0;105=-1;106=0;107=0;108=4;109=1;110=-1;111=0;112=-1;113=0;116=1;120=60
27541,.Smite,.スマイト,27xxx,7,99,112,2,4,Projectile,1,-1,None,0,physical,0,0,0,500,0,60,15,12,-1,0,0,false,-1,,,,,0,-1,,,84=0;85=1;86=1;87=-1;88=0;89=-1;90=0;91=-1;92=0;93=-1;94=0;95=1;96=0.1;97=1;98=1;99=-1;100=0;101=-1;102=0;103=-1;104=0;105=-1;106=0;107=0;108=4;109=1;110=-1;111=0;112=-1;113=0;116=1;120=60
27543,.Swarmsting,.諸矢,27xxx,7,99,113,2,4,Projectile,1,-1,None,0,physical,0,0,0,2000,0,30,3.5,12,-1,0,0,false,-1,,,,,0,-1,,,84=0;85=1;86=1;87=-1;88=0;89=-1;90=0;91=-1;92=0;93=-1;94=0;95=1;96=0.1;97=1;98=1;99=-1;100=0;101=-1;102=0;103=-1;104=0;105=-1;106=0;107=0;108=4;109=1;110=-1;111=0;112=-1;113=0;116=1.5;120=60
27577,Multishot,複射準備,27xxx,7,20,113,2,-1,None,0,-1,None,0,none,0,0,0,0,0,15,4.5,-1,-1,0,0,false,-1,,,,,0,-1,,,84=0;85=1;86=1;87=-1;88=0;89=-1;90=0;91=-1;92=0;93=-1;94=0;95=1;96=0;97=1;98=1;99=-1;100=0;101=-1;102=0;103=-1;104=0;105=-1;106=0;107=1;108=-1;109=0;110=-1;111=0;112=-1;113=0;116=0;120=60
27578,Close Shot,クローズショット,27xxx,7,1,113,2,-1,None,0,-1,None,0,none,0,0,0,0,0,4.5,3.5,10,3,0,0,false,-1,,,,,0,-1,,,84=0;85=1;86=1;87=-1;88=0;89=-1;90=0;91=-1;92=0;93=-1;94=0;95=1;96=0;97=1;98=1;99=-1;100=0;101=-1;102=0;103=-1;104=0;105=-1;106=0;107=1;108=-1;109=0;110=-1;111=0;112=-1;113=0;116=0;120=60
27579,Heavy Shot,ヘヴィショット,27xxx,7,40,113,2,-1,None,0,-1,None,0,none,0,0,0,0,0,30,4.5,20,-1,0,0,false,-1,,,,,0,-1,,,84=0;85=1;86=1;87=-1;88=0;89=-1;90=0;91=-1;92=0;93=-1;94=0;95=1;96=0;97=1;98=1;99=-1;100=0;101=-1;102=0;103=-1;104=0;105=-1;106=0;107=1;108=-1;109=0;110=-1;111=0;112=-1;113=0;116=0;120=60
27582,Ferocity,フェロシティ,27xxx,8,4,112,0,-1,None,0,-1,None,0,none,0,0,0,0,0,60,0,0,-1,0,0,false,-1,,,,,22,7,,,84=0;85=1;86=1;87=-1;88=0;89=-1;90=0;91=-1;92=0;93=-1;94=0;95=1;96=0;97=1;98=1;99=-1;100=0;101=-1;102=0;103=-1;104=0;105=-1;106=0;107=0;108=-1;109=0;110=-1;111=0;112=-1;113=0;116=1;120=60
27583,Ferocity II,フェロシティII,27xxx,8,34,112,0,-1,None,0,-1,None,0,none,0,0,0,0,0,60,0,0,-1,0,0,false,-1,,,,,51,7,,,84=0;85=1;86=1;87=-1;88=0;89=-1;90=0;91=-1;92=0;93=-1;94=0;95=1;96=0;97=1;98=1;99=-1;100=0;101=-1;102=0;103=-1;104=0;105=-1;106=0;107=0;108=-1;109=0;110=-1;111=0;112=-1;113=0;116=1;120=60
27584,Ferocity III,フェロシティIII,27xxx,8,99,112,0,-1,None,0,-1,None,0,none,0,0,0,0,0,60,0,0,-1,0,0,false,-1,,,,,185,7,,,84=0;85=1;86=1;87=-1;88=0;89=-1;90=0;91=-1;92=0;93=-1;94=0;95=1;96=0;97=1;98=1;99=-1;100=0;101=-1;102=0;103=-1;104=0;105=-1;106=0;107=0;108=-1;109=0;110=-1;111=0;112=-1;113=0;116=1;120=60
27586,Speed Surge,竜槍,27xxx,8,10,113,0,-1,None,0,-1,None,0,none,0,0,0,0,0,30,3,0,-1,0,0,false,-1,,,,,0,-1,,,84=0;85=1;86=1;87=-1;88=0;89=-1;90=0;91=-1;92=0;93=-1;94=0;95=1;96=0;97=1;98=1;99=-1;100=0;101=-1;102=0;103=-1;104=0;105=-1;106=0;107=0;108=-1;109=0;110=-1;111=0;112=-1;113=0;116=1;120=60
27587,Speed Surge II,竜槍II,27xxx,8,40,113,0,-1,None,0,-1,None,0,none,0,0,0,0,0,30,3,0,-1,0,0,false,-1,,,,,0,-1,,,84=0;85=1;86=1;87=-1;88=0;89=-1;90=0;91=-1;92=0;93=-1;94=0;95=1;96=0;97=1;98=1;99=-1;100=0;101=-1;102=0;103=-1;104=0;105=-1;106=0;107=0;108=-1;109=0;110=-1;111=0;112=-1;113=0;116=1;120=60
27589,Invigorate,気合,27xxx,8,14,112,0,-1,None,0,-1,None,0,none,0,0,0,0,0,60,6,0,-1,0,0,false,-1,,,,,31,7,,,84=0;85=1;86=1;87=-1;88=0;89=-1;90=0;91=-1;92=0;93=-1;94=0;95=1;96=0;97=1;98=1;99=-1;100=0;101=-1;102=0;103=-1;104=0;105=-1;106=0;107=0;108=-1;109=0;110=-1;111=0;112=-1;113=0;116=1;120=60
27590,Invigorate II,気合II,27xxx,8,44,112,0,-1,None,0,-1,None,0,none,0,0,0,0,0,60,6,0,-1,0,0,false,-1,,,,,64,7,,,84=0;85=1;86=1;87=-1;88=0;89=-1;90=0;91=-1;92=0;93=-1;94=0;95=1;96=0;97=1;98=1;99=-1;100=0;101=-1;102=0;103=-1;104=0;105=-1;106=0;107=0;108=-1;109=0;110=-1;111=0;112=-1;113=0;116=1;120=60
27591,Invigorate III,気合III,27xxx,8,99,112,0,-1,None,0,-1,None,0,none,0,0,0,0,0,60,6,0,-1,0,0,false,-1,,,,,185,7,,,84=0;85=1;86=1;87=-1;88=0;89=-1;90=0;91=-1;92=0;93=-1;94=0;95=1;96=0;97=1;98=1;99=-1;100=0;101=-1;102=0;103=-1;104=0;105=-1;106=0;107=0;108=-1;109=0;110=-1;111=0;112=-1;113=0;116=1;120=60
27593,Comrade in Arms,鼓舞,27xxx,8,18,10,2,-1,None,0,-1,None,0,none,0,0,0,500,0,30,6,12,-1,0,0,true,-1,,,,,0,-1,,,84=0;85=1;86=1;87=-1;88=0;89=-1;90=0;91=-1;92=0;93=-1;94=0;95=1;96=0;97=1;98=1;99=-1;100=0;101=-1;102=0;103=-1;104=0;105=-1;106=0;107=0;108=-1;109=0;110=-1;111=0;112=-1;113=0;116=1;120=60
27594,Comrade in Arms II,鼓舞II,27xxx,8,48,10,2,-1,None,0,-1,None,0,none,0,0,0,500,0,30,6,12,-1,0,0,true,-1,,,,,0,-1,,,84=0;85=1;86=1;87=-1;88=0;89=-1;90=0;91=-1;92=0;93=-1;94=0;95=1;96=0;97=1;98=1;99=-1;100=0;101=-1;102=0;103=-1;104=0;105=-1;106=0;107=0;108=-1;109=0;110=-1;111=0;112=-1;113=0;116=1;120=60
27596,Life Surge,竜剣,27xxx,8,22,113,0,-1,None,0,-1,None,0,none,0,0,0,0,0,30,3,0,-1,0,0,false,-1,,,,,0,-1,,,84=0;85=1;86=1;87=-1;88=0;89=-1;90=0;91=-1;92=0;93=-1;94=0;95=1;96=0;97=1;98=1;99=-1;100=0;101=-1;102=0;103=-1;104=0;105=-1;106=0;107=0;108=-1;109=0;110=-1;111=0;112=-1;113=0;116=1;120=60
27597,Life Surge II,竜剣II,27xxx,8,99,113,0,-1,None,0,-1,None,0,none,0,0,0,0,0,30,3,0,-1,0,0,false,-1,,,,,0,-1,,,84=0;85=1;86=1;87=-1;88=0;89=-1;90=0;91=-1;92=0;93=-1;94=0;95=1;96=0;97=1;98=1;99=-1;100=0;101=-1;102=0;103=-1;104=0;105=-1;106=0;107=0;108=-1;109=0;110=-1;111=0;112=-1;113=0;116=1;120=60
27599,Keen Flurry,キーンフラーリ,27xxx,8,26,10,0,-1,None,0,-1,None,0,none,0,0,0,0,0,60,6,0,-1,0,0,true,-1,,,,,0,-1,,,84=0;85=1;86=1;87=-1;88=0;89=-1;90=0;91=-1;92=0;93=-1;94=0;95=1;96=0;97=1;98=1;99=-1;100=0;101=-1;102=0;103=-1;104=0;105=-1;106=0;107=0;108=-1;109=0;110=-1;111=0;112=-1;113=0;116=1;120=60
27600,Keen Flurry II,キーンフラーリII,27xxx,8,99,10,0,-1,None,0,-1,None,0,none,0,0,0,0,0,60,6,0,-1,0,0,true,-1,,,,,0,-1,,,84=0;85=1;86=1;87=-1;88=0;89=-1;90=0;91=-1;92=0;93=-1;94=0;95=1;96=0;97=1;98=1;99=-1;100=0;101=-1;102=0;103=-1;104=0;105=-1;106=0;107=0;108=-1;109=0;110=-1;111=0;112=-1;113=0;116=1;120=60
27602,Collusion,コルーション,27xxx,8,30,112,0,-1,None,0,-1,None,0,none,0,0,0,0,0,90,6,0,-1,0,0,false,-1,,,,,0,-1,,,84=0;85=1;86=1;87=-1;88=0;89=-1;90=0;91=-1;92=0;93=-1;94=0;95=1;96=0;97=1;98=1;99=-1;100=0;101=-1;102=0;103=-1;104=0;105=-1;106=0;107=0;108=-1;109=0;110=-1;111=0;112=-1;113=0;116=1;120=60
27603,Collusion II,コルーションII,27xxx,8,99,112,0,-1,None,0,-1,None,0,none,0,0,0,0,0,90,6,0,-1,0,0,false,-1,,,,,0,-1,,,84=0;85=1;86=1;87=-1;88=0;89=-1;90=0;91=-1;92=0;93=-1;94=0;95=1;96=0;97=1;98=1;99=-1;100=0;101=-1;102=0;103=-1;104=0;105=-1;106=0;107=0;108=-1;109=0;110=-1;111=0;112=-1;113=0;116=1;120=60
27605,Diversion,ダイバージョン,27xxx,8,36,112,0,-1,None,0,-1,None,0,none,0,0,0,250,0,90,6,0,-1,0,0,false,-1,,,,,0,-1,,,84=0;85=1;86=1;87=-1;88=0;89=-1;90=0;91=-1;92=0;93=-1;94=0;95=1;96=0;97=1;98=1;99=-1;100=0;101=-1;102=0;103=-1;104=0;105=-1;106=0;107=0;108=-1;109=0;110=-1;111=0;112=-1;113=0;116=1;120=60
27606,Diversion II,ダイバージョンII,27xxx,8,99,112,0,-1,None,0,-1,None,0,none,0,0,0,250,0,90,6,0,-1,0,0,false,-1,,,,,0,-1,,,84=0;85=1;86=1;87=-1;88=0;89=-1;90=0;91=-1;92=0;93=-1;94=0;95=1;96=0;97=1;98=1;99=-1;100=0;101=-1;102=0;103=-1;104=0;105=-1;106=0;107=0;108=-1;109=0;110=-1;111=0;112=-1;113=0;116=1;120=60
27608,Line of Fire,ラインオブファイア,27xxx,8,46,112,0,-1,None,0,-1,None,0,none,0,0,0,0,0,90,6,0,-1,0,0,false,-1,,,,,0,-1,,,84=0;85=1;86=1;87=-1;88=0;89=-1;90=0;91=-1;92=0;93=-1;94=0;95=1;96=0;97=1;98=1;99=-1;100=0;101=-1;102=0;103=-1;104=0;105=-1;106=0;107=0;108=-1;109=0;110=-1;111=0;112=-1;113=0;116=1;120=60
27610,.Jump,.ジャンプ,27xxx,8,99,112,0,-1,None,0,-1,None,0,none,0,0,0,0,0,100,6,0,-1,0,0,false,-1,,,,,0,-1,,,84=0;85=1;86=1;87=-1;88=0;89=-1;90=0;91=-1;92=0;93=-1;94=0;95=1;96=0;97=1;98=1;99=-1;100=0;101=-1;102=0;103=-1;104=0;105=-1;106=0;107=0;108=-1;109=0;110=-1;111=0;112=-1;113=0;116=1;120=60
27692,Skewer,スキュアー,27xxx,8,1,135,2,2,Piercing,1,-1,None,0,physical,0,0,0,1000,0,10,3.5,8,-1,0,0,false,-1,,,,,0,-1,,,84=0;85=1;86=1;87=-1;88=0;89=-1;90=0;91=-1;92=0;93=-1;94=0;95=1;96=0.1;97=1;98=0;99=-1;100=0;101=-1;102=0;103=-1;104=0;105=-1;106=0;107=0;108=2;109=1;110=-1;111=0;112=-1;113=0;116=1;120=60
27693,Skewer II,スキュアーII,27xxx,8,24,135,2,2,Piercing,1,-1,None,0,physical,0,0,0,1000,0,10,3.5,8,-1,0,0,false,-1,,,,,0,-1,,,84=0;85=1;86=1;87=-1;88=0;89=-1;90=0;91=-1;92=0;93=-1;94=0;95=1;96=0.1;97=1;98=0;99=-1;100=0;101=-1;102=0;103=-1;104=0;105=-1;106=0;107=0;108=2;109=1;110=-1;111=0;112=-1;113=0;116=1;120=60
27695,Trammel,トランメル,27xxx,8,6,112,2,2,Piercing,1,-1,None,0,physical,0,0,0,500,0,10,3.5,8,-1,0,0,false,-1,,,,,0,-1,,,84=0;85=1;86=1;87=-1;88=0;89=-1;90=0;91=-1;92=0;93=-1;94=0;95=1;96=0.1;97=1;98=1;99=-1;100=0;101=-1;102=0;103=-1;104=0;105=-1;106=0;107=0;108=2;109=1;110=-1;111=0;112=-1;113=0;116=1;120=60
27697,Moonrise,ムーンライズ,27xxx,8,8,135,2,1,Slashing,1,-1,None,0,physical,0,0,0,1000,0,10,3.5,8,-1,0,0,false,-1,,,,,0,-1,,,84=0;85=1;86=1;87=-1;88=0;89=-1;90=0;91=-1;92=0;93=-1;94=0;95=1;96=0.1;97=1;98=0;99=-1;100=0;101=-1;102=0;103=-1;104=0;105=-1;106=0;107=0;108=1;109=1;110=-1;111=0;112=-1;113=0;116=1;120=60
27698,Moonrise II,ムーンライズII,27xxx,8,38,135,2,1,Slashing,1,-1,None,0,physical,0,0,0,1000,0,10,3.5,8,-1,0,0,false,-1,,,,,0,-1,,,84=0;85=1;86=1;87=-1;88=0;89=-1;90=0;91=-1;92=0;93=-1;94=0;95=1;96=0.1;97=1;98=0;99=-1;100=0;101=-1;102=0;103=-1;104=0;105=-1;106=0;107=0;108=1;109=1;110=-1;111=0;112=-1;113=0;116=1;120=60
27700,.Overrun,.オーバーラン,27xxx,8,99,112,2,2,Piercing,1,-1,None,0,physical,0,0,0,1000,0,10,3.5,8,-1,0,0,false,-1,,,,,0,-1,,,84=0;85=1;86=1;87=-1;88=0;89=-1;90=0;91=-1;92=0;93=-1;94=0;95=1;96=0.1;97=1;98=1;99=-1;100=0;101=-1;102=0;103=-1;104=0;105=-1;106=0;107=0;108=2;109=1;110=-1;111=0;112=-1;113=0;116=1;120=60
27701,.Overrun II,.オーバーランII,27xxx,8,99,112,2,2,Piercing,1,-1,None,0,physical,0,0,0,1000,0,10,3.5,8,-1,0,0,false,-1,,,,,0,-1,,,84=0;85=1;86=1;87=-1;88=0;89=-1;90=0;91=-1;92=0;93=-1;94=0;95=1;96=0.1;97=1;98=1;99=-1;100=0;101=-1;102=0;103=-1;104=0;105=-1;106=0;107=0;108=2;109=1;110=-1;111=0;112=-1;113=0;116=1;120=60
27702,.Overrun III,.オーバーランIII,27xxx,8,99,112,2,2,Piercing,1,-1,None,0,physical,0,0,0,1000,0,10,3.5,8,-1,0,0,false,-1,,,,,0,-1,,,84=0;85=1;86=1;87=-1;88=0;89=-1;90=0;91=-1;92=0;93=-1;94=0;95=1;96=0.1;97=1;98=1;99=-1;100=0;101=-1;102=0;103=-1;104=0;105=-1;106=0;107=0;108=2;109=1;110=-1;111=0;112=-1;113=0;116=1;120=60
27704,Leg Sweep,足払い,27xxx,8,16,112,2,3,Blunt,1,-1,None,0,physical,0,0,0,1000,0,40,3.5,8,-1,0,0,false,-1,,,,,0,-1,,,84=0;85=1;86=1;87=-1;88=0;89=-1;90=0;91=-1;92=0;93=-1;94=0;95=1;96=0.1;97=1;98=1;99=-1;100=0;101=-1;102=0;103=-1;104=0;105=-1;106=0;107=0;108=3;109=1;110=-1;111=0;112=-1;113=0;116=1;120=60
27705,Leg Sweep II,足払いII,27xxx,8,99,112,2,3,Blunt,1,-1,None,0,physical,0,0,0,1000,0,40,3.5,8,-1,0,0,false,-1,,,,,0,-1,,,84=0;85=1;86=1;87=-1;88=0;89=-1;90=0;91=-1;92=0;93=-1;94=0;95=1;96=0.1;97=1;98=1;99=-1;100=0;101=-1;102=0;103=-1;104=0;105=-1;106=0;107=0;108=3;109=1;110=-1;111=0;112=-1;113=0;116=1;120=60
27707,Feint,フェイント,27xxx,8,20,137,2,2,Piercing,1,-1,None,0,physical,0,0,0,500,0,5,2,8,-1,0,0,false,-1,,,,,0,-1,,,84=0;85=1;86=1;87=-1;88=0;89=-1;90=0;91=-1;92=0;93=-1;94=0;95=1;96=0.1;97=1;98=0;99=-1;100=0;101=-1;102=0;103=-1;104=0;105=-1;106=0;107=0;108=2;109=1;110=-1;111=0;112=-1;113=0;116=1;120=0
27708,Feint II,フェイントII,27xxx,8,99,137,2,2,Piercing,1,-1,None,0,physical,0,0,0,500,0,5,2,8,-1,0,0,false,-1,,,,,0,-1,,,84=0;85=1;86=1;87=-1;88=0;89=-1;90=0;91=-1;92=0;93=-1;94=0;95=1;96=0.1;97=1;98=0;99=-1;100=0;101=-1;102=0;103=-1;104=0;105=-1;106=0;107=0;108=2;109=1;110=-1;111=0;112=-1;113=0;116=1;120=0
27710,Doomspike,ドゥームスパイク,27xxx,8,12,135,2,2,Piercing,1,-1,None,0,physical,0,0,0,2000,0,10,3.5,8,-1,0,0,false,-1,,,,,0,-1,,,84=0;85=1;86=1;87=-1;88=0;89=-1;90=0;91=-1;92=0;93=-1;94=0;95=1;96=0.1;97=1;98=0;99=-1;100=0;101=-1;102=0;103=-1;104=0;105=-1;106=0;107=0;108=2;109=1;110=-1;111=0;112=-1;113=0;116=1.5;120=60
27711,Doomspike II,ドゥームスパイクII,27xxx,8,32,113,2,2,Piercing,1,-1,None,0,physical,0,0,0,2000,0,10,3.5,8,-1,0,0,false,-1,,,,,0,-1,,,84=0;85=1;86=1;87=-1;88=0;89=-1;90=0;91=-1;92=0;93=-1;94=0;95=1;96=0.1;97=1;98=1;99=-1;100=0;101=-1;102=0;103=-1;104=0;105=-1;106=0;107=0;108=2;109=1;110=-1;111=0;112=-1;113=0;116=1.5;120=60
27713,Heavy Trammel,ヘヴィトランメル,27xxx,8,28,112,2,2,Piercing,1,-1,None,0,physical,0,0,0,500,0,10,3.5,8,-1,0,3,false,-1,,,,,0,-1,,,84=0;85=1;86=1;87=-1;88=0;89=-1;90=0;91=-1;92=0;93=-1;94=0;95=1;96=0.1;97=1;98=1;99=-1;100=0;101=-1;102=0;103=-1;104=0;105=-1;106=0;107=0;108=2;109=1;110=-1;111=0;112=-1;113=0;116=1;120=60
27715,Twisting Vice,巻き突き,27xxx,8,42,113,2,2,Piercing,1,-1,None,0,physical,0,0,0,1500,0,60,3.5,8,-1,0,0,false,-1,,,,,0,-1,,,84=0;85=1;86=1;87=-1;88=0;89=-1;90=0;91=-1;92=0;93=-1;94=0;95=1;96=0.1;97=1;98=1;99=-1;100=0;101=-1;102=0;103=-1;104=0;105=-1;106=0;107=0;108=2;109=1;110=-1;111=0;112=-1;113=0;116=1;120=60
27717,Chaos Thrust,桜華狂咲,27xxx,8,50,113,2,2,Piercing,1,-1,None,0,physical,0,0,0,2000,0,30,3.5,8,-1,0,0,false,-1,,,,,0,-1,,,84=0;85=1;86=1;87=-1;88=0;89=-1;90=0;91=-1;92=0;93=-1;94=0;95=1;96=0.1;97=1;98=1;99=-1;100=0;101=-1;102=0;103=-1;104=0;105=-1;106=0;107=0;108=2;109=1;110=-1;111=0;112=-1;113=0;116=1;120=60
27719,.Ring of Thorns,.大車輪,27xxx,8,99,113,2,2,Piercing,1,-1,None,0,physical,0,0,0,1000,0,30,3.5,5,-1,0,0,false,-1,,,,,0,-1,,,84=0;85=1;86=1;87=-1;88=0;89=-1;90=0;91=-1;92=0;93=-1;94=0;95=1;96=0.1;97=1;98=1;99=-1;100=0;101=-1;102=0;103=-1;104=0;105=-1;106=0;107=0;108=2;109=1;110=-1;111=0;112=-1;113=0;116=1;120=60
27721,.Onslaught,.オンスロート,27xxx,8,99,112,2,2,Piercing,1,-1,None,0,physical,0,0,0,1000,0,30,3.5,8,-1,0,0,false,-1,,,,,0,-1,,,84=0;85=1;86=1;87=-1;88=0;89=-1;90=0;91=-1;92=0;93=-1;94=0;95=1;96=0.1;97=1;98=1;99=-1;100=0;101=-1;102=0;103=-1;104=0;105=-1;106=0;107=0;108=2;109=1;110=-1;111=0;112=-1;113=0;116=1;120=60
27723,.Righteous Way,.天道翔破,27xxx,8,99,113,2,2,Piercing,1,-1,None,0,physical,0,0,0,1000,0,30,3.5,8,-1,0,0,false,-1,,,,,0,-1,,,84=0;85=1;86=1;87=-1;88=0;89=-1;90=0;91=-1;92=0;93=-1;94=0;95=1;96=0.1;97=1;98=1;99=-1;100=0;101=-1;102=0;103=-1;104=0;105=-1;106=0;107=0;108=2;109=1;110=-1;111=0;112=-1;113=0;116=3;120=60
27757,Heavy Thrust,ヘヴィスラスト,27xxx,8,1,113,2,-1,None,0,-1,None,0,none,0,0,0,0,0,60,4.5,8,-1,0,0,false,-1,,,,,0,-1,,,84=0;85=1;86=1;87=-1;88=0;89=-1;90=0;91=-1;92=0;93=-1;94=0;95=1;96=0;97=1;98=1;99=-1;100=0;101=-1;102=0;103=-1;104=0;105=-1;106=0;107=1;108=-1;109=0;110=-1;111=0;112=-1;113=0;116=0;120=60
27758,Pierce,ピアース,27xxx,8,20,113,2,-1,None,0,-1,None,0,none,0,0,0,0,0,30,4.5,8,-1,0,0,false,-1,,,,,0,-1,,,84=0;85=1;86=1;87=-1;88=0;89=-1;90=0;91=-1;92=0;93=-1;94=0;95=1;96=0;97=1;98=1;99=-1;100=0;101=-1;102=0;103=-1;104=0;105=-1;106=0;107=1;108=-1;109=0;110=-1;111=0;112=-1;113=0;116=0;120=60
27759,Full Thrust,フルスラスト,27xxx,8,40,113,2,-1,None,0,-1,None,0,none,0,0,0,0,0,60,3.5,8,-1,0,0,false,-1,,,,,0,-1,,,84=0;85=1;86=1;87=-1;88=0;89=-1;90=0;91=-1;92=0;93=-1;94=0;95=1;96=0;97=1;98=1;99=-1;100=0;101=-1;102=0;103=-1;104=0;105=-1;106=0;107=1;108=-1;109=0;110=-1;111=0;112=-1;113=0;116=0;120=60
27942,Aegis Boon,イージスブーン,27xxx,10,10,113,0,-1,None,0,-1,None,0,none,0,0,0,0,0,90,3,0,-1,0,0,false,-1,,,,,0,-1,,,84=0;85=1;86=1;87=-1;88=0;89=-1;90=0;91=-1;92=0;93=-1;94=0;95=1;96=0;97=1;98=1;99=-1;100=0;101=-1;102=0;103=-1;104=0;105=-1;106=0;107=0;108=-1;109=0;110=-1;111=0;112=-1;113=0;116=1;120=60
27943,Aegis Boon II,イージスブーンII,27xxx,10,40,113,0,-1,None,0,-1,None,0,none,0,0,0,0,0,90,3,0,-1,0,0,false,-1,,,,,0,-1,,,84=0;85=1;86=1;87=-1;88=0;89=-1;90=0;91=-1;92=0;93=-1;94=0;95=1;96=0;97=1;98=1;99=-1;100=0;101=-1;102=0;103=-1;104=0;105=-1;106=0;107=0;108=-1;109=0;110=-1;111=0;112=-1;113=0;116=1;120=60
27945,Outmaneuver,アウトマニューバ,27xxx,10,20,113,0,-1,None,0,-1,None,0,none,0,0,0,0,0,90,3,0,-1,0,0,false,-1,,,,,0,-1,,,84=0;85=1;86=1;87=-1;88=0;89=-1;90=0;91=-1;92=0;93=-1;94=0;95=1;96=0;97=1;98=1;99=-1;100=0;101=-1;102=0;103=-1;104=0;105=-1;106=0;107=0;108=-1;109=0;110=-1;111=0;112=-1;113=0;116=1;120=60
27946,Outmaneuver II,アウトマニューバII,27xxx,10,99,113,0,-1,None,0,-1,None,0,none,0,0,0,0,0,90,3,0,-1,0,0,false,-1,,,,,0,-1,,,84=0;85=1;86=1;87=-1;88=0;89=-1;90=0;91=-1;92=0;93=-1;94=0;95=1;96=0;97=1;98=1;99=-1;100=0;101=-1;102=0;103=-1;104=0;105=-1;106=0;107=0;108=-1;109=0;110=-1;111=0;112=-1;113=0;116=1;120=60
27948,War Drum,ウォードラム,27xxx,10,30,113,2,-1,None,0,-1,None,0,none,0,0,0,0,0,40,3,10,-1,0,0,false,-1,,,,,0,-1,,,84=0;85=1;86=1;87=-1;88=0;89=-1;90=0;91=-1;92=0;93=-1;94=0;95=1;96=0;97=1;98=1;99=-1;100=0;101=-1;102=0;103=-1;104=0;105=-1;106=0;107=0;108=-1;109=0;110=-1;111=0;112=-1;113=0;116=1;120=60
27949,War Drum II,ウォードラムII,27xxx,10,99,113,2,-1,None,0,-1,None,0,none,0,0,0,0,0,30,3,10,-1,0,0,false,-1,,,,,0,-1,,,84=0;85=1;86=1;87=-1;88=0;89=-1;90=0;91=-1;92=0;93=-1;94=0;95=1;96=0;97=1;98=1;99=-1;100=0;101=-1;102=0;103=-1;104=0;105=-1;106=0;107=0;108=-1;109=0;110=-1;111=0;112=-1;113=0;116=1;120=60
27951,Deflection,デフレクション,27xxx,10,50,113,0,-1,None,0,-1,None,0,none,0,0,0,0,0,90,3,0,-1,0,0,false,-1,,,,,0,-1,,,84=0;85=1;86=1;87=-1;88=0;89=-1;90=0;91=-1;92=0;93=-1;94=0;95=1;96=0;97=1;98=1;99=-1;100=0;101=-1;102=0;103=-1;104=0;105=-1;106=0;107=0;108=-1;109=0;110=-1;111=0;112=-1;113=0;116=1;120=60
27952,Deflection II,デフレクションII,27xxx,10,99,113,0,-1,None,0,-1,None,0,none,0,0,0,0,0,90,3,0,-1,0,0,false,-1,,,,,0,-1,,,84=0;85=1;86=1;87=-1;88=0;89=-1;90=0;91=-1;92=0;93=-1;94=0;95=1;96=0;97=1;98=1;99=-1;100=0;101=-1;102=0;103=-1;104=0;105=-1;106=0;107=0;108=-1;109=0;110=-1;111=0;112=-1;113=0;116=1;120=60
28052,Shield Bash,シールドバッシュ,28xxx,10,14,113,2,3,Blunt,1,-1,None,0,physical,400,0,0,500,0,30,2,5,-1,0,0,false,-1,,,,,0,-1,,,84=400;85=1;86=0;87=2;88=0.1;89=-1;90=0;91=2;92=0.1;93=-1;94=0;95=1;96=0.1;97=1;98=1;99=-1;100=0;101=-1;102=0;103=-1;104=0;105=-1;106=0;107=0;108=3;109=1;110=-1;111=0;112=-1;113=0;116=1;120=60
28053,Shield Bash II,シールドバッシュII,28xxx,10,44,113,2,3,Blunt,1,-1,None,0,physical,500,0,0,500,0,30,2,5,-1,0,0,false,-1,,,,,0,-1,,,84=500;85=1;86=0;87=2;88=0.25;89=-1;90=0;91=2;92=0.25;93=-1;94=0;95=1;96=0.1;97=1;98=1;99=-1;100=0;101=-1;102=0;103=-1;104=0;105=-1;106=0;107=0;108=3;109=1;110=-1;111=0;112=-1;113=0;116=1;120=60
28054,Shield Bash III,シールドバッシュIII,28xxx,10,99,113,2,3,Blunt,1,-1,None,0,physical,600,0,0,500,0,30,2,5,-1,0,0,false,-1,,,,,0,-1,,,84=600;85=1;86=0;87=2;88=0.4;89=-1;90=0;91=2;92=0.4;93=-1;94=0;95=1;96=0.1;97=1;98=1;99=-1;100=0;101=-1;102=0;103=-1;104=0;105=-1;106=0;107=0;108=3;109=1;110=-1;111=0;112=-1;113=0;116=1;120=60
28462,Sanguine Rite,血の儀礼,28xxx,22,2,112,0,-1,None,0,-1,None,0,none,0,0,0,0,0,60,6,0,-1,0,0,false,-1,,,,,0,-1,,,84=0;85=1;86=1;87=-1;88=0;89=-1;90=0;91=-1;92=0;93=-1;94=0;95=1;96=0;97=1;98=1;99=-1;100=0;101=-1;102=0;103=-1;104=0;105=-1;106=0;107=0;108=-1;109=0;110=-1;111=0;112=-1;113=0;116=1;120=60
28463,Sanguine Rite II,血の儀礼II,28xxx,22,34,112,0,-1,None,0,-1,None,0,none,0,0,0,0,0,60,6,0,-1,0,0,false,-1,,,,,0,-1,,,84=0;85=1;86=1;87=-1;88=0;89=-1;90=0;91=-1;92=0;93=-1;94=0;95=1;96=0;97=1;98=1;99=-1;100=0;101=-1;102=0;103=-1;104=0;105=-1;106=0;107=0;108=-1;109=0;110=-1;111=0;112=-1;113=0;116=1;120=60
28464,Sanguine Rite III,血の儀礼III,28xxx,22,99,112,0,-1,None,0,-1,None,0,none,0,0,0,0,0,60,6,0,-1,0,0,false,-1,,,,,0,-1,,,84=0;85=1;86=1;87=-1;88=0;89=-1;90=0;91=-1;92=0;93=-1;94=0;95=1;96=0;97=1;98=1;99=-1;100=0;101=-1;102=0;103=-1;104=0;105=-1;106=0;107=0;108=-1;109=0;110=-1;111=0;112=-1;113=0;116=1;120=60
28466,Punishing Barbs,トーメント,28xxx,22,10,137,0,-1,None,0,-1,None,0,none,0,0,0,0,0,180,3,12,-1,0,0,false,-1,,,,,0,-1,,,84=0;85=1;86=1;87=-1;88=0;89=-1;90=0;91=-1;92=0;93=-1;94=0;95=1;96=0;97=1;98=1;99=-1;100=0;101=-1;102=0;103=-1;104=0;105=-1;106=0;107=0;108=-1;109=0;110=-1;111=0;112=-1;113=0;116=1;120=60
28467,Punishing Barbs II,トーメントII,28xxx,22,99,137,0,-1,None,0,-1,None,0,none,0,0,0,0,0,180,3,12,-1,0,0,false,-1,,,,,0,-1,,,84=0;85=1;86=1;87=-1;88=0;89=-1;90=0;91=-1;92=0;93=-1;94=0;95=1;96=0;97=1;98=1;99=-1;100=0;101=-1;102=0;103=-1;104=0;105=-1;106=0;107=0;108=-1;109=0;110=-1;111=0;112=-1;113=0;116=1;120=60
28469,Dark Seal,ダークシール,28xxx,22,14,112,0,-1,None,0,-1,None,0,none,0,0,0,0,0,120,3,0,-1,0,0,false,-1,,,,,0,-1,,,84=0;85=1;86=1;87=-1;88=0;89=-1;90=0;91=-1;92=0;93=-1;94=0;95=1;96=0;97=1;98=1;99=-1;100=0;101=-1;102=0;103=-1;104=0;105=-1;106=0;107=0;108=-1;109=0;110=-1;111=0;112=-1;113=0;116=1;120=60
28470,Dark Seal II,ダークシールII,28xxx,22,46,112,0,-1,None,0,-1,None,0,none,0,0,0,0,0,120,3,0,-1,0,0,false,-1,,,,,0,-1,,,84=0;85=1;86=1;87=-1;88=0;89=-1;90=0;91=-1;92=0;93=-1;94=0;95=1;96=0;97=1;98=1;99=-1;100=0;101=-1;102=0;103=-1;104=0;105=-1;106=0;107=0;108=-1;109=0;110=-1;111=0;112=-1;113=0;116=1;120=60
28471,Dark Seal III,ダークシールIII,28xxx,22,99,112,0,-1,None,0,-1,None,0,none,0,0,0,0,0,120,3,0,-1,0,0,false,-1,,,,,0,-1,,,84=0;85=1;86=1;87=-1;88=0;89=-1;90=0;91=-1;92=0;93=-1;94=0;95=1;96=0;97=1;98=1;99=-1;100=0;101=-1;102=0;103=-1;104=0;105=-1;106=0;107=0;108=-1;109=0;110=-1;111=0;112=-1;113=0;116=1;120=60
28473,Initiation,イニシエーション,28xxx,22,22,112,0,-1,None,0,-1,None,0,none,0,0,0,0,0,60,6,15,-1,0,0,false,-1,,,,,0,-1,,,84=0;85=1;86=1;87=-1;88=0;89=-1;90=0;91=-1;92=0;93=-1;94=0;95=1;96=0;97=1;98=1;99=-1;100=0;101=-1;102=0;103=-1;104=0;105=-1;106=0;107=0;108=-1;109=0;110=-1;111=0;112=-1;113=0;116=1;120=60
28474,Initiation II,イニシエーションII,28xxx,22,99,112,0,-1,None,0,-1,None,0,none,0,0,0,0,0,60,6,15,-1,0,0,false,-1,,,,,0,-1,,,84=0;85=1;86=1;87=-1;88=0;89=-1;90=0;91=-1;92=0;93=-1;94=0;95=1;96=0;97=1;98=1;99=-1;100=0;101=-1;102=0;103=-1;104=0;105=-1;106=0;107=0;108=-1;109=0;110=-1;111=0;112=-1;113=0;116=1;120=60
28476,Paradigm Shift,パラダイムシフト,28xxx,22,30,10,0,-1,None,0,-1,None,0,none,0,0,0,0,0,60,6,0,-1,0,0,true,-1,,,,,0,-1,,,84=0;85=1;86=1;87=-1;88=0;89=-1;90=0;91=-1;92=0;93=-1;94=0;95=1;96=0;97=1;98=1;99=-1;100=0;101=-1;102=0;103=-1;104=0;105=-1;106=0;107=0;108=-1;109=0;110=-1;111=0;112=-1;113=0;116=1;120=60
28478,Emulate,エミュレート,28xxx,22,40,112,2,-1,None,0,-1,None,0,none,0,0,0,0,0,60,6,15,-1,0,0,false,-1,,,,,0,-1,,,84=0;85=1;86=1;87=-1;88=0;89=-1;90=0;91=-1;92=0;93=-1;94=0;95=1;96=0;97=1;98=1;99=-1;100=0;101=-1;102=0;103=-1;104=0;105=-1;106=0;107=0;108=-1;109=0;110=-1;111=0;112=-1;113=0;116=1;120=60
28479,Emulate II,エミュレートII,28xxx,22,99,112,2,-1,None,0,-1,None,0,none,0,0,0,0,0,60,6,15,-1,0,0,false,-1,,,,,0,-1,,,84=0;85=1;86=1;87=-1;88=0;89=-1;90=0;91=-1;92=0;93=-1;94=0;95=1;96=0;97=1;98=1;99=-1;100=0;101=-1;102=0;103=-1;104=0;105=-1;106=0;107=0;108=-1;109=0;110=-1;111=0;112=-1;113=0;116=1;120=60
28481,Contagion,コンテージョン,28xxx,22,50,112,2,-1,None,0,-1,None,0,none,0,0,0,0,0,60,6,15,-1,0,0,false,-1,,,,,0,-1,,,84=0;85=1;86=1;87=-1;88=0;89=-1;90=0;91=-1;92=0;93=-1;94=0;95=1;96=0;97=1;98=1;99=-1;100=0;101=-1;102=0;103=-1;104=0;105=-1;106=0;107=0;108=-1;109=0;110=-1;111=0;112=-1;113=0;116=1;120=60
28483,.Onus of Might,.オナスオブマイト,28xxx,22,99,112,2,-1,None,0,-1,None,0,none,0,0,0,0,0,120,6,15,-1,0,0,false,-1,,,,,0,-1,,,84=0;85=1;86=1;87=-1;88=0;89=-1;90=0;91=-1;92=0;93=-1;94=0;95=1;96=0;97=1;98=1;99=-1;100=0;101=-1;102=0;103=-1;104=0;105=-1;106=0;107=0;108=-1;109=0;110=-1;111=0;112=-1;113=0;116=1;120=60
28485,Exaltation,エグザルト,28xxx,22,1,113,0,-1,None,0,-1,None,0,none,0,0,0,0,0,600,15,0,-1,0,0,false,-1,,,,,0,-1,,,84=0;85=1;86=1;87=-1;88=0;89=-1;90=0;91=-1;92=0;93=-1;94=0;95=1;96=0;97=1;98=1;99=-1;100=0;101=-1;102=0;103=-1;104=0;105=-1;106=0;107=0;108=-1;109=0;110=-1;111=0;112=-1;113=0;116=1;120=60
28562,Flashfreeze,フラッシュフリーズ,28xxx,22,30,112,2,13,Magical,1,6,Ice,0,magical,0,0,0,1000,0,60,3.5,15,-1,0,0,false,-1,,,,,0,-1,,,84=0;85=1;86=1;87=-1;88=0;89=-1;90=0;91=-1;92=0;93=-1;94=0;95=1;96=0.1;97=1;98=1;99=-1;100=0;101=-1;102=0;103=-1;104=0;105=-1;106=0;107=0;108=13;109=1;110=6;111=0;112=-1;113=0;116=1;120=60
28563,Flashfreeze II,フラッシュフリーズII,28xxx,22,50,112,2,13,Magical,1,6,Ice,0,magical,0,0,0,1000,0,60,3.5,15,-1,0,0,false,-1,,,,,0,-1,,,84=0;85=1;86=1;87=-1;88=0;89=-1;90=0;91=-1;92=0;93=-1;94=0;95=1;96=0.1;97=1;98=1;99=-1;100=0;101=-1;102=0;103=-1;104=0;105=-1;106=0;107=0;108=13;109=1;110=6;111=0;112=-1;113=0;116=1;120=60
28565,Damnation,ダムネーション,28xxx,22,10,112,2,13,Magical,1,12,Umbral,0.33,magical,0,0,0,1000,0,10,3.5,15,-1,0,0,false,-1,,,,,0,-1,,,84=0;85=1;86=1;87=-1;88=0;89=-1;90=0;91=-1;92=0;93=-1;94=0;95=1;96=0.1;97=1;98=1;99=-1;100=0;101=-1;102=0;103=-1;104=0;105=-1;106=0;107=0;108=13;109=1;110=12;111=0.33;112=-1;113=0;116=1;120=60
28566,Damnation II,ダムネーションII,28xxx,22,99,112,2,13,Magical,1,12,Umbral,0.33,magical,0,0,0,1000,0,10,3.5,15,-1,0,0,false,-1,,,,,0,-1,,,84=0;85=1;86=1;87=-1;88=0;89=-1;90=0;91=-1;92=0;93=-1;94=0;95=1;96=0.1;97=1;98=1;99=-1;100=0;101=-1;102=0;103=-1;104=0;105=-1;106=0;107=0;108=13;109=1;110=12;111=0.33;112=-1;113=0;116=1;120=60
28588,Shadowfall,シャドウフォール,28xxx,22,40,113,2,-1,None,0,-1,None,0,none,0,0,0,0,0,30,4.5,15,-1,0,0,false,-1,,,,,0,-1,,,84=0;85=1;86=1;87=-1;88=0;89=-1;90=0;91=-1;92=0;93=-1;94=0;95=1;96=0;97=1;98=1;99=-1;100=0;101=-1;102=0;103=-1;104=0;105=-1;106=0;107=1;108=-1;109=0;110=-1;111=0;112=-1;113=0;116=0;120=60
28589,Silhouette,シルエット,28xxx,22,20,113,2,-1,None,0,-1,None,0,none,0,0,0,0,0,30,4.5,15,-1,0,0,false,-1,,,,,0,-1,,,84=0;85=1;86=1;87=-1;88=0;89=-1;90=0;91=-1;92=0;93=-1;94=0;95=1;96=0;97=1;98=1;99=-1;100=0;101=-1;102=0;103=-1;104=0;105=-1;106=0;107=1;108=-1;109=0;110=-1;111=0;112=-1;113=0;116=0;120=60
28592,Scourge,スカージ,28xxx,22,1,112,0,13,Magical,1,12,Umbral,0.33,magical,900,0,10,0,2,5,6,12,-1,0,5,false,-1,,,,,0,-1,,,84=900;85=1;86=1;87=4;88=0.5;89=-1;90=0;91=4;92=0.25;93=-1;94=0;95=1;96=0;97=1;98=1;99=-1;100=0;101=-1;102=0;103=-1;104=0;105=-1;106=0;107=0;108=13;109=1;110=12;111=0.33;112=-1;113=0;116=1;120=60
28593,Scourge II,スカージII,28xxx,22,24,112,0,13,Magical,1,12,Umbral,0.33,magical,900,0,10,0,3,10,6,12,-1,0,5,false,-1,,,,,0,-1,,,84=900;85=1;86=1;87=4;88=1;89=-1;90=0;91=4;92=0.5;93=-1;94=0;95=1;96=0;97=1;98=1;99=-1;100=0;101=-1;102=0;103=-1;104=0;105=-1;106=0;107=0;108=13;109=1;110=12;111=0.33;112=-1;113=0;116=1;120=60
28594,Scourge III,スカージIII,28xxx,22,56,112,0,13,Magical,1,12,Umbral,0.33,magical,900,0,10,0,4,10,6,12,-1,0,5,false,-1,,,,,0,-1,,,84=900;85=1;86=1;87=4;88=1.5;89=-1;90=0;91=4;92=0.75;93=-1;94=0;95=1;96=0;97=1;98=1;99=-1;100=0;101=-1;102=0;103=-1;104=0;105=-1;106=0;107=0;108=13;109=1;110=12;111=0.33;112=-1;113=0;116=1;120=60
28595,Scourge IV,スカージIV,28xxx,22,72,112,0,13,Magical,1,12,Umbral,0.33,magical,900,0,10,0,5,20,6,12,-1,0,5,false,-1,,,,,0,-1,,,84=900;85=1;86=1;87=4;88=2;89=-1;90=0;91=4;92=1;93=-1;94=0;95=1;96=0;97=1;98=1;99=-1;100=0;101=-1;102=0;103=-1;104=0;105=-1;106=0;107=0;108=13;109=1;110=12;111=0.33;112=-1;113=0;116=1;120=60
28597,Banish,バニシュ,28xxx,22,1,112,0,13,Magical,1,11,Astral,0.33,magical,900,0,10,0,2,5,6,12,-1,0,5,false,-1,,,,,0,-1,,,84=900;85=1;86=1;87=4;88=0.5;89=-1;90=0;91=4;92=0.25;93=-1;94=0;95=1;96=0;97=1;98=1;99=-1;100=0;101=-1;102=0;103=-1;104=0;105=-1;106=0;107=0;108=13;109=1;110=11;111=0.33;112=-1;113=0;116=1;120=60
28598,Banish II,バニシュII,28xxx,22,24,112,0,13,Magical,1,11,Astral,0.33,magical,900,0,10,0,3,10,6,12,-1,0,5,false,-1,,,,,0,-1,,,84=900;85=1;86=1;87=4;88=1;89=-1;90=0;91=4;92=0.5;93=-1;94=0;95=1;96=0;97=1;98=1;99=-1;100=0;101=-1;102=0;103=-1;104=0;105=-1;106=0;107=0;108=13;109=1;110=11;111=0.33;112=-1;113=0;116=1;120=60
28599,Banish III,バニシュIII,28xxx,22,56,112,0,13,Magical,1,11,Astral,0.33,magical,900,0,10,0,4,10,6,12,-1,0,5,false,-1,,,,,0,-1,,,84=900;85=1;86=1;87=4;88=1.5;89=-1;90=0;91=4;92=0.75;93=-1;94=0;95=1;96=0;97=1;98=1;99=-1;100=0;101=-1;102=0;103=-1;104=0;105=-1;106=0;107=0;108=13;109=1;110=11;111=0.33;112=-1;113=0;116=1;120=60
28600,Banish IV,バニシュIV,28xxx,22,72,112,0,13,Magical,1,11,Astral,0.33,magical,900,0,10,0,5,20,6,12,-1,0,5,false,-1,,,,,0,-1,,,84=900;85=1;86=1;87=4;88=2;89=-1;90=0;91=4;92=1;93=-1;94=0;95=1;96=0;97=1;98=1;99=-1;100=0;101=-1;102=0;103=-1;104=0;105=-1;106=0;107=0;108=13;109=1;110=11;111=0.33;112=-1;113=0;116=1;120=60
28602,Bio,バイオ,28xxx,22,12,112,0,13,Magical,1,12,Umbral,0.33,magical,100,0,10,0,1.5,30,4,12,-1,0,5,false,-1,,,,,-9,69,,,84=100;85=1;86=1;87=-1;88=0;89=-1;90=0;91=-1;92=0;93=-1;94=0;95=1;96=0;97=1;98=1;99=-1;100=0;101=-1;102=0;103=-1;104=0;105=-1;106=0;107=0;108=13;109=1;110=12;111=0.33;112=-1;113=0;116=1;120=60
28603,Bio II,バイオII,28xxx,22,36,112,0,13,Magical,1,12,Umbral,0.33,magical,100,0,10,0,2,30,4,12,-1,0,5,false,-1,,,,,-19,69,,,84=100;85=1;86=1;87=-1;88=0;89=-1;90=0;91=-1;92=0;93=-1;94=0;95=1;96=0;97=1;98=1;99=-1;100=0;101=-1;102=0;103=-1;104=0;105=-1;106=0;107=0;108=13;109=1;110=12;111=0.33;112=-1;113=0;116=1;120=60
28604,Bio III,バイオIII,28xxx,22,62,112,0,13,Magical,1,12,Umbral,0.33,magical,100,0,10,0,2.5,30,4,12,-1,0,5,false,-1,,,,,-30,69,,,84=100;85=1;86=1;87=-1;88=0;89=-1;90=0;91=-1;92=0;93=-1;94=0;95=1;96=0;97=1;98=1;99=-1;100=0;101=-1;102=0;103=-1;104=0;105=-1;106=0;107=0;108=13;109=1;110=12;111=0.33;112=-1;113=0;116=1;120=60
28606,Dia,ディア,28xxx,22,12,112,0,13,Magical,1,11,Astral,0.33,magical,100,0,10,0,1.5,30,4,12,-1,0,5,false,-1,,,,,-8,77,,,84=100;85=1;86=1;87=-1;88=0;89=-1;90=0;91=-1;92=0;93=-1;94=0;95=1;96=0;97=1;98=1;99=-1;100=0;101=-1;102=0;103=-1;104=0;105=-1;106=0;107=0;108=13;109=1;110=11;111=0.33;112=-1;113=0;116=1;120=60
28607,Dia II,ディアII,28xxx,22,36,112,0,13,Magical,1,11,Astral,0.33,magical,100,0,10,0,2,30,4,12,-1,0,5,false,-1,,,,,-18,77,,,84=100;85=1;86=1;87=-1;88=0;89=-1;90=0;91=-1;92=0;93=-1;94=0;95=1;96=0;97=1;98=1;99=-1;100=0;101=-1;102=0;103=-1;104=0;105=-1;106=0;107=0;108=13;109=1;110=11;111=0.33;112=-1;113=0;116=1;120=60
28608,Dia III,ディアIII,28xxx,22,62,112,0,13,Magical,1,11,Astral,0.33,magical,100,0,10,0,2.5,30,4,12,-1,0,5,false,-1,,,,,-28,77,,,84=100;85=1;86=1;87=-1;88=0;89=-1;90=0;91=-1;92=0;93=-1;94=0;95=1;96=0;97=1;98=1;99=-1;100=0;101=-1;102=0;103=-1;104=0;105=-1;106=0;107=0;108=13;109=1;110=11;111=0.33;112=-1;113=0;116=1;120=60
28610,Drain,ドレイン,28xxx,22,26,112,0,13,Magical,1,12,Umbral,0.33,magical,450,0,10,0,3,60,6,12,-1,0,5,false,-1,,,,,0,-1,,,84=450;85=0;86=1;87=4;88=1;89=-1;90=0;91=4;92=0.5;93=-1;94=0;95=1;96=0;97=1;98=1;99=-1;100=0;101=-1;102=0;103=-1;104=0;105=-1;106=0;107=0;108=13;109=1;110=12;111=0.33;112=-1;113=0;116=1;120=60
28611,Drain II,ドレインII,28xxx,22,48,112,0,13,Magical,1,12,Umbral,0.33,magical,450,0,10,0,3.5,60,6,12,-1,0,5,false,-1,,,,,0,-1,,,84=450;85=0;86=1;87=4;88=1.5;89=-1;90=0;91=4;92=0.75;93=-1;94=0;95=1;96=0;97=1;98=1;99=-1;100=0;101=-1;102=0;103=-1;104=0;105=-1;106=0;107=0;108=13;109=1;110=12;111=0.33;112=-1;113=0;116=1;120=60
28612,Drain III,ドレインIII,28xxx,22,74,112,0,13,Magical,1,12,Umbral,0.33,magical,450,0,10,0,4,60,6,12,-1,0,5,false,-1,,,,,0,-1,,,84=450;85=0;86=1;87=4;88=2;89=-1;90=0;91=4;92=1;93=-1;94=0;95=1;96=0;97=1;98=1;99=-1;100=0;101=-1;102=0;103=-1;104=0;105=-1;106=0;107=0;108=13;109=1;110=12;111=0.33;112=-1;113=0;116=1;120=60
28614,.Aspir,.アスピル,28xxx,22,99,112,0,13,Magical,1,12,Umbral,0.33,magical,0,0,10,0,3,60,6,12,-1,0,5,false,-1,,,,,0,-1,,,84=0;85=0;86=1;87=-1;88=0;89=-1;90=0;91=-1;92=0;93=-1;94=0;95=1;96=0;97=1;98=1;99=-1;100=0;101=-1;102=0;103=-1;104=0;105=-1;106=0;107=0;108=13;109=1;110=12;111=0.33;112=-1;113=0;116=1;120=60
28615,.Aspir II,.アスピルII,28xxx,22,99,112,0,13,Magical,1,12,Umbral,0.33,magical,0,0,10,0,3.5,60,6,12,-1,0,5,false,-1,,,,,0,-1,,,84=0;85=0;86=1;87=-1;88=0;89=-1;90=0;91=-1;92=0;93=-1;94=0;95=1;96=0;97=1;98=1;99=-1;100=0;101=-1;102=0;103=-1;104=0;105=-1;106=0;107=0;108=13;109=1;110=12;111=0.33;112=-1;113=0;116=1;120=60
28616,.Aspir III,.アスピルIII,28xxx,22,99,112,0,13,Magical,1,12,Umbral,0.33,magical,0,0,10,0,4,60,6,12,-1,0,5,false,-1,,,,,0,-1,,,84=0;85=0;86=1;87=-1;88=0;89=-1;90=0;91=-1;92=0;93=-1;94=0;95=1;96=0;97=1;98=1;99=-1;100=0;101=-1;102=0;103=-1;104=0;105=-1;106=0;107=0;108=13;109=1;110=12;111=0.33;112=-1;113=0;116=1;120=60
28618,Poison,ポイズン,28xxx,22,6,112,0,13,Magical,1,10,Water,0,magical,0,0,10,0,1,5,4,12,-1,0,5,false,-1,,,,,0,-1,,,84=0;85=1;86=1;87=-1;88=0;89=-1;90=0;91=-1;92=0;93=-1;94=0;95=1;96=0;97=1;98=1;99=-1;100=0;101=-1;102=0;103=-1;104=0;105=-1;106=0;107=0;108=13;109=1;110=10;111=0;112=-1;113=0;116=1;120=60
28619,Poison II,ポイズンII,28xxx,22,44,112,0,13,Magical,1,10,Water,0,magical,0,0,10,0,2,10,4,12,-1,0,5,false,-1,,,,,0,-1,,,84=0;85=1;86=1;87=-1;88=0;89=-1;90=0;91=-1;92=0;93=-1;94=0;95=1;96=0;97=1;98=1;99=-1;100=0;101=-1;102=0;103=-1;104=0;105=-1;106=0;107=0;108=13;109=1;110=10;111=0;112=-1;113=0;116=1;120=60
28620,Poison III,ポイズンIII,28xxx,22,78,112,0,13,Magical,1,10,Water,0,magical,0,0,10,0,3,10,4,12,-1,0,5,false,-1,,,,,0,-1,,,84=0;85=1;86=1;87=-1;88=0;89=-1;90=0;91=-1;92=0;93=-1;94=0;95=1;96=0;97=1;98=1;99=-1;100=0;101=-1;102=0;103=-1;104=0;105=-1;106=0;107=0;108=13;109=1;110=10;111=0;112=-1;113=0;116=1;120=60
28622,Shadowsear,シャドーシアー,28xxx,22,42,113,0,13,Magical,1,12,Umbral,0.33,magical,2000,0,10,0,4,180,6,12,-1,0,5,false,-1,,,,,123,7,,,84=2000;85=1;86=1;87=4;88=1.5;89=-1;90=0;91=4;92=0.75;93=-1;94=0;95=1;96=0;97=1;98=1;99=-1;100=0;101=-1;102=0;103=-1;104=0;105=-1;106=0;107=0;108=13;109=1;110=12;111=0.33;112=-1;113=0;116=1;120=60
28623,Shadowsear II,シャドーシアーII,28xxx,22,68,113,0,13,Magical,1,12,Umbral,0.33,magical,2000,0,10,0,6,180,6,12,-1,0,5,false,-1,,,,,203,7,,,84=2000;85=1;86=1;87=4;88=2;89=-1;90=0;91=4;92=1;93=-1;94=0;95=1;96=0;97=1;98=1;99=-1;100=0;101=-1;102=0;103=-1;104=0;105=-1;106=0;107=0;108=13;109=1;110=12;111=0.33;112=-1;113=0;116=1;120=60
28625,.-,.ブレス系１,28xxx,22,99,112,0,12,Breath,1,-1,None,0,physical,1200,0,10,0,1,5,6,12,-1,0,5,false,-1,,,,,0,-1,,,84=1200;85=1;86=1;87=-1;88=0;89=-1;90=0;91=-1;92=0;93=-1;94=0;95=1;96=0;97=1;98=1;99=-1;100=0;101=-1;102=0;103=-1;104=0;105=-1;106=0;107=0;108=12;109=1;110=-1;111=0;112=-1;113=0;116=1;120=60
28626,.-,.ブレス系１II,28xxx,22,99,112,0,12,Breath,1,-1,None,0,physical,1200,0,10,0,1,5,6,12,-1,0,5,false,-1,,,,,0,-1,,,84=1200;85=1;86=1;87=-1;88=0;89=-1;90=0;91=-1;92=0;93=-1;94=0;95=1;96=0;97=1;98=1;99=-1;100=0;101=-1;102=0;103=-1;104=0;105=-1;106=0;107=0;108=12;109=1;110=-1;111=0;112=-1;113=0;116=1;120=60
28628,.-,.ブレス系２,28xxx,22,99,112,0,12,Breath,1,-1,None,0,physical,1200,0,10,0,1,5,6,12,-1,0,5,false,-1,,,,,0,-1,,,84=1200;85=1;86=1;87=-1;88=0;89=-1;90=0;91=-1;92=0;93=-1;94=0;95=1;96=0;97=1;98=1;99=-1;100=0;101=-1;102=0;103=-1;104=0;105=-1;106=0;107=0;108=12;109=1;110=-1;111=0;112=-1;113=0;116=1;120=60
28630,Slow,スロウ,28xxx,22,8,112,0,13,Magical,1,8,Earth,0,magical,0,0,10,0,1.5,60,4,12,-1,0,5,false,-1,,,,,0.001,-1,,,84=0;85=1;86=1;87=-1;88=0;89=-1;90=0;91=-1;92=0;93=-1;94=0;95=1;96=0;97=1;98=1;99=-1;100=0;101=-1;102=0;103=-1;104=0;105=-1;106=0;107=0;108=13;109=1;110=8;111=0;112=-1;113=0;116=1;120=60
28632,Gravity,グラビデ,28xxx,22,8,112,0,13,Magical,1,7,Wind,0,magical,0,0,10,0,1.5,60,2,12,-1,0,5,false,-1,,,,,0.001,-1,,,84=0;85=1;86=1;87=-1;88=0;89=-1;90=0;91=-1;92=0;93=-1;94=0;95=1;96=0;97=1;98=1;99=-1;100=0;101=-1;102=0;103=-1;104=0;105=-1;106=0;107=0;108=13;109=1;110=7;111=0;112=-1;113=0;116=1;120=60
28634,Bind,バインド,28xxx,22,28,112,0,13,Magical,1,6,Ice,0,magical,0,0,10,0,2,40,2,12,-1,0,5,false,-1,,,,,0.1,-1,,,84=0;85=1;86=1;87=-1;88=0;89=-1;90=0;91=-1;92=0;93=-1;94=0;95=1;96=0;97=1;98=1;99=-1;100=0;101=-1;102=0;103=-1;104=0;105=-1;106=0;107=0;108=13;109=1;110=6;111=0;112=-1;113=0;116=1;120=60
28636,Silence,サイレス,28xxx,22,28,112,0,13,Magical,1,7,Wind,0,magical,0,0,10,0,1,40,2,12,-1,0,5,false,-1,,,,,0.1,-1,,,84=0;85=1;86=1;87=-1;88=0;89=-1;90=0;91=-1;92=0;93=-1;94=0;95=1;96=0;97=1;98=1;99=-1;100=0;101=-1;102=0;103=-1;104=0;105=-1;106=0;107=0;108=13;109=1;110=7;111=0;112=-1;113=0;116=1;120=60
28638,Paralyze,パライズ,28xxx,22,28,112,0,13,Magical,1,6,Ice,0,magical,0,0,10,0,2,60,4,12,-1,0,5,false,-1,,,,,0.001,-1,,,84=0;85=1;86=1;87=-1;88=0;89=-1;90=0;91=-1;92=0;93=-1;94=0;95=1;96=0;97=1;98=1;99=-1;100=0;101=-1;102=0;103=-1;104=0;105=-1;106=0;107=0;108=13;109=1;110=6;111=0;112=-1;113=0;116=1;120=60
28640,Blind,ブライン,28xxx,22,38,112,0,13,Magical,1,12,Umbral,0.33,magical,0,0,10,0,1,60,4,12,-1,0,5,false,-1,,,,,-0.1,-1,,,84=0;85=1;86=1;87=-1;88=0;89=-1;90=0;91=-1;92=0;93=-1;94=0;95=1;96=0;97=1;98=1;99=-1;100=0;101=-1;102=0;103=-1;104=0;105=-1;106=0;107=0;108=13;109=1;110=12;111=0.33;112=-1;113=0;116=1;120=60
28642,.Mass Fear,.マスフィアー,28xxx,22,32,112,0,13,Magical,1,12,Umbral,0.33,magical,0,0,10,0,2,180,2,12,-1,0,5,false,-1,,,,,0,-1,,,84=0;85=1;86=1;87=-1;88=0;89=-1;90=0;91=-1;92=0;93=-1;94=0;95=1;96=0;97=1;98=1;99=-1;100=0;101=-1;102=0;103=-1;104=0;105=-1;106=0;107=0;108=13;109=1;110=12;111=0.33;112=-1;113=0;116=1;120=60
28643,.Mass Fear II,.マスフィアーII,28xxx,22,78,112,0,13,Magical,1,12,Umbral,0.33,magical,0,0,10,0,2,180,2,12,-1,0,5,false,-1,,,,,0,-1,,,84=0;85=1;86=1;87=-1;88=0;89=-1;90=0;91=-1;92=0;93=-1;94=0;95=1;96=0;97=1;98=1;99=-1;100=0;101=-1;102=0;103=-1;104=0;105=-1;106=0;107=0;108=13;109=1;110=12;111=0.33;112=-1;113=0;116=1;120=60
28645,Absorb ATK,アブゾアタ,28xxx,22,18,112,0,13,Magical,1,12,Umbral,0.33,magical,0,0,10,0,2,60,4,12,-1,0,5,false,-1,,,,,0.1,-1,,,84=0;85=1;86=1;87=-1;88=0;89=-1;90=0;91=-1;92=0;93=-1;94=0;95=1;96=0;97=1;98=1;99=-1;100=0;101=-1;102=0;103=-1;104=0;105=-1;106=0;107=0;108=13;109=1;110=12;111=0.33;112=-1;113=0;116=1;120=60
28646,Absorb ATK II,アブゾアタII,28xxx,22,52,112,0,13,Magical,1,12,Umbral,0.33,magical,0,0,10,0,2,60,4,12,-1,0,5,false,-1,,,,,0.1,-1,,,84=0;85=1;86=1;87=-1;88=0;89=-1;90=0;91=-1;92=0;93=-1;94=0;95=1;96=0;97=1;98=1;99=-1;100=0;101=-1;102=0;103=-1;104=0;105=-1;106=0;107=0;108=13;109=1;110=12;111=0.33;112=-1;113=0;116=1;120=60
28648,Absorb DEF,アブゾディフェ,28xxx,22,18,112,0,13,Magical,1,12,Umbral,0.33,magical,0,0,10,0,2,60,4,12,-1,0,5,false,-1,,,,,0.1,-1,,,84=0;85=1;86=1;87=-1;88=0;89=-1;90=0;91=-1;92=0;93=-1;94=0;95=1;96=0;97=1;98=1;99=-1;100=0;101=-1;102=0;103=-1;104=0;105=-1;106=0;107=0;108=13;109=1;110=12;111=0.33;112=-1;113=0;116=1;120=60
28649,Absorb DEF II,アブゾディフェII,28xxx,22,52,112,0,13,Magical,1,12,Umbral,0.33,magical,0,0,10,0,2,60,4,12,-1,0,5,false,-1,,,,,0.1,-1,,,84=0;85=1;86=1;87=-1;88=0;89=-1;90=0;91=-1;92=0;93=-1;94=0;95=1;96=0;97=1;98=1;99=-1;100=0;101=-1;102=0;103=-1;104=0;105=-1;106=0;107=0;108=13;109=1;110=12;111=0.33;112=-1;113=0;116=1;120=60
28651,Absorb ACC,アブゾアキュル,28xxx,22,18,112,0,13,Magical,1,12,Umbral,0.33,magical,0,0,10,0,2,60,4,12,-1,0,5,false,-1,,,,,0.05,-1,,,84=0;85=1;86=1;87=-1;88=0;89=-1;90=0;91=-1;92=0;93=-1;94=0;95=1;96=0;97=1;98=1;99=-1;100=0;101=-1;102=0;103=-1;104=0;105=-1;106=0;107=0;108=13;109=1;110=12;111=0.33;112=-1;113=0;116=1;120=60
28652,Absorb ACC II,アブゾアキュルII,28xxx,22,52,112,0,13,Magical,1,12,Umbral,0.33,magical,0,0,10,0,2,60,4,12,-1,0,5,false,-1,,,,,0.05,-1,,,84=0;85=1;86=1;87=-1;88=0;89=-1;90=0;91=-1;92=0;93=-1;94=0;95=1;96=0;97=1;98=1;99=-1;100=0;101=-1;102=0;103=-1;104=0;105=-1;106=0;107=0;108=13;109=1;110=12;111=0.33;112=-1;113=0;116=1;120=60
28654,Absorb EVA,アブゾイヴェ,28xxx,22,18,112,0,13,Magical,1,12,Umbral,0.33,magical,0,0,10,0,2,60,4,12,-1,0,5,false,-1,,,,,0.05,-1,,,84=0;85=1;86=1;87=-1;88=0;89=-1;90=0;91=-1;92=0;93=-1;94=0;95=1;96=0;97=1;98=1;99=-1;100=0;101=-1;102=0;103=-1;104=0;105=-1;106=0;107=0;108=13;109=1;110=12;111=0.33;112=-1;113=0;116=1;120=60
28655,Absorb EVA II,アブゾイヴェII,28xxx,22,52,112,0,13,Magical,1,12,Umbral,0.33,magical,0,0,10,0,2,60,4,12,-1,0,5,false,-1,,,,,0.05,-1,,,84=0;85=1;86=1;87=-1;88=0;89=-1;90=0;91=-1;92=0;93=-1;94=0;95=1;96=0;97=1;98=1;99=-1;100=0;101=-1;102=0;103=-1;104=0;105=-1;106=0;107=0;108=13;109=1;110=12;111=0.33;112=-1;113=0;116=1;120=60
28657,.Absorb TP,.アブゾタック,28xxx,22,99,112,0,13,Magical,1,12,Umbral,0.33,magical,0,0,10,0,2,60,4,12,-1,0,5,false,-1,,,,,0,-1,,,84=0;85=0;86=1;87=-1;88=0;89=-1;90=0;91=-1;92=0;93=-1;94=0;95=1;96=0;97=1;98=1;99=-1;100=0;101=-1;102=0;103=-1;104=0;105=-1;106=0;107=0;108=13;109=1;110=12;111=0.33;112=-1;113=0;116=1;120=60
28658,.Absorb TP II,.アブゾタックII,28xxx,22,99,112,0,13,Magical,1,12,Umbral,0.33,magical,0,0,10,0,2,60,4,12,-1,0,5,false,-1,,,,,0,-1,,,84=0;85=0;86=1;87=-1;88=0;89=-1;90=0;91=-1;92=0;93=-1;94=0;95=1;96=0;97=1;98=1;99=-1;100=0;101=-1;102=0;103=-1;104=0;105=-1;106=0;107=0;108=13;109=1;110=12;111=0.33;112=-1;113=0;116=1;120=60
28660,Siphon MP,サイフォマッジ,28xxx,22,20,112,0,13,Magical,1,12,Umbral,0.33,magical,15,0,10,0,2,60,4,12,-1,0,0,false,-1,,,,,1.25,-1,,,84=15;85=0;86=1;87=4;88=0.5;89=-1;90=0;91=4;92=0.25;93=-1;94=0;95=1;96=0;97=1;98=1;99=-1;100=0;101=-1;102=0;103=-1;104=0;105=-1;106=0;107=0;108=13;109=1;110=12;111=0.33;112=-1;113=0;116=1;120=60
28661,Siphon MP II,サイフォマッジII,28xxx,22,44,112,0,13,Magical,1,12,Umbral,0.33,magical,15,0,10,0,2,60,4,12,-1,0,0,false,-1,,,,,1.25,-1,,,84=15;85=0;86=1;87=4;88=1;89=-1;90=0;91=4;92=0.5;93=-1;94=0;95=1;96=0;97=1;98=1;99=-1;100=0;101=-1;102=0;103=-1;104=0;105=-1;106=0;107=0;108=13;109=1;110=12;111=0.33;112=-1;113=0;116=1;120=60
28663,Siphon TP,サイフォタック,28xxx,22,32,112,0,13,Magical,1,12,Umbral,0.33,magical,0,0,10,0,2,60,4,12,-1,0,0,false,-1,,,,,1.25,-1,,,84=0;85=0;86=1;87=4;88=1;89=-1;90=0;91=4;92=0.5;93=-1;94=0;95=1;96=0;97=1;98=1;99=-1;100=0;101=-1;102=0;103=-1;104=0;105=-1;106=0;107=0;108=13;109=1;110=12;111=0.33;112=-1;113=0;116=1;120=60
28664,Siphon TP II,サイフォタックII,28xxx,22,64,112,0,13,Magical,1,12,Umbral,0.33,magical,0,0,10,0,2,60,4,12,-1,0,0,false,-1,,,,,1.25,-1,,,84=0;85=0;86=1;87=4;88=1.5;89=-1;90=0;91=4;92=0.75;93=-1;94=0;95=1;96=0;97=1;98=1;99=-1;100=0;101=-1;102=0;103=-1;104=0;105=-1;106=0;107=0;108=13;109=1;110=12;111=0.33;112=-1;113=0;116=1;120=60
28666,Sacrifice,サクリファ,28xxx,22,4,112,0,13,Magical,1,13,Unaspected,0,magical,800,0,10,0,2,5,2,12,-1,0,0,false,-1,,,,,53,119,,,84=800;85=1;86=1;87=5;88=0.2;89=-1;90=0;91=2;92=0.1;93=-1;94=0;95=1;96=0;97=1;98=1;99=-1;100=0;101=-1;102=0;103=-1;104=0;105=-1;106=0;107=0;108=13;109=1;110=13;111=0;112=-1;113=0;116=1;120=60
28667,Sacrifice II,サクリファII,28xxx,22,20,112,0,13,Magical,1,13,Unaspected,0,magical,1200,0,10,0,2.25,5.5,2,12,-1,0,0,false,-1,,,,,94,119,,,84=1200;85=1;86=1;87=5;88=0.2;89=-1;90=0;91=2;92=0.1;93=-1;94=0;95=1;96=0;97=1;98=1;99=-1;100=0;101=-1;102=0;103=-1;104=0;105=-1;106=0;107=0;108=13;109=1;110=13;111=0;112=-1;113=0;116=1;120=60
28668,Sacrifice III,サクリファIII,28xxx,22,48,112,0,13,Magical,1,13,Unaspected,0,magical,1600,0,10,0,2.5,6,2,12,-1,0,0,false,-1,,,,,179,119,,,84=1600;85=1;86=1;87=5;88=0.2;89=-1;90=0;91=2;92=0.1;93=-1;94=0;95=1;96=0;97=1;98=1;99=-1;100=0;101=-1;102=0;103=-1;104=0;105=-1;106=0;107=0;108=13;109=1;110=13;111=0;112=-1;113=0;116=1;120=60
28669,Sacrifice IV,サクリファIV,28xxx,22,68,112,0,13,Magical,1,13,Unaspected,0,magical,1600,0,10,0,2.75,6.5,2,12,-1,0,0,false,-1,,,,,252,119,,,84=1600;85=1;86=1;87=5;88=0.2;89=-1;90=0;91=2;92=0.1;93=-1;94=0;95=1;96=0;97=1;98=1;99=-1;100=0;101=-1;102=0;103=-1;104=0;105=-1;106=0;107=0;108=13;109=1;110=13;111=0;112=-1;113=0;116=1;120=60
28671,Stygian Spikes,マインドスパイク,28xxx,22,16,112,0,13,Magical,1,12,Umbral,0.33,magical,3,0,10,0,3,60,4,12,-1,0,5,false,-1,,,,,0,-1,,,84=3;85=0;86=1;87=4;88=0.2;89=-1;90=0;91=4;92=0.1;93=-1;94=0;95=1;96=0;97=1;98=1;99=-1;100=0;101=-1;102=0;103=-1;104=0;105=-1;106=0;107=0;108=13;109=1;110=12;111=0.33;112=-1;113=0;116=1;120=60
28672,Stygian Spikes II,マインドスパイクII,28xxx,22,42,112,0,13,Magical,1,12,Umbral,0.33,magical,3,0,10,0,3,60,4,12,-1,0,5,false,-1,,,,,0,-1,,,84=3;85=0;86=1;87=4;88=0.4;89=-1;90=0;91=4;92=0.2;93=-1;94=0;95=1;96=0;97=1;98=1;99=-1;100=0;101=-1;102=0;103=-1;104=0;105=-1;106=0;107=0;108=13;109=1;110=12;111=0.33;112=-1;113=0;116=1;120=60
28673,Stygian Spikes III,マインドスパイクIII,28xxx,22,64,112,0,13,Magical,1,12,Umbral,0.33,magical,3,0,10,0,3,60,4,12,-1,0,5,false,-1,,,,,0,-1,,,84=3;85=0;86=1;87=4;88=0.6;89=-1;90=0;91=4;92=0.3;93=-1;94=0;95=1;96=0;97=1;98=1;99=-1;100=0;101=-1;102=0;103=-1;104=0;105=-1;106=0;107=0;108=13;109=1;110=12;111=0.33;112=-1;113=0;116=1;120=60
28675,Resurrect,リゼレク,28xxx,22,14,112,0,13,Magical,1,12,Umbral,0.33,magical,0,0,10,0,10,300,2,12,-1,0,0,false,-1,,,,,0,-1,,,84=0;85=1;86=1;87=-1;88=0;89=-1;90=0;91=-1;92=0;93=-1;94=0;95=1;96=0;97=1;98=1;99=-1;100=0;101=-1;102=0;103=-1;104=0;105=-1;106=0;107=0;108=13;109=1;110=12;111=0.33;112=-1;113=0;116=1;120=60
28677,.Soul Ward,.ソウルウォード,28xxx,22,38,112,0,13,Magical,1,12,Umbral,0.33,magical,0,0,0,0,10,60,4,12,-1,0,0,false,-1,,,,,0,-1,,,84=0;85=0;86=1;87=-1;88=0;89=-1;90=0;91=-1;92=0;93=-1;94=0;95=1;96=0;97=1;98=1;99=-1;100=0;101=-1;102=0;103=-1;104=0;105=-1;106=0;107=0;108=13;109=1;110=12;111=0.33;112=-1;113=0;116=1;120=60
28802,Trance Chant,トランスチャント,28xxx,23,2,10,0,-1,None,0,-1,None,0,none,0,0,0,0,0,120,3,0,-1,0,0,true,-1,,,,,0,-1,,,84=0;85=1;86=1;87=-1;88=0;89=-1;90=0;91=-1;92=0;93=-1;94=0;95=1;96=0;97=1;98=1;99=-1;100=0;101=-1;102=0;103=-1;104=0;105=-1;106=0;107=0;108=-1;109=0;110=-1;111=0;112=-1;113=0;116=1;120=60
28803,Trance Chant II,トランスチャントII,28xxx,23,99,10,0,-1,None,0,-1,None,0,none,0,0,0,0,0,90,3,0,-1,0,0,true,-1,,,,,0,-1,,,84=0;85=1;86=1;87=-1;88=0;89=-1;90=0;91=-1;92=0;93=-1;94=0;95=1;96=0;97=1;98=1;99=-1;100=0;101=-1;102=0;103=-1;104=0;105=-1;106=0;107=0;108=-1;109=0;110=-1;111=0;112=-1;113=0;116=1;120=60
28805,Profundity,ライフブレス,28xxx,23,10,112,0,-1,None,0,-1,None,0,none,0,0,0,0,0,60,3,0,-1,0,0,false,-1,,,,,0,-1,,,84=0;85=1;86=1;87=-1;88=0;89=-1;90=0;91=-1;92=0;93=-1;94=0;95=1;96=0;97=1;98=1;99=-1;100=0;101=-1;102=0;103=-1;104=0;105=-1;106=0;107=0;108=-1;109=0;110=-1;111=0;112=-1;113=0;116=1;120=60
28806,Profundity II,ライフブレスII,28xxx,23,34,112,0,-1,None,0,-1,None,0,none,0,0,0,0,0,60,3,0,-1,0,0,false,-1,,,,,0,-1,,,84=0;85=1;86=1;87=-1;88=0;89=-1;90=0;91=-1;92=0;93=-1;94=0;95=1;96=0;97=1;98=1;99=-1;100=0;101=-1;102=0;103=-1;104=0;105=-1;106=0;107=0;108=-1;109=0;110=-1;111=0;112=-1;113=0;116=1;120=60
28807,Profundity III,ライフブレスIII,28xxx,23,99,112,0,-1,None,0,-1,None,0,none,0,0,0,0,0,60,3,0,-1,0,0,false,-1,,,,,0,-1,,,84=0;85=1;86=1;87=-1;88=0;89=-1;90=0;91=-1;92=0;93=-1;94=0;95=1;96=0;97=1;98=1;99=-1;100=0;101=-1;102=0;103=-1;104=0;105=-1;106=0;107=0;108=-1;109=0;110=-1;111=0;112=-1;113=0;116=1;120=60
28809,Soughspeak,サウスピーク,28xxx,23,14,10,0,-1,None,0,-1,None,0,none,0,0,0,0,0,60,6,0,-1,0,0,true,-1,,,,,0,-1,,,84=0;85=1;86=1;87=-1;88=0;89=-1;90=0;91=-1;92=0;93=-1;94=0;95=1;96=0;97=1;98=1;99=-1;100=0;101=-1;102=0;103=-1;104=0;105=-1;106=0;107=0;108=-1;109=0;110=-1;111=0;112=-1;113=0;116=1;120=60
28810,Soughspeak II,サウスピークII,28xxx,23,50,10,0,-1,None,0,-1,None,0,none,0,0,0,0,0,60,6,0,-1,0,0,true,-1,,,,,0,-1,,,84=0;85=1;86=1;87=-1;88=0;89=-1;90=0;91=-1;92=0;93=-1;94=0;95=1;96=0;97=1;98=1;99=-1;100=0;101=-1;102=0;103=-1;104=0;105=-1;106=0;107=0;108=-1;109=0;110=-1;111=0;112=-1;113=0;116=1;120=60
28811,Soughspeak III,サウスピークIII,28xxx,23,99,10,0,-1,None,0,-1,None,0,none,0,0,0,0,0,60,6,0,-1,0,0,true,-1,,,,,0,-1,,,84=0;85=1;86=1;87=-1;88=0;89=-1;90=0;91=-1;92=0;93=-1;94=0;95=1;96=0;97=1;98=1;99=-1;100=0;101=-1;102=0;103=-1;104=0;105=-1;106=0;107=0;108=-1;109=0;110=-1;111=0;112=-1;113=0;116=1;120=60
28813,Spiritsong,スピリットバインド,28xxx,23,18,112,0,-1,None,0,-1,None,0,none,0,0,0,0,0,60,6,0,-1,0,0,false,-1,,,,,0,-1,,,84=0;85=1;86=1;87=-1;88=0;89=-1;90=0;91=-1;92=0;93=-1;94=0;95=1;96=0;97=1;98=1;99=-1;100=0;101=-1;102=0;103=-1;104=0;105=-1;106=0;107=0;108=-1;109=0;110=-1;111=0;112=-1;113=0;116=1;120=60
28815,Purge,パージ,28xxx,23,22,112,2,-1,None,0,-1,None,0,none,0,0,0,0,0,60,6,15,-1,0,0,false,-1,,,,,0,-1,,,84=0;85=1;86=1;87=-1;88=0;89=-1;90=0;91=-1;92=0;93=-1;94=0;95=1;96=0;97=1;98=1;99=-1;100=0;101=-1;102=0;103=-1;104=0;105=-1;106=0;107=0;108=-1;109=0;110=-1;111=0;112=-1;113=0;116=1;120=60
28816,Purge II,パージII,28xxx,23,46,112,2,-1,None,0,-1,None,0,none,0,0,0,0,0,60,6,15,-1,0,0,false,-1,,,,,0,-1,,,84=0;85=1;86=1;87=-1;88=0;89=-1;90=0;91=-1;92=0;93=-1;94=0;95=1;96=0;97=1;98=1;99=-1;100=0;101=-1;102=0;103=-1;104=0;105=-1;106=0;107=0;108=-1;109=0;110=-1;111=0;112=-1;113=0;116=1;120=60
28817,Purge III,パージIII,28xxx,23,99,112,2,-1,None,0,-1,None,0,none,0,0,0,0,0,60,6,15,-1,0,0,false,-1,,,,,0,-1,,,84=0;85=1;86=1;87=-1;88=0;89=-1;90=0;91=-1;92=0;93=-1;94=0;95=1;96=0;97=1;98=1;99=-1;100=0;101=-1;102=0;103=-1;104=0;105=-1;106=0;107=0;108=-1;109=0;110=-1;111=0;112=-1;113=0;116=1;120=60
28819,Resonance,レゾナンス,28xxx,23,26,10,0,-1,None,0,-1,None,0,none,0,0,0,0,0,60,6,0,-1,0,0,true,-1,,,,,0,-1,,,84=0;85=1;86=1;87=-1;88=0;89=-1;90=0;91=-1;92=0;93=-1;94=0;95=1;96=0;97=1;98=1;99=-1;100=0;101=-1;102=0;103=-1;104=0;105=-1;106=0;107=0;108=-1;109=0;110=-1;111=0;112=-1;113=0;116=1;120=60
28820,Resonance II,レゾナンスII,28xxx,23,99,10,0,-1,None,0,-1,None,0,none,0,0,0,0,0,60,6,0,-1,0,0,true,-1,,,,,0,-1,,,84=0;85=1;86=1;87=-1;88=0;89=-1;90=0;91=-1;92=0;93=-1;94=0;95=1;96=0;97=1;98=1;99=-1;100=0;101=-1;102=0;103=-1;104=0;105=-1;106=0;107=0;108=-1;109=0;110=-1;111=0;112=-1;113=0;116=1;120=60
28822,Roaming Soul,ローミングソウル,28xxx,23,30,112,0,-1,None,0,-1,None,0,none,0,0,0,0,0,60,3,0,-1,0,0,false,-1,,,,,0,-1,,,84=0;85=1;86=1;87=-1;88=0;89=-1;90=0;91=-1;92=0;93=-1;94=0;95=1;96=0;97=1;98=1;99=-1;100=0;101=-1;102=0;103=-1;104=0;105=-1;106=0;107=0;108=-1;109=0;110=-1;111=0;112=-1;113=0;116=1;120=60
28823,Roaming Soul II,ローミングソウルII,28xxx,23,99,112,0,-1,None,0,-1,None,0,none,0,0,0,0,0,60,3,0,-1,0,0,false,-1,,,,,0,-1,,,84=0;85=1;86=1;87=-1;88=0;89=-1;90=0;91=-1;92=0;93=-1;94=0;95=1;96=0;97=1;98=1;99=-1;100=0;101=-1;102=0;103=-1;104=0;105=-1;106=0;107=0;108=-1;109=0;110=-1;111=0;112=-1;113=0;116=1;120=60
28825,Chainspell,連続魔,28xxx,23,40,112,0,-1,None,0,-1,None,0,none,0,0,0,0,0,300,3,0,-1,0,0,false,-1,,,,,0,-1,,,84=0;85=1;86=1;87=-1;88=0;89=-1;90=0;91=-1;92=0;93=-1;94=0;95=1;96=0;97=1;98=1;99=-1;100=0;101=-1;102=0;103=-1;104=0;105=-1;106=0;107=0;108=-1;109=0;110=-1;111=0;112=-1;113=0;116=1;120=60
28826,Chainspell II,連続魔II,28xxx,23,99,112,0,-1,None,0,-1,None,0,none,0,0,0,0,0,300,3,0,-1,0,0,false,-1,,,,,0,-1,,,84=0;85=1;86=1;87=-1;88=0;89=-1;90=0;91=-1;92=0;93=-1;94=0;95=1;96=0;97=1;98=1;99=-1;100=0;101=-1;102=0;103=-1;104=0;105=-1;106=0;107=0;108=-1;109=0;110=-1;111=0;112=-1;113=0;116=1;120=60
28828,Tranquility,トランキリティ,28xxx,23,1,113,0,-1,None,0,-1,None,0,none,0,0,0,0,0,600,15,0,-1,0,0,false,-1,,,,,0,-1,,,84=0;85=1;86=1;87=-1;88=0;89=-1;90=0;91=-1;92=0;93=-1;94=0;95=1;96=0;97=1;98=1;99=-1;100=0;101=-1;102=0;103=-1;104=0;105=-1;106=0;107=0;108=-1;109=0;110=-1;111=0;112=-1;113=0;116=1;120=60
28902,Levinbolt,レヴィンボルト,28xxx,23,30,112,2,13,Magical,1,9,Lightning,0,magical,0,0,0,1000,0,10,3.5,15,-1,0,0,false,-1,,,,,0,-1,,,84=0;85=1;86=1;87=-1;88=0;89=-1;90=0;91=-1;92=0;93=-1;94=0;95=1;96=0.1;97=1;98=1;99=-1;100=0;101=-1;102=0;103=-1;104=0;105=-1;106=0;107=0;108=13;109=1;110=9;111=0;112=-1;113=0;116=1;120=60
28903,Levinbolt II,レヴィンボルトII,28xxx,23,50,112,2,13,Magical,1,9,Lightning,0,magical,0,0,0,1000,0,10,3.5,15,-1,0,0,false,-1,,,,,0,-1,,,84=0;85=1;86=1;87=-1;88=0;89=-1;90=0;91=-1;92=0;93=-1;94=0;95=1;96=0.1;97=1;98=1;99=-1;100=0;101=-1;102=0;103=-1;104=0;105=-1;106=0;107=0;108=13;109=1;110=9;111=0;112=-1;113=0;116=1;120=60
28905,Radiance,レイディアンス,28xxx,23,10,112,2,13,Magical,1,11,Astral,0.33,magical,0,0,0,1000,0,10,3.5,15,-1,0,0,false,-1,,,,,0,-1,,,84=0;85=1;86=1;87=-1;88=0;89=-1;90=0;91=-1;92=0;93=-1;94=0;95=1;96=0.1;97=1;98=1;99=-1;100=0;101=-1;102=0;103=-1;104=0;105=-1;106=0;107=0;108=13;109=1;110=11;111=0.33;112=-1;113=0;116=1;120=60
28906,Radiance II,レイディアンスII,28xxx,23,99,112,2,13,Magical,1,11,Astral,0.33,magical,0,0,0,1000,0,10,3.5,15,-1,0,0,false,-1,,,,,0,-1,,,84=0;85=1;86=1;87=-1;88=0;89=-1;90=0;91=-1;92=0;93=-1;94=0;95=1;96=0.1;97=1;98=1;99=-1;100=0;101=-1;102=0;103=-1;104=0;105=-1;106=0;107=0;108=13;109=1;110=11;111=0.33;112=-1;113=0;116=1;120=60
28928,Nature's Fury,ネイチャーフューリー,28xxx,23,40,113,2,-1,None,0,-1,None,0,none,0,0,0,0,0,30,4.5,15,-1,0,3,false,-1,,,,,0,-1,,,84=0;85=1;86=1;87=-1;88=0;89=-1;90=0;91=-1;92=0;93=-1;94=0;95=1;96=0;97=1;98=1;99=-1;100=0;101=-1;102=0;103=-1;104=0;105=-1;106=0;107=1;108=-1;109=0;110=-1;111=0;112=-1;113=0;116=0;120=60
28929,Elemental Shroud,エレメンタルシュラウド,28xxx,23,20,113,2,-1,None,0,-1,None,0,none,0,0,0,0,0,30,4.5,15,-1,0,0,false,-1,,,,,0,-1,,,84=0;85=1;86=1;87=-1;88=0;89=-1;90=0;91=-1;92=0;93=-1;94=0;95=1;96=0;97=1;98=1;99=-1;100=0;101=-1;102=0;103=-1;104=0;105=-1;106=0;107=1;108=-1;109=0;110=-1;111=0;112=-1;113=0;116=0;120=60
28932,Fire,ファイア,28xxx,23,1,112,0,13,Magical,1,5,Fire,0,magical,600,0,10,0,2,6.5,6,12,-1,0,5,false,-1,,,,,0,-1,,,84=600;85=1;86=1;87=4;88=0.5;89=-1;90=0;91=4;92=0.25;93=-1;94=0;95=1;96=0;97=1;98=1;99=-1;100=0;101=-1;102=0;103=-1;104=0;105=-1;106=0;107=0;108=13;109=1;110=5;111=0;112=-1;113=0;116=1;120=60
28933,Fire II,ファイアII,28xxx,23,24,112,0,13,Magical,1,5,Fire,0,magical,600,0,10,0,3,14.5,6,12,-1,0,5,false,-1,,,,,0,-1,,,84=600;85=1;86=1;87=4;88=1;89=-1;90=0;91=4;92=0.5;93=-1;94=0;95=1;96=0;97=1;98=1;99=-1;100=0;101=-1;102=0;103=-1;104=0;105=-1;106=0;107=0;108=13;109=1;110=5;111=0;112=-1;113=0;116=1;120=60
28934,Fire III,ファイアIII,28xxx,23,54,112,0,13,Magical,1,5,Fire,0,magical,600,0,10,0,4,22.5,6,12,-1,0,5,false,-1,,,,,0,-1,,,84=600;85=1;86=1;87=4;88=1.5;89=-1;90=0;91=4;92=0.75;93=-1;94=0;95=1;96=0;97=1;98=1;99=-1;100=0;101=-1;102=0;103=-1;104=0;105=-1;106=0;107=0;108=13;109=1;110=5;111=0;112=-1;113=0;116=1;120=60
28935,Fire IV,ファイアIV,28xxx,23,72,112,0,13,Magical,1,5,Fire,0,magical,600,0,10,0,5,30.5,6,12,-1,0,5,false,-1,,,,,0,-1,,,84=600;85=1;86=1;87=4;88=2;89=-1;90=0;91=4;92=1;93=-1;94=0;95=1;96=0;97=1;98=1;99=-1;100=0;101=-1;102=0;103=-1;104=0;105=-1;106=0;107=0;108=13;109=1;110=5;111=0;112=-1;113=0;116=1;120=60
28937,Blizzard,ブリザド,28xxx,23,1,112,0,13,Magical,1,6,Ice,0,magical,600,0,10,0,2,6.5,6,12,-1,0,5,false,-1,,,,,0,-1,,,84=600;85=1;86=1;87=4;88=0.5;89=-1;90=0;91=4;92=0.25;93=-1;94=0;95=1;96=0;97=1;98=1;99=-1;100=0;101=-1;102=0;103=-1;104=0;105=-1;106=0;107=0;108=13;109=1;110=6;111=0;112=-1;113=0;116=1;120=60
28938,Blizzard II,ブリザドII,28xxx,23,24,112,0,13,Magical,1,6,Ice,0,magical,600,0,10,0,3,14.5,6,12,-1,0,5,false,-1,,,,,0,-1,,,84=600;85=1;86=1;87=4;88=1;89=-1;90=0;91=4;92=0.5;93=-1;94=0;95=1;96=0;97=1;98=1;99=-1;100=0;101=-1;102=0;103=-1;104=0;105=-1;106=0;107=0;108=13;109=1;110=6;111=0;112=-1;113=0;116=1;120=60
28939,Blizzard III,ブリザドIII,28xxx,23,54,112,0,13,Magical,1,6,Ice,0,magical,600,0,10,0,4,22.5,6,12,-1,0,5,false,-1,,,,,0,-1,,,84=600;85=1;86=1;87=4;88=1.5;89=-1;90=0;91=4;92=0.75;93=-1;94=0;95=1;96=0;97=1;98=1;99=-1;100=0;101=-1;102=0;103=-1;104=0;105=-1;106=0;107=0;108=13;109=1;110=6;111=0;112=-1;113=0;116=1;120=60
28940,Blizzard IV,ブリザドIV,28xxx,23,72,112,0,13,Magical,1,6,Ice,0,magical,600,0,10,0,5,30.5,6,12,-1,0,5,false,-1,,,,,0,-1,,,84=600;85=1;86=1;87=4;88=2;89=-1;90=0;91=4;92=1;93=-1;94=0;95=1;96=0;97=1;98=1;99=-1;100=0;101=-1;102=0;103=-1;104=0;105=-1;106=0;107=0;108=13;109=1;110=6;111=0;112=-1;113=0;116=1;120=60
28942,Aero,エアロ,28xxx,23,1,112,0,13,Magical,1,7,Wind,0,magical,600,0,10,0,2,6.5,6,12,-1,0,5,false,-1,,,,,0,-1,,,84=600;85=1;86=1;87=4;88=0.5;89=-1;90=0;91=4;92=0.25;93=-1;94=0;95=1;96=0;97=1;98=1;99=-1;100=0;101=-1;102=0;103=-1;104=0;105=-1;106=0;107=0;108=13;109=1;110=7;111=0;112=-1;113=0;116=1;120=60
28943,Aero II,エアロII,28xxx,23,24,112,0,13,Magical,1,7,Wind,0,magical,600,0,10,0,3,14.5,6,12,-1,0,5,false,-1,,,,,0,-1,,,84=600;85=1;86=1;87=4;88=1;89=-1;90=0;91=4;92=0.5;93=-1;94=0;95=1;96=0;97=1;98=1;99=-1;100=0;101=-1;102=0;103=-1;104=0;105=-1;106=0;107=0;108=13;109=1;110=7;111=0;112=-1;113=0;116=1;120=60
28944,Aero III,エアロIII,28xxx,23,54,112,0,13,Magical,1,7,Wind,0,magical,600,0,10,0,4,22.5,6,12,-1,0,5,false,-1,,,,,0,-1,,,84=600;85=1;86=1;87=4;88=1.5;89=-1;90=0;91=4;92=0.75;93=-1;94=0;95=1;96=0;97=1;98=1;99=-1;100=0;101=-1;102=0;103=-1;104=0;105=-1;106=0;107=0;108=13;109=1;110=7;111=0;112=-1;113=0;116=1;120=60
28945,Aero IV,エアロIV,28xxx,23,72,112,0,13,Magical,1,7,Wind,0,magical,600,0,10,0,5,30.5,6,12,-1,0,5,false,-1,,,,,0,-1,,,84=600;85=1;86=1;87=4;88=2;89=-1;90=0;91=4;92=1;93=-1;94=0;95=1;96=0;97=1;98=1;99=-1;100=0;101=-1;102=0;103=-1;104=0;105=-1;106=0;107=0;108=13;109=1;110=7;111=0;112=-1;113=0;116=1;120=60
28947,Stone,ストーン,28xxx,23,1,112,0,13,Magical,1,8,Earth,0,magical,600,0,10,0,2,6.5,6,12,-1,0,5,false,-1,,,,,0,-1,,,84=600;85=1;86=1;87=4;88=0.5;89=-1;90=0;91=4;92=0.25;93=-1;94=0;95=1;96=0;97=1;98=1;99=-1;100=0;101=-1;102=0;103=-1;104=0;105=-1;106=0;107=0;108=13;109=1;110=8;111=0;112=-1;113=0;116=1;120=60
28948,Stone II,ストーンII,28xxx,23,24,112,0,13,Magical,1,8,Earth,0,magical,600,0,10,0,3,14.5,6,12,-1,0,5,false,-1,,,,,0,-1,,,84=600;85=1;86=1;87=4;88=1;89=-1;90=0;91=4;92=0.5;93=-1;94=0;95=1;96=0;97=1;98=1;99=-1;100=0;101=-1;102=0;103=-1;104=0;105=-1;106=0;107=0;108=13;109=1;110=8;111=0;112=-1;113=0;116=1;120=60
28949,Stone III,ストーンIII,28xxx,23,54,112,0,13,Magical,1,8,Earth,0,magical,600,0,10,0,4,22.5,6,12,-1,0,5,false,-1,,,,,0,-1,,,84=600;85=1;86=1;87=4;88=1.5;89=-1;90=0;91=4;92=0.75;93=-1;94=0;95=1;96=0;97=1;98=1;99=-1;100=0;101=-1;102=0;103=-1;104=0;105=-1;106=0;107=0;108=13;109=1;110=8;111=0;112=-1;113=0;116=1;120=60
28950,Stone IV,ストーンIV,28xxx,23,72,112,0,13,Magical,1,8,Earth,0,magical,600,0,10,0,5,30.5,6,12,-1,0,5,false,-1,,,,,0,-1,,,84=600;85=1;86=1;87=4;88=2;89=-1;90=0;91=4;92=1;93=-1;94=0;95=1;96=0;97=1;98=1;99=-1;100=0;101=-1;102=0;103=-1;104=0;105=-1;106=0;107=0;108=13;109=1;110=8;111=0;112=-1;113=0;116=1;120=60
28952,Thunder,サンダー,28xxx,23,1,112,0,13,Magical,1,9,Lightning,0,magical,600,0,10,0,2,6.5,6,12,-1,0,5,false,-1,,,,,0,-1,,,84=600;85=1;86=1;87=4;88=0.5;89=-1;90=0;91=4;92=0.25;93=-1;94=0;95=1;96=0;97=1;98=1;99=-1;100=0;101=-1;102=0;103=-1;104=0;105=-1;106=0;107=0;108=13;109=1;110=9;111=0;112=-1;113=0;116=1;120=60
28953,Thunder II,サンダーII,28xxx,23,24,112,0,13,Magical,1,9,Lightning,0,magical,600,0,10,0,3,14.5,6,12,-1,0,5,false,-1,,,,,0,-1,,,84=600;85=1;86=1;87=4;88=1;89=-1;90=0;91=4;92=0.5;93=-1;94=0;95=1;96=0;97=1;98=1;99=-1;100=0;101=-1;102=0;103=-1;104=0;105=-1;106=0;107=0;108=13;109=1;110=9;111=0;112=-1;113=0;116=1;120=60
28954,Thunder III,サンダーIII,28xxx,23,54,112,0,13,Magical,1,9,Lightning,0,magical,600,0,10,0,4,22.5,6,12,-1,0,5,false,-1,,,,,0,-1,,,84=600;85=1;86=1;87=4;88=1.5;89=-1;90=0;91=4;92=0.75;93=-1;94=0;95=1;96=0;97=1;98=1;99=-1;100=0;101=-1;102=0;103=-1;104=0;105=-1;106=0;107=0;108=13;109=1;110=9;111=0;112=-1;113=0;116=1;120=60
28955,Thunder IV,サンダーIV,28xxx,23,72,112,0,13,Magical,1,9,Lightning,0,magical,600,0,10,0,5,30.5,6,12,-1,0,5,false,-1,,,,,0,-1,,,84=600;85=1;86=1;87=4;88=2;89=-1;90=0;91=4;92=1;93=-1;94=0;95=1;96=0;97=1;98=1;99=-1;100=0;101=-1;102=0;103=-1;104=0;105=-1;106=0;107=0;108=13;109=1;110=9;111=0;112=-1;113=0;116=1;120=60
28957,Water,ウォータ,28xxx,23,1,112,0,13,Magical,1,10,Water,0,magical,600,0,10,0,2,6.5,6,12,-1,0,5,false,-1,,,,,0,-1,,,84=600;85=1;86=1;87=4;88=0.5;89=-1;90=0;91=4;92=0.25;93=-1;94=0;95=1;96=0;97=1;98=1;99=-1;100=0;101=-1;102=0;103=-1;104=0;105=-1;106=0;107=0;108=13;109=1;110=10;111=0;112=-1;113=0;116=1;120=60
28958,Water II,ウォータII,28xxx,23,24,112,0,13,Magical,1,10,Water,0,magical,600,0,10,0,3,14.5,6,12,-1,0,5,false,-1,,,,,0,-1,,,84=600;85=1;86=1;87=4;88=1;89=-1;90=0;91=4;92=0.5;93=-1;94=0;95=1;96=0;97=1;98=1;99=-1;100=0;101=-1;102=0;103=-1;104=0;105=-1;106=0;107=0;108=13;109=1;110=10;111=0;112=-1;113=0;116=1;120=60
28959,Water III,ウォータIII,28xxx,23,54,112,0,13,Magical,1,10,Water,0,magical,600,0,10,0,4,22.5,6,12,-1,0,5,false,-1,,,,,0,-1,,,84=600;85=1;86=1;87=4;88=1.5;89=-1;90=0;91=4;92=0.75;93=-1;94=0;95=1;96=0;97=1;98=1;99=-1;100=0;101=-1;102=0;103=-1;104=0;105=-1;106=0;107=0;108=13;109=1;110=10;111=0;112=-1;113=0;116=1;120=60
28960,Water IV,ウォータIV,28xxx,23,72,112,0,13,Magical,1,10,Water,0,magical,600,0,10,0,5,30.5,6,12,-1,0,5,false,-1,,,,,0,-1,,,84=600;85=1;86=1;87=4;88=2;89=-1;90=0;91=4;92=1;93=-1;94=0;95=1;96=0;97=1;98=1;99=-1;100=0;101=-1;102=0;103=-1;104=0;105=-1;106=0;107=0;108=13;109=1;110=10;111=0;112=-1;113=0;116=1;120=60
28962,Burn,バーン,28xxx,23,12,112,0,13,Magical,1,5,Fire,0,magical,9,0,10,0,2.5,12,4,12,-1,0,5,false,-1,,,,,-10,-1,,,84=9;85=1;86=1;87=-1;88=0;89=-1;90=0;91=-1;92=0;93=-1;94=0;95=1;96=0;97=1;98=1;99=-1;100=0;101=-1;102=0;103=-1;104=0;105=-1;106=0;107=0;108=13;109=1;110=5;111=0;112=-1;113=0;116=1;120=60
28963,Burn II,バーンII,28xxx,23,36,112,0,13,Magical,1,5,Fire,0,magical,19,0,10,0,3,14,4,12,-1,0,5,false,-1,,,,,-15,-1,,,84=19;85=1;86=1;87=-1;88=0;89=-1;90=0;91=-1;92=0;93=-1;94=0;95=1;96=0;97=1;98=1;99=-1;100=0;101=-1;102=0;103=-1;104=0;105=-1;106=0;107=0;108=13;109=1;110=5;111=0;112=-1;113=0;116=1;120=60
28964,Burn III,バーンIII,28xxx,23,62,112,0,13,Magical,1,5,Fire,0,magical,30,0,10,0,3.5,16,4,12,-1,0,5,false,-1,,,,,-20,-1,,,84=30;85=1;86=1;87=-1;88=0;89=-1;90=0;91=-1;92=0;93=-1;94=0;95=1;96=0;97=1;98=1;99=-1;100=0;101=-1;102=0;103=-1;104=0;105=-1;106=0;107=0;108=13;109=1;110=5;111=0;112=-1;113=0;116=1;120=60
28966,Frost,フロスト,28xxx,23,12,112,0,13,Magical,1,6,Ice,0,magical,9,0,10,0,2.5,12,4,12,-1,0,5,false,-1,,,,,-10,-1,,,84=9;85=1;86=1;87=-1;88=0;89=-1;90=0;91=-1;92=0;93=-1;94=0;95=1;96=0;97=1;98=1;99=-1;100=0;101=-1;102=0;103=-1;104=0;105=-1;106=0;107=0;108=13;109=1;110=6;111=0;112=-1;113=0;116=1;120=60
28967,Frost II,フロストII,28xxx,23,36,112,0,13,Magical,1,6,Ice,0,magical,19,0,10,0,3,14,4,12,-1,0,5,false,-1,,,,,-15,-1,,,84=19;85=1;86=1;87=-1;88=0;89=-1;90=0;91=-1;92=0;93=-1;94=0;95=1;96=0;97=1;98=1;99=-1;100=0;101=-1;102=0;103=-1;104=0;105=-1;106=0;107=0;108=13;109=1;110=6;111=0;112=-1;113=0;116=1;120=60
28968,Frost III,フロストIII,28xxx,23,62,112,0,13,Magical,1,6,Ice,0,magical,30,0,10,0,3.5,16,4,12,-1,0,5,false,-1,,,,,-20,-1,,,84=30;85=1;86=1;87=-1;88=0;89=-1;90=0;91=-1;92=0;93=-1;94=0;95=1;96=0;97=1;98=1;99=-1;100=0;101=-1;102=0;103=-1;104=0;105=-1;106=0;107=0;108=13;109=1;110=6;111=0;112=-1;113=0;116=1;120=60
28970,Choke,チョーク,28xxx,23,12,112,0,13,Magical,1,7,Wind,0,magical,9,0,10,0,2.5,12,4,12,-1,0,5,false,-1,,,,,-10,-1,,,84=9;85=1;86=1;87=-1;88=0;89=-1;90=0;91=-1;92=0;93=-1;94=0;95=1;96=0;97=1;98=1;99=-1;100=0;101=-1;102=0;103=-1;104=0;105=-1;106=0;107=0;108=13;109=1;110=7;111=0;112=-1;113=0;116=1;120=60
28971,Choke II,チョークII,28xxx,23,36,112,0,13,Magical,1,7,Wind,0,magical,19,0,10,0,3,14,4,12,-1,0,5,false,-1,,,,,-15,-1,,,84=19;85=1;86=1;87=-1;88=0;89=-1;90=0;91=-1;92=0;93=-1;94=0;95=1;96=0;97=1;98=1;99=-1;100=0;101=-1;102=0;103=-1;104=0;105=-1;106=0;107=0;108=13;109=1;110=7;111=0;112=-1;113=0;116=1;120=60
28972,Choke III,チョークIII,28xxx,23,62,112,0,13,Magical,1,7,Wind,0,magical,30,0,10,0,3.5,16,4,12,-1,0,5,false,-1,,,,,-20,-1,,,84=30;85=1;86=1;87=-1;88=0;89=-1;90=0;91=-1;92=0;93=-1;94=0;95=1;96=0;97=1;98=1;99=-1;100=0;101=-1;102=0;103=-1;104=0;105=-1;106=0;107=0;108=13;109=1;110=7;111=0;112=-1;113=0;116=1;120=60
28974,Rasp,ラスプ,28xxx,23,12,112,0,13,Magical,1,8,Earth,0,magical,9,0,10,0,2.5,12,4,12,-1,0,5,false,-1,,,,,-10,-1,,,84=9;85=1;86=1;87=-1;88=0;89=-1;90=0;91=-1;92=0;93=-1;94=0;95=1;96=0;97=1;98=1;99=-1;100=0;101=-1;102=0;103=-1;104=0;105=-1;106=0;107=0;108=13;109=1;110=8;111=0;112=-1;113=0;116=1;120=60
28975,Rasp II,ラスプII,28xxx,23,36,112,0,13,Magical,1,8,Earth,0,magical,19,0,10,0,3,14,4,12,-1,0,5,false,-1,,,,,-15,-1,,,84=19;85=1;86=1;87=-1;88=0;89=-1;90=0;91=-1;92=0;93=-1;94=0;95=1;96=0;97=1;98=1;99=-1;100=0;101=-1;102=0;103=-1;104=0;105=-1;106=0;107=0;108=13;109=1;110=8;111=0;112=-1;113=0;116=1;120=60
28976,Rasp III,ラスプIII,28xxx,23,62,112,0,13,Magical,1,8,Earth,0,magical,30,0,10,0,3.5,16,4,12,-1,0,5,false,-1,,,,,10,-1,,,84=30;85=1;86=1;87=-1;88=0;89=-1;90=0;91=-1;92=0;93=-1;94=0;95=1;96=0;97=1;98=1;99=-1;100=0;101=-1;102=0;103=-1;104=0;105=-1;106=0;107=0;108=13;109=1;110=8;111=0;112=-1;113=0;116=1;120=60
28978,Shock,ショック,28xxx,23,12,112,0,13,Magical,1,9,Lightning,0,magical,9,0,10,0,2.5,12,4,12,-1,0,5,false,-1,,,,,-10,-1,,,84=9;85=1;86=1;87=-1;88=0;89=-1;90=0;91=-1;92=0;93=-1;94=0;95=1;96=0;97=1;98=1;99=-1;100=0;101=-1;102=0;103=-1;104=0;105=-1;106=0;107=0;108=13;109=1;110=9;111=0;112=-1;113=0;116=1;120=60
28979,Shock II,ショックII,28xxx,23,36,112,0,13,Magical,1,9,Lightning,0,magical,19,0,10,0,3,14,4,12,-1,0,5,false,-1,,,,,-15,-1,,,84=19;85=1;86=1;87=-1;88=0;89=-1;90=0;91=-1;92=0;93=-1;94=0;95=1;96=0;97=1;98=1;99=-1;100=0;101=-1;102=0;103=-1;104=0;105=-1;106=0;107=0;108=13;109=1;110=9;111=0;112=-1;113=0;116=1;120=60
28980,Shock III,ショックIII,28xxx,23,62,112,0,13,Magical,1,9,Lightning,0,magical,30,0,10,0,3.5,16,4,12,-1,0,5,false,-1,,,,,-20,-1,,,84=30;85=1;86=1;87=-1;88=0;89=-1;90=0;91=-1;92=0;93=-1;94=0;95=1;96=0;97=1;98=1;99=-1;100=0;101=-1;102=0;103=-1;104=0;105=-1;106=0;107=0;108=13;109=1;110=9;111=0;112=-1;113=0;116=1;120=60
28982,Drown,ドラウン,28xxx,23,12,112,0,13,Magical,1,10,Water,0,magical,9,0,10,0,2.5,12,4,12,-1,0,5,false,-1,,,,,-10,-1,,,84=9;85=1;86=1;87=-1;88=0;89=-1;90=0;91=-1;92=0;93=-1;94=0;95=1;96=0;97=1;98=1;99=-1;100=0;101=-1;102=0;103=-1;104=0;105=-1;106=0;107=0;108=13;109=1;110=10;111=0;112=-1;113=0;116=1;120=60
28983,Drown II,ドラウンII,28xxx,23,36,112,0,13,Magical,1,10,Water,0,magical,19,0,10,0,3,14,4,12,-1,0,5,false,-1,,,,,-15,-1,,,84=19;85=1;86=1;87=-1;88=0;89=-1;90=0;91=-1;92=0;93=-1;94=0;95=1;96=0;97=1;98=1;99=-1;100=0;101=-1;102=0;103=-1;104=0;105=-1;106=0;107=0;108=13;109=1;110=10;111=0;112=-1;113=0;116=1;120=60
28984,Drown III,ドラウンIII,28xxx,23,62,112,0,13,Magical,1,10,Water,0,magical,30,0,10,0,3.5,16,4,12,-1,0,5,false,-1,,,,,-20,-1,,,84=30;85=1;86=1;87=-1;88=0;89=-1;90=0;91=-1;92=0;93=-1;94=0;95=1;96=0;97=1;98=1;99=-1;100=0;101=-1;102=0;103=-1;104=0;105=-1;106=0;107=0;108=13;109=1;110=10;111=0;112=-1;113=0;116=1;120=60
28986,Flare,フレア,28xxx,23,44,113,0,13,Magical,1,5,Fire,0,magical,2000,0,10,0,6,90,6,12,-1,0,5,false,-1,,,,,0,-1,,,84=2000;85=1;86=1;87=-1;88=0;89=-1;90=0;91=-1;92=0;93=-1;94=0;95=1;96=0;97=1;98=1;99=-1;100=0;101=-1;102=0;103=-1;104=0;105=-1;106=0;107=0;108=13;109=1;110=5;111=0;112=-1;113=0;116=1;120=60
28987,Flare II,フレアII,28xxx,23,80,113,0,13,Magical,1,5,Fire,0,magical,2000,0,10,0,8,90,6,12,-1,0,5,false,-1,,,,,0,-1,,,84=2000;85=1;86=1;87=-1;88=0;89=-1;90=0;91=-1;92=0;93=-1;94=0;95=1;96=0;97=1;98=1;99=-1;100=0;101=-1;102=0;103=-1;104=0;105=-1;106=0;107=0;108=13;109=1;110=5;111=0;112=-1;113=0;116=1;120=60
28989,Freeze,フリーズ,28xxx,23,44,113,0,13,Magical,1,6,Ice,0,magical,2000,0,10,0,6,90,6,12,-1,0,5,false,-1,,,,,0,-1,,,84=2000;85=1;86=1;87=-1;88=0;89=-1;90=0;91=-1;92=0;93=-1;94=0;95=1;96=0;97=1;98=1;99=-1;100=0;101=-1;102=0;103=-1;104=0;105=-1;106=0;107=0;108=13;109=1;110=6;111=0;112=-1;113=0;116=1;120=60
28990,Freeze II,フリーズII,28xxx,23,80,113,0,13,Magical,1,6,Ice,0,magical,2000,0,10,0,8,90,6,12,-1,0,5,false,-1,,,,,0,-1,,,84=2000;85=1;86=1;87=-1;88=0;89=-1;90=0;91=-1;92=0;93=-1;94=0;95=1;96=0;97=1;98=1;99=-1;100=0;101=-1;102=0;103=-1;104=0;105=-1;106=0;107=0;108=13;109=1;110=6;111=0;112=-1;113=0;116=1;120=60
28992,Tornado,トルネド,28xxx,23,44,113,0,13,Magical,1,7,Wind,0,magical,2000,0,10,0,6,90,6,12,-1,0,5,false,-1,,,,,0,-1,,,84=2000;85=1;86=1;87=-1;88=0;89=-1;90=0;91=-1;92=0;93=-1;94=0;95=1;96=0;97=1;98=1;99=-1;100=0;101=-1;102=0;103=-1;104=0;105=-1;106=0;107=0;108=13;109=1;110=7;111=0;112=-1;113=0;116=1;120=60
28993,Tornado II,トルネドII,28xxx,23,80,113,0,13,Magical,1,7,Wind,0,magical,2000,0,10,0,8,90,6,12,-1,0,5,false,-1,,,,,0,-1,,,84=2000;85=1;86=1;87=-1;88=0;89=-1;90=0;91=-1;92=0;93=-1;94=0;95=1;96=0;97=1;98=1;99=-1;100=0;101=-1;102=0;103=-1;104=0;105=-1;106=0;107=0;108=13;109=1;110=7;111=0;112=-1;113=0;116=1;120=60
28995,Quake,クエイク,28xxx,23,44,113,0,13,Magical,1,8,Earth,0,magical,2000,0,10,0,6,90,6,12,-1,0,5,false,-1,,,,,0,-1,,,84=2000;85=1;86=1;87=-1;88=0;89=-1;90=0;91=-1;92=0;93=-1;94=0;95=1;96=0;97=1;98=1;99=-1;100=0;101=-1;102=0;103=-1;104=0;105=-1;106=0;107=0;108=13;109=1;110=8;111=0;112=-1;113=0;116=1;120=60
28996,Quake II,クエイクII,28xxx,23,80,113,0,13,Magical,1,8,Earth,0,magical,2000,0,10,0,8,90,6,12,-1,0,5,false,-1,,,,,0,-1,,,84=2000;85=1;86=1;87=-1;88=0;89=-1;90=0;91=-1;92=0;93=-1;94=0;95=1;96=0;97=1;98=1;99=-1;100=0;101=-1;102=0;103=-1;104=0;105=-1;106=0;107=0;108=13;109=1;110=8;111=0;112=-1;113=0;116=1;120=60
28998,Burst,バースト,28xxx,23,44,113,0,13,Magical,1,9,Lightning,0,magical,2000,0,10,0,6,90,6,12,-1,0,5,false,-1,,,,,0,-1,,,84=2000;85=1;86=1;87=-1;88=0;89=-1;90=0;91=-1;92=0;93=-1;94=0;95=1;96=0;97=1;98=1;99=-1;100=0;101=-1;102=0;103=-1;104=0;105=-1;106=0;107=0;108=13;109=1;110=9;111=0;112=-1;113=0;116=1;120=60
28999,Burst II,バーストII,28xxx,23,80,113,0,13,Magical,1,9,Lightning,0,magical,2000,0,10,0,8,90,6,12,-1,0,5,false,-1,,,,,0,-1,,,84=2000;85=1;86=1;87=-1;88=0;89=-1;90=0;91=-1;92=0;93=-1;94=0;95=1;96=0;97=1;98=1;99=-1;100=0;101=-1;102=0;103=-1;104=0;105=-1;106=0;107=0;108=13;109=1;110=9;111=0;112=-1;113=0;116=1;120=60
29001,Flood,フラッド,29xxx,23,44,113,0,13,Magical,1,10,Water,0,magical,2000,0,10,0,6,90,6,12,-1,0,5,false,-1,,,,,0,-1,,,84=2000;85=1;86=1;87=-1;88=0;89=-1;90=0;91=-1;92=0;93=-1;94=0;95=1;96=0;97=1;98=1;99=-1;100=0;101=-1;102=0;103=-1;104=0;105=-1;106=0;107=0;108=13;109=1;110=10;111=0;112=-1;113=0;116=1;120=60
29002,Flood II,フラッドII,29xxx,23,80,113,0,13,Magical,1,10,Water,0,magical,2000,0,10,0,8,90,6,12,-1,0,5,false,-1,,,,,0,-1,,,84=2000;85=1;86=1;87=-1;88=0;89=-1;90=0;91=-1;92=0;93=-1;94=0;95=1;96=0;97=1;98=1;99=-1;100=0;101=-1;102=0;103=-1;104=0;105=-1;106=0;107=0;108=13;109=1;110=10;111=0;112=-1;113=0;116=1;120=60
29004,Repose,リポーズ,29xxx,23,8,112,0,13,Magical,1,6,Ice,0,magical,0,0,10,0,2,40,2,12,-1,0,5,false,-1,,,,,0,-1,,,84=0;85=1;86=1;87=-1;88=0;89=-1;90=0;91=-1;92=0;93=-1;94=0;95=1;96=0;97=1;98=1;99=-1;100=0;101=-1;102=0;103=-1;104=0;105=-1;106=0;107=0;108=13;109=1;110=6;111=0;112=-1;113=0;116=1;120=60
29005,Repose II,リポーズII,29xxx,23,58,112,0,13,Magical,1,6,Ice,0,magical,0,0,10,0,2,40,2,12,-1,0,5,false,-1,,,,,0,-1,,,84=0;85=1;86=1;87=-1;88=0;89=-1;90=0;91=-1;92=0;93=-1;94=0;95=1;96=0;97=1;98=1;99=-1;100=0;101=-1;102=0;103=-1;104=0;105=-1;106=0;107=0;108=13;109=1;110=6;111=0;112=-1;113=0;116=1;120=60
29007,Sleep,スリプル,29xxx,23,32,112,0,13,Magical,1,12,Umbral,0.33,magical,0,0,10,0,3,30,2,12,-1,0,5,false,-1,,,,,0,-1,,,84=0;85=1;86=1;87=-1;88=0;89=-1;90=0;91=-1;92=0;93=-1;94=0;95=1;96=0;97=1;98=1;99=-1;100=0;101=-1;102=0;103=-1;104=0;105=-1;106=0;107=0;108=13;109=1;110=12;111=0.33;112=-1;113=0;116=1;120=60
29008,Sleep II,スリプルII,29xxx,23,74,112,0,13,Magical,1,12,Umbral,0.33,magical,0,0,10,0,3,30,2,12,-1,0,5,false,-1,,,,,0,-1,,,84=0;85=1;86=1;87=-1;88=0;89=-1;90=0;91=-1;92=0;93=-1;94=0;95=1;96=0;97=1;98=1;99=-1;100=0;101=-1;102=0;103=-1;104=0;105=-1;106=0;107=0;108=13;109=1;110=12;111=0.33;112=-1;113=0;116=1;120=60
29010,Cure,ケアル,29xxx,23,4,112,0,13,Magical,1,13,Unaspected,0,magical,1000,0,10,0,2,5,2,12,-1,0,0,false,-1,,,,,0,-1,,,84=1000;85=1;86=1;87=5;88=0.2;89=-1;90=0;91=2;92=0.1;93=-1;94=0;95=1;96=0;97=1;98=1;99=-1;100=0;101=-1;102=0;103=-1;104=0;105=-1;106=0;107=0;108=13;109=1;110=13;111=0;112=-1;113=0;116=1;120=60
29011,Cure II,ケアルII,29xxx,23,20,112,0,13,Magical,1,13,Unaspected,0,magical,1500,0,10,0,2.25,5.5,2,12,-1,0,0,false,-1,,,,,0,-1,,,84=1500;85=1;86=1;87=5;88=0.2;89=-1;90=0;91=2;92=0.1;93=-1;94=0;95=1;96=0;97=1;98=1;99=-1;100=0;101=-1;102=0;103=-1;104=0;105=-1;106=0;107=0;108=13;109=1;110=13;111=0;112=-1;113=0;116=1;120=60
29012,Cure III,ケアルIII,29xxx,23,48,112,0,13,Magical,1,13,Unaspected,0,magical,2000,0,10,0,2.5,6,2,12,-1,0,0,false,-1,,,,,0,-1,,,84=2000;85=1;86=1;87=5;88=0.2;89=-1;90=0;91=2;92=0.1;93=-1;94=0;95=1;96=0;97=1;98=1;99=-1;100=0;101=-1;102=0;103=-1;104=0;105=-1;106=0;107=0;108=13;109=1;110=13;111=0;112=-1;113=0;116=1;120=60
29013,Cure IV,ケアルIV,29xxx,23,68,112,0,13,Magical,1,13,Unaspected,0,magical,4000,0,10,0,2.75,6.5,2,12,-1,0,0,false,-1,,,,,0,-1,,,84=4000;85=1;86=1;87=5;88=0.2;89=-1;90=0;91=2;92=0.1;93=-1;94=0;95=1;96=0;97=1;98=1;99=-1;100=0;101=-1;102=0;103=-1;104=0;105=-1;106=0;107=0;108=13;109=1;110=13;111=0;112=-1;113=0;116=1;120=60
29015,Protect,プロテス,29xxx,23,16,112,0,13,Magical,1,11,Astral,0.33,magical,0,0,10,0,3,60,4,12,-1,0,5,false,-1,,,,,0.25,-1,,,84=0;85=0;86=1;87=-1;88=0;89=-1;90=0;91=-1;92=0;93=-1;94=0;95=1;96=0;97=1;98=1;99=-1;100=0;101=-1;102=0;103=-1;104=0;105=-1;106=0;107=0;108=13;109=1;110=11;111=0.33;112=-1;113=0;116=1;120=60
29016,Protect II,プロテスII,29xxx,23,48,112,0,13,Magical,1,11,Astral,0.33,magical,0,0,10,0,3,60,4,12,-1,0,5,false,-1,,,,,0.25,-1,,,84=0;85=0;86=1;87=-1;88=0;89=-1;90=0;91=-1;92=0;93=-1;94=0;95=1;96=0;97=1;98=1;99=-1;100=0;101=-1;102=0;103=-1;104=0;105=-1;106=0;107=0;108=13;109=1;110=11;111=0.33;112=-1;113=0;116=1;120=60
29017,Protect III,プロテスIII,29xxx,23,68,112,0,13,Magical,1,11,Astral,0.33,magical,0,0,10,0,3,60,4,12,-1,0,5,false,-1,,,,,0.25,-1,,,84=0;85=0;86=1;87=-1;88=0;89=-1;90=0;91=-1;92=0;93=-1;94=0;95=1;96=0;97=1;98=1;99=-1;100=0;101=-1;102=0;103=-1;104=0;105=-1;106=0;107=0;108=13;109=1;110=11;111=0.33;112=-1;113=0;116=1;120=60
29019,Shell,シェル,29xxx,23,16,112,0,13,Magical,1,11,Astral,0.33,magical,0,0,10,0,3,60,4,12,-1,0,5,false,-1,,,,,0.25,-1,,,84=0;85=0;86=1;87=-1;88=0;89=-1;90=0;91=-1;92=0;93=-1;94=0;95=1;96=0;97=1;98=1;99=-1;100=0;101=-1;102=0;103=-1;104=0;105=-1;106=0;107=0;108=13;109=1;110=11;111=0.33;112=-1;113=0;116=1;120=60
29020,Shell II,シェルII,29xxx,23,48,112,0,13,Magical,1,11,Astral,0.33,magical,0,0,10,0,3,60,4,12,-1,0,5,false,-1,,,,,0.25,-1,,,84=0;85=0;86=1;87=-1;88=0;89=-1;90=0;91=-1;92=0;93=-1;94=0;95=1;96=0;97=1;98=1;99=-1;100=0;101=-1;102=0;103=-1;104=0;105=-1;106=0;107=0;108=13;109=1;110=11;111=0.33;112=-1;113=0;116=1;120=60
29021,Shell III,シェルIII,29xxx,23,68,112,0,13,Magical,1,11,Astral,0.33,magical,0,0,10,0,3,60,4,12,-1,0,5,false,-1,,,,,0.25,-1,,,84=0;85=0;86=1;87=-1;88=0;89=-1;90=0;91=-1;92=0;93=-1;94=0;95=1;96=0;97=1;98=1;99=-1;100=0;101=-1;102=0;103=-1;104=0;105=-1;106=0;107=0;108=13;109=1;110=11;111=0.33;112=-1;113=0;116=1;120=60
29023,Stoneskin,ストンスキン,29xxx,23,6,112,0,13,Magical,1,8,Earth,0,magical,0,0,10,0,6,30,4,12,-1,0,5,false,-1,,,,,1,-1,,,84=0;85=0;86=1;87=-1;88=0;89=-1;90=0;91=-1;92=0;93=-1;94=0;95=1;96=0;97=1;98=1;99=-1;100=0;101=-1;102=0;103=-1;104=0;105=-1;106=0;107=0;108=13;109=1;110=8;111=0;112=-1;113=0;116=1;120=60
29024,Stoneskin II,ストンスキンII,29xxx,23,42,112,0,13,Magical,1,8,Earth,0,magical,0,0,10,0,6,30,4,12,-1,0,5,false,-1,,,,,1,-1,,,84=0;85=0;86=1;87=-1;88=0;89=-1;90=0;91=-1;92=0;93=-1;94=0;95=1;96=0;97=1;98=1;99=-1;100=0;101=-1;102=0;103=-1;104=0;105=-1;106=0;107=0;108=13;109=1;110=8;111=0;112=-1;113=0;116=1;120=60
29025,Stoneskin III,ストンスキンIII,29xxx,23,64,112,0,13,Magical,1,8,Earth,0,magical,0,0,10,0,6,30,4,12,-1,0,5,false,-1,,,,,1,-1,,,84=0;85=0;86=1;87=-1;88=0;89=-1;90=0;91=-1;92=0;93=-1;94=0;95=1;96=0;97=1;98=1;99=-1;100=0;101=-1;102=0;103=-1;104=0;105=-1;106=0;107=0;108=13;109=1;110=8;111=0;112=-1;113=0;116=1;120=60
29027,Shock Spikes,ショックスパイク,29xxx,23,8,112,0,13,Magical,1,9,Lightning,0,magical,120,0,10,0,3,10,4,12,-1,0,5,false,-1,,,,,4,-1,,,84=120;85=0;86=1;87=4;88=0.1;89=-1;90=0;91=4;92=0.05;93=-1;94=0;95=1;96=0;97=1;98=1;99=-1;100=0;101=-1;102=0;103=-1;104=0;105=-1;106=0;107=0;108=13;109=1;110=9;111=0;112=-1;113=0;116=1;120=60
29028,Shock Spikes II,ショックスパイクII,29xxx,23,42,112,0,13,Magical,1,9,Lightning,0,magical,120,0,10,0,3,10,4,12,-1,0,5,false,-1,,,,,4,-1,,,84=120;85=0;86=1;87=4;88=0.2;89=-1;90=0;91=4;92=0.1;93=-1;94=0;95=1;96=0;97=1;98=1;99=-1;100=0;101=-1;102=0;103=-1;104=0;105=-1;106=0;107=0;108=13;109=1;110=9;111=0;112=-1;113=0;116=1;120=60
29029,Shock Spikes III,ショックスパイクIII,29xxx,23,64,112,0,13,Magical,1,9,Lightning,0,magical,120,0,10,0,3,10,4,12,-1,0,5,false,-1,,,,,4,-1,,,84=120;85=0;86=1;87=4;88=0.3;89=-1;90=0;91=4;92=0.15;93=-1;94=0;95=1;96=0;97=1;98=1;99=-1;100=0;101=-1;102=0;103=-1;104=0;105=-1;106=0;107=0;108=13;109=1;110=9;111=0;112=-1;113=0;116=1;120=60
29031,Poisona,ポイゾナ,29xxx,23,28,112,0,13,Magical,1,11,Astral,0.33,magical,0,0,10,0,1,5,2,12,-1,0,5,false,-1,,,,,0,-1,,,84=0;85=1;86=1;87=-1;88=0;89=-1;90=0;91=-1;92=0;93=-1;94=0;95=1;96=0;97=1;98=1;99=-1;100=0;101=-1;102=0;103=-1;104=0;105=-1;106=0;107=0;108=13;109=1;110=11;111=0.33;112=-1;113=0;116=1;120=60
29033,Paralyna,パラナ,29xxx,23,28,112,0,13,Magical,1,11,Astral,0.33,magical,0,0,10,0,1,5,2,12,-1,0,5,false,-1,,,,,0,-1,,,84=0;85=1;86=1;87=-1;88=0;89=-1;90=0;91=-1;92=0;93=-1;94=0;95=1;96=0;97=1;98=1;99=-1;100=0;101=-1;102=0;103=-1;104=0;105=-1;106=0;107=0;108=13;109=1;110=11;111=0.33;112=-1;113=0;116=1;120=60
29035,Silena,サイレナ,29xxx,23,28,112,0,13,Magical,1,11,Astral,0.33,magical,0,0,10,0,1,5,2,12,-1,0,5,false,-1,,,,,0,-1,,,84=0;85=1;86=1;87=-1;88=0;89=-1;90=0;91=-1;92=0;93=-1;94=0;95=1;96=0;97=1;98=1;99=-1;100=0;101=-1;102=0;103=-1;104=0;105=-1;106=0;107=0;108=13;109=1;110=11;111=0.33;112=-1;113=0;116=1;120=60
29037,Raise,レイズ,29xxx,23,14,112,0,13,Magical,1,11,Astral,0.33,magical,0,0,10,0,10,300,2,12,-1,0,0,false,-1,,,,,0,-1,,,84=0;85=1;86=1;87=-1;88=0;89=-1;90=0;91=-1;92=0;93=-1;94=0;95=1;96=0;97=1;98=1;99=-1;100=0;101=-1;102=0;103=-1;104=0;105=-1;106=0;107=0;108=13;109=1;110=11;111=0.33;112=-1;113=0;116=1;120=60
29038,Raise II,レイズII,29xxx,23,38,113,0,13,Magical,1,11,Astral,0.33,magical,0,0,10,0,10,150,2,12,-1,0,0,false,-1,,,,,0,-1,,,84=0;85=1;86=1;87=-1;88=0;89=-1;90=0;91=-1;92=0;93=-1;94=0;95=1;96=0;97=1;98=1;99=-1;100=0;101=-1;102=0;103=-1;104=0;105=-1;106=0;107=0;108=13;109=1;110=11;111=0.33;112=-1;113=0;116=1;120=60
29039,.Reraise,.リレイズ,29xxx,23,38,112,0,13,Magical,1,11,Astral,0.33,magical,0,0,0,0,10,60,4,12,-1,0,0,false,-1,,,,,0,-1,,,84=0;85=0;86=1;87=-1;88=0;89=-1;90=0;91=-1;92=0;93=-1;94=0;95=1;96=0;97=1;98=1;99=-1;100=0;101=-1;102=0;103=-1;104=0;105=-1;106=0;107=0;108=13;109=1;110=11;111=0.33;112=-1;113=0;116=1;120=60
29040,Rebirth,アレイズ,29xxx,23,50,113,0,13,Magical,1,11,Astral,0.33,magical,0,0,10,0,10,1800,2,12,-1,0,0,false,-1,,,,,0,-1,,,84=0;85=1;86=1;87=-1;88=0;89=-1;90=0;91=-1;92=0;93=-1;94=0;95=1;96=0;97=1;98=1;99=-1;100=0;101=-1;102=0;103=-1;104=0;105=-1;106=0;107=0;108=13;109=1;110=11;111=0.33;112=-1;113=0;116=1;120=60
29041,.Tractor,.トラクタ,29xxx,23,42,112,0,13,Magical,1,11,Astral,0.33,magical,0,0,0,0,10,10,4,12,-1,0,0,false,-1,,,,,0,-1,,,84=0;85=1;86=1;87=-1;88=0;89=-1;90=0;91=-1;92=0;93=-1;94=0;95=1;96=0;97=1;98=1;99=-1;100=0;101=-1;102=0;103=-1;104=0;105=-1;106=0;107=0;108=13;109=1;110=11;111=0.33;112=-1;113=0;116=1;120=60
29043,.Shock Spikes Counter,.ショックスパイクカウンター,29xxx,23,8,1,0,13,Magical,1,9,Lightning,0,magical,0,0,0,0,1,0,0,12,-1,0,0,false,-1,,,,,0,-1,,,84=0;85=0;86=0;87=-1;88=0;89=-1;90=0;91=-1;92=0;93=-1;94=0;95=1;96=0;97=1;98=1;99=-1;100=0;101=-1;102=0;103=-1;104=0;105=-1;106=0;107=0;108=13;109=1;110=9;111=0;112=-1;113=0;116=0;120=0
29044,.Shock Spikes Counter II,.ショックスパイクカウンターII,29xxx,23,42,1,0,13,Magical,1,9,Lightning,0,magical,0,0,0,0,1,0,0,12,-1,0,0,false,-1,,,,,0,-1,,,84=0;85=0;86=0;87=-1;88=0;89=-1;90=0;91=-1;92=0;93=-1;94=0;95=1;96=0;97=1;98=1;99=-1;100=0;101=-1;102=0;103=-1;104=0;105=-1;106=0;107=0;108=13;109=1;110=9;111=0;112=-1;113=0;116=0;120=0
29045,.Shock Spikes Counter III,.ショックスパイクカウンターIII,29xxx,23,64,1,0,13,Magical,1,9,Lightning,0,magical,0,0,0,0,1,0,0,12,-1,0,0,false,-1,,,,,0,-1,,,84=0;85=0;86=0;87=-1;88=0;89=-1;90=0;91=-1;92=0;93=-1;94=0;95=1;96=0;97=1;98=1;99=-1;100=0;101=-1;102=0;103=-1;104=0;105=-1;106=0;107=0;108=13;109=1;110=9;111=0;112=-1;113=0;116=0;120=0
29046,Curaga,ケアルガ,29xxx,23,16,113,0,13,Magical,1,13,Unaspected,0,magical,1000,0,10,0,2,10,2,12,-1,0,8,false,-1,,,,,0,-1,,,84=1000;85=1;86=1;87=5;88=0.2;89=-1;90=0;91=2;92=0.1;93=-1;94=0;95=1;96=0;97=1;98=1;99=-1;100=0;101=-1;102=0;103=-1;104=0;105=-1;106=0;107=0;108=13;109=1;110=13;111=0;112=-1;113=0;116=1;120=60
29047,Curaga II,ケアルガII,29xxx,23,30,113,0,13,Magical,1,13,Unaspected,0,magical,1500,0,10,0,2,10,2,12,-1,0,8,false,-1,,,,,0,-1,,,84=1500;85=1;86=1;87=5;88=0.2;89=-1;90=0;91=2;92=0.1;93=-1;94=0;95=1;96=0;97=1;98=1;99=-1;100=0;101=-1;102=0;103=-1;104=0;105=-1;106=0;107=0;108=13;109=1;110=13;111=0;112=-1;113=0;116=1;120=60
29458,Cure,ケアル,29xxx,0,4,1,0,13,Magical,1,11,Astral,0.33,magical,1000,0,0,0,2,5,2,12,-1,0,5,false,-1,,,,,0,-1,,,84=1000;85=1;86=1;87=5;88=1;89=-1;90=0;91=2;92=0.5;93=-1;94=0;95=1;96=0;97=1;98=1;99=-1;100=0;101=-1;102=0;103=-1;104=0;105=-1;106=0;107=0;108=13;109=1;110=11;111=0.33;112=-1;113=0;116=1;120=60
29459,Cure II,ケアルII,29xxx,0,20,1,0,13,Magical,1,11,Astral,0.33,magical,1000,0,0,0,2.25,5.5,2,12,-1,0,5,false,-1,,,,,0,-1,,,84=1000;85=1;86=1;87=5;88=1;89=-1;90=0;91=2;92=0.5;93=-1;94=0;95=1;96=0;97=1;98=1;99=-1;100=0;101=-1;102=0;103=-1;104=0;105=-1;106=0;107=0;108=13;109=1;110=11;111=0.33;112=-1;113=0;116=1;120=60
29460,Cure III,ケアルIII,29xxx,0,48,1,0,13,Magical,1,11,Astral,0.33,magical,1000,0,0,0,2.5,6,2,12,-1,0,5,false,-1,,,,,0,-1,,,84=1000;85=1;86=1;87=5;88=1;89=-1;90=0;91=2;92=0.5;93=-1;94=0;95=1;96=0;97=1;98=1;99=-1;100=0;101=-1;102=0;103=-1;104=0;105=-1;106=0;107=0;108=13;109=1;110=11;111=0.33;112=-1;113=0;116=1;120=60
29461,Cure IV,ケアルIV,29xxx,0,68,1,0,13,Magical,1,11,Astral,0.33,magical,1000,0,0,0,2.75,6.5,2,12,-1,0,5,false,-1,,,,,0,-1,,,84=1000;85=1;86=1;87=5;88=1;89=-1;90=0;91=2;92=0.5;93=-1;94=0;95=1;96=0;97=1;98=1;99=-1;100=0;101=-1;102=0;103=-1;104=0;105=-1;106=0;107=0;108=13;109=1;110=11;111=0.33;112=-1;113=0;116=1;120=60
29462,Protect,プロテス,29xxx,0,16,1,0,13,Magical,1,11,Astral,0.33,magical,0,0,0,0,3,30,4,12,-1,0,5,false,-1,,,,,0.01,-1,,,84=0;85=0;86=1;87=-1;88=0;89=-1;90=0;91=-1;92=0;93=-1;94=0;95=1;96=0;97=1;98=1;99=-1;100=0;101=-1;102=0;103=-1;104=0;105=-1;106=0;107=0;108=13;109=1;110=11;111=0.33;112=-1;113=0;116=1;120=60
29463,Protect II,プロテスII,29xxx,0,48,1,0,13,Magical,1,11,Astral,0.33,magical,0,0,0,0,3.5,30,4,12,-1,0,5,false,-1,,,,,0.01,-1,,,84=0;85=0;86=1;87=-1;88=0;89=-1;90=0;91=-1;92=0;93=-1;94=0;95=1;96=0;97=1;98=1;99=-1;100=0;101=-1;102=0;103=-1;104=0;105=-1;106=0;107=0;108=13;109=1;110=11;111=0.33;112=-1;113=0;116=1;120=60
29464,Protect III,プロテスIII,29xxx,0,68,1,0,13,Magical,1,11,Astral,0.33,magical,0,0,0,0,4,30,4,12,-1,0,5,false,-1,,,,,0.01,-1,,,84=0;85=0;86=1;87=-1;88=0;89=-1;90=0;91=-1;92=0;93=-1;94=0;95=1;96=0;97=1;98=1;99=-1;100=0;101=-1;102=0;103=-1;104=0;105=-1;106=0;107=0;108=13;109=1;110=11;111=0.33;112=-1;113=0;116=1;120=60
29467,Prime Conditioning,プライムコンディション,29xxx,2,30,1,0,-1,None,0,-1,None,0,none,0,0,0,0,0,0,0,-1,-1,0,0,false,-1,,,,,0,-1,,,84=0;85=0;86=0;87=-1;88=0;89=-1;90=0;91=-1;92=0;93=-1;94=0;95=0;96=100;97=0;98=0;99=-1;100=0;101=-1;102=0;103=-1;104=0;105=-1;106=0;107=0;108=-1;109=0;110=-1;111=0;112=-1;113=0;116=0;120=0
29468,Seasoned Veteran,リングズマンシップ,29xxx,2,50,1,0,-1,None,0,-1,None,0,none,0,0,0,0,0,0,0,-1,-1,0,0,false,-1,,,,,0,-1,,,84=0;85=0;86=0;87=-1;88=0;89=-1;90=0;91=-1;92=0;93=-1;94=0;95=0;96=100;97=0;98=0;99=-1;100=0;101=-1;102=0;103=-1;104=0;105=-1;106=0;107=0;108=-1;109=0;110=-1;111=0;112=-1;113=0;116=0;120=0
29469,Self-Preservation,セルフガード,29xxx,3,30,1,0,-1,None,0,-1,None,0,none,0,0,0,0,0,0,0,-1,-1,0,0,false,-1,,,,,0,-1,,,84=0;85=0;86=0;87=-1;88=0;89=-1;90=0;91=-1;92=0;93=-1;94=0;95=0;96=100;97=0;98=0;99=-1;100=0;101=-1;102=0;103=-1;104=0;105=-1;106=0;107=0;108=-1;109=0;110=-1;111=0;112=-1;113=0;116=0;120=0
29470,Swordsmanship,ソードマンシップ,29xxx,3,50,1,0,-1,None,0,-1,None,0,none,0,0,0,0,0,0,0,-1,-1,0,0,false,-1,,,,,0,-1,,,84=0;85=0;86=0;87=-1;88=0;89=-1;90=0;91=-1;92=0;93=-1;94=0;95=0;96=100;97=0;98=0;99=-1;100=0;101=-1;102=0;103=-1;104=0;105=-1;106=0;107=0;108=-1;109=0;110=-1;111=0;112=-1;113=0;116=0;120=0
29471,Intimidation,インティミデート,29xxx,4,30,1,0,-1,None,0,-1,None,0,none,0,0,0,0,0,0,0,-1,-1,0,0,false,-1,,,,,0,-1,,,84=0;85=0;86=0;87=-1;88=0;89=-1;90=0;91=-1;92=0;93=-1;94=0;95=0;96=100;97=0;98=0;99=-1;100=0;101=-1;102=0;103=-1;104=0;105=-1;106=0;107=0;108=-1;109=0;110=-1;111=0;112=-1;113=0;116=0;120=0
29472,Axemanship,アックスマンシップ,29xxx,4,50,1,0,-1,None,0,-1,None,0,none,0,0,0,0,0,0,0,-1,-1,0,0,false,-1,,,,,0,-1,,,84=0;85=0;86=0;87=-1;88=0;89=-1;90=0;91=-1;92=0;93=-1;94=0;95=0;96=100;97=0;98=0;99=-1;100=0;101=-1;102=0;103=-1;104=0;105=-1;106=0;107=0;108=-1;109=0;110=-1;111=0;112=-1;113=0;116=0;120=0
29473,Out of Sight,カモフラージュ,29xxx,7,30,1,0,-1,None,0,-1,None,0,none,0,0,0,0,0,0,0,-1,-1,0,0,false,-1,,,,,0,-1,,,84=0;85=0;86=0;87=-1;88=0;89=-1;90=0;91=-1;92=0;93=-1;94=0;95=0;96=100;97=0;98=0;99=-1;100=0;101=-1;102=0;103=-1;104=0;105=-1;106=0;107=0;108=-1;109=0;110=-1;111=0;112=-1;113=0;116=0;120=0
29474,Bowmanship,ボウマンシップ,29xxx,7,50,1,0,-1,None,0,-1,None,0,none,0,0,0,0,0,0,0,-1,-1,0,0,false,-1,,,,,0,-1,,,84=0;85=0;86=0;87=-1;88=0;89=-1;90=0;91=-1;92=0;93=-1;94=0;95=0;96=100;97=0;98=0;99=-1;100=0;101=-1;102=0;103=-1;104=0;105=-1;106=0;107=0;108=-1;109=0;110=-1;111=0;112=-1;113=0;116=0;120=0
29475,Fleet of Foot,クイックステップ,29xxx,8,30,1,0,-1,None,0,-1,None,0,none,0,0,0,0,0,0,0,-1,-1,0,0,false,-1,,,,,0,-1,,,84=0;85=0;86=0;87=-1;88=0;89=-1;90=0;91=-1;92=0;93=-1;94=0;95=0;96=100;97=0;98=0;99=-1;100=0;101=-1;102=0;103=-1;104=0;105=-1;106=0;107=0;108=-1;109=0;110=-1;111=0;112=-1;113=0;116=0;120=0
29476,Pikemanship,パイクマンシップ,29xxx,8,50,1,0,-1,None,0,-1,None,0,none,0,0,0,0,0,0,0,-1,-1,0,0,false,-1,,,,,0,-1,,,84=0;85=0;86=0;87=-1;88=0;89=-1;90=0;91=-1;92=0;93=-1;94=0;95=0;96=100;97=0;98=0;99=-1;100=0;101=-1;102=0;103=-1;104=0;105=-1;106=0;107=0;108=-1;109=0;110=-1;111=0;112=-1;113=0;116=0;120=0
29477,Firm Conviction,コンビクション,29xxx,22,30,1,0,-1,None,0,-1,None,0,none,0,0,0,0,0,0,0,-1,-1,0,0,false,-1,,,,,0,-1,,,84=0;85=0;86=0;87=-1;88=0;89=-1;90=0;91=-1;92=0;93=-1;94=0;95=0;96=100;97=0;98=0;99=-1;100=0;101=-1;102=0;103=-1;104=0;105=-1;106=0;107=0;108=-1;109=0;110=-1;111=0;112=-1;113=0;116=0;120=0
29478,Transcendence,ダークワーシップ,29xxx,22,50,1,0,-1,None,0,-1,None,0,none,0,0,0,0,0,0,0,-1,-1,0,0,false,-1,,,,,0,-1,,,84=0;85=0;86=0;87=-1;88=0;89=-1;90=0;91=-1;92=0;93=-1;94=0;95=0;96=100;97=0;98=0;99=-1;100=0;101=-1;102=0;103=-1;104=0;105=-1;106=0;107=0;108=-1;109=0;110=-1;111=0;112=-1;113=0;116=0;120=0
29479,Fastcast,ファストキャスト,29xxx,23,30,1,0,-1,None,0,-1,None,0,none,0,0,0,0,0,0,0,-1,-1,0,0,false,-1,,,,,0,-1,,,84=0;85=0;86=0;87=-1;88=0;89=-1;90=0;91=-1;92=0;93=-1;94=0;95=0;96=100;97=0;98=0;99=-1;100=0;101=-1;102=0;103=-1;104=0;105=-1;106=0;107=0;108=-1;109=0;110=-1;111=0;112=-1;113=0;116=0;120=0
29480,One With Nature,ネイチャーワーシップ,29xxx,23,50,1,0,-1,None,0,-1,None,0,none,0,0,0,0,0,0,0,-1,-1,0,0,false,-1,,,,,0,-1,,,84=0;85=0;86=0;87=-1;88=0;89=-1;90=0;91=-1;92=0;93=-1;94=0;95=0;96=100;97=0;98=0;99=-1;100=0;101=-1;102=0;103=-1;104=0;105=-1;106=0;107=0;108=-1;109=0;110=-1;111=0;112=-1;113=0;116=0;120=0
29482,Muscle Memory,マッスルメモリー,29xxx,0,30,1,0,-1,None,0,-1,None,0,none,0,0,0,0,0,0,0,-1,-1,0,0,false,-1,,,,,0,-1,,,84=0;85=0;86=0;87=-1;88=0;89=-1;90=0;91=-1;92=0;93=-1;94=0;95=0;96=100;97=0;98=0;99=-1;100=0;101=-1;102=0;103=-1;104=0;105=-1;106=0;107=0;108=-1;109=0;110=-1;111=0;112=-1;113=0;116=0;120=0
29483,Mind Over Matter,シュプリームマインド,29xxx,0,20,1,0,-1,None,0,-1,None,0,none,0,0,0,0,0,0,0,-1,-1,0,0,false,-1,,,,,0,-1,,,84=0;85=0;86=0;87=-1;88=0;89=-1;90=0;91=-1;92=0;93=-1;94=0;95=0;96=100;97=0;98=0;99=-1;100=0;101=-1;102=0;103=-1;104=0;105=-1;106=0;107=0;108=-1;109=0;110=-1;111=0;112=-1;113=0;116=0;120=0
29484,Asceticism,ラプチャー,29xxx,0,20,1,0,-1,None,0,-1,None,0,none,0,0,0,0,0,0,0,-1,-1,0,0,false,-1,,,,,0,-1,,,84=0;85=0;86=0;87=-1;88=0;89=-1;90=0;91=-1;92=0;93=-1;94=0;95=0;96=100;97=0;98=0;99=-1;100=0;101=-1;102=0;103=-1;104=0;105=-1;106=0;107=0;108=-1;109=0;110=-1;111=0;112=-1;113=0;116=0;120=0
29485,Muscle Memory II,マッスルメモリーII,29xxx,0,50,1,0,-1,None,0,-1,None,0,none,0,0,0,0,0,0,0,-1,-1,0,0,false,-1,,,,,0,-1,,,84=0;85=0;86=0;87=-1;88=0;89=-1;90=0;91=-1;92=0;93=-1;94=0;95=0;96=100;97=0;98=0;99=-1;100=0;101=-1;102=0;103=-1;104=0;105=-1;106=0;107=0;108=-1;109=0;110=-1;111=0;112=-1;113=0;116=0;120=0
29486,Mind Over Matter II,シュプリームマインドII,29xxx,0,40,1,0,-1,None,0,-1,None,0,none,0,0,0,0,0,0,0,-1,-1,0,0,false,-1,,,,,0,-1,,,84=0;85=0;86=0;87=-1;88=0;89=-1;90=0;91=-1;92=0;93=-1;94=0;95=0;96=100;97=0;98=0;99=-1;100=0;101=-1;102=0;103=-1;104=0;105=-1;106=0;107=0;108=-1;109=0;110=-1;111=0;112=-1;113=0;116=0;120=0
29487,Asceticism II,ラプチャーII,29xxx,0,40,1,0,-1,None,0,-1,None,0,none,0,0,0,0,0,0,0,-1,-1,0,0,false,-1,,,,,0,-1,,,84=0;85=0;86=0;87=-1;88=0;89=-1;90=0;91=-1;92=0;93=-1;94=0;95=0;96=100;97=0;98=0;99=-1;100=0;101=-1;102=0;103=-1;104=0;105=-1;106=0;107=0;108=-1;109=0;110=-1;111=0;112=-1;113=0;116=0;120=0
29488,Will to Power,ウィル・トゥ・パワー,29xxx,0,30,1,0,-1,None,0,-1,None,0,none,0,0,0,0,0,0,0,-1,-1,0,0,false,-1,,,,,0,-1,,,84=0;85=0;86=0;87=-1;88=0;89=-1;90=0;91=-1;92=0;93=-1;94=0;95=0;96=100;97=0;98=0;99=-1;100=0;101=-1;102=0;103=-1;104=0;105=-1;106=0;107=0;108=-1;109=0;110=-1;111=0;112=-1;113=0;116=0;120=0
29489,Complete Control,コンプリートコントロール,29xxx,0,20,1,0,-1,None,0,-1,None,0,none,0,0,0,0,0,0,0,-1,-1,0,0,false,-1,,,,,0,-1,,,84=0;85=0;86=0;87=-1;88=0;89=-1;90=0;91=-1;92=0;93=-1;94=0;95=0;96=100;97=0;98=0;99=-1;100=0;101=-1;102=0;103=-1;104=0;105=-1;106=0;107=0;108=-1;109=0;110=-1;111=0;112=-1;113=0;116=0;120=0
29490,Driven by Faith,レネゲード,29xxx,0,20,1,0,-1,None,0,-1,None,0,none,0,0,0,0,0,0,0,-1,-1,0,0,false,-1,,,,,0,-1,,,84=0;85=0;86=0;87=-1;88=0;89=-1;90=0;91=-1;92=0;93=-1;94=0;95=0;96=100;97=0;98=0;99=-1;100=0;101=-1;102=0;103=-1;104=0;105=-1;106=0;107=0;108=-1;109=0;110=-1;111=0;112=-1;113=0;116=0;120=0
29491,Will to Power II,ウィル・トゥ・パワーII,29xxx,0,50,1,0,-1,None,0,-1,None,0,none,0,0,0,0,0,0,0,-1,-1,0,0,false,-1,,,,,0,-1,,,84=0;85=0;86=0;87=-1;88=0;89=-1;90=0;91=-1;92=0;93=-1;94=0;95=0;96=100;97=0;98=0;99=-1;100=0;101=-1;102=0;103=-1;104=0;105=-1;106=0;107=0;108=-1;109=0;110=-1;111=0;112=-1;113=0;116=0;120=0
29492,Complete Control II,コンプリートコントロールII,29xxx,0,40,1,0,-1,None,0,-1,None,0,none,0,0,0,0,0,0,0,-1,-1,0,0,false,-1,,,,,0,-1,,,84=0;85=0;86=0;87=-1;88=0;89=-1;90=0;91=-1;92=0;93=-1;94=0;95=0;96=100;97=0;98=0;99=-1;100=0;101=-1;102=0;103=-1;104=0;105=-1;106=0;107=0;108=-1;109=0;110=-1;111=0;112=-1;113=0;116=0;120=0
29493,Driven by Faith II,レネゲードII,29xxx,0,40,1,0,-1,None,0,-1,None,0,none,0,0,0,0,0,0,0,-1,-1,0,0,false,-1,,,,,0,-1,,,84=0;85=0;86=0;87=-1;88=0;89=-1;90=0;91=-1;92=0;93=-1;94=0;95=0;96=100;97=0;98=0;99=-1;100=0;101=-1;102=0;103=-1;104=0;105=-1;106=0;107=0;108=-1;109=0;110=-1;111=0;112=-1;113=0;116=0;120=0
29497,Parley,交渉,29xxx,0,1,1,1,-1,None,0,-1,None,0,none,0,0,0,0,0,0,0,15,-1,0,0,false,70,,,,,0,-1,,,84=0;85=1;86=1;87=-1;88=0;89=-1;90=0;91=-1;92=0;93=-1;94=0;95=1;96=0;97=1;98=1;99=-1;100=0;101=-1;102=0;103=-1;104=0;105=-1;106=0;107=1;108=-1;109=0;110=-1;111=0;112=-1;113=0;116=0;120=0
29501,Debug Command,デバッグ用コマンド,29xxx,0,1,1,3,-1,None,0,-1,None,0,none,0,0,0,0,0,0,0,-1,-1,0,0,false,-1,,,,,0,-1,,,84=0;85=0;86=0;87=-1;88=0;89=-1;90=0;91=-1;92=0;93=-1;94=0;95=0;96=0;97=0;98=0;99=-1;100=0;101=-1;102=0;103=-1;104=0;105=-1;106=0;107=1;108=-1;109=0;110=-1;111=0;112=-1;113=0;116=0;120=0
29502,Hasty Hand,ヘイスティハンド,29xxx,0,15,46,3,-1,None,0,-1,None,0,none,0,0,0,0,0,0,0,-1,-1,0,0,false,-1,,,,,10,-1,,,84=0;85=0;86=0;87=-1;88=0;89=-1;90=0;91=-1;92=0;93=-1;94=0;95=0;96=0;97=0;98=0;99=-1;100=0;101=-1;102=0;103=-1;104=0;105=-1;106=0;107=1;108=-1;109=0;110=-1;111=0;112=-1;113=0;116=0;120=0
29503,Piece by Piece,ピース・バイ・ピース,29xxx,31,45,46,3,-1,None,0,-1,None,0,none,0,0,0,0,0,0,0,-1,-1,0,0,false,-1,,,,,0,-1,,,84=0;85=0;86=0;87=-1;88=0;89=-1;90=0;91=-1;92=0;93=-1;94=0;95=0;96=0;97=0;98=0;99=-1;100=0;101=-1;102=0;103=-1;104=0;105=-1;106=0;107=1;108=-1;109=0;110=-1;111=0;112=-1;113=0;116=0;120=0
29504,Clean Slate,クリーンスレート,29xxx,33,36,46,3,-1,None,0,-1,None,0,none,0,0,0,0,0,0,0,-1,-1,0,0,false,-1,,,,,0,-1,,,84=0;85=0;86=0;87=-1;88=0;89=-1;90=0;91=-1;92=0;93=-1;94=0;95=0;96=0;97=0;98=0;99=-1;100=0;101=-1;102=0;103=-1;104=0;105=-1;106=0;107=1;108=-1;109=0;110=-1;111=0;112=-1;113=0;116=0;120=0
29505,Grand Design,グランドデザイン,29xxx,34,30,46,3,-1,None,0,-1,None,0,none,0,0,0,0,0,0,0,-1,-1,0,0,false,-1,,,,,0,-1,,,84=0;85=0;86=0;87=-1;88=0;89=-1;90=0;91=-1;92=0;93=-1;94=0;95=0;96=0;97=0;98=0;99=-1;100=0;101=-1;102=0;103=-1;104=0;105=-1;106=0;107=1;108=-1;109=0;110=-1;111=0;112=-1;113=0;116=0;120=0
29506,By the Book,模範,29xxx,32,45,46,3,-1,None,0,-1,None,0,none,0,0,0,0,0,0,0,-1,-1,0,0,false,-1,,,,,0,-1,,,84=0;85=0;86=0;87=-1;88=0;89=-1;90=0;91=-1;92=0;93=-1;94=0;95=0;96=0;97=0;98=0;99=-1;100=0;101=-1;102=0;103=-1;104=0;105=-1;106=0;107=1;108=-1;109=0;110=-1;111=0;112=-1;113=0;116=0;120=0
29507,Unerring Hand,アンエアリングハンド,29xxx,29,30,46,3,-1,None,0,-1,None,0,none,0,0,0,0,0,0,0,-1,-1,0,0,false,-1,,,,,0,-1,,,84=0;85=0;86=0;87=-1;88=0;89=-1;90=0;91=-1;92=0;93=-1;94=0;95=0;96=0;97=0;98=0;99=-1;100=0;101=-1;102=0;103=-1;104=0;105=-1;106=0;107=1;108=-1;109=0;110=-1;111=0;112=-1;113=0;116=0;120=0
29508,Tricks of the Trade,秘訣,29xxx,35,30,46,3,-1,None,0,-1,None,0,none,0,0,0,0,0,0,0,-1,-1,0,0,false,-1,,,,,0,-1,,,84=0;85=0;86=0;87=-1;88=0;89=-1;90=0;91=-1;92=0;93=-1;94=0;95=0;96=0;97=0;98=0;99=-1;100=0;101=-1;102=0;103=-1;104=0;105=-1;106=0;107=1;108=-1;109=0;110=-1;111=0;112=-1;113=0;116=0;120=0
29509,Maker's Muse,メーカーミューズ,29xxx,30,10,46,3,-1,None,0,-1,None,0,none,0,0,0,0,0,0,0,-1,-1,0,0,false,-1,,,,,0,-1,,,84=0;85=0;86=0;87=-1;88=0;89=-1;90=0;91=-1;92=0;93=-1;94=0;95=0;96=0;97=0;98=0;99=-1;100=0;101=-1;102=0;103=-1;104=0;105=-1;106=0;107=1;108=-1;109=0;110=-1;111=0;112=-1;113=0;116=0;120=0
29510,Greater Calling,グレーターコーリング,29xxx,30,45,46,3,-1,None,0,-1,None,0,none,0,0,0,0,0,0,0,-1,-1,0,0,false,-1,,,,,0,-1,,,84=0;85=0;86=0;87=-1;88=0;89=-1;90=0;91=-1;92=0;93=-1;94=0;95=0;96=0;97=0;98=0;99=-1;100=0;101=-1;102=0;103=-1;104=0;105=-1;106=0;107=1;108=-1;109=0;110=-1;111=0;112=-1;113=0;116=0;120=0
29511,High Return,ハイリターン,29xxx,30,36,46,3,-1,None,0,-1,None,0,none,0,0,0,0,0,0,0,-1,-1,0,0,false,-1,,,,,0,-1,,,84=0;85=0;86=0;87=-1;88=0;89=-1;90=0;91=-1;92=0;93=-1;94=0;95=0;96=0;97=0;98=0;99=-1;100=0;101=-1;102=0;103=-1;104=0;105=-1;106=0;107=1;108=-1;109=0;110=-1;111=0;112=-1;113=0;116=0;120=0
29512,Sure and Steady,堅調,29xxx,31,10,46,3,-1,None,0,-1,None,0,none,0,0,0,0,0,0,0,-1,-1,0,0,false,-1,,,,,0,-1,,,84=0;85=0;86=0;87=-1;88=0;89=-1;90=0;91=-1;92=0;93=-1;94=0;95=0;96=0;97=0;98=0;99=-1;100=0;101=-1;102=0;103=-1;104=0;105=-1;106=0;107=1;108=-1;109=0;110=-1;111=0;112=-1;113=0;116=0;120=0
29513,Bold Endeavor,ボールドエンデバー,29xxx,33,30,46,3,-1,None,0,-1,None,0,none,0,0,0,0,0,0,0,-1,-1,0,0,false,-1,,,,,0,-1,,,84=0;85=0;86=0;87=-1;88=0;89=-1;90=0;91=-1;92=0;93=-1;94=0;95=0;96=0;97=0;98=0;99=-1;100=0;101=-1;102=0;103=-1;104=0;105=-1;106=0;107=1;108=-1;109=0;110=-1;111=0;112=-1;113=0;116=0;120=0
29514,Fulfillment,フルフィルメント,29xxx,33,10,46,3,-1,None,0,-1,None,0,none,0,0,0,0,0,0,0,-1,-1,0,0,false,-1,,,,,0,-1,,,84=0;85=0;86=0;87=-1;88=0;89=-1;90=0;91=-1;92=0;93=-1;94=0;95=0;96=0;97=0;98=0;99=-1;100=0;101=-1;102=0;103=-1;104=0;105=-1;106=0;107=1;108=-1;109=0;110=-1;111=0;112=-1;113=0;116=0;120=0
29515,Masterpiece,マスターピース,29xxx,34,10,46,3,-1,None,0,-1,None,0,none,0,0,0,0,0,0,0,-1,-1,0,0,false,-1,,,,,0,-1,,,84=0;85=0;86=0;87=-1;88=0;89=-1;90=0;91=-1;92=0;93=-1;94=0;95=0;96=0;97=0;98=0;99=-1;100=0;101=-1;102=0;103=-1;104=0;105=-1;106=0;107=1;108=-1;109=0;110=-1;111=0;112=-1;113=0;116=0;120=0
29516,Culmination,カルミネーション,29xxx,34,45,46,3,-1,None,0,-1,None,0,none,0,0,0,0,0,0,0,-1,-1,0,0,false,-1,,,,,0,-1,,,84=0;85=0;86=0;87=-1;88=0;89=-1;90=0;91=-1;92=0;93=-1;94=0;95=0;96=0;97=0;98=0;99=-1;100=0;101=-1;102=0;103=-1;104=0;105=-1;106=0;107=1;108=-1;109=0;110=-1;111=0;112=-1;113=0;116=0;120=0
29517,Life's Purpose,ライフパーパス,29xxx,36,30,46,3,-1,None,0,-1,None,0,none,0,0,0,0,0,0,0,-1,-1,0,0,false,-1,,,,,0,-1,,,84=0;85=0;86=0;87=-1;88=0;89=-1;90=0;91=-1;92=0;93=-1;94=0;95=0;96=0;97=0;98=0;99=-1;100=0;101=-1;102=0;103=-1;104=0;105=-1;106=0;107=1;108=-1;109=0;110=-1;111=0;112=-1;113=0;116=0;120=0
29518,Grandmastery,グランドマスタリー,29xxx,29,30,46,3,-1,None,0,-1,None,0,none,0,0,0,0,0,0,0,-1,-1,0,0,false,-1,,,,,0,-1,,,84=0;85=0;86=0;87=-1;88=0;89=-1;90=0;91=-1;92=0;93=-1;94=0;95=0;96=0;97=0;98=0;99=-1;100=0;101=-1;102=0;103=-1;104=0;105=-1;106=0;107=1;108=-1;109=0;110=-1;111=0;112=-1;113=0;116=0;120=0
29519,Perfection,パーフェクション,29xxx,29,36,46,3,-1,None,0,-1,None,0,none,0,0,0,0,0,0,0,-1,-1,0,0,false,-1,,,,,0,-1,,,84=0;85=0;86=0;87=-1;88=0;89=-1;90=0;91=-1;92=0;93=-1;94=0;95=0;96=0;97=0;98=0;99=-1;100=0;101=-1;102=0;103=-1;104=0;105=-1;106=0;107=1;108=-1;109=0;110=-1;111=0;112=-1;113=0;116=0;120=0
29520,Creative Urge,クリエイティブアージ,29xxx,35,20,46,3,-1,None,0,-1,None,0,none,0,0,0,0,0,0,0,-1,-1,0,0,false,-1,,,,,0,-1,,,84=0;85=0;86=0;87=-1;88=0;89=-1;90=0;91=-1;92=0;93=-1;94=0;95=0;96=0;97=0;98=0;99=-1;100=0;101=-1;102=0;103=-1;104=0;105=-1;106=0;107=1;108=-1;109=0;110=-1;111=0;112=-1;113=0;116=0;120=0
29521,Brand of Fire,ブランド・オブ・ファイア,29xxx,30,20,46,3,-1,None,0,-1,None,0,none,20,0,0,0,0,0,0,-1,-1,0,0,false,-1,,,,,0,-1,,,84=20;85=0;86=0;87=7;88=80;89=-1;90=0;91=-1;92=0;93=-1;94=0;95=0;96=0;97=0;98=0;99=-1;100=0;101=-1;102=0;103=-1;104=0;105=-1;106=0;107=1;108=-1;109=0;110=-1;111=0;112=-1;113=0;116=0;120=0
29522,Brand of Ice,ブランド・オブ・アイス,29xxx,31,20,46,3,-1,None,0,-1,None,0,none,20,0,0,0,0,0,0,-1,-1,0,0,false,-1,,,,,0,-1,,,84=20;85=0;86=0;87=8;88=80;89=-1;90=0;91=-1;92=0;93=-1;94=0;95=0;96=0;97=0;98=0;99=-1;100=0;101=-1;102=0;103=-1;104=0;105=-1;106=0;107=1;108=-1;109=0;110=-1;111=0;112=-1;113=0;116=0;120=0
29523,Brand of Wind,ブランド・オブ・ウィンド,29xxx,32,20,46,3,-1,None,0,-1,None,0,none,20,0,0,0,0,0,0,-1,-1,0,0,false,-1,,,,,0,-1,,,84=20;85=0;86=0;87=9;88=80;89=-1;90=0;91=-1;92=0;93=-1;94=0;95=0;96=0;97=0;98=0;99=-1;100=0;101=-1;102=0;103=-1;104=0;105=-1;106=0;107=1;108=-1;109=0;110=-1;111=0;112=-1;113=0;116=0;120=0
29524,Brand of Earth,ブランド・オブ・アース,29xxx,33,20,46,3,-1,None,0,-1,None,0,none,20,0,0,0,0,0,0,-1,-1,0,0,false,-1,,,,,0,-1,,,84=20;85=0;86=0;87=10;88=80;89=-1;90=0;91=-1;92=0;93=-1;94=0;95=0;96=0;97=0;98=0;99=-1;100=0;101=-1;102=0;103=-1;104=0;105=-1;106=0;107=1;108=-1;109=0;110=-1;111=0;112=-1;113=0;116=0;120=0
29525,Brand of Lightning,ブランド・オブ・ライトニング,29xxx,34,20,46,3,-1,None,0,-1,None,0,none,20,0,0,0,0,0,0,-1,-1,0,0,false,-1,,,,,0,-1,,,84=20;85=0;86=0;87=11;88=80;89=-1;90=0;91=-1;92=0;93=-1;94=0;95=0;96=0;97=0;98=0;99=-1;100=0;101=-1;102=0;103=-1;104=0;105=-1;106=0;107=1;108=-1;109=0;110=-1;111=0;112=-1;113=0;116=0;120=0
29526,Brand of Water,ブランド・オブ・ウォーター,29xxx,36,20,46,3,-1,None,0,-1,None,0,none,20,0,0,0,0,0,0,-1,-1,0,0,false,-1,,,,,0,-1,,,84=20;85=0;86=0;87=12;88=80;89=-1;90=0;91=-1;92=0;93=-1;94=0;95=0;96=0;97=0;98=0;99=-1;100=0;101=-1;102=0;103=-1;104=0;105=-1;106=0;107=1;108=-1;109=0;110=-1;111=0;112=-1;113=0;116=0;120=0
29527,Elemental Appeal,エレメンタルアピール,29xxx,36,36,46,3,-1,None,0,-1,None,0,none,0,0,0,0,0,0,0,-1,-1,0,0,false,-1,,,,,0,-1,,,84=0;85=0;86=0;87=-1;88=0;89=-1;90=0;91=-1;92=0;93=-1;94=0;95=0;96=0;97=0;98=0;99=-1;100=0;101=-1;102=0;103=-1;104=0;105=-1;106=0;107=1;108=-1;109=0;110=-1;111=0;112=-1;113=0;116=0;120=0
29528,Improvise,インプロヴァイズ,29xxx,29,20,46,3,-1,None,0,-1,None,0,none,200,0,0,0,0,0,0,-1,-1,0,0,false,-1,,,,,0,-1,,,84=200;85=0;86=0;87=-1;88=0;89=-1;90=0;91=-1;92=0;93=-1;94=0;95=0;96=0;97=0;98=0;99=-1;100=0;101=-1;102=0;103=-1;104=0;105=-1;106=0;107=1;108=-1;109=0;110=-1;111=0;112=-1;113=0;116=0;120=0
29529,Master's Mend,マスターズメンド,29xxx,35,45,46,3,-1,None,0,-1,None,0,none,0,0,0,0,0,0,0,-1,-1,0,0,false,-1,,,,,0,-1,,,84=0;85=0;86=0;87=-1;88=0;89=-1;90=0;91=-1;92=0;93=-1;94=0;95=0;96=0;97=0;98=0;99=-1;100=0;101=-1;102=0;103=-1;104=0;105=-1;106=0;107=1;108=-1;109=0;110=-1;111=0;112=-1;113=0;116=0;120=0
29530,Waste Not,倹約,29xxx,36,30,46,3,-1,None,0,-1,None,0,none,0,0,0,0,0,0,0,-1,-1,0,0,false,-1,,,,,0,-1,,,84=0;85=0;86=0;87=-1;88=0;89=-1;90=0;91=-1;92=0;93=-1;94=0;95=0;96=0;97=0;98=0;99=-1;100=0;101=-1;102=0;103=-1;104=0;105=-1;106=0;107=1;108=-1;109=0;110=-1;111=0;112=-1;113=0;116=0;120=0
29531,Tender Touch,テンダータッチ,29xxx,29,10,46,3,-1,None,0,-1,None,0,none,0,0,0,0,0,0,0,-1,-1,0,0,false,-1,,,,,0,-1,,,84=0;85=0;86=0;87=-1;88=0;89=-1;90=0;91=-1;92=0;93=-1;94=0;95=0;96=0;97=0;98=0;99=-1;100=0;101=-1;102=0;103=-1;104=0;105=-1;106=0;107=1;108=-1;109=0;110=-1;111=0;112=-1;113=0;116=0;120=0
29532,Comfort Zone,コンファートゾーン,29xxx,35,36,46,3,-1,None,0,-1,None,0,none,0,0,0,0,0,0,0,-1,-1,0,0,false,-1,,,,,0,-1,,,84=0;85=0;86=0;87=-1;88=0;89=-1;90=0;91=-1;92=0;93=-1;94=0;95=0;96=0;97=0;98=0;99=-1;100=0;101=-1;102=0;103=-1;104=0;105=-1;106=0;107=1;108=-1;109=0;110=-1;111=0;112=-1;113=0;116=0;120=0
29533,Ingenuity,工面算段,29xxx,30,30,46,3,-1,None,0,-1,None,0,none,0,0,0,0,0,0,0,-1,-1,0,0,false,-1,,,,,0,-1,,,84=0;85=0;86=0;87=-1;88=0;89=-1;90=0;91=-1;92=0;93=-1;94=0;95=0;96=0;97=0;98=0;99=-1;100=0;101=-1;102=0;103=-1;104=0;105=-1;106=0;107=1;108=-1;109=0;110=-1;111=0;112=-1;113=0;116=0;120=0
29534,Determination,デタミネーション,29xxx,33,45,46,3,-1,None,0,-1,None,0,none,0,0,0,0,0,0,0,-1,-1,0,0,false,-1,,,,,0,-1,,,84=0;85=0;86=0;87=-1;88=0;89=-1;90=0;91=-1;92=0;93=-1;94=0;95=0;96=0;97=0;98=0;99=-1;100=0;101=-1;102=0;103=-1;104=0;105=-1;106=0;107=1;108=-1;109=0;110=-1;111=0;112=-1;113=0;116=0;120=0
29535,Magnum Opus,マグナムオーパス,29xxx,36,45,46,3,-1,None,0,-1,None,0,none,150,0,0,0,0,0,0,-1,-1,0,0,false,-1,,,,,0,-1,,,84=150;85=0;86=0;87=-1;88=0;89=-1;90=0;91=-1;92=0;93=-1;94=0;95=0;96=0;97=0;98=0;99=-1;100=0;101=-1;102=0;103=-1;104=0;105=-1;106=0;107=1;108=-1;109=0;110=-1;111=0;112=-1;113=0;116=0;120=0
29536,Great Strides,グレートストライド,29xxx,31,30,46,3,-1,None,0,-1,None,0,none,0,0,0,0,0,0,0,-1,-1,0,0,false,-1,,,,,0,-1,,,84=0;85=0;86=0;87=-1;88=0;89=-1;90=0;91=-1;92=0;93=-1;94=0;95=0;96=0;97=0;98=0;99=-1;100=0;101=-1;102=0;103=-1;104=0;105=-1;106=0;107=1;108=-1;109=0;110=-1;111=0;112=-1;113=0;116=0;120=0
29537,Eye for Detail,審美眼,29xxx,31,36,46,3,-1,None,0,-1,None,0,none,50,0,0,0,0,0,0,-1,-1,0,0,false,-1,,,,,0,-1,,,84=50;85=0;86=0;87=-1;88=0;89=-1;90=0;91=-1;92=0;93=-1;94=0;95=0;96=0;97=0;98=0;99=-1;100=0;101=-1;102=0;103=-1;104=0;105=-1;106=0;107=1;108=-1;109=0;110=-1;111=0;112=-1;113=0;116=0;120=0
29538,Flawlessness,完全,29xxx,34,36,46,3,-1,None,0,-1,None,0,none,0,0,0,0,0,0,0,-1,-1,0,0,false,-1,,,,,0,-1,,,84=0;85=0;86=0;87=-1;88=0;89=-1;90=0;91=-1;92=0;93=-1;94=0;95=0;96=0;97=0;98=0;99=-1;100=0;101=-1;102=0;103=-1;104=0;105=-1;106=0;107=1;108=-1;109=0;110=-1;111=0;112=-1;113=0;116=0;120=0
29539,Meticulous Mind,メチクラスマインド,29xxx,32,30,46,3,-1,None,0,-1,None,0,none,0,0,0,0,0,0,0,-1,-1,0,0,false,-1,,,,,0,-1,,,84=0;85=0;86=0;87=-1;88=0;89=-1;90=0;91=-1;92=0;93=-1;94=0;95=0;96=0;97=0;98=0;99=-1;100=0;101=-1;102=0;103=-1;104=0;105=-1;106=0;107=1;108=-1;109=0;110=-1;111=0;112=-1;113=0;116=0;120=0
29540,Make the Most,保全,29xxx,36,10,46,3,-1,None,0,-1,None,0,none,0,0,0,0,0,0,0,-1,-1,0,0,false,-1,,,,,0,-1,,,84=0;85=0;86=0;87=-1;88=0;89=-1;90=0;91=-1;92=0;93=-1;94=0;95=0;96=0;97=0;98=0;99=-1;100=0;101=-1;102=0;103=-1;104=0;105=-1;106=0;107=1;108=-1;109=0;110=-1;111=0;112=-1;113=0;116=0;120=0
29541,Byregot's Blessing,ビエルゴの祝福,29xxx,29,45,46,3,-1,None,0,-1,None,0,none,100,0,0,0,0,0,0,-1,-1,0,0,false,-1,,,,,0,-1,,,84=100;85=0;86=0;87=-1;88=0;89=-1;90=0;91=-1;92=0;93=-1;94=0;95=0;96=0;97=0;98=0;99=-1;100=0;101=-1;102=0;103=-1;104=0;105=-1;106=0;107=1;108=-1;109=0;110=-1;111=0;112=-1;113=0;116=0;120=0
29542,Inner Quiet,インナークワイエット,29xxx,33,30,46,3,-1,None,0,-1,None,0,none,100,0,0,0,0,0,0,-1,-1,0,0,false,-1,,,,,0,-1,,,84=100;85=0;86=0;87=-1;88=0;89=-1;90=0;91=-1;92=0;93=-1;94=0;95=0;96=0;97=0;98=0;99=-1;100=0;101=-1;102=0;103=-1;104=0;105=-1;106=0;107=1;108=-1;109=0;110=-1;111=0;112=-1;113=0;116=0;120=0
29543,Good Measure,グッドメジャー,29xxx,34,30,46,3,-1,None,0,-1,None,0,none,100,0,0,0,0,0,0,-1,-1,0,0,false,-1,,,,,0,-1,,,84=100;85=0;86=0;87=-1;88=0;89=-1;90=0;91=-1;92=0;93=-1;94=0;95=0;96=0;97=0;98=0;99=-1;100=0;101=-1;102=0;103=-1;104=0;105=-1;106=0;107=1;108=-1;109=0;110=-1;111=0;112=-1;113=0;116=0;120=0
29544,Inspiration,インスピレーション,29xxx,32,36,46,3,-1,None,0,-1,None,0,none,50,0,0,0,0,0,0,-1,-1,0,0,false,-1,,,,,0,-1,,,84=50;85=0;86=0;87=-1;88=0;89=-1;90=0;91=-1;92=0;93=-1;94=0;95=0;96=0;97=0;98=0;99=-1;100=0;101=-1;102=0;103=-1;104=0;105=-1;106=0;107=1;108=-1;109=0;110=-1;111=0;112=-1;113=0;116=0;120=0
29545,Pride of Labor,プライド・オブ・レイバー,29xxx,32,10,46,3,-1,None,0,-1,None,0,none,50,0,0,0,0,0,0,-1,-1,0,0,false,-1,,,,,0,-1,,,84=50;85=0;86=0;87=-1;88=0;89=-1;90=0;91=-1;92=0;93=-1;94=0;95=0;96=0;97=0;98=0;99=-1;100=0;101=-1;102=0;103=-1;104=0;105=-1;106=0;107=1;108=-1;109=0;110=-1;111=0;112=-1;113=0;116=0;120=0
29546,Innovation,イノベーション,29xxx,35,30,46,3,-1,None,0,-1,None,0,none,50,0,0,0,0,0,0,-1,-1,0,0,false,-1,,,,,0,-1,,,84=50;85=0;86=0;87=-1;88=0;89=-1;90=0;91=-1;92=0;93=-1;94=0;95=0;96=0;97=0;98=0;99=-1;100=0;101=-1;102=0;103=-1;104=0;105=-1;106=0;107=1;108=-1;109=0;110=-1;111=0;112=-1;113=0;116=0;120=0
29547,Sublimation,サブリメーション,29xxx,30,30,46,3,-1,None,0,-1,None,0,none,50,0,0,0,0,0,0,-1,-1,0,0,false,-1,,,,,0,-1,,,84=50;85=0;86=0;87=-1;88=0;89=-1;90=0;91=-1;92=0;93=-1;94=0;95=0;96=0;97=0;98=0;99=-1;100=0;101=-1;102=0;103=-1;104=0;105=-1;106=0;107=1;108=-1;109=0;110=-1;111=0;112=-1;113=0;116=0;120=0
29548,Resolution,レゾリューション,29xxx,31,30,46,3,-1,None,0,-1,None,0,none,50,0,0,0,0,0,0,-1,-1,0,0,false,-1,,,,,0,-1,,,84=50;85=0;86=0;87=-1;88=0;89=-1;90=0;91=-1;92=0;93=-1;94=0;95=0;96=0;97=0;98=0;99=-1;100=0;101=-1;102=0;103=-1;104=0;105=-1;106=0;107=1;108=-1;109=0;110=-1;111=0;112=-1;113=0;116=0;120=0
29549,Fit for Kings,ロイヤルフィット,29xxx,34,36,46,3,-1,None,0,-1,None,0,none,50,0,0,0,0,0,0,-1,-1,0,0,false,-1,,,,,0,-1,,,84=50;85=0;86=0;87=-1;88=0;89=-1;90=0;91=-1;92=0;93=-1;94=0;95=0;96=0;97=0;98=0;99=-1;100=0;101=-1;102=0;103=-1;104=0;105=-1;106=0;107=1;108=-1;109=0;110=-1;111=0;112=-1;113=0;116=0;120=0
29550,Manipulation,マニピュレーション,29xxx,32,30,46,3,-1,None,0,-1,None,0,none,0,0,0,0,0,0,0,-1,-1,0,0,false,-1,,,,,0,-1,,,84=0;85=0;86=0;87=-1;88=0;89=-1;90=0;91=-1;92=0;93=-1;94=0;95=0;96=0;97=0;98=0;99=-1;100=0;101=-1;102=0;103=-1;104=0;105=-1;106=0;107=1;108=-1;109=0;110=-1;111=0;112=-1;113=0;116=0;120=0
29551,Heart and Soul,ハート・アンド・ソウル,29xxx,36,36,46,3,-1,None,0,-1,None,0,none,125,0,0,0,0,0,0,-1,-1,0,0,false,-1,,,,,0,-1,,,84=125;85=0;86=0;87=-1;88=0;89=-1;90=0;91=-1;92=0;93=-1;94=0;95=0;96=0;97=0;98=0;99=-1;100=0;101=-1;102=0;103=-1;104=0;105=-1;106=0;107=1;108=-1;109=0;110=-1;111=0;112=-1;113=0;116=0;120=0
29552,Purification,ピュリファケーション,29xxx,35,36,46,3,-1,None,0,-1,None,0,none,125,0,0,0,0,0,0,-1,-1,0,0,false,-1,,,,,0,-1,,,84=125;85=0;86=0;87=-1;88=0;89=-1;90=0;91=-1;92=0;93=-1;94=0;95=0;96=0;97=0;98=0;99=-1;100=0;101=-1;102=0;103=-1;104=0;105=-1;106=0;107=1;108=-1;109=0;110=-1;111=0;112=-1;113=0;116=0;120=0
29553,Aspect Balance,アスペクトバランス,29xxx,35,10,46,3,-1,None,0,-1,None,0,none,0,0,0,0,0,0,0,-1,-1,0,0,false,-1,,,,,0,-1,,,84=0;85=0;86=0;87=-1;88=0;89=-1;90=0;91=-1;92=0;93=-1;94=0;95=0;96=0;97=0;98=0;99=-1;100=0;101=-1;102=0;103=-1;104=0;105=-1;106=0;107=1;108=-1;109=0;110=-1;111=0;112=-1;113=0;116=0;120=0
29701,.White Lotus,.ホワイトロータス,29xxx,0,1,1,4,-1,None,0,-1,None,0,none,0,0,0,0,1,0,0,0,0,0,0,false,-1,,,,,0,-1,,,84=0;85=0;86=0;87=-1;88=0;89=-1;90=0;91=-1;92=0;93=-1;94=0;95=0;96=0;97=0;98=0;99=-1;100=0;101=-1;102=0;103=-1;104=0;105=-1;106=0;107=1;108=-1;109=0;110=-1;111=0;112=-1;113=0;116=0;120=0
29702,Earthen Favor,アースフェイバー,29xxx,39,15,56,4,-1,None,0,-1,None,0,none,0,0,0,0,0,0,0,0,0,0,0,false,-1,,,,,0,-1,,,84=0;85=0;86=0;87=-1;88=0;89=-1;90=0;91=-1;92=0;93=-1;94=0;95=0;96=10;97=0;98=0;99=7;100=1;101=-1;102=0;103=-1;104=0;105=-1;106=0;107=1;108=-1;109=0;110=-1;111=0;112=-1;113=0;116=0;120=0
29703,Stroke of Luck,ストローク・オブ・ラック,29xxx,40,15,56,4,-1,None,0,-1,None,0,none,0,0,0,0,0,0,0,0,0,0,0,false,-1,,,,,0,-1,,,84=0;85=0;86=0;87=-1;88=0;89=-1;90=0;91=-1;92=0;93=-1;94=0;95=0;96=10;97=0;98=0;99=10;100=1;101=-1;102=0;103=-1;104=0;105=-1;106=0;107=1;108=-1;109=0;110=-1;111=0;112=-1;113=0;116=0;120=0
29704,Nature's Bounty,ネイチャーバウンティ,29xxx,41,15,56,4,-1,None,0,-1,None,0,none,0,0,0,0,0,0,0,0,0,0,0,false,-1,,,,,0,-1,,,84=0;85=0;86=0;87=-1;88=0;89=-1;90=0;91=-1;92=0;93=-1;94=0;95=0;96=10;97=0;98=0;99=12;100=1;101=-1;102=0;103=-1;104=0;105=-1;106=0;107=1;108=-1;109=0;110=-1;111=0;112=-1;113=0;116=0;120=0
29705,Sharp Vision,シャープビジョン,29xxx,39,10,56,4,-1,None,0,-1,None,0,none,0,0,0,0,0,0,0,0,0,0,0,false,-1,,,,,0,-1,,,84=0;85=0;86=0;87=-1;88=0;89=-1;90=0;91=-1;92=0;93=-1;94=0;95=0;96=7;97=0;98=0;99=8;100=1;101=-1;102=0;103=-1;104=0;105=-1;106=0;107=1;108=-1;109=0;110=-1;111=0;112=-1;113=0;116=0;120=0
29706,Field Mastery,フィールドマスタリー,29xxx,40,10,56,4,-1,None,0,-1,None,0,none,0,0,0,0,0,0,0,0,0,0,0,false,-1,,,,,0,-1,,,84=0;85=0;86=0;87=-1;88=0;89=-1;90=0;91=-1;92=0;93=-1;94=0;95=0;96=7;97=0;98=0;99=11;100=1;101=-1;102=0;103=-1;104=0;105=-1;106=0;107=1;108=-1;109=0;110=-1;111=0;112=-1;113=0;116=0;120=0
29707,Veteran Trade,ベテラントレード,29xxx,41,10,56,4,-1,None,0,-1,None,0,none,0,0,0,0,0,0,0,0,0,0,0,false,-1,,,,,0,-1,,,84=0;85=0;86=0;87=-1;88=0;89=-1;90=0;91=-1;92=0;93=-1;94=0;95=0;96=7;97=0;98=0;99=9;100=1;101=-1;102=0;103=-1;104=0;105=-1;106=0;107=1;108=-1;109=0;110=-1;111=0;112=-1;113=0;116=0;120=0
29717,Way of Plenty,ウェイ・オブ・プレンティ,29xxx,41,25,56,4,-1,None,0,-1,None,0,none,0,0,0,0,0,0,0,0,0,0,0,false,-1,,,,,0,-1,,,84=0;85=0;86=0;87=-1;88=0;89=-1;90=0;91=-1;92=0;93=-1;94=0;95=0;96=5;97=0;98=0;99=9;100=1;101=-1;102=0;103=-1;104=0;105=-1;106=0;107=1;108=-1;109=0;110=-1;111=0;112=-1;113=0;116=0;120=0
29718,King's Yield,キングスイールド,29xxx,39,25,56,4,-1,None,0,-1,None,0,none,0,0,0,0,0,0,0,0,0,0,0,false,-1,,,,,0,-1,,,84=0;85=0;86=0;87=-1;88=0;89=-1;90=0;91=-1;92=0;93=-1;94=0;95=0;96=5;97=0;98=0;99=8;100=1;101=-1;102=0;103=-1;104=0;105=-1;106=0;107=1;108=-1;109=0;110=-1;111=0;112=-1;113=0;116=0;120=0
29719,Sweat of Brow,スエット・オブ・ブロウ,29xxx,40,25,56,4,-1,None,0,-1,None,0,none,0,0,0,0,0,0,0,0,0,0,0,false,-1,,,,,0,-1,,,84=0;85=0;86=0;87=-1;88=0;89=-1;90=0;91=-1;92=0;93=-1;94=0;95=0;96=5;97=0;98=0;99=11;100=1;101=-1;102=0;103=-1;104=0;105=-1;106=0;107=1;108=-1;109=0;110=-1;111=0;112=-1;113=0;116=0;120=0
29721,Stone Resolve,ストーンリゾルヴ,29xxx,39,30,56,4,-1,None,0,-1,None,0,none,0,0,0,0,0,0,0,-1,-1,0,0,false,-1,,,,,0,-1,,,84=0;85=0;86=0;87=-1;88=0;89=-1;90=0;91=-1;92=0;93=-1;94=0;95=0;96=10;97=0;98=0;99=7;100=1;101=-1;102=0;103=-1;104=0;105=-1;106=0;107=1;108=-1;109=0;110=-1;111=0;112=-1;113=0;116=0;120=0
29722,Green Mind,グリーンマインド,29xxx,40,30,56,4,-1,None,0,-1,None,0,none,0,0,0,0,0,0,0,-1,-1,0,0,false,-1,,,,,0,-1,,,84=0;85=0;86=0;87=-1;88=0;89=-1;90=0;91=-1;92=0;93=-1;94=0;95=0;96=10;97=0;98=0;99=10;100=1;101=-1;102=0;103=-1;104=0;105=-1;106=0;107=1;108=-1;109=0;110=-1;111=0;112=-1;113=0;116=0;120=0
29723,Clever Arc,クレバーアーチ,29xxx,41,30,56,4,-1,None,0,-1,None,0,none,0,0,0,0,0,0,0,-1,-1,0,0,false,-1,,,,,0,-1,,,84=0;85=0;86=0;87=-1;88=0;89=-1;90=0;91=-1;92=0;93=-1;94=0;95=0;96=10;97=0;98=0;99=12;100=1;101=-1;102=0;103=-1;104=0;105=-1;106=0;107=1;108=-1;109=0;110=-1;111=0;112=-1;113=0;116=0;120=0
29724,Master of Rock,石理識別,29xxx,39,36,56,4,-1,None,0,-1,None,0,none,0,0,0,0,0,0,0,-1,-1,0,0,false,-1,,,,,0,-1,,,84=0;85=0;86=0;87=-1;88=0;89=-1;90=0;91=-1;92=0;93=-1;94=0;95=0;96=10;97=0;98=0;99=8;100=1;101=-1;102=0;103=-1;104=0;105=-1;106=0;107=1;108=-1;109=0;110=-1;111=0;112=-1;113=0;116=0;120=0
29725,Master of Timber,樹相識別,29xxx,40,36,56,4,-1,None,0,-1,None,0,none,0,0,0,0,0,0,0,-1,-1,0,0,false,-1,,,,,0,-1,,,84=0;85=0;86=0;87=-1;88=0;89=-1;90=0;91=-1;92=0;93=-1;94=0;95=0;96=10;97=0;98=0;99=11;100=1;101=-1;102=0;103=-1;104=0;105=-1;106=0;107=1;108=-1;109=0;110=-1;111=0;112=-1;113=0;116=0;120=0
29726,Master of Fish,魚影識別,29xxx,41,36,56,4,-1,None,0,-1,None,0,none,0,0,0,0,0,0,0,-1,-1,0,0,false,-1,,,,,0,-1,,,84=0;85=0;86=0;87=-1;88=0;89=-1;90=0;91=-1;92=0;93=-1;94=0;95=0;96=10;97=0;98=0;99=9;100=1;101=-1;102=0;103=-1;104=0;105=-1;106=0;107=1;108=-1;109=0;110=-1;111=0;112=-1;113=0;116=0;120=0
29727,Truth of Mountains,岩石学,29xxx,39,30,56,4,-1,None,0,-1,None,0,none,0,0,0,0,0,0,0,-1,-1,0,0,false,-1,,,,,0,-1,,,84=0;85=0;86=0;87=-1;88=0;89=-1;90=0;91=-1;92=0;93=-1;94=0;95=0;96=10;97=0;98=0;99=7;100=1;101=-1;102=0;103=-1;104=0;105=-1;106=0;107=1;108=-1;109=0;110=-1;111=0;112=-1;113=0;116=0;120=0
29728,Truth of Forests,樹木学,29xxx,40,30,56,4,-1,None,0,-1,None,0,none,0,0,0,0,0,0,0,-1,-1,0,0,false,-1,,,,,0,-1,,,84=0;85=0;86=0;87=-1;88=0;89=-1;90=0;91=-1;92=0;93=-1;94=0;95=0;96=10;97=0;98=0;99=10;100=1;101=-1;102=0;103=-1;104=0;105=-1;106=0;107=1;108=-1;109=0;110=-1;111=0;112=-1;113=0;116=0;120=0
29729,Truth of Seas,海洋学,29xxx,41,30,56,4,-1,None,0,-1,None,0,none,0,0,0,0,0,0,0,-1,-1,0,0,false,-1,,,,,0,-1,,,84=0;85=0;86=0;87=-1;88=0;89=-1;90=0;91=-1;92=0;93=-1;94=0;95=0;96=10;97=0;98=0;99=12;100=1;101=-1;102=0;103=-1;104=0;105=-1;106=0;107=1;108=-1;109=0;110=-1;111=0;112=-1;113=0;116=0;120=0
29730,Nald'thal's Ward,ナルザルの加護,29xxx,39,20,56,4,-1,None,0,-1,None,0,none,0,0,0,0,0,0,0,-1,-1,0,0,false,-1,,,,,0,-1,,,84=0;85=0;86=0;87=-1;88=0;89=-1;90=0;91=-1;92=0;93=-1;94=0;95=0;96=10;97=0;98=0;99=7;100=1;101=-1;102=0;103=-1;104=0;105=-1;106=0;107=1;108=-1;109=0;110=-1;111=0;112=-1;113=0;116=0;120=0
29731,Menphina's Ward,メネフィナの加護,29xxx,39,20,56,4,-1,None,0,-1,None,0,none,0,0,0,0,0,0,0,-1,-1,0,0,false,-1,,,,,0,-1,,,84=0;85=0;86=0;87=-1;88=0;89=-1;90=0;91=-1;92=0;93=-1;94=0;95=0;96=10;97=0;98=0;99=8;100=1;101=-1;102=0;103=-1;104=0;105=-1;106=0;107=1;108=-1;109=0;110=-1;111=0;112=-1;113=0;116=0;120=0
29732,Nophica's Ward,ノフィカの加護,29xxx,40,20,56,4,-1,None,0,-1,None,0,none,0,0,0,0,0,0,0,-1,-1,0,0,false,-1,,,,,0,-1,,,84=0;85=0;86=0;87=-1;88=0;89=-1;90=0;91=-1;92=0;93=-1;94=0;95=0;96=10;97=0;98=0;99=10;100=1;101=-1;102=0;103=-1;104=0;105=-1;106=0;107=1;108=-1;109=0;110=-1;111=0;112=-1;113=0;116=0;120=0
29733,Llymlaen's Ward,リムレーンの加護,29xxx,41,20,56,4,-1,None,0,-1,None,0,none,0,0,0,0,0,0,0,-1,-1,0,0,false,-1,,,,,0,-1,,,84=0;85=0;86=0;87=-1;88=0;89=-1;90=0;91=-1;92=0;93=-1;94=0;95=0;96=10;97=0;98=0;99=9;100=1;101=-1;102=0;103=-1;104=0;105=-1;106=0;107=1;108=-1;109=0;110=-1;111=0;112=-1;113=0;116=0;120=0
29734,Thaliak's Ward,サリャクの加護,29xxx,41,20,56,4,-1,None,0,-1,None,0,none,0,0,0,0,0,0,0,-1,-1,0,0,false,-1,,,,,0,-1,,,84=0;85=0;86=0;87=-1;88=0;89=-1;90=0;91=-1;92=0;93=-1;94=0;95=0;96=10;97=0;98=0;99=12;100=1;101=-1;102=0;103=-1;104=0;105=-1;106=0;107=1;108=-1;109=0;110=-1;111=0;112=-1;113=0;116=0;120=0
29735,Byregot's Ward,ビエルゴの加護,29xxx,40,20,56,4,-1,None,0,-1,None,0,none,0,0,0,0,0,0,0,-1,-1,0,0,false,-1,,,,,0,-1,,,84=0;85=0;86=0;87=-1;88=0;89=-1;90=0;91=-1;92=0;93=-1;94=0;95=0;96=10;97=0;98=0;99=11;100=1;101=-1;102=0;103=-1;104=0;105=-1;106=0;107=1;108=-1;109=0;110=-1;111=0;112=-1;113=0;116=0;120=0
29736,Deep Vigor,彫工の力,29xxx,39,20,56,4,-1,None,0,-1,None,0,none,0,0,0,0,0,0,0,-1,-1,0,0,false,-1,,,,,0,-1,,,84=0;85=0;86=0;87=-1;88=0;89=-1;90=0;91=-1;92=0;93=-1;94=0;95=0;96=10;97=0;98=0;99=7;100=1;101=-1;102=0;103=-1;104=0;105=-1;106=0;107=1;108=-1;109=0;110=-1;111=0;112=-1;113=0;116=0;120=0
29737,Brunt Force,きこりの腕,29xxx,40,20,56,4,-1,None,0,-1,None,0,none,0,0,0,0,0,0,0,-1,-1,0,0,false,-1,,,,,0,-1,,,84=0;85=0;86=0;87=-1;88=0;89=-1;90=0;91=-1;92=0;93=-1;94=0;95=0;96=10;97=0;98=0;99=10;100=1;101=-1;102=0;103=-1;104=0;105=-1;106=0;107=1;108=-1;109=0;110=-1;111=0;112=-1;113=0;116=0;120=0
29738,Deft Grasp,海人の敏,29xxx,41,20,56,4,-1,None,0,-1,None,0,none,0,0,0,0,0,0,0,-1,-1,0,0,false,-1,,,,,0,-1,,,84=0;85=0;86=0;87=-1;88=0;89=-1;90=0;91=-1;92=0;93=-1;94=0;95=0;96=10;97=0;98=0;99=12;100=1;101=-1;102=0;103=-1;104=0;105=-1;106=0;107=1;108=-1;109=0;110=-1;111=0;112=-1;113=0;116=0;120=0
29739,Solid Reason,石工の理,29xxx,39,20,56,4,-1,None,0,-1,None,0,none,0,0,0,0,0,0,0,-1,-1,0,0,false,-1,,,,,0,-1,,,84=0;85=0;86=0;87=-1;88=0;89=-1;90=0;91=-1;92=0;93=-1;94=0;95=0;96=10;97=0;98=0;99=8;100=1;101=-1;102=0;103=-1;104=0;105=-1;106=0;107=1;108=-1;109=0;110=-1;111=0;112=-1;113=0;116=0;120=0
29740,Ageless Words,老農の知,29xxx,40,20,56,4,-1,None,0,-1,None,0,none,0,0,0,0,0,0,0,-1,-1,0,0,false,-1,,,,,0,-1,,,84=0;85=0;86=0;87=-1;88=0;89=-1;90=0;91=-1;92=0;93=-1;94=0;95=0;96=10;97=0;98=0;99=11;100=1;101=-1;102=0;103=-1;104=0;105=-1;106=0;107=1;108=-1;109=0;110=-1;111=0;112=-1;113=0;116=0;120=0
29741,Tidal Faith,船乗りの信,29xxx,41,20,56,4,-1,None,0,-1,None,0,none,0,0,0,0,0,0,0,-1,-1,0,0,false,-1,,,,,0,-1,,,84=0;85=0;86=0;87=-1;88=0;89=-1;90=0;91=-1;92=0;93=-1;94=0;95=0;96=10;97=0;98=0;99=9;100=1;101=-1;102=0;103=-1;104=0;105=-1;106=0;107=1;108=-1;109=0;110=-1;111=0;112=-1;113=0;116=0;120=0
29742,Fingerprints of the Gods,ゴッズプリント,29xxx,0,18,56,4,-1,None,0,-1,None,0,none,0,0,0,0,0,0,0,-1,-1,0,0,false,-1,,,,,1,-1,,,84=0;85=0;86=0;87=-1;88=0;89=-1;90=0;91=-1;92=0;93=-1;94=0;95=0;96=10;97=0;98=0;99=7;100=0;101=-1;102=0;103=-1;104=0;105=-1;106=0;107=1;108=-1;109=0;110=-1;111=0;112=-1;113=0;116=0;120=0
29801,Lay of the Land,ランドサーベイ,29xxx,39,1,113,1,-1,None,0,-1,None,0,none,0,0,0,0,0,15,0,-1,-1,0,0,false,-1,,,,,0,-1,,,84=0;85=0;86=0;87=-1;88=0;89=-1;90=0;91=-1;92=0;93=-1;94=0;95=0;96=0;97=0;98=0;99=-1;100=0;101=-1;102=0;103=-1;104=0;105=-1;106=0;107=1;108=-1;109=0;110=-1;111=0;112=-1;113=0;116=0;120=0
29802,Lay of the Land II,ランドサーベイII,29xxx,39,8,113,1,-1,None,0,-1,None,0,none,0,0,0,0,0,15,0,-1,-1,0,0,false,-1,,,,,0,-1,,,84=0;85=0;86=0;87=-1;88=0;89=-1;90=0;91=-1;92=0;93=-1;94=0;95=0;96=0;97=0;98=0;99=-1;100=0;101=-1;102=0;103=-1;104=0;105=-1;106=0;107=1;108=-1;109=0;110=-1;111=0;112=-1;113=0;116=0;120=0
29803,Lay of the Land III,ランドサーベイIII,29xxx,39,18,113,1,-1,None,0,-1,None,0,none,0,0,0,0,0,15,0,-1,-1,0,0,false,-1,,,,,0,-1,,,84=0;85=0;86=0;87=-1;88=0;89=-1;90=0;91=-1;92=0;93=-1;94=0;95=0;96=0;97=0;98=0;99=-1;100=0;101=-1;102=0;103=-1;104=0;105=-1;106=0;107=1;108=-1;109=0;110=-1;111=0;112=-1;113=0;116=0;120=0
29804,Lay of the Land IV,ランドサーベイIV,29xxx,39,28,113,1,-1,None,0,-1,None,0,none,0,0,0,0,0,15,0,-1,-1,0,0,false,-1,,,,,0,-1,,,84=0;85=0;86=0;87=-1;88=0;89=-1;90=0;91=-1;92=0;93=-1;94=0;95=0;96=0;97=0;98=0;99=-1;100=0;101=-1;102=0;103=-1;104=0;105=-1;106=0;107=1;108=-1;109=0;110=-1;111=0;112=-1;113=0;116=0;120=0
29805,Lay of the Land V,ランドサーベイV,29xxx,39,38,113,1,-1,None,0,-1,None,0,none,0,0,0,0,0,15,0,-1,-1,0,0,false,-1,,,,,0,-1,,,84=0;85=0;86=0;87=-1;88=0;89=-1;90=0;91=-1;92=0;93=-1;94=0;95=0;96=0;97=0;98=0;99=-1;100=0;101=-1;102=0;103=-1;104=0;105=-1;106=0;107=1;108=-1;109=0;110=-1;111=0;112=-1;113=0;116=0;120=0
29806,Lay of the Land VI,ランドサーベイVI,29xxx,39,48,113,1,-1,None,0,-1,None,0,none,0,0,0,0,0,15,0,-1,-1,0,0,false,-1,,,,,0,-1,,,84=0;85=0;86=0;87=-1;88=0;89=-1;90=0;91=-1;92=0;93=-1;94=0;95=0;96=0;97=0;98=0;99=-1;100=0;101=-1;102=0;103=-1;104=0;105=-1;106=0;107=1;108=-1;109=0;110=-1;111=0;112=-1;113=0;116=0;120=0
29807,Lay of the Land VII,ランドサーベイVII,29xxx,39,58,113,1,-1,None,0,-1,None,0,none,0,0,0,0,0,15,0,-1,-1,0,0,false,-1,,,,,0,-1,,,84=0;85=0;86=0;87=-1;88=0;89=-1;90=0;91=-1;92=0;93=-1;94=0;95=0;96=0;97=0;98=0;99=-1;100=0;101=-1;102=0;103=-1;104=0;105=-1;106=0;107=1;108=-1;109=0;110=-1;111=0;112=-1;113=0;116=0;120=0
29808,Lay of the Land VIII,ランドサーベイVIII,29xxx,39,68,113,1,-1,None,0,-1,None,0,none,0,0,0,0,0,15,0,-1,-1,0,0,false,-1,,,,,0,-1,,,84=0;85=0;86=0;87=-1;88=0;89=-1;90=0;91=-1;92=0;93=-1;94=0;95=0;96=0;97=0;98=0;99=-1;100=0;101=-1;102=0;103=-1;104=0;105=-1;106=0;107=1;108=-1;109=0;110=-1;111=0;112=-1;113=0;116=0;120=0
29809,Lay of the Land IX,ランドサーベイIX,29xxx,39,78,113,1,-1,None,0,-1,None,0,none,0,0,0,0,0,15,0,-1,-1,0,0,false,-1,,,,,0,-1,,,84=0;85=0;86=0;87=-1;88=0;89=-1;90=0;91=-1;92=0;93=-1;94=0;95=0;96=0;97=0;98=0;99=-1;100=0;101=-1;102=0;103=-1;104=0;105=-1;106=0;107=1;108=-1;109=0;110=-1;111=0;112=-1;113=0;116=0;120=0
29810,Lay of the Land  X,ランドサーベイX,29xxx,39,88,113,1,-1,None,0,-1,None,0,none,0,0,0,0,0,15,0,-1,-1,0,0,false,-1,,,,,0,-1,,,84=0;85=0;86=0;87=-1;88=0;89=-1;90=0;91=-1;92=0;93=-1;94=0;95=0;96=0;97=0;98=0;99=-1;100=0;101=-1;102=0;103=-1;104=0;105=-1;106=0;107=1;108=-1;109=0;110=-1;111=0;112=-1;113=0;116=0;120=0
29811,Arbor Call,アーバーコール,29xxx,40,1,113,1,-1,None,0,-1,None,0,none,0,0,0,0,0,15,0,-1,-1,0,0,false,-1,,,,,0,-1,,,84=0;85=0;86=0;87=-1;88=0;89=-1;90=0;91=-1;92=0;93=-1;94=0;95=0;96=0;97=0;98=0;99=-1;100=0;101=-1;102=0;103=-1;104=0;105=-1;106=0;107=1;108=-1;109=0;110=-1;111=0;112=-1;113=0;116=0;120=0
29812,Arbor Call II,アーバーコールII,29xxx,40,8,113,1,-1,None,0,-1,None,0,none,0,0,0,0,0,15,0,-1,-1,0,0,false,-1,,,,,0,-1,,,84=0;85=0;86=0;87=-1;88=0;89=-1;90=0;91=-1;92=0;93=-1;94=0;95=0;96=0;97=0;98=0;99=-1;100=0;101=-1;102=0;103=-1;104=0;105=-1;106=0;107=1;108=-1;109=0;110=-1;111=0;112=-1;113=0;116=0;120=0
29813,Arbor Call III,アーバーコールIII,29xxx,40,18,113,1,-1,None,0,-1,None,0,none,0,0,0,0,0,15,0,-1,-1,0,0,false,-1,,,,,0,-1,,,84=0;85=0;86=0;87=-1;88=0;89=-1;90=0;91=-1;92=0;93=-1;94=0;95=0;96=0;97=0;98=0;99=-1;100=0;101=-1;102=0;103=-1;104=0;105=-1;106=0;107=1;108=-1;109=0;110=-1;111=0;112=-1;113=0;116=0;120=0
29814,Arbor Call IV,アーバーコールIV,29xxx,40,28,113,1,-1,None,0,-1,None,0,none,0,0,0,0,0,15,0,-1,-1,0,0,false,-1,,,,,0,-1,,,84=0;85=0;86=0;87=-1;88=0;89=-1;90=0;91=-1;92=0;93=-1;94=0;95=0;96=0;97=0;98=0;99=-1;100=0;101=-1;102=0;103=-1;104=0;105=-1;106=0;107=1;108=-1;109=0;110=-1;111=0;112=-1;113=0;116=0;120=0
29815,Arbor Call V,アーバーコールV,29xxx,40,38,113,1,-1,None,0,-1,None,0,none,0,0,0,0,0,15,0,-1,-1,0,0,false,-1,,,,,0,-1,,,84=0;85=0;86=0;87=-1;88=0;89=-1;90=0;91=-1;92=0;93=-1;94=0;95=0;96=0;97=0;98=0;99=-1;100=0;101=-1;102=0;103=-1;104=0;105=-1;106=0;107=1;108=-1;109=0;110=-1;111=0;112=-1;113=0;116=0;120=0
29816,Arbor Call VI,アーバーコールVI,29xxx,40,48,113,1,-1,None,0,-1,None,0,none,0,0,0,0,0,15,0,-1,-1,0,0,false,-1,,,,,0,-1,,,84=0;85=0;86=0;87=-1;88=0;89=-1;90=0;91=-1;92=0;93=-1;94=0;95=0;96=0;97=0;98=0;99=-1;100=0;101=-1;102=0;103=-1;104=0;105=-1;106=0;107=1;108=-1;109=0;110=-1;111=0;112=-1;113=0;116=0;120=0
29817,Arbor Call VII,アーバーコールVII,29xxx,40,58,113,1,-1,None,0,-1,None,0,none,0,0,0,0,0,15,0,-1,-1,0,0,false,-1,,,,,0,-1,,,84=0;85=0;86=0;87=-1;88=0;89=-1;90=0;91=-1;92=0;93=-1;94=0;95=0;96=0;97=0;98=0;99=-1;100=0;101=-1;102=0;103=-1;104=0;105=-1;106=0;107=1;108=-1;109=0;110=-1;111=0;112=-1;113=0;116=0;120=0
29818,Arbor Call VIII,アーバーコールVIII,29xxx,40,68,113,1,-1,None,0,-1,None,0,none,0,0,0,0,0,15,0,-1,-1,0,0,false,-1,,,,,0,-1,,,84=0;85=0;86=0;87=-1;88=0;89=-1;90=0;91=-1;92=0;93=-1;94=0;95=0;96=0;97=0;98=0;99=-1;100=0;101=-1;102=0;103=-1;104=0;105=-1;106=0;107=1;108=-1;109=0;110=-1;111=0;112=-1;113=0;116=0;120=0
29819,Arbor Call IX,アーバーコールIX,29xxx,40,78,113,1,-1,None,0,-1,None,0,none,0,0,0,0,0,15,0,-1,-1,0,0,false,-1,,,,,0,-1,,,84=0;85=0;86=0;87=-1;88=0;89=-1;90=0;91=-1;92=0;93=-1;94=0;95=0;96=0;97=0;98=0;99=-1;100=0;101=-1;102=0;103=-1;104=0;105=-1;106=0;107=1;108=-1;109=0;110=-1;111=0;112=-1;113=0;116=0;120=0
29820,Arbor Call  X,アーバーコールX,29xxx,40,88,113,1,-1,None,0,-1,None,0,none,0,0,0,0,0,15,0,-1,-1,0,0,false,-1,,,,,0,-1,,,84=0;85=0;86=0;87=-1;88=0;89=-1;90=0;91=-1;92=0;93=-1;94=0;95=0;96=0;97=0;98=0;99=-1;100=0;101=-1;102=0;103=-1;104=0;105=-1;106=0;107=1;108=-1;109=0;110=-1;111=0;112=-1;113=0;116=0;120=0
29821,Gulleye,ガルアイ,29xxx,41,1,113,1,-1,None,0,-1,None,0,none,0,0,0,0,0,15,0,-1,-1,0,0,false,-1,,,,,0,-1,,,84=0;85=0;86=0;87=-1;88=0;89=-1;90=0;91=-1;92=0;93=-1;94=0;95=0;96=0;97=0;98=0;99=-1;100=0;101=-1;102=0;103=-1;104=0;105=-1;106=0;107=1;108=-1;109=0;110=-1;111=0;112=-1;113=0;116=0;120=0
29822,Gulleye II,ガルアイII,29xxx,41,8,113,1,-1,None,0,-1,None,0,none,0,0,0,0,0,15,0,-1,-1,0,0,false,-1,,,,,0,-1,,,84=0;85=0;86=0;87=-1;88=0;89=-1;90=0;91=-1;92=0;93=-1;94=0;95=0;96=0;97=0;98=0;99=-1;100=0;101=-1;102=0;103=-1;104=0;105=-1;106=0;107=1;108=-1;109=0;110=-1;111=0;112=-1;113=0;116=0;120=0
29823,Gulleye III,ガルアイIII,29xxx,41,18,113,1,-1,None,0,-1,None,0,none,0,0,0,0,0,15,0,-1,-1,0,0,false,-1,,,,,0,-1,,,84=0;85=0;86=0;87=-1;88=0;89=-1;90=0;91=-1;92=0;93=-1;94=0;95=0;96=0;97=0;98=0;99=-1;100=0;101=-1;102=0;103=-1;104=0;105=-1;106=0;107=1;108=-1;109=0;110=-1;111=0;112=-1;113=0;116=0;120=0
29824,Gulleye IV,ガルアイIV,29xxx,41,28,113,1,-1,None,0,-1,None,0,none,0,0,0,0,0,15,0,-1,-1,0,0,false,-1,,,,,0,-1,,,84=0;85=0;86=0;87=-1;88=0;89=-1;90=0;91=-1;92=0;93=-1;94=0;95=0;96=0;97=0;98=0;99=-1;100=0;101=-1;102=0;103=-1;104=0;105=-1;106=0;107=1;108=-1;109=0;110=-1;111=0;112=-1;113=0;116=0;120=0
29825,Gulleye V,ガルアイV,29xxx,41,38,113,1,-1,None,0,-1,None,0,none,0,0,0,0,0,15,0,-1,-1,0,0,false,-1,,,,,0,-1,,,84=0;85=0;86=0;87=-1;88=0;89=-1;90=0;91=-1;92=0;93=-1;94=0;95=0;96=0;97=0;98=0;99=-1;100=0;101=-1;102=0;103=-1;104=0;105=-1;106=0;107=1;108=-1;109=0;110=-1;111=0;112=-1;113=0;116=0;120=0
29826,Gulleye VI,ガルアイVI,29xxx,41,48,113,1,-1,None,0,-1,None,0,none,0,0,0,0,0,15,0,-1,-1,0,0,false,-1,,,,,0,-1,,,84=0;85=0;86=0;87=-1;88=0;89=-1;90=0;91=-1;92=0;93=-1;94=0;95=0;96=0;97=0;98=0;99=-1;100=0;101=-1;102=0;103=-1;104=0;105=-1;106=0;107=1;108=-1;109=0;110=-1;111=0;112=-1;113=0;116=0;120=0
29827,Gulleye VII,ガルアイVII,29xxx,41,58,113,1,-1,None,0,-1,None,0,none,0,0,0,0,0,15,0,-1,-1,0,0,false,-1,,,,,0,-1,,,84=0;85=0;86=0;87=-1;88=0;89=-1;90=0;91=-1;92=0;93=-1;94=0;95=0;96=0;97=0;98=0;99=-1;100=0;101=-1;102=0;103=-1;104=0;105=-1;106=0;107=1;108=-1;109=0;110=-1;111=0;112=-1;113=0;116=0;120=0
29828,Gulleye VIII,ガルアイVIII,29xxx,41,68,113,1,-1,None,0,-1,None,0,none,0,0,0,0,0,15,0,-1,-1,0,0,false,-1,,,,,0,-1,,,84=0;85=0;86=0;87=-1;88=0;89=-1;90=0;91=-1;92=0;93=-1;94=0;95=0;96=0;97=0;98=0;99=-1;100=0;101=-1;102=0;103=-1;104=0;105=-1;106=0;107=1;108=-1;109=0;110=-1;111=0;112=-1;113=0;116=0;120=0
29829,Gulleye IX,ガルアイIX,29xxx,41,78,113,1,-1,None,0,-1,None,0,none,0,0,0,0,0,15,0,-1,-1,0,0,false,-1,,,,,0,-1,,,84=0;85=0;86=0;87=-1;88=0;89=-1;90=0;91=-1;92=0;93=-1;94=0;95=0;96=0;97=0;98=0;99=-1;100=0;101=-1;102=0;103=-1;104=0;105=-1;106=0;107=1;108=-1;109=0;110=-1;111=0;112=-1;113=0;116=0;120=0
29830,Gulleye  X,ガルアイX,29xxx,41,88,113,1,-1,None,0,-1,None,0,none,0,0,0,0,0,15,0,-1,-1,0,0,false,-1,,,,,0,-1,,,84=0;85=0;86=0;87=-1;88=0;89=-1;90=0;91=-1;92=0;93=-1;94=0;95=0;96=0;97=0;98=0;99=-1;100=0;101=-1;102=0;103=-1;104=0;105=-1;106=0;107=1;108=-1;109=0;110=-1;111=0;112=-1;113=0;116=0;120=0
29831,Prospect,プロスペクト,29xxx,39,3,113,1,-1,None,0,-1,None,0,none,0,0,0,0,0,30,0,-1,-1,0,0,false,-1,,,,,200,-1,,,84=0;85=0;86=0;87=-1;88=0;89=-1;90=0;91=-1;92=0;93=-1;94=0;95=0;96=0;97=0;98=0;99=-1;100=0;101=-1;102=0;103=-1;104=0;105=-1;106=0;107=1;108=-1;109=0;110=-1;111=0;112=-1;113=0;116=0;120=0
29832,Prospect II,プロスペクトII,29xxx,39,10,113,1,-1,None,0,-1,None,0,none,0,0,0,0,0,30,0,-1,-1,0,0,false,-1,,,,,200,-1,,,84=0;85=0;86=0;87=-1;88=0;89=-1;90=0;91=-1;92=0;93=-1;94=0;95=0;96=0;97=0;98=0;99=-1;100=0;101=-1;102=0;103=-1;104=0;105=-1;106=0;107=1;108=-1;109=0;110=-1;111=0;112=-1;113=0;116=0;120=0
29833,Prospect III,プロスペクトIII,29xxx,39,20,113,1,-1,None,0,-1,None,0,none,0,0,0,0,0,30,0,-1,-1,0,0,false,-1,,,,,200,-1,,,84=0;85=0;86=0;87=-1;88=0;89=-1;90=0;91=-1;92=0;93=-1;94=0;95=0;96=0;97=0;98=0;99=-1;100=0;101=-1;102=0;103=-1;104=0;105=-1;106=0;107=1;108=-1;109=0;110=-1;111=0;112=-1;113=0;116=0;120=0
29834,Prospect IV,プロスペクトIV,29xxx,39,20,113,1,-1,None,0,-1,None,0,none,0,0,0,0,0,30,0,-1,-1,0,0,false,-1,,,,,200,-1,,,84=0;85=0;86=0;87=-1;88=0;89=-1;90=0;91=-1;92=0;93=-1;94=0;95=0;96=0;97=0;98=0;99=-1;100=0;101=-1;102=0;103=-1;104=0;105=-1;106=0;107=1;108=-1;109=0;110=-1;111=0;112=-1;113=0;116=0;120=0
29835,Prospect V,プロスペクトV,29xxx,39,30,113,1,-1,None,0,-1,None,0,none,0,0,0,0,0,30,0,-1,-1,0,0,false,-1,,,,,200,-1,,,84=0;85=0;86=0;87=-1;88=0;89=-1;90=0;91=-1;92=0;93=-1;94=0;95=0;96=0;97=0;98=0;99=-1;100=0;101=-1;102=0;103=-1;104=0;105=-1;106=0;107=1;108=-1;109=0;110=-1;111=0;112=-1;113=0;116=0;120=0
29836,Prospect VI,プロスペクトVI,29xxx,39,50,113,1,-1,None,0,-1,None,0,none,0,0,0,0,0,30,0,-1,-1,0,0,false,-1,,,,,200,-1,,,84=0;85=0;86=0;87=-1;88=0;89=-1;90=0;91=-1;92=0;93=-1;94=0;95=0;96=0;97=0;98=0;99=-1;100=0;101=-1;102=0;103=-1;104=0;105=-1;106=0;107=1;108=-1;109=0;110=-1;111=0;112=-1;113=0;116=0;120=0
29837,Prospect VII,プロスペクトVII,29xxx,39,60,113,1,-1,None,0,-1,None,0,none,0,0,0,0,0,30,0,-1,-1,0,0,false,-1,,,,,200,-1,,,84=0;85=0;86=0;87=-1;88=0;89=-1;90=0;91=-1;92=0;93=-1;94=0;95=0;96=0;97=0;98=0;99=-1;100=0;101=-1;102=0;103=-1;104=0;105=-1;106=0;107=1;108=-1;109=0;110=-1;111=0;112=-1;113=0;116=0;120=0
29838,Prospect VIII,プロスペクトVIII,29xxx,39,70,113,1,-1,None,0,-1,None,0,none,0,0,0,0,0,30,0,-1,-1,0,0,false,-1,,,,,200,-1,,,84=0;85=0;86=0;87=-1;88=0;89=-1;90=0;91=-1;92=0;93=-1;94=0;95=0;96=0;97=0;98=0;99=-1;100=0;101=-1;102=0;103=-1;104=0;105=-1;106=0;107=1;108=-1;109=0;110=-1;111=0;112=-1;113=0;116=0;120=0
29839,Prospect IX,プロスペクトIX,29xxx,39,80,113,1,-1,None,0,-1,None,0,none,0,0,0,0,0,30,0,-1,-1,0,0,false,-1,,,,,200,-1,,,84=0;85=0;86=0;87=-1;88=0;89=-1;90=0;91=-1;92=0;93=-1;94=0;95=0;96=0;97=0;98=0;99=-1;100=0;101=-1;102=0;103=-1;104=0;105=-1;106=0;107=1;108=-1;109=0;110=-1;111=0;112=-1;113=0;116=0;120=0
29840,Prospect  X,プロスペクトX,29xxx,39,90,113,1,-1,None,0,-1,None,0,none,0,0,0,0,0,30,0,-1,-1,0,0,false,-1,,,,,200,-1,,,84=0;85=0;86=0;87=-1;88=0;89=-1;90=0;91=-1;92=0;93=-1;94=0;95=0;96=0;97=0;98=0;99=-1;100=0;101=-1;102=0;103=-1;104=0;105=-1;106=0;107=1;108=-1;109=0;110=-1;111=0;112=-1;113=0;116=0;120=0
29841,Triangulate,トライアングレート,29xxx,40,3,113,1,-1,None,0,-1,None,0,none,0,0,0,0,0,30,0,-1,-1,0,0,false,-1,,,,,200,-1,,,84=0;85=0;86=0;87=-1;88=0;89=-1;90=0;91=-1;92=0;93=-1;94=0;95=0;96=0;97=0;98=0;99=-1;100=0;101=-1;102=0;103=-1;104=0;105=-1;106=0;107=1;108=-1;109=0;110=-1;111=0;112=-1;113=0;116=0;120=0
29842,Triangulate II,トライアングレートII,29xxx,40,10,113,1,-1,None,0,-1,None,0,none,0,0,0,0,0,30,0,-1,-1,0,0,false,-1,,,,,200,-1,,,84=0;85=0;86=0;87=-1;88=0;89=-1;90=0;91=-1;92=0;93=-1;94=0;95=0;96=0;97=0;98=0;99=-1;100=0;101=-1;102=0;103=-1;104=0;105=-1;106=0;107=1;108=-1;109=0;110=-1;111=0;112=-1;113=0;116=0;120=0
29843,Triangulate III,トライアングレートIII,29xxx,40,20,113,1,-1,None,0,-1,None,0,none,0,0,0,0,0,30,0,-1,-1,0,0,false,-1,,,,,200,-1,,,84=0;85=0;86=0;87=-1;88=0;89=-1;90=0;91=-1;92=0;93=-1;94=0;95=0;96=0;97=0;98=0;99=-1;100=0;101=-1;102=0;103=-1;104=0;105=-1;106=0;107=1;108=-1;109=0;110=-1;111=0;112=-1;113=0;116=0;120=0
29844,Triangulate IV,トライアングレートIV,29xxx,40,20,113,1,-1,None,0,-1,None,0,none,0,0,0,0,0,30,0,-1,-1,0,0,false,-1,,,,,200,-1,,,84=0;85=0;86=0;87=-1;88=0;89=-1;90=0;91=-1;92=0;93=-1;94=0;95=0;96=0;97=0;98=0;99=-1;100=0;101=-1;102=0;103=-1;104=0;105=-1;106=0;107=1;108=-1;109=0;110=-1;111=0;112=-1;113=0;116=0;120=0
29845,Triangulate V,トライアングレートV,29xxx,40,30,113,1,-1,None,0,-1,None,0,none,0,0,0,0,0,30,0,-1,-1,0,0,false,-1,,,,,200,-1,,,84=0;85=0;86=0;87=-1;88=0;89=-1;90=0;91=-1;92=0;93=-1;94=0;95=0;96=0;97=0;98=0;99=-1;100=0;101=-1;102=0;103=-1;104=0;105=-1;106=0;107=1;108=-1;109=0;110=-1;111=0;112=-1;113=0;116=0;120=0
29846,Triangulate VI,トライアングレートVI,29xxx,40,50,113,1,-1,None,0,-1,None,0,none,0,0,0,0,0,30,0,-1,-1,0,0,false,-1,,,,,200,-1,,,84=0;85=0;86=0;87=-1;88=0;89=-1;90=0;91=-1;92=0;93=-1;94=0;95=0;96=0;97=0;98=0;99=-1;100=0;101=-1;102=0;103=-1;104=0;105=-1;106=0;107=1;108=-1;109=0;110=-1;111=0;112=-1;113=0;116=0;120=0
29847,Triangulate VII,トライアングレートVII,29xxx,40,60,113,1,-1,None,0,-1,None,0,none,0,0,0,0,0,30,0,-1,-1,0,0,false,-1,,,,,200,-1,,,84=0;85=0;86=0;87=-1;88=0;89=-1;90=0;91=-1;92=0;93=-1;94=0;95=0;96=0;97=0;98=0;99=-1;100=0;101=-1;102=0;103=-1;104=0;105=-1;106=0;107=1;108=-1;109=0;110=-1;111=0;112=-1;113=0;116=0;120=0
29848,Triangulate VIII,トライアングレートVIII,29xxx,40,70,113,1,-1,None,0,-1,None,0,none,0,0,0,0,0,30,0,-1,-1,0,0,false,-1,,,,,200,-1,,,84=0;85=0;86=0;87=-1;88=0;89=-1;90=0;91=-1;92=0;93=-1;94=0;95=0;96=0;97=0;98=0;99=-1;100=0;101=-1;102=0;103=-1;104=0;105=-1;106=0;107=1;108=-1;109=0;110=-1;111=0;112=-1;113=0;116=0;120=0
29849,Triangulate IX,トライアングレートIX,29xxx,40,80,113,1,-1,None,0,-1,None,0,none,0,0,0,0,0,30,0,-1,-1,0,0,false,-1,,,,,200,-1,,,84=0;85=0;86=0;87=-1;88=0;89=-1;90=0;91=-1;92=0;93=-1;94=0;95=0;96=0;97=0;98=0;99=-1;100=0;101=-1;102=0;103=-1;104=0;105=-1;106=0;107=1;108=-1;109=0;110=-1;111=0;112=-1;113=0;116=0;120=0
29850,Triangulate  X,トライアングレートX,29xxx,40,90,113,1,-1,None,0,-1,None,0,none,0,0,0,0,0,30,0,-1,-1,0,0,false,-1,,,,,200,-1,,,84=0;85=0;86=0;87=-1;88=0;89=-1;90=0;91=-1;92=0;93=-1;94=0;95=0;96=0;97=0;98=0;99=-1;100=0;101=-1;102=0;103=-1;104=0;105=-1;106=0;107=1;108=-1;109=0;110=-1;111=0;112=-1;113=0;116=0;120=0
29851,Dowse,ダウズ,29xxx,41,3,113,1,-1,None,0,-1,None,0,none,0,0,0,0,0,30,0,-1,-1,0,0,false,-1,,,,,200,-1,,,84=0;85=0;86=0;87=-1;88=0;89=-1;90=0;91=-1;92=0;93=-1;94=0;95=0;96=0;97=0;98=0;99=-1;100=0;101=-1;102=0;103=-1;104=0;105=-1;106=0;107=1;108=-1;109=0;110=-1;111=0;112=-1;113=0;116=0;120=0
29852,Dowse II,ダウズII,29xxx,41,10,113,1,-1,None,0,-1,None,0,none,0,0,0,0,0,30,0,-1,-1,0,0,false,-1,,,,,200,-1,,,84=0;85=0;86=0;87=-1;88=0;89=-1;90=0;91=-1;92=0;93=-1;94=0;95=0;96=0;97=0;98=0;99=-1;100=0;101=-1;102=0;103=-1;104=0;105=-1;106=0;107=1;108=-1;109=0;110=-1;111=0;112=-1;113=0;116=0;120=0
29853,Dowse III,ダウズIII,29xxx,41,20,113,1,-1,None,0,-1,None,0,none,0,0,0,0,0,30,0,-1,-1,0,0,false,-1,,,,,200,-1,,,84=0;85=0;86=0;87=-1;88=0;89=-1;90=0;91=-1;92=0;93=-1;94=0;95=0;96=0;97=0;98=0;99=-1;100=0;101=-1;102=0;103=-1;104=0;105=-1;106=0;107=1;108=-1;109=0;110=-1;111=0;112=-1;113=0;116=0;120=0
29854,Dowse IV,ダウズIV,29xxx,41,20,113,1,-1,None,0,-1,None,0,none,0,0,0,0,0,30,0,-1,-1,0,0,false,-1,,,,,200,-1,,,84=0;85=0;86=0;87=-1;88=0;89=-1;90=0;91=-1;92=0;93=-1;94=0;95=0;96=0;97=0;98=0;99=-1;100=0;101=-1;102=0;103=-1;104=0;105=-1;106=0;107=1;108=-1;109=0;110=-1;111=0;112=-1;113=0;116=0;120=0
29855,Dowse V,ダウズV,29xxx,41,30,113,1,-1,None,0,-1,None,0,none,0,0,0,0,0,30,0,-1,-1,0,0,false,-1,,,,,200,-1,,,84=0;85=0;86=0;87=-1;88=0;89=-1;90=0;91=-1;92=0;93=-1;94=0;95=0;96=0;97=0;98=0;99=-1;100=0;101=-1;102=0;103=-1;104=0;105=-1;106=0;107=1;108=-1;109=0;110=-1;111=0;112=-1;113=0;116=0;120=0
29856,Dowse VI,ダウズVI,29xxx,41,50,113,1,-1,None,0,-1,None,0,none,0,0,0,0,0,30,0,-1,-1,0,0,false,-1,,,,,200,-1,,,84=0;85=0;86=0;87=-1;88=0;89=-1;90=0;91=-1;92=0;93=-1;94=0;95=0;96=0;97=0;98=0;99=-1;100=0;101=-1;102=0;103=-1;104=0;105=-1;106=0;107=1;108=-1;109=0;110=-1;111=0;112=-1;113=0;116=0;120=0
29857,Dowse VII,ダウズVII,29xxx,41,60,113,1,-1,None,0,-1,None,0,none,0,0,0,0,0,30,0,-1,-1,0,0,false,-1,,,,,200,-1,,,84=0;85=0;86=0;87=-1;88=0;89=-1;90=0;91=-1;92=0;93=-1;94=0;95=0;96=0;97=0;98=0;99=-1;100=0;101=-1;102=0;103=-1;104=0;105=-1;106=0;107=1;108=-1;109=0;110=-1;111=0;112=-1;113=0;116=0;120=0
29858,Dowse VIII,ダウズVIII,29xxx,41,70,113,1,-1,None,0,-1,None,0,none,0,0,0,0,0,30,0,-1,-1,0,0,false,-1,,,,,200,-1,,,84=0;85=0;86=0;87=-1;88=0;89=-1;90=0;91=-1;92=0;93=-1;94=0;95=0;96=0;97=0;98=0;99=-1;100=0;101=-1;102=0;103=-1;104=0;105=-1;106=0;107=1;108=-1;109=0;110=-1;111=0;112=-1;113=0;116=0;120=0
29859,Dowse IX,ダウズIX,29xxx,41,80,113,1,-1,None,0,-1,None,0,none,0,0,0,0,0,30,0,-1,-1,0,0,false,-1,,,,,200,-1,,,84=0;85=0;86=0;87=-1;88=0;89=-1;90=0;91=-1;92=0;93=-1;94=0;95=0;96=0;97=0;98=0;99=-1;100=0;101=-1;102=0;103=-1;104=0;105=-1;106=0;107=1;108=-1;109=0;110=-1;111=0;112=-1;113=0;116=0;120=0
29860,Dowse  X,ダウズX,29xxx,41,90,113,1,-1,None,0,-1,None,0,none,0,0,0,0,0,30,0,-1,-1,0,0,false,-1,,,,,200,-1,,,84=0;85=0;86=0;87=-1;88=0;89=-1;90=0;91=-1;92=0;93=-1;94=0;95=0;96=0;97=0;98=0;99=-1;100=0;101=-1;102=0;103=-1;104=0;105=-1;106=0;107=1;108=-1;109=0;110=-1;111=0;112=-1;113=0;116=0;120=0
29861,Wrist Flick,キャノンアーム,29xxx,0,10,16,0,-1,None,0,-1,None,0,none,0,0,0,0,0,30,0,-1,-1,0,0,false,-1,,,,,0,-1,,,84=0;85=0;86=0;87=-1;88=0;89=-1;90=0;91=-1;92=0;93=-1;94=0;95=0;96=100;97=0;98=0;99=-1;100=0;101=-1;102=0;103=-1;104=0;105=-1;106=0;107=1;108=-1;109=0;110=-1;111=0;112=-1;113=0;116=0;120=0
29862,Beastkin Eluder,百獣識,29xxx,39,30,16,2,-1,None,0,-1,None,0,none,0,0,0,0,0,600,15,15,-1,0,0,false,-1,,,,,0,-1,,,84=0;85=0;86=0;87=-1;88=0;89=-1;90=0;91=-1;92=0;93=-1;94=0;95=0;96=100;97=0;98=0;99=-1;100=0;101=-1;102=0;103=-1;104=0;105=-1;106=0;107=0;108=-1;109=0;110=-1;111=0;112=-1;113=0;116=0;120=0
29863,Seedkin Eluder,草木識,29xxx,40,30,16,2,-1,None,0,-1,None,0,none,0,0,0,0,0,600,15,15,-1,0,0,false,-1,,,,,0,-1,,,84=0;85=0;86=0;87=-1;88=0;89=-1;90=0;91=-1;92=0;93=-1;94=0;95=0;96=100;97=0;98=0;99=-1;100=0;101=-1;102=0;103=-1;104=0;105=-1;106=0;107=0;108=-1;109=0;110=-1;111=0;112=-1;113=0;116=0;120=0
29864,Wavekin Eluder,水棲識,29xxx,41,30,16,2,-1,None,0,-1,None,0,none,0,0,0,0,0,600,15,15,-1,0,0,false,-1,,,,,0,-1,,,84=0;85=0;86=0;87=-1;88=0;89=-1;90=0;91=-1;92=0;93=-1;94=0;95=0;96=100;97=0;98=0;99=-1;100=0;101=-1;102=0;103=-1;104=0;105=-1;106=0;107=0;108=-1;109=0;110=-1;111=0;112=-1;113=0;116=0;120=0
29865,Spoken Eluder,六識識,29xxx,31,30,16,2,-1,None,0,-1,None,0,none,0,0,0,0,0,600,15,15,-1,0,0,false,-1,,,,,0,-1,,,84=0;85=0;86=0;87=-1;88=0;89=-1;90=0;91=-1;92=0;93=-1;94=0;95=0;96=100;97=0;98=0;99=-1;100=0;101=-1;102=0;103=-1;104=0;105=-1;106=0;107=0;108=-1;109=0;110=-1;111=0;112=-1;113=0;116=0;120=0
29866,Ashkin Eluder,死屍識,29xxx,34,30,16,2,-1,None,0,-1,None,0,none,0,0,0,0,0,600,15,15,-1,0,0,false,-1,,,,,0,-1,,,84=0;85=0;86=0;87=-1;88=0;89=-1;90=0;91=-1;92=0;93=-1;94=0;95=0;96=100;97=0;98=0;99=-1;100=0;101=-1;102=0;103=-1;104=0;105=-1;106=0;107=0;108=-1;109=0;110=-1;111=0;112=-1;113=0;116=0;120=0
29867,Scalekin Eluder,甲鱗識,29xxx,33,30,16,2,-1,None,0,-1,None,0,none,0,0,0,0,0,600,15,15,-1,0,0,false,-1,,,,,0,-1,,,84=0;85=0;86=0;87=-1;88=0;89=-1;90=0;91=-1;92=0;93=-1;94=0;95=0;96=100;97=0;98=0;99=-1;100=0;101=-1;102=0;103=-1;104=0;105=-1;106=0;107=0;108=-1;109=0;110=-1;111=0;112=-1;113=0;116=0;120=0
29868,Vilekin Eluder,百蟲識,29xxx,36,30,16,2,-1,None,0,-1,None,0,none,0,0,0,0,0,600,15,15,-1,0,0,false,-1,,,,,0,-1,,,84=0;85=0;86=0;87=-1;88=0;89=-1;90=0;91=-1;92=0;93=-1;94=0;95=0;96=100;97=0;98=0;99=-1;100=0;101=-1;102=0;103=-1;104=0;105=-1;106=0;107=0;108=-1;109=0;110=-1;111=0;112=-1;113=0;116=0;120=0
29869,Cloudkin Eluder,有翼識,29xxx,29,30,16,2,-1,None,0,-1,None,0,none,0,0,0,0,0,600,15,15,-1,0,0,false,-1,,,,,0,-1,,,84=0;85=0;86=0;87=-1;88=0;89=-1;90=0;91=-1;92=0;93=-1;94=0;95=0;96=100;97=0;98=0;99=-1;100=0;101=-1;102=0;103=-1;104=0;105=-1;106=0;107=0;108=-1;109=0;110=-1;111=0;112=-1;113=0;116=0;120=0
29870,Soulkin Eluder,呪具識,29xxx,30,30,16,2,-1,None,0,-1,None,0,none,0,0,0,0,0,600,15,15,-1,0,0,false,-1,,,,,0,-1,,,84=0;85=0;86=0;87=-1;88=0;89=-1;90=0;91=-1;92=0;93=-1;94=0;95=0;96=100;97=0;98=0;99=-1;100=0;101=-1;102=0;103=-1;104=0;105=-1;106=0;107=0;108=-1;109=0;110=-1;111=0;112=-1;113=0;116=0;120=0
29871,Voidsent Eluder,妖異識,29xxx,32,30,16,2,-1,None,0,-1,None,0,none,0,0,0,0,0,600,15,15,-1,0,0,false,-1,,,,,0,-1,,,84=0;85=0;86=0;87=-1;88=0;89=-1;90=0;91=-1;92=0;93=-1;94=0;95=0;96=100;97=0;98=0;99=-1;100=0;101=-1;102=0;103=-1;104=0;105=-1;106=0;107=0;108=-1;109=0;110=-1;111=0;112=-1;113=0;116=0;120=0
29872,Forgekin Eluder,機関識,29xxx,35,30,16,2,-1,None,0,-1,None,0,none,0,0,0,0,0,600,15,15,-1,0,0,false,-1,,,,,0,-1,,,84=0;85=0;86=0;87=-1;88=0;89=-1;90=0;91=-1;92=0;93=-1;94=0;95=0;96=100;97=0;98=0;99=-1;100=0;101=-1;102=0;103=-1;104=0;105=-1;106=0;107=0;108=-1;109=0;110=-1;111=0;112=-1;113=0;116=0;120=0
29873,Stealth,ステルス,29xxx,0,8,56,0,-1,None,0,-1,None,0,none,0,0,0,0,0,0,0,-1,-1,0,0,false,-1,,,,,0,-1,,,84=0;85=0;86=0;87=-1;88=0;89=-1;90=0;91=-1;92=0;93=-1;94=0;95=0;96=0;97=0;98=0;99=-1;100=0;101=-1;102=0;103=-1;104=0;105=-1;106=0;107=0;108=-1;109=0;110=-1;111=0;112=-1;113=0;116=0;120=0
29874,Stealth II,ステルスII,29xxx,0,18,56,0,-1,None,0,-1,None,0,none,0,0,0,0,0,0,0,-1,-1,0,0,false,-1,,,,,0,-1,,,84=0;85=0;86=0;87=-1;88=0;89=-1;90=0;91=-1;92=0;93=-1;94=0;95=0;96=0;97=0;98=0;99=-1;100=0;101=-1;102=0;103=-1;104=0;105=-1;106=0;107=0;108=-1;109=0;110=-1;111=0;112=-1;113=0;116=0;120=0
29875,Stealth III,ステルスIII,29xxx,0,28,56,0,-1,None,0,-1,None,0,none,0,0,0,0,0,0,0,-1,-1,0,0,false,-1,,,,,0,-1,,,84=0;85=0;86=0;87=-1;88=0;89=-1;90=0;91=-1;92=0;93=-1;94=0;95=0;96=0;97=0;98=0;99=-1;100=0;101=-1;102=0;103=-1;104=0;105=-1;106=0;107=0;108=-1;109=0;110=-1;111=0;112=-1;113=0;116=0;120=0
29876,Stealth IV,ステルスIV,29xxx,0,38,56,0,-1,None,0,-1,None,0,none,0,0,0,0,0,0,0,-1,-1,0,0,false,-1,,,,,0,-1,,,84=0;85=0;86=0;87=-1;88=0;89=-1;90=0;91=-1;92=0;93=-1;94=0;95=0;96=0;97=0;98=0;99=-1;100=0;101=-1;102=0;103=-1;104=0;105=-1;106=0;107=0;108=-1;109=0;110=-1;111=0;112=-1;113=0;116=0;120=0
29901,Blue Lotus,ブルーロータス,29xxx,0,1,1,5,-1,None,0,-1,None,0,none,0,0,0,1000,0,3,0,-1,-1,0,0,false,-1,,,,,0,-1,,,84=0;85=1;86=1;87=-1;88=0;89=-1;90=0;91=-1;92=0;93=-1;94=0;95=1;96=0;97=1;98=1;99=-1;100=0;101=-1;102=0;103=-1;104=0;105=-1;106=0;107=1;108=-1;109=0;110=-1;111=0;112=-1;113=0;116=2;120=60
30101,Debug Command,デバッグコマンド,30xxx,0,1,1,0,-1,None,0,-1,None,0,none,0,0,0,0,0,0,0,-1,-1,0,0,false,-1,,,,,0,-1,,,84=0;85=1;86=1;87=-1;88=0;89=-1;90=0;91=-1;92=0;93=-1;94=0;95=1;96=0;97=1;98=1;99=-1;100=0;101=-1;102=0;103=-1;104=0;105=-1;106=0;107=1;108=-1;109=0;110=-1;111=0;112=-1;113=0;116=0;120=0
