shop_id,shop_item_row_id,item_id,item_quality,price,item_class_path,item_name_en
101,101001,13000001,1,6000,Normal/DummyItem,
101,101002,13000029,1,6000,Normal/DummyItem,
101,101003,13000030,1,6000,Normal/DummyItem,
101,101004,13000015,1,8000,Normal/DummyItem,
101,101005,13000031,1,8000,Normal/DummyItem,
101,101006,13000002,1,10000,Normal/DummyItem,
101,101007,13000035,1,10000,Normal/DummyItem,
101,101008,13000036,1,10000,Normal/DummyItem,
101,101009,13000022,1,12000,Normal/DummyItem,
101,101010,13000037,1,12000,Normal/DummyItem,
102,102001,13000003,1,6000,Normal/DummyItem,
102,102002,13000029,1,6000,Normal/DummyItem,
102,102003,13000030,1,6000,Normal/DummyItem,
102,102004,13000016,1,8000,Normal/DummyItem,
102,102005,13000031,1,8000,Normal/DummyItem,
102,102006,13000004,1,10000,Normal/DummyItem,
102,102007,13000035,1,10000,Normal/DummyItem,
102,102008,13000036,1,10000,Normal/DummyItem,
102,102009,13000023,1,12000,Normal/DummyItem,
102,102010,13000037,1,12000,Normal/DummyItem,
103,103001,13000005,1,6000,Normal/DummyItem,
103,103002,13000029,1,6000,Normal/DummyItem,
103,103003,13000030,1,6000,Normal/DummyItem,
103,103004,13000017,1,8000,Normal/DummyItem,
103,103005,13000031,1,8000,Normal/DummyItem,
103,103006,13000006,1,10000,Normal/DummyItem,
103,103007,13000035,1,10000,Normal/DummyItem,
103,103008,13000036,1,10000,Normal/DummyItem,
103,103009,13000024,1,12000,Normal/DummyItem,
103,103010,13000037,1,12000,Normal/DummyItem,
104,104001,13000007,1,6000,Normal/DummyItem,
104,104002,13000029,1,6000,Normal/DummyItem,
104,104003,13000030,1,6000,Normal/DummyItem,
104,104004,13000018,1,8000,Normal/DummyItem,
104,104005,13000031,1,8000,Normal/DummyItem,
104,104006,13000008,1,10000,Normal/DummyItem,
104,104007,13000035,1,10000,Normal/DummyItem,
104,104008,13000036,1,10000,Normal/DummyItem,
104,104009,13000025,1,12000,Normal/DummyItem,
104,104010,13000037,1,12000,Normal/DummyItem,
105,105001,13000009,1,6000,Normal/DummyItem,
105,105002,13000029,1,6000,Normal/DummyItem,
105,105003,13000030,1,6000,Normal/DummyItem,
105,105004,13000019,1,8000,Normal/DummyItem,
105,105005,13000031,1,8000,Normal/DummyItem,
105,105006,13000010,1,10000,Normal/DummyItem,
105,105007,13000035,1,10000,Normal/DummyItem,
105,105008,13000036,1,10000,Normal/DummyItem,
105,105009,13000026,1,12000,Normal/DummyItem,
105,105010,13000037,1,12000,Normal/DummyItem,
106,106001,13000011,1,6000,Normal/DummyItem,
106,106002,13000032,1,6000,Normal/DummyItem,
106,106003,13000033,1,6000,Normal/DummyItem,
106,106004,13000020,1,8000,Normal/DummyItem,
106,106005,13000034,1,8000,Normal/DummyItem,
106,106006,13000012,1,10000,Normal/DummyItem,
106,106007,13000038,1,10000,Normal/DummyItem,
106,106008,13000039,1,10000,Normal/DummyItem,
106,106009,13000027,1,12000,Normal/DummyItem,
106,106010,13000040,1,12000,Normal/DummyItem,
107,107001,13000013,1,6000,Normal/DummyItem,
107,107002,13000032,1,6000,Normal/DummyItem,
107,107003,13000033,1,6000,Normal/DummyItem,
107,107004,13000021,1,8000,Normal/DummyItem,
107,107005,13000034,1,8000,Normal/DummyItem,
107,107006,13000014,1,10000,Normal/DummyItem,
107,107007,13000038,1,10000,Normal/DummyItem,
107,107008,13000039,1,10000,Normal/DummyItem,
107,107009,13000028,1,12000,Normal/DummyItem,
107,107010,13000040,1,12000,Normal/DummyItem,
108,108001,2000124,1,5000,Important/ImportantItemStandard,treatise on woodlaying
108,108002,2000110,1,5000,Important/ImportantItemStandard,treatise on cobbling
108,108003,2000116,1,5000,Important/ImportantItemStandard,treatise on fletchery
108,108004,2000114,1,5000,Important/ImportantItemStandard,treatise on bonecarving
108,108005,2000128,1,5000,Important/ImportantItemStandard,treatise on tacklecraft
108,108006,2000115,1,5000,Important/ImportantItemStandard,treatise on bowyering
108,108007,2000120,1,5000,Important/ImportantItemStandard,treatise on painting
108,108008,13000094,1,6000,Normal/DummyItem,
108,108009,13000075,1,8000,Normal/DummyItem,
108,108010,13000081,1,10000,Normal/DummyItem,
108,108011,13000085,1,12000,Normal/DummyItem,
108,108012,1000009,1,300,Money/MoneyStandard,fire crystal
108,108013,1000010,1,300,Money/MoneyStandard,ice crystal
108,108014,1000011,1,300,Money/MoneyStandard,wind crystal
108,108015,1000012,1,300,Money/MoneyStandard,earth crystal
108,108016,1000013,1,300,Money/MoneyStandard,lightning crystal
108,108017,1000014,1,300,Money/MoneyStandard,water crystal
109,109001,2000109,1,5000,Important/ImportantItemStandard,treatise on smelting
109,109002,2000108,1,5000,Important/ImportantItemStandard,treatise on nailcasting
109,109003,2000128,1,5000,Important/ImportantItemStandard,treatise on tacklecraft
109,109004,2000116,1,5000,Important/ImportantItemStandard,treatise on fletchery
109,109005,2000115,1,5000,Important/ImportantItemStandard,treatise on bowyering
109,109006,13000087,1,6000,Normal/DummyItem,
109,109007,13000076,1,8000,Normal/DummyItem,
109,109008,13000100,1,10000,Normal/DummyItem,
109,109009,13000083,1,12000,Normal/DummyItem,
109,109010,1000009,1,300,Money/MoneyStandard,fire crystal
109,109011,1000010,1,300,Money/MoneyStandard,ice crystal
109,109012,1000011,1,300,Money/MoneyStandard,wind crystal
109,109013,1000012,1,300,Money/MoneyStandard,earth crystal
109,109014,1000013,1,300,Money/MoneyStandard,lightning crystal
109,109015,1000014,1,300,Money/MoneyStandard,water crystal
110,110001,2000107,1,5000,Important/ImportantItemStandard,treatise on sheeting
110,110002,2000108,1,5000,Important/ImportantItemStandard,treatise on nailcasting
110,110003,2000123,1,5000,Important/ImportantItemStandard,treatise on chainweaving
110,110004,2000109,1,5000,Important/ImportantItemStandard,treatise on smelting
110,110005,2000110,1,5000,Important/ImportantItemStandard,treatise on cobbling
110,110006,2000104,1,5000,Important/ImportantItemStandard,treatise on hatting
110,110007,2000103,1,5000,Important/ImportantItemStandard,treatise on glovemaking
110,110008,2000120,1,5000,Important/ImportantItemStandard,treatise on painting
110,110009,13000088,1,6000,Normal/DummyItem,
110,110010,13000071,1,8000,Normal/DummyItem,
110,110011,13000101,1,10000,Normal/DummyItem,
110,110012,13000097,1,12000,Normal/DummyItem,
110,110013,1000009,1,300,Money/MoneyStandard,fire crystal
110,110014,1000010,1,300,Money/MoneyStandard,ice crystal
110,110015,1000011,1,300,Money/MoneyStandard,wind crystal
110,110016,1000012,1,300,Money/MoneyStandard,earth crystal
110,110017,1000013,1,300,Money/MoneyStandard,lightning crystal
110,110018,1000014,1,300,Money/MoneyStandard,water crystal
111,111001,2000108,1,5000,Important/ImportantItemStandard,treatise on nailcasting
111,111002,2000123,1,5000,Important/ImportantItemStandard,treatise on chainweaving
111,111003,2000109,1,5000,Important/ImportantItemStandard,treatise on smelting
111,111004,2000114,1,5000,Important/ImportantItemStandard,treatise on bonecarving
111,111005,2000116,1,5000,Important/ImportantItemStandard,treatise on fletchery
111,111006,2000121,1,5000,Important/ImportantItemStandard,treatise on inlaying
111,111007,2000113,1,5000,Important/ImportantItemStandard,treatise on gemcutting
111,111008,2000128,1,5000,Important/ImportantItemStandard,treatise on tacklecraft
111,111009,13000089,1,6000,Normal/DummyItem,
111,111010,13000077,1,8000,Normal/DummyItem,
111,111011,13000103,1,10000,Normal/DummyItem,
111,111012,13000099,1,12000,Normal/DummyItem,
111,111013,1000009,1,300,Money/MoneyStandard,fire crystal
111,111014,1000010,1,300,Money/MoneyStandard,ice crystal
111,111015,1000011,1,300,Money/MoneyStandard,wind crystal
111,111016,1000012,1,300,Money/MoneyStandard,earth crystal
111,111017,1000013,1,300,Money/MoneyStandard,lightning crystal
111,111018,1000014,1,300,Money/MoneyStandard,water crystal
112,112001,2000103,1,5000,Important/ImportantItemStandard,treatise on glovemaking
112,112002,2000104,1,5000,Important/ImportantItemStandard,treatise on hatting
112,112003,2000110,1,5000,Important/ImportantItemStandard,treatise on cobbling
112,112004,2000111,1,5000,Important/ImportantItemStandard,treatise on tawing
112,112005,2000112,1,5000,Important/ImportantItemStandard,treatise on tanning
112,112006,2000105,1,5000,Important/ImportantItemStandard,treatise on dyeing
112,112007,2000115,1,5000,Important/ImportantItemStandard,treatise on bowyering
112,112008,2000114,1,5000,Important/ImportantItemStandard,treatise on bonecarving
112,112009,13000090,1,6000,Normal/DummyItem,
112,112010,13000073,1,8000,Normal/DummyItem,
112,112011,13000084,1,10000,Normal/DummyItem,
112,112012,13000079,1,12000,Normal/DummyItem,
112,112013,1000009,1,300,Money/MoneyStandard,fire crystal
112,112014,1000010,1,300,Money/MoneyStandard,ice crystal
112,112015,1000011,1,300,Money/MoneyStandard,wind crystal
112,112016,1000012,1,300,Money/MoneyStandard,earth crystal
112,112017,1000013,1,300,Money/MoneyStandard,lightning crystal
112,112018,1000014,1,300,Money/MoneyStandard,water crystal
113,113001,2000101,1,5000,Important/ImportantItemStandard,treatise on spinning
113,113002,2000102,1,5000,Important/ImportantItemStandard,treatise on tailoring
113,113003,2000105,1,5000,Important/ImportantItemStandard,treatise on dyeing
113,113004,2000103,1,5000,Important/ImportantItemStandard,treatise on glovemaking
113,113005,2000104,1,5000,Important/ImportantItemStandard,treatise on hatting
113,113006,2000106,1,5000,Important/ImportantItemStandard,treatise on weaving
113,113007,2000128,1,5000,Important/ImportantItemStandard,treatise on tacklecraft
113,113008,2000116,1,5000,Important/ImportantItemStandard,treatise on fletchery
113,113009,13000091,1,6000,Normal/DummyItem,
113,113010,13000072,1,8000,Normal/DummyItem,
113,113011,13000080,1,9000,Normal/DummyItem,
113,113012,13000102,1,10000,Normal/DummyItem,
113,113013,13000098,1,12000,Normal/DummyItem,
113,113014,1000009,1,300,Money/MoneyStandard,fire crystal
113,113015,1000010,1,300,Money/MoneyStandard,ice crystal
113,113016,1000011,1,300,Money/MoneyStandard,wind crystal
113,113017,1000012,1,300,Money/MoneyStandard,earth crystal
113,113018,1000013,1,300,Money/MoneyStandard,lightning crystal
113,113019,1000014,1,300,Money/MoneyStandard,water crystal
114,114001,2000118,1,5000,Important/ImportantItemStandard,treatise on milling
114,114002,2000127,1,5000,Important/ImportantItemStandard,treatise on chemicking
114,114003,2000125,1,5000,Important/ImportantItemStandard,treatise on poisoning
114,114004,2000126,1,5000,Important/ImportantItemStandard,treatise on physicking
114,114005,13000086,1,6000,Normal/DummyItem,
114,114006,13000078,1,8000,Normal/DummyItem,
114,114007,13000082,1,9000,Normal/DummyItem,
114,114008,13000105,1,10000,Normal/DummyItem,
114,114009,13000096,1,12000,Normal/DummyItem,
114,114010,1000009,1,300,Money/MoneyStandard,fire crystal
114,114011,1000010,1,300,Money/MoneyStandard,ice crystal
114,114012,1000011,1,300,Money/MoneyStandard,wind crystal
114,114013,1000012,1,300,Money/MoneyStandard,earth crystal
114,114014,1000013,1,300,Money/MoneyStandard,lightning crystal
114,114015,1000014,1,300,Money/MoneyStandard,water crystal
115,115001,2000122,1,5000,Important/ImportantItemStandard,treatise on fishcleaning
115,115002,2000128,1,5000,Important/ImportantItemStandard,treatise on tacklecraft
115,115003,2000119,1,5000,Important/ImportantItemStandard,treatise on confectionery
115,115004,2000117,1,5000,Important/ImportantItemStandard,treatise on breadbaking
115,115005,13000092,1,6000,Normal/DummyItem,
115,115006,13000074,1,8000,Normal/DummyItem,
115,115007,13000095,1,9000,Normal/DummyItem,
115,115008,13000104,1,10000,Normal/DummyItem,
115,115009,13000093,1,12000,Normal/DummyItem,
115,115010,1000009,1,300,Money/MoneyStandard,fire crystal
115,115011,1000010,1,300,Money/MoneyStandard,ice crystal
115,115012,1000011,1,300,Money/MoneyStandard,wind crystal
115,115013,1000012,1,300,Money/MoneyStandard,earth crystal
115,115014,1000013,1,300,Money/MoneyStandard,lightning crystal
115,115015,1000014,1,300,Money/MoneyStandard,water crystal
116,116001,13000047,1,6000,Normal/DummyItem,
116,116002,13000048,1,6000,Normal/DummyItem,
116,116003,13000059,1,6000,Normal/DummyItem,
116,116004,13000068,1,8000,Normal/DummyItem,
116,116005,13000053,1,8000,Normal/DummyItem,
116,116006,13000056,1,8000,Normal/DummyItem,
116,116007,13000060,1,8000,Normal/DummyItem,
116,116008,13000041,1,10000,Normal/DummyItem,
116,116009,13000061,1,10000,Normal/DummyItem,
116,116010,13000044,1,12000,Normal/DummyItem,
117,117001,13000049,1,6000,Normal/DummyItem,
117,117002,13000052,1,6000,Normal/DummyItem,
117,117003,13000062,1,6000,Normal/DummyItem,
117,117004,13000069,1,8000,Normal/DummyItem,
117,117005,13000054,1,8000,Normal/DummyItem,
117,117006,13000057,1,8000,Normal/DummyItem,
117,117007,13000063,1,8000,Normal/DummyItem,
117,117008,13000042,1,10000,Normal/DummyItem,
117,117009,13000064,1,10000,Normal/DummyItem,
117,117010,13000045,1,12000,Normal/DummyItem,
118,118001,13000051,1,6000,Normal/DummyItem,
118,118002,13000050,1,6000,Normal/DummyItem,
118,118003,13000065,1,6000,Normal/DummyItem,
118,118004,13000070,1,8000,Normal/DummyItem,
118,118005,13000055,1,8000,Normal/DummyItem,
118,118006,13000058,1,8000,Normal/DummyItem,
118,118007,13000066,1,8000,Normal/DummyItem,
118,118008,13000043,1,10000,Normal/DummyItem,
118,118009,13000067,1,10000,Normal/DummyItem,
118,118010,13000046,1,12000,Normal/DummyItem,
120,120001,10100001,1,2000,Normal/MateriaItem,bloodthirst materia I
120,120002,10100002,1,3000,Normal/MateriaItem,bloodthirst materia II
120,120003,10100003,1,8000,Normal/MateriaItem,bloodthirst materia III
120,120004,10100004,1,30000,Normal/MateriaItem,bloodthirst materia IV
120,120005,10100005,1,2000,Normal/MateriaItem,manathirst materia I
120,120006,10100006,1,3000,Normal/MateriaItem,manathirst materia II
120,120007,10100007,1,6000,Normal/MateriaItem,manathirst materia III
120,120008,10100008,1,16000,Normal/MateriaItem,manathirst materia IV
120,120009,10100009,1,2000,Normal/MateriaItem,lifethirst materia I
120,120010,10100010,1,3000,Normal/MateriaItem,lifethirst materia II
120,120011,10100011,1,6000,Normal/MateriaItem,lifethirst materia III
120,120012,10100012,1,16000,Normal/MateriaItem,lifethirst materia IV
121,121001,10100013,1,2000,Normal/MateriaItem,strength materia I
121,121002,10100014,1,3000,Normal/MateriaItem,strength materia II
121,121003,10100015,1,7000,Normal/MateriaItem,strength materia III
121,121004,10100016,1,20000,Normal/MateriaItem,strength materia IV
121,121005,10100017,1,2000,Normal/MateriaItem,vitality materia I
121,121006,10100018,1,3000,Normal/MateriaItem,vitality materia II
121,121007,10100019,1,7000,Normal/MateriaItem,vitality materia III
121,121008,10100020,1,20000,Normal/MateriaItem,vitality materia IV
121,121009,10100021,1,2000,Normal/MateriaItem,dexterity materia I
121,121010,10100022,1,3000,Normal/MateriaItem,dexterity materia II
121,121011,10100023,1,7000,Normal/MateriaItem,dexterity materia III
121,121012,10100024,1,20000,Normal/MateriaItem,dexterity materia IV
122,122001,10100025,1,2000,Normal/MateriaItem,intelligence materia I
122,122002,10100026,1,3000,Normal/MateriaItem,intelligence materia II
122,122003,10100027,1,8000,Normal/MateriaItem,intelligence materia III
122,122004,10100028,1,30000,Normal/MateriaItem,intelligence materia IV
122,122005,10100029,1,2000,Normal/MateriaItem,mind materia I
122,122006,10100030,1,3000,Normal/MateriaItem,mind materia II
122,122007,10100031,1,7000,Normal/MateriaItem,mind materia III
122,122008,10100032,1,20000,Normal/MateriaItem,mind materia IV
122,122009,10100033,1,2000,Normal/MateriaItem,piety materia I
122,122010,10100034,1,3000,Normal/MateriaItem,piety materia II
122,122011,10100035,1,10000,Normal/MateriaItem,piety materia III
122,122012,10100036,1,36000,Normal/MateriaItem,piety materia IV
123,123001,10100037,1,2000,Normal/MateriaItem,ironman's will materia I
123,123002,10100038,1,3000,Normal/MateriaItem,ironman's will materia II
123,123003,10100039,1,7000,Normal/MateriaItem,ironman's will materia III
123,123004,10100040,1,20000,Normal/MateriaItem,ironman's will materia IV
123,123005,10100041,1,2000,Normal/MateriaItem,swordsman's cry materia I
123,123006,10100042,1,3000,Normal/MateriaItem,swordsman's cry materia II
123,123007,10100043,1,10000,Normal/MateriaItem,swordsman's cry materia III
123,123008,10100044,1,36000,Normal/MateriaItem,swordsman's cry materia IV
123,123009,10100045,1,2000,Normal/MateriaItem,watchman's vigil materia I
123,123010,10100046,1,3000,Normal/MateriaItem,watchman's vigil materia II
123,123011,10100047,1,7000,Normal/MateriaItem,watchman's vigil materia III
123,123012,10100048,1,20000,Normal/MateriaItem,watchman's vigil materia IV
124,124001,10100049,1,2000,Normal/MateriaItem,loresman's wit materia I
124,124002,10100050,1,3000,Normal/MateriaItem,loresman's wit materia II
124,124003,10100051,1,10000,Normal/MateriaItem,loresman's wit materia III
124,124004,10100052,1,36000,Normal/MateriaItem,loresman's wit materia IV
124,124005,10100053,1,2000,Normal/MateriaItem,wise man's vision materia I
124,124006,10100054,1,3000,Normal/MateriaItem,wise man's vision materia II
124,124007,10100055,1,10000,Normal/MateriaItem,wise man's vision materia III
124,124008,10100056,1,36000,Normal/MateriaItem,wise man's vision materia IV
124,124009,10100057,1,2000,Normal/MateriaItem,vestryman's faith materia I
124,124010,10100058,1,3000,Normal/MateriaItem,vestryman's faith materia II
124,124011,10100059,1,10000,Normal/MateriaItem,vestryman's faith materia III
124,124012,10100060,1,36000,Normal/MateriaItem,vestryman's faith materia IV
125,125001,10100061,1,10000,Normal/MateriaItem,fire materia I
125,125002,10100062,1,20000,Normal/MateriaItem,fire materia II
125,125003,10100063,1,60000,Normal/MateriaItem,fire materia III
125,125004,10100064,1,200000,Normal/MateriaItem,fire materia IV
125,125005,10100065,1,10000,Normal/MateriaItem,ice materia I
125,125006,10100066,1,20000,Normal/MateriaItem,ice materia II
125,125007,10100067,1,60000,Normal/MateriaItem,ice materia III
125,125008,10100068,1,200000,Normal/MateriaItem,ice materia IV
125,125009,10100069,1,10000,Normal/MateriaItem,wind materia I
125,125010,10100070,1,20000,Normal/MateriaItem,wind materia II
125,125011,10100071,1,60000,Normal/MateriaItem,wind materia III
125,125012,10100072,1,200000,Normal/MateriaItem,wind materia IV
126,126001,10100073,1,10000,Normal/MateriaItem,earth materia I
126,126002,10100074,1,20000,Normal/MateriaItem,earth materia II
126,126003,10100075,1,60000,Normal/MateriaItem,earth materia III
126,126004,10100076,1,200000,Normal/MateriaItem,earth materia IV
126,126005,10100077,1,10000,Normal/MateriaItem,lightning materia I
126,126006,10100078,1,20000,Normal/MateriaItem,lightning materia II
126,126007,10100079,1,60000,Normal/MateriaItem,lightning materia III
126,126008,10100080,1,200000,Normal/MateriaItem,lightning materia IV
126,126009,10100081,1,10000,Normal/MateriaItem,water materia I
126,126010,10100082,1,20000,Normal/MateriaItem,water materia II
126,126011,10100083,1,60000,Normal/MateriaItem,water materia III
126,126012,10100084,1,200000,Normal/MateriaItem,water materia IV
127,127001,10100085,1,10000,Normal/MateriaItem,fire veil materia I
127,127002,10100086,1,20000,Normal/MateriaItem,fire veil materia II
127,127003,10100087,1,60000,Normal/MateriaItem,fire veil materia III
127,127004,10100088,1,200000,Normal/MateriaItem,fire veil materia IV
127,127005,10100089,1,10000,Normal/MateriaItem,ice veil materia I
127,127006,10100090,1,20000,Normal/MateriaItem,ice veil materia II
127,127007,10100091,1,60000,Normal/MateriaItem,ice veil materia III
127,127008,10100092,1,200000,Normal/MateriaItem,ice veil materia IV
127,127009,10100093,1,10000,Normal/MateriaItem,wind veil materia I
127,127010,10100094,1,20000,Normal/MateriaItem,wind veil materia II
127,127011,10100095,1,60000,Normal/MateriaItem,wind veil materia III
127,127012,10100096,1,200000,Normal/MateriaItem,wind veil materia IV
128,128001,10100097,1,10000,Normal/MateriaItem,earth veil materia I
128,128002,10100098,1,20000,Normal/MateriaItem,earth veil materia II
128,128003,10100099,1,60000,Normal/MateriaItem,earth veil materia III
128,128004,10100100,1,200000,Normal/MateriaItem,earth veil materia IV
128,128005,10100101,1,10000,Normal/MateriaItem,lightning veil materia I
128,128006,10100102,1,20000,Normal/MateriaItem,lightning veil materia II
128,128007,10100103,1,60000,Normal/MateriaItem,lightning veil materia III
128,128008,10100104,1,200000,Normal/MateriaItem,lightning veil materia IV
128,128009,10100105,1,10000,Normal/MateriaItem,water veil materia I
128,128010,10100106,1,20000,Normal/MateriaItem,water veil materia II
128,128011,10100107,1,60000,Normal/MateriaItem,water veil materia III
128,128012,10100108,1,200000,Normal/MateriaItem,water veil materia IV
129,129001,10100109,1,4000,Normal/MateriaItem,heavens' fist materia I
129,129002,10100110,1,16000,Normal/MateriaItem,heavens' fist materia II
129,129003,10100111,1,36000,Normal/MateriaItem,heavens' fist materia III
129,129004,10100112,1,86000,Normal/MateriaItem,heavens' fist materia IV
129,129005,10100113,1,4000,Normal/MateriaItem,heavens' eye materia I
129,129006,10100114,1,16000,Normal/MateriaItem,heavens' eye materia II
129,129007,10100115,1,36000,Normal/MateriaItem,heavens' eye materia III
129,129008,10100116,1,86000,Normal/MateriaItem,heavens' eye materia IV
129,129009,10100117,1,4000,Normal/MateriaItem,hells' fist materia I
129,129010,10100118,1,16000,Normal/MateriaItem,hells' fist materia II
129,129011,10100119,1,36000,Normal/MateriaItem,hells' fist materia III
129,129012,10100120,1,86000,Normal/MateriaItem,hells' fist materia IV
129,129013,10100121,1,4000,Normal/MateriaItem,hells' eye materia I
129,129014,10100122,1,16000,Normal/MateriaItem,hells' eye materia II
129,129015,10100123,1,36000,Normal/MateriaItem,hells' eye materia III
129,129016,10100124,1,86000,Normal/MateriaItem,hells' eye materia IV
130,130001,10100129,1,4000,Normal/MateriaItem,savage might materia I
130,130002,10100130,1,16000,Normal/MateriaItem,savage might materia II
130,130003,10100131,1,36000,Normal/MateriaItem,savage might materia III
130,130004,10100132,1,86000,Normal/MateriaItem,savage might materia IV
130,130005,10100137,1,4000,Normal/MateriaItem,sagacious might materia I
130,130006,10100138,1,16000,Normal/MateriaItem,sagacious might materia II
130,130007,10100139,1,36000,Normal/MateriaItem,sagacious might materia III
130,130008,10100140,1,86000,Normal/MateriaItem,sagacious might materia IV
130,130009,10100141,1,4000,Normal/MateriaItem,battledance materia I
130,130010,10100142,1,16000,Normal/MateriaItem,battledance materia II
130,130011,10100143,1,36000,Normal/MateriaItem,battledance materia III
130,130012,10100144,1,86000,Normal/MateriaItem,battledance materia IV
131,131001,10100145,1,4000,Normal/MateriaItem,gatherer's guerdon materia I
131,131002,10100146,1,16000,Normal/MateriaItem,gatherer's guerdon materia II
131,131003,10100147,1,36000,Normal/MateriaItem,gatherer's guerdon materia III
131,131004,10100148,1,86000,Normal/MateriaItem,gatherer's guerdon materia IV
131,131005,10100149,1,4000,Normal/MateriaItem,gatherer's guile materia I
131,131006,10100150,1,16000,Normal/MateriaItem,gatherer's guile materia II
131,131007,10100151,1,36000,Normal/MateriaItem,gatherer's guile materia III
131,131008,10100152,1,86000,Normal/MateriaItem,gatherer's guile materia IV
131,131009,10100153,1,4000,Normal/MateriaItem,gatherer's grasp materia I
131,131010,10100154,1,16000,Normal/MateriaItem,gatherer's grasp materia II
131,131011,10100155,1,36000,Normal/MateriaItem,gatherer's grasp materia III
131,131012,10100156,1,86000,Normal/MateriaItem,gatherer's grasp materia IV
132,132001,10100157,1,4000,Normal/MateriaItem,craftsman's competence materia I
132,132002,10100158,1,16000,Normal/MateriaItem,craftsman's competence materia II
132,132003,10100159,1,36000,Normal/MateriaItem,craftsman's competence materia III
132,132004,10100160,1,86000,Normal/MateriaItem,craftsman's competence materia IV
132,132005,10100161,1,4000,Normal/MateriaItem,craftsman's cunning materia I
132,132006,10100162,1,16000,Normal/MateriaItem,craftsman's cunning materia II
132,132007,10100163,1,36000,Normal/MateriaItem,craftsman's cunning materia III
132,132008,10100164,1,86000,Normal/MateriaItem,craftsman's cunning materia IV
132,132009,10100165,1,4000,Normal/MateriaItem,craftsman's command materia I
132,132010,10100166,1,16000,Normal/MateriaItem,craftsman's command materia II
132,132011,10100167,1,36000,Normal/MateriaItem,craftsman's command materia III
132,132012,10100168,1,86000,Normal/MateriaItem,craftsman's command materia IV
133,133001,10100169,1,4000,Normal/MateriaItem,bloodflight materia I
133,133002,10100170,1,16000,Normal/MateriaItem,bloodflight materia II
133,133003,10100171,1,36000,Normal/MateriaItem,bloodflight materia III
133,133004,10100172,1,86000,Normal/MateriaItem,bloodflight materia IV
133,133005,10100173,1,4000,Normal/MateriaItem,manaflight materia I
133,133006,10100174,1,10000,Normal/MateriaItem,manaflight materia II
133,133007,10100175,1,30000,Normal/MateriaItem,manaflight materia III
133,133008,10100176,1,100000,Normal/MateriaItem,manaflight materia IV
133,133009,10100177,1,4000,Normal/MateriaItem,bloodwall materia I
133,133010,10100178,1,16000,Normal/MateriaItem,bloodwall materia II
133,133011,10100179,1,36000,Normal/MateriaItem,bloodwall materia III
133,133012,10100180,1,86000,Normal/MateriaItem,bloodwall materia IV
134,134001,10100185,1,4000,Normal/MateriaItem,cactuar foot materia I
134,134002,10100186,1,16000,Normal/MateriaItem,cactuar foot materia II
134,134003,10100187,1,36000,Normal/MateriaItem,cactuar foot materia III
134,134004,10100188,1,86000,Normal/MateriaItem,cactuar foot materia IV
134,134005,10100189,1,4000,Normal/MateriaItem,wyvern skin materia I
134,134006,10100190,1,16000,Normal/MateriaItem,wyvern skin materia II
134,134007,10100191,1,36000,Normal/MateriaItem,wyvern skin materia III
134,134008,10100192,1,86000,Normal/MateriaItem,wyvern skin materia IV
134,134009,10100193,1,4000,Normal/MateriaItem,bomb blood materia I
134,134010,10100194,1,16000,Normal/MateriaItem,bomb blood materia II
134,134011,10100195,1,36000,Normal/MateriaItem,bomb blood materia III
134,134012,10100196,1,86000,Normal/MateriaItem,bomb blood materia IV
134,134013,10100197,1,4000,Normal/MateriaItem,pixie tongue materia I
134,134014,10100198,1,16000,Normal/MateriaItem,pixie tongue materia II
134,134015,10100199,1,36000,Normal/MateriaItem,pixie tongue materia III
134,134016,10100200,1,86000,Normal/MateriaItem,pixie tongue materia IV
135,135001,10100201,1,4000,Normal/MateriaItem,coeurl eye materia I
135,135002,10100202,1,16000,Normal/MateriaItem,coeurl eye materia II
135,135003,10100203,1,36000,Normal/MateriaItem,coeurl eye materia III
135,135004,10100204,1,86000,Normal/MateriaItem,coeurl eye materia IV
135,135005,10100205,1,4000,Normal/MateriaItem,aurelia kiss materia I
135,135006,10100206,1,16000,Normal/MateriaItem,aurelia kiss materia II
135,135007,10100207,1,36000,Normal/MateriaItem,aurelia kiss materia III
135,135008,10100208,1,86000,Normal/MateriaItem,aurelia kiss materia IV
135,135009,10100209,1,4000,Normal/MateriaItem,bison hoof materia I
135,135010,10100210,1,16000,Normal/MateriaItem,bison hoof materia II
135,135011,10100211,1,36000,Normal/MateriaItem,bison hoof materia III
135,135012,10100212,1,86000,Normal/MateriaItem,bison hoof materia IV
136,136001,10100213,1,4000,Normal/MateriaItem,funguar shriek materia I
136,136002,10100214,1,16000,Normal/MateriaItem,funguar shriek materia II
136,136003,10100215,1,36000,Normal/MateriaItem,funguar shriek materia III
136,136004,10100216,1,86000,Normal/MateriaItem,funguar shriek materia IV
136,136005,10100217,1,4000,Normal/MateriaItem,treant root materia I
136,136006,10100218,1,16000,Normal/MateriaItem,treant root materia II
136,136007,10100219,1,36000,Normal/MateriaItem,treant root materia III
136,136008,10100220,1,86000,Normal/MateriaItem,treant root materia IV
136,136009,10100221,1,4000,Normal/MateriaItem,chocobo down materia I
136,136010,10100222,1,16000,Normal/MateriaItem,chocobo down materia II
136,136011,10100223,1,36000,Normal/MateriaItem,chocobo down materia III
136,136012,10100224,1,86000,Normal/MateriaItem,chocobo down materia IV
137,137001,10100229,1,359,Normal/MateriaItem,bloodflow materia I
137,137002,10100230,1,360,Normal/MateriaItem,bloodflow materia II
137,137003,10100231,1,361,Normal/MateriaItem,bloodflow materia III
137,137004,10100232,1,362,Normal/MateriaItem,bloodflow materia IV
137,137005,10100233,1,363,Normal/MateriaItem,manaflow materia I
137,137006,10100234,1,364,Normal/MateriaItem,manaflow materia II
137,137007,10100235,1,365,Normal/MateriaItem,manaflow materia III
137,137008,10100236,1,366,Normal/MateriaItem,manaflow materia IV
137,137009,10100237,1,367,Normal/MateriaItem,mettleflow materia I
137,137010,10100238,1,368,Normal/MateriaItem,mettleflow materia II
137,137011,10100239,1,369,Normal/MateriaItem,mettleflow materia III
137,137012,10100240,1,370,Normal/MateriaItem,mettleflow materia IV
138,138001,10100241,1,4000,Normal/MateriaItem,touch of rage materia I
138,138002,10100242,1,16000,Normal/MateriaItem,touch of rage materia II
138,138003,10100243,1,36000,Normal/MateriaItem,touch of rage materia III
138,138004,10100244,1,86000,Normal/MateriaItem,touch of rage materia IV
138,138005,10100245,1,4000,Normal/MateriaItem,touch of serenity materia I
138,138006,10100246,1,16000,Normal/MateriaItem,touch of serenity materia II
138,138007,10100247,1,36000,Normal/MateriaItem,touch of serenity materia III
138,138008,10100248,1,86000,Normal/MateriaItem,touch of serenity materia IV
138,138009,10100269,1,5000,Normal/MateriaItem,healer's hand materia I
138,138010,10100270,1,18000,Normal/MateriaItem,healer's hand materia II
138,138011,10100271,1,40000,Normal/MateriaItem,healer's hand materia III
138,138012,10100272,1,100000,Normal/MateriaItem,healer's hand materia IV
139,139001,10100257,1,401,Normal/MateriaItem,sorcerer's step materia I
139,139002,10100258,1,402,Normal/MateriaItem,sorcerer's step materia II
139,139003,10100259,1,403,Normal/MateriaItem,sorcerer's step materia III
139,139004,10100260,1,404,Normal/MateriaItem,sorcerer's step materia IV
139,139005,10100261,1,405,Normal/MateriaItem,sprinter's step materia I
139,139006,10100262,1,406,Normal/MateriaItem,sprinter's step materia II
139,139007,10100263,1,407,Normal/MateriaItem,sprinter's step materia III
139,139008,10100264,1,408,Normal/MateriaItem,sprinter's step materia IV
139,139009,10100265,1,409,Normal/MateriaItem,savant's step materia I
139,139010,10100266,1,410,Normal/MateriaItem,savant's step materia II
139,139011,10100267,1,411,Normal/MateriaItem,savant's step materia III
139,139012,10100268,1,412,Normal/MateriaItem,savant's step materia IV
140,140001,10100273,1,422,Normal/MateriaItem,breath of fire materia I
140,140002,10100274,1,423,Normal/MateriaItem,breath of fire materia II
140,140003,10100275,1,424,Normal/MateriaItem,breath of fire materia III
140,140004,10100276,1,425,Normal/MateriaItem,breath of fire materia IV
140,140005,10100277,1,426,Normal/MateriaItem,breath of ice materia I
140,140006,10100278,1,427,Normal/MateriaItem,breath of ice materia II
140,140007,10100279,1,428,Normal/MateriaItem,breath of ice materia III
140,140008,10100280,1,429,Normal/MateriaItem,breath of ice materia IV
140,140009,10100281,1,430,Normal/MateriaItem,breath of wind materia I
140,140010,10100282,1,431,Normal/MateriaItem,breath of wind materia II
140,140011,10100283,1,432,Normal/MateriaItem,breath of wind materia III
140,140012,10100284,1,433,Normal/MateriaItem,breath of wind materia IV
141,141001,10100285,1,443,Normal/MateriaItem,breath of earth materia I
141,141002,10100286,1,444,Normal/MateriaItem,breath of earth materia II
141,141003,10100287,1,445,Normal/MateriaItem,breath of earth materia III
141,141004,10100288,1,446,Normal/MateriaItem,breath of earth materia IV
141,141005,10100289,1,447,Normal/MateriaItem,breath of lightning materia I
141,141006,10100290,1,448,Normal/MateriaItem,breath of lightning materia II
141,141007,10100291,1,449,Normal/MateriaItem,breath of lightning materia III
141,141008,10100292,1,450,Normal/MateriaItem,breath of lightning materia IV
141,141009,10100293,1,451,Normal/MateriaItem,breath of water materia I
141,141010,10100294,1,452,Normal/MateriaItem,breath of water materia II
141,141011,10100295,1,453,Normal/MateriaItem,breath of water materia III
141,141012,10100296,1,454,Normal/MateriaItem,breath of water materia IV
142,142001,10100297,1,464,Normal/MateriaItem,bloodbringer materia I
142,142002,10100298,1,465,Normal/MateriaItem,bloodbringer materia II
142,142003,10100299,1,466,Normal/MateriaItem,bloodbringer materia III
142,142004,10100300,1,467,Normal/MateriaItem,bloodbringer materia IV
142,142005,10100301,1,468,Normal/MateriaItem,manabringer materia I
142,142006,10100302,1,469,Normal/MateriaItem,manabringer materia II
142,142007,10100303,1,470,Normal/MateriaItem,manabringer materia III
142,142008,10100304,1,471,Normal/MateriaItem,manabringer materia IV
142,142009,10100305,1,472,Normal/MateriaItem,mettlebringer materia I
142,142010,10100306,1,473,Normal/MateriaItem,mettlebringer materia II
142,142011,10100307,1,474,Normal/MateriaItem,mettlebringer materia III
142,142012,10100308,1,475,Normal/MateriaItem,mettlebringer materia IV
143,143001,10100309,1,485,Normal/MateriaItem,mana martyr materia I
143,143002,10100310,1,486,Normal/MateriaItem,mana martyr materia II
143,143003,10100311,1,487,Normal/MateriaItem,mana martyr materia III
143,143004,10100312,1,488,Normal/MateriaItem,mana martyr materia IV
143,143005,10100313,1,489,Normal/MateriaItem,mettle martyr materia I
143,143006,10100314,1,490,Normal/MateriaItem,mettle martyr materia II
143,143007,10100315,1,491,Normal/MateriaItem,mettle martyr materia III
143,143008,10100316,1,492,Normal/MateriaItem,mettle martyr materia IV
143,143009,10100317,1,493,Normal/MateriaItem,Byregot's hammer materia I
143,143010,10100318,1,494,Normal/MateriaItem,Byregot's hammer materia II
143,143011,10100319,1,495,Normal/MateriaItem,Byregot's hammer materia III
143,143012,10100320,1,496,Normal/MateriaItem,Byregot's hammer materia IV
143,143013,10100321,1,497,Normal/MateriaItem,Menphina's whisper materia I
143,143014,10100322,1,498,Normal/MateriaItem,Menphina's whisper materia II
143,143015,10100323,1,499,Normal/MateriaItem,Menphina's whisper materia III
143,143016,10100324,1,500,Normal/MateriaItem,Menphina's whisper materia IV
144,144001,1000003,1,20,Money/MoneyStandard,fire shard
144,144002,1000004,1,20,Money/MoneyStandard,ice shard
144,144003,1000005,1,20,Money/MoneyStandard,wind shard
144,144004,1000006,1,20,Money/MoneyStandard,earth shard
144,144005,1000007,1,20,Money/MoneyStandard,lightning shard
144,144006,1000008,1,20,Money/MoneyStandard,water shard
144,144007,1000009,1,60,Money/MoneyStandard,fire crystal
144,144008,1000010,1,60,Money/MoneyStandard,ice crystal
144,144009,1000011,1,60,Money/MoneyStandard,wind crystal
144,144010,1000012,1,60,Money/MoneyStandard,earth crystal
144,144011,1000013,1,60,Money/MoneyStandard,lightning crystal
144,144012,1000014,1,60,Money/MoneyStandard,water crystal
144,144013,1000015,1,1200,Money/MoneyStandard,fire cluster
144,144014,1000016,1,1200,Money/MoneyStandard,ice cluster
144,144015,1000017,1,1200,Money/MoneyStandard,wind cluster
144,144016,1000018,1,1200,Money/MoneyStandard,earth cluster
144,144017,1000019,1,1200,Money/MoneyStandard,lightning cluster
144,144018,1000020,1,1200,Money/MoneyStandard,water cluster
145,1071001,3020507,1,10,Normal/CmnGoodStatusItem,sackful of peach confetti
145,1071002,3010416,1,10,Normal/FoodItem,sweet rice cake
146,1072001,3020601,1,10,Normal/CmnGoodStatusItem,storm tracer
146,1072002,3020602,1,10,Normal/CmnGoodStatusItem,flame tracer
146,1072003,3020603,1,10,Normal/CmnGoodStatusItem,serpent tracer
146,1072004,3020604,1,10,Normal/CmnGoodStatusItem,Lominsan sparkler
146,1072005,3020605,1,10,Normal/CmnGoodStatusItem,Gridanian sparkler
146,1072006,3020606,1,10,Normal/CmnGoodStatusItem,Ul'dahn sparkler
1001,1001001,3011106,1,67,Normal/FoodItem,maiden carp
1001,1001002,3011205,1,67,Normal/FoodItem,tiger cod
1001,1001003,3011103,1,29,Normal/FoodItem,crayfish
1001,1001004,3011104,1,115,Normal/FoodItem,crimson crayfish
1001,1001005,10006111,1,432,Normal/StandardItem,scallop shell
1001,1001006,3011111,1,979,Normal/FoodItem,Ala Mhigan fighting fish
1001,1001007,3011208,1,845,Normal/FoodItem,coral butterfly
1001,1001008,3011108,1,317,Normal/FoodItem,pipira
1002,1002001,3011518,1,479,Normal/FoodItem,sprig of cloves
1002,1002002,10009401,1,10714,Normal/StandardItem,mandrake root
1002,1002003,3011506,1,65,Normal/FoodItem,bulb of Garlean garlic
1002,1002004,3011515,1,2387,Normal/FoodItem,handful of nutmeg seeds
1002,1002005,3011508,1,43,Normal/FoodItem,pearl ginger rootstock
1002,1002006,3011509,1,25,Normal/FoodItem,stick of cinnamon
1002,1002007,3011519,1,540,Normal/FoodItem,bundle of vanilla beans
1002,1002008,3011510,1,3395,Normal/FoodItem,sprig of Sagolii sage
1003,1003001,4020001,1,636,Normal/StandardItem,pair of weathered hora
1003,1003002,4040001,1,840,Normal/StandardItem,weathered war axe
1003,1003003,4030110,1,4500,Normal/StandardItem,bronze dagger
1003,1003004,4070204,1,14560,Normal/StandardItem,maple longbow
1003,1003005,3920016,1,2,Normal/StandardItem,warped arrow
1003,1003006,3910201,1,91,Normal/StandardItem,bronze francisca
1003,1003007,3910301,1,102,Normal/StandardItem,bronze javelin
1004,1004001,5020001,1,696,Normal/StandardItem,weathered scepter
1004,1004002,5030101,1,840,Normal/StandardItem,weathered cane
1005,1005001,3920016,1,2,Normal/StandardItem,warped arrow
1005,1005002,3940002,1,2,Normal/StandardItem,lugworm
1005,1005003,3940003,1,2,Normal/StandardItem,moth pupa
1005,1005004,3010609,1,60,Normal/FoodItem,bottle of mineral water
1005,1005005,3010605,1,168,Normal/FoodItem,bottle of orange juice
1005,1005006,3010102,1,84,Normal/FoodItem,salt cod
1005,1005007,3020401,1,1463,Normal/CmnRemoveStatusItem,bottle of eye drops
1005,1005008,3010003,1,112,Normal/FoodItem,boiled egg
1005,1005009,3020001,1,650,Normal/PotionItem,potion
1005,1005010,3020402,1,7400,Normal/CmnRemoveStatusItem,bottle of throat drops
1005,1005011,3020403,1,2850,Normal/CmnRemoveStatusItem,bottle of dawn drops
1005,1005012,3020406,1,413,Normal/CmnRemoveStatusItem,bottle of blood drops
1005,1005013,10013001,1,50,Normal/StandardItem,fragment of grade 1 dark matter
1005,1005014,10013002,1,300,Normal/StandardItem,fragment of grade 2 dark matter
1005,1005015,10013003,1,700,Normal/StandardItem,fragment of grade 3 dark matter
1005,1005016,10013004,1,1500,Normal/StandardItem,fragment of grade 4 dark matter
1005,1005017,10013005,1,3500,Normal/StandardItem,fragment of grade 5 dark matter
1006,1006001,6010001,1,660,Normal/ToolItem,weathered saw
1006,1006002,6011004,1,14784,Normal/ToolItem,bronze claw hammer
1006,1006003,10008203,1,1350,Normal/StandardItem,length of maple lumber
1006,1006004,10008205,1,3024,Normal/StandardItem,length of ash lumber
1006,1006005,10008204,1,4500,Normal/StandardItem,length of elm lumber
1006,1006006,10008207,1,6750,Normal/StandardItem,length of walnut lumber
1007,1007001,6040001,1,636,Normal/ToolItem,weathered chaser hammer
1007,1007002,6041005,1,53508,Normal/ToolItem,mudstone grinding wheel
1007,1007003,10003011,1,500,Normal/StandardItem,copper ingot
1007,1007004,10003012,1,3000,Normal/StandardItem,brass ingot
1007,1007005,10003013,1,7500,Normal/StandardItem,silver ingot
1007,1007006,10003051,1,400,Normal/StandardItem,handful of copper rings
1007,1007007,10003052,1,2400,Normal/StandardItem,handful of brass rings
1007,1007008,10003053,1,6000,Normal/StandardItem,handful of silver rings
1007,1007009,10004201,1,3780,Normal/StandardItem,marbled eye
1007,1007010,10004125,1,37620,Normal/StandardItem,pearl
1008,1008001,6050003,1,588,Normal/ToolItem,weathered head knife
1008,1008002,6051004,1,15840,Normal/ToolItem,bronze awl
1008,1008003,10007101,1,1200,Normal/StandardItem,circle of sheep leather
1008,1008004,10007104,1,2400,Normal/StandardItem,circle of dodo leather
1008,1008005,10007126,1,4000,Normal/StandardItem,circle of aldgoat leather
1008,1008006,10007113,1,6000,Normal/StandardItem,circle of toad leather
1008,1008007,10007507,1,240,Normal/StandardItem,piece of mole sinew
1008,1008008,10007504,1,720,Normal/StandardItem,piece of antelope sinew
1008,1008009,10007510,1,1987,Normal/StandardItem,piece of diremite sinew
1009,1009001,6060006,1,432,Normal/ToolItem,rusty needle
1009,1009002,6061005,1,16896,Normal/ToolItem,maple spinning wheel
1009,1009003,10005001,1,960,Normal/StandardItem,bolt of undyed hempen cloth
1009,1009004,10005005,1,3200,Normal/StandardItem,bolt of undyed cotton cloth
1009,1009005,10005015,1,6720,Normal/StandardItem,bolt of undyed velveteen
1009,1009006,10005301,1,312,Normal/StandardItem,spindle of hempen yarn
1009,1009007,10005302,1,1242,Normal/StandardItem,spindle of cotton yarn
1009,1009008,10005307,1,2772,Normal/StandardItem,spindle of dew thread
1009,1009009,10005401,1,115,Normal/StandardItem,cock feather
1009,1009010,10005403,1,604,Normal/StandardItem,crow feather
1009,1009011,10005402,1,316,Normal/StandardItem,dodo feather
1009,1009012,10005404,1,979,Normal/StandardItem,wildfowl feather
1010,1010001,6070001,1,612,Normal/ToolItem,weathered alembic
1010,1010002,6071004,1,14784,Normal/ToolItem,bronze mortar
1010,1010003,10009216,1,998,Normal/StandardItem,bottle of fish oil
1010,1010004,3011537,1,479,Normal/FoodItem,bottle of clove oil
1010,1010005,10009217,1,7200,Normal/StandardItem,bottle of crab oil
1010,1010006,3010601,1,15,Normal/FoodItem,bottle of distilled water
1010,1010007,10009110,1,216,Normal/StandardItem,pinch of natron
1010,1010008,10009303,1,998,Normal/StandardItem,block of animal glue
1010,1010009,10009201,1,844,Normal/StandardItem,vial of quicksilver
1010,1010010,10009104,1,210,Normal/StandardItem,chunk of rock salt
1010,1010011,10009102,1,1331,Normal/StandardItem,pinch of silex
1010,1010012,10009205,1,179,Normal/StandardItem,bottle of effervescent water
1010,1010013,10009307,1,58,Normal/StandardItem,lump of rubber
1010,1010014,10009407,1,461,Normal/StandardItem,yellow ginseng root
1011,1011001,7010005,1,600,Normal/ToolItem,weathered pickaxe
1011,1011002,7010103,1,14080,Normal/ToolItem,bronze sledgehammer
1011,1011003,7020002,1,636,Normal/ToolItem,weathered hatchet
1011,1011004,7020104,1,14784,Normal/ToolItem,bronze scythe
1011,1011005,3940001,1,4,Normal/StandardItem,bloodworm
1011,1011006,10013001,1,50,Normal/StandardItem,fragment of grade 1 dark matter
1011,1011007,10013002,1,300,Normal/StandardItem,fragment of grade 2 dark matter
1011,1011008,10013003,1,700,Normal/StandardItem,fragment of grade 3 dark matter
1011,1011009,10013004,1,1500,Normal/StandardItem,fragment of grade 4 dark matter
1011,1011010,10013005,1,3500,Normal/StandardItem,fragment of grade 5 dark matter
1012,1012001,4030010,1,600,Normal/StandardItem,weathered gladius
1012,1012002,8040049,1,360,Normal/StandardItem,hempen singlet
1012,1012003,8040025,1,360,Normal/StandardItem,hempen chestband
1012,1012004,8060049,1,108,Normal/StandardItem,pair of hempen trunks
1012,1012005,8060025,1,108,Normal/StandardItem,hempen loinguard
1012,1012006,10001006,1,72,Normal/StandardItem,chunk of copper ore
1012,1012007,10001008,1,1008,Normal/StandardItem,chunk of zinc ore
1013,1013001,4080201,1,840,Normal/StandardItem,weathered spear
1013,1013002,4070001,1,816,Normal/StandardItem,weathered shortbow
1013,1013003,3920004,1,6,Normal/StandardItem,bronze arrow
1013,1013004,3011303,1,396,Normal/FoodItem,alpine parsnip
1013,1013005,3011412,1,490,Normal/FoodItem,handful of buffalo beans
1013,1013006,3011309,1,284,Normal/FoodItem,Coerthas carrot
1013,1013007,3011525,1,43,Normal/FoodItem,sheaf of rye
1013,1013008,3011523,1,43,Normal/FoodItem,sheaf of sunset wheat
1013,1013009,3011457,1,1310,Normal/FoodItem,bunch of blood currants
1013,1013010,3020001,1,650,Normal/PotionItem,potion
1013,1013011,3020406,1,413,Normal/CmnRemoveStatusItem,bottle of blood drops
1014,1014001,10008003,1,1260,Normal/StandardItem,maple log
1014,1014002,10008004,1,4200,Normal/StandardItem,elm log
1014,1014003,10008005,1,2822,Normal/StandardItem,ash log
1014,1014004,3011307,1,842,Normal/FoodItem,popoto
1014,1014005,3011415,1,720,Normal/FoodItem,ear of millioncorn
1014,1014006,3011302,1,284,Normal/FoodItem,ogre pumpkin
1015,1015001,10005202,1,145,Normal/StandardItem,clump of moko grass
1015,1015002,10005203,1,579,Normal/StandardItem,cotton boll
1015,1015003,10005204,1,2287,Normal/StandardItem,clump of flax
1015,1015004,10009301,1,307,Normal/StandardItem,beehive chip
1015,1015005,10009403,1,1331,Normal/StandardItem,carnation
1015,1015006,3011545,1,2009,Normal/FoodItem,sprig of fresh mugwort
1015,1015007,3011402,1,302,Normal/FoodItem,Gridanian chestnut
1016,1016001,3011502,1,90,Normal/FoodItem,stick of salted butter
1016,1016002,3010609,1,60,Normal/FoodItem,bottle of mineral water
1016,1016003,3010602,1,678,Normal/FoodItem,bottle of sour red
1016,1016004,3010015,1,1260,Normal/FoodItem,piece of blue cheese
1016,1016005,3011301,1,599,Normal/FoodItem,bunch of Cieldalaes spinach
1016,1016006,3011451,1,120,Normal/FoodItem,La Noscean orange
1016,1016007,3010603,1,108,Normal/FoodItem,can of aldgoat milk
1016,1016008,3011452,1,34,Normal/FoodItem,bunch of lowland grapes
1016,1016009,3011308,1,81,Normal/FoodItem,wild onion
1016,1016010,3011531,1,11,Normal/FoodItem,pot of maple syrup
1016,1016011,3011311,1,459,Normal/FoodItem,head of La Noscean lettuce
1016,1016012,3011316,1,2511,Normal/FoodItem,maiden artichoke
1016,1016013,3011312,1,338,Normal/FoodItem,sprig of highland parsley
1016,1016014,3010604,1,252,Normal/FoodItem,can of buffalo milk
1016,1016015,3011015,1,32,Normal/FoodItem,chicken egg
1016,1016016,3011416,1,202,Normal/FoodItem,kukuru bean
1017,1018001,8030109,1,514800,Normal/StandardItem,steel cuirass
1017,1018002,10001006,1,72,Normal/StandardItem,chunk of copper ore
1017,1018003,10001001,1,252,Normal/StandardItem,chunk of tin ore
1017,1018004,10001004,1,1242,Normal/StandardItem,chunk of iron ore
1017,1018005,10002021,1,3300,Normal/StandardItem,sheet of bronze plate
1017,1018006,10002022,1,11000,Normal/StandardItem,sheet of iron plate
1017,1018007,10002023,1,23100,Normal/StandardItem,sheet of steel plate
1017,1018008,10002051,1,1200,Normal/StandardItem,handful of bronze rings
1017,1018009,10002052,1,4000,Normal/StandardItem,handful of iron rings
1017,1018010,10002053,1,8400,Normal/StandardItem,handful of steel rings
1018,1017001,4030115,1,72540,Normal/StandardItem,steel baselard
1018,1017002,4040107,1,133056,Normal/StandardItem,spiked steel labrys
1018,1017003,10001006,1,72,Normal/StandardItem,chunk of copper ore
1018,1017004,10001001,1,252,Normal/StandardItem,chunk of tin ore
1018,1017005,10001004,1,1242,Normal/StandardItem,chunk of iron ore
1018,1017006,10002011,1,1500,Normal/StandardItem,bronze ingot
1018,1017007,10002012,1,5000,Normal/StandardItem,iron ingot
1018,1017008,10002013,1,10500,Normal/StandardItem,steel ingot
1018,1017009,10002071,1,600,Normal/StandardItem,handful of bronze rivets
1018,1017010,10002072,1,2000,Normal/StandardItem,handful of iron rivets
1018,1017011,10002073,1,4200,Normal/StandardItem,handful of steel rivets
1018,1017012,10001119,1,612,Normal/StandardItem,ragstone whetstone
1018,1017013,10001118,1,1368,Normal/StandardItem,mudstone whetstone
1019,1019001,8012010,1,360,Normal/StandardItem,weathered beach hat (blue)
1019,1019002,3940003,1,2,Normal/StandardItem,moth pupa
1019,1019003,3940002,1,2,Normal/StandardItem,lugworm
1019,1019004,3940101,1,201,Normal/StandardItem,chocobo fly
1019,1019005,3940106,1,489,Normal/StandardItem,floating minnow
1020,1066001,8040092,1,32760,Normal/StandardItem,cotton singlet
1020,1066002,8040062,1,32760,Normal/StandardItem,cotton chestband
1020,1066003,8060092,1,9828,Normal/StandardItem,pair of cotton trunks
1020,1066004,8060062,1,9828,Normal/StandardItem,cotton loinguard
1021,1069001,3011311,1,459,Normal/FoodItem,head of La Noscean lettuce
1021,1069002,3011316,1,2511,Normal/FoodItem,maiden artichoke
1021,1069003,3011451,1,120,Normal/FoodItem,La Noscean orange
1021,1069004,3010605,1,168,Normal/FoodItem,bottle of orange juice
1021,1069005,3010009,1,660,Normal/FoodItem,grilled dodo
2001,1020001,3011526,1,43,Normal/FoodItem,sack of rye flour
2001,1020002,3011524,1,65,Normal/FoodItem,sack of sunset wheat flour
2001,1020003,3011527,1,983,Normal/FoodItem,sack of cornmeal
2001,1020004,3011536,1,540,Normal/FoodItem,bottle of lavender oil
2001,1020005,3011537,1,479,Normal/FoodItem,bottle of clove oil
2001,1020006,3011532,1,421,Normal/FoodItem,bottle of olive oil
2001,1020007,3011502,1,90,Normal/FoodItem,stick of salted butter
2001,1020008,3011531,1,11,Normal/FoodItem,pot of maple syrup
2002,1021001,8080426,1,552,Normal/StandardItem,pair of weathered workboots
2002,1021002,8080017,1,446,Normal/StandardItem,pair of weathered thighboots (grey)
2002,1021003,8080220,1,312,Normal/StandardItem,pair of sheepskin duckbills
2002,1021004,8081118,1,7654,Normal/StandardItem,pair of sheepskin leggings
2002,1021005,8080617,1,5632,Normal/StandardItem,pair of dodoskin shoes
2002,1021006,8080513,1,46800,Normal/StandardItem,pair of leather crakows
2003,1022001,4080201,1,840,Normal/StandardItem,weathered spear
2003,1022002,4070001,1,816,Normal/StandardItem,weathered shortbow
2003,1022003,4070204,1,14560,Normal/StandardItem,maple longbow
2003,1022004,3920016,1,2,Normal/StandardItem,warped arrow
2003,1022005,3920004,1,6,Normal/StandardItem,bronze arrow
2003,1022006,3920006,1,24,Normal/StandardItem,iron arrow
2003,1022007,3910301,1,102,Normal/StandardItem,bronze javelin
2004,1023001,3011516,1,3715,Normal/FoodItem,bottle of desert saffron
2004,1023002,3011518,1,479,Normal/FoodItem,sprig of cloves
2004,1023003,10009403,1,1331,Normal/StandardItem,carnation
2004,1023004,10009404,1,7603,Normal/StandardItem,sprig of chamomile
2004,1023005,10009405,1,2253,Normal/StandardItem,sprig of lavender
2004,1023006,3011530,1,43,Normal/FoodItem,pot of honey
2004,1023007,3011405,1,58,Normal/FoodItem,handful of sunflower seeds
2004,1023008,10005204,1,2287,Normal/StandardItem,clump of flax
2005,1024001,8010703,1,11760,Normal/StandardItem,ash mask
2005,1024002,8010304,1,34260,Normal/StandardItem,leather eyepatch
2005,1024003,8011901,1,108326,Normal/StandardItem,moldering jester's cap
2006,1025001,10009406,1,2995,Normal/StandardItem,sprig of belladonna
2006,1025002,3011511,1,540,Normal/FoodItem,sprig of fresh marjoram
2006,1025003,3011514,1,2009,Normal/FoodItem,bunch of thyme leaves
2006,1025004,3011453,1,806,Normal/FoodItem,branch of pixie plums
2006,1025005,3011520,1,540,Normal/FoodItem,sprig of galago mint
2006,1025006,3011513,1,2131,Normal/FoodItem,handful of laurel leaves
2006,1025007,3011517,1,1069,Normal/FoodItem,sprig of midland basil
2006,1025008,3011308,1,81,Normal/FoodItem,wild onion
2007,1026001,8040029,1,360,Normal/StandardItem,pair of hempen undersleeves
2007,1026002,8040033,1,360,Normal/StandardItem,hempen bodice
2007,1026003,8040045,1,360,Normal/StandardItem,hempen halftop
2007,1026004,8060029,1,108,Normal/StandardItem,pair of hempen braies
2007,1026005,8060033,1,108,Normal/StandardItem,pair of hempen stockings
2007,1026006,8060045,1,108,Normal/StandardItem,pair of hempen pantalettes
2008,1027001,10007001,1,1080,Normal/StandardItem,sheepskin
2008,1027002,10007003,1,2160,Normal/StandardItem,dodo skin
2008,1027003,10007016,1,3600,Normal/StandardItem,aldgoat skin
2008,1027004,10007005,1,5400,Normal/StandardItem,gigantoad skin
2009,1028001,3920016,1,2,Normal/StandardItem,warped arrow
2009,1028002,3940002,1,2,Normal/StandardItem,lugworm
2009,1028003,3940003,1,2,Normal/StandardItem,moth pupa
2009,1028004,3010609,1,60,Normal/FoodItem,bottle of mineral water
2009,1028005,3010202,1,64,Normal/FoodItem,serving of frumenty
2009,1028006,3020403,1,2850,Normal/CmnRemoveStatusItem,bottle of dawn drops
2009,1028007,3020402,1,7400,Normal/CmnRemoveStatusItem,bottle of throat drops
2009,1028008,3020406,1,413,Normal/CmnRemoveStatusItem,bottle of blood drops
2009,1028009,3010003,1,112,Normal/FoodItem,boiled egg
2009,1028010,3020001,1,650,Normal/PotionItem,potion
2009,1028011,3020401,1,1463,Normal/CmnRemoveStatusItem,bottle of eye drops
2009,1028012,10013001,1,50,Normal/StandardItem,fragment of grade 1 dark matter
2009,1028013,10013002,1,300,Normal/StandardItem,fragment of grade 2 dark matter
2009,1028014,10013003,1,700,Normal/StandardItem,fragment of grade 3 dark matter
2009,1028015,10013004,1,1500,Normal/StandardItem,fragment of grade 4 dark matter
2009,1028016,10013005,1,3500,Normal/StandardItem,fragment of grade 5 dark matter
2010,1029001,6080001,1,624,Normal/ToolItem,weathered skillet
2010,1029002,6081004,1,13728,Normal/ToolItem,bronze culinary knife
2010,1029003,3011015,1,32,Normal/FoodItem,chicken egg
2010,1029004,3010609,1,60,Normal/FoodItem,bottle of mineral water
2010,1029005,3010602,1,678,Normal/FoodItem,bottle of sour red
2010,1029006,3011529,1,11,Normal/FoodItem,pinch of table salt
2010,1029007,3010603,1,108,Normal/FoodItem,can of aldgoat milk
2010,1029008,3010604,1,252,Normal/FoodItem,can of buffalo milk
2010,1029009,3011416,1,202,Normal/FoodItem,kukuru bean
2011,1030001,6030001,1,624,Normal/ToolItem,weathered doming hammer
2011,1030002,6031004,1,14080,Normal/ToolItem,pair of bronze pliers
2011,1030003,10002021,1,3300,Normal/StandardItem,sheet of bronze plate
2011,1030004,10002022,1,11000,Normal/StandardItem,sheet of iron plate
2011,1030005,10002023,1,23100,Normal/StandardItem,sheet of steel plate
2011,1030006,10002051,1,1200,Normal/StandardItem,handful of bronze rings
2011,1030007,10002052,1,4000,Normal/StandardItem,handful of iron rings
2011,1030008,10002053,1,8400,Normal/StandardItem,handful of steel rings
2012,1031001,6040001,1,636,Normal/ToolItem,weathered chaser hammer
2012,1031002,6041005,1,53508,Normal/ToolItem,mudstone grinding wheel
2012,1031003,10003011,1,500,Normal/StandardItem,copper ingot
2012,1031004,10003012,1,3000,Normal/StandardItem,brass ingot
2012,1031005,10003013,1,7500,Normal/StandardItem,silver ingot
2012,1031006,10003051,1,400,Normal/StandardItem,handful of copper rings
2012,1031007,10003052,1,2400,Normal/StandardItem,handful of brass rings
2012,1031008,10003053,1,6000,Normal/StandardItem,handful of silver rings
2012,1031009,10004201,1,3780,Normal/StandardItem,marbled eye
2012,1031010,10004125,1,37620,Normal/StandardItem,pearl
2013,1032001,6020001,1,600,Normal/ToolItem,weathered cross-pein hammer
2013,1032002,6021003,1,13376,Normal/ToolItem,bronze file
2013,1032003,10002011,1,1500,Normal/StandardItem,bronze ingot
2013,1032004,10002012,1,5000,Normal/StandardItem,iron ingot
2013,1032005,10002013,1,10500,Normal/StandardItem,steel ingot
2013,1032006,10002071,1,600,Normal/StandardItem,handful of bronze rivets
2013,1032007,10002072,1,2000,Normal/StandardItem,handful of iron rivets
2013,1032008,10002073,1,4200,Normal/StandardItem,handful of steel rivets
2013,1032009,10001119,1,612,Normal/StandardItem,ragstone whetstone
2013,1032010,10001118,1,1368,Normal/StandardItem,mudstone whetstone
2014,1033001,6060006,1,432,Normal/ToolItem,rusty needle
2014,1033002,6061005,1,16896,Normal/ToolItem,maple spinning wheel
2014,1033003,10005001,1,960,Normal/StandardItem,bolt of undyed hempen cloth
2014,1033004,10005005,1,3200,Normal/StandardItem,bolt of undyed cotton cloth
2014,1033005,10005015,1,6720,Normal/StandardItem,bolt of undyed velveteen
2014,1033006,10005301,1,312,Normal/StandardItem,spindle of hempen yarn
2014,1033007,10005302,1,1242,Normal/StandardItem,spindle of cotton yarn
2014,1033008,10005307,1,2772,Normal/StandardItem,spindle of dew thread
2014,1033009,10005401,1,115,Normal/StandardItem,cock feather
2014,1033010,10005403,1,604,Normal/StandardItem,crow feather
2014,1033011,10005402,1,316,Normal/StandardItem,dodo feather
2014,1033012,10005404,1,979,Normal/StandardItem,wildfowl feather
2015,1034001,6070001,1,612,Normal/ToolItem,weathered alembic
2015,1034002,6071004,1,14784,Normal/ToolItem,bronze mortar
2015,1034003,10009216,1,998,Normal/StandardItem,bottle of fish oil
2015,1034004,3011537,1,479,Normal/FoodItem,bottle of clove oil
2015,1034005,10009217,1,7200,Normal/StandardItem,bottle of crab oil
2015,1034006,3010601,1,15,Normal/FoodItem,bottle of distilled water
2015,1034007,10009110,1,216,Normal/StandardItem,pinch of natron
2015,1034008,10009303,1,998,Normal/StandardItem,block of animal glue
2015,1034009,10009201,1,844,Normal/StandardItem,vial of quicksilver
2015,1034010,10009104,1,210,Normal/StandardItem,chunk of rock salt
2015,1034011,10009206,1,998,Normal/StandardItem,bottle of growth formula alpha
2015,1034012,10009102,1,1331,Normal/StandardItem,pinch of silex
2015,1034013,10009205,1,179,Normal/StandardItem,bottle of effervescent water
2015,1034014,10009307,1,58,Normal/StandardItem,lump of rubber
2015,1034015,10009407,1,461,Normal/StandardItem,yellow ginseng root
2016,1035001,7030002,1,660,Normal/ToolItem,weathered fishing rod
2016,1035002,7030104,1,13728,Normal/ToolItem,bronze gig
2016,1035003,7010005,1,600,Normal/ToolItem,weathered pickaxe
2016,1035004,7010103,1,14080,Normal/ToolItem,bronze sledgehammer
2016,1035005,10009301,1,307,Normal/StandardItem,beehive chip
2016,1035006,3940002,1,2,Normal/StandardItem,lugworm
2016,1035007,3940003,1,2,Normal/StandardItem,moth pupa
2016,1035008,10009204,1,76,Normal/StandardItem,bottle of muddy water
2016,1035009,10013001,1,50,Normal/StandardItem,fragment of grade 1 dark matter
2016,1035010,10013002,1,300,Normal/StandardItem,fragment of grade 2 dark matter
2016,1035011,10013003,1,700,Normal/StandardItem,fragment of grade 3 dark matter
2016,1035012,10013004,1,1500,Normal/StandardItem,fragment of grade 4 dark matter
2016,1035013,10013005,1,3500,Normal/StandardItem,fragment of grade 5 dark matter
2017,1036001,4040001,1,840,Normal/StandardItem,weathered war axe
2017,1036002,4030110,1,4500,Normal/StandardItem,bronze dagger
2017,1036003,3010102,1,84,Normal/FoodItem,salt cod
2017,1036004,3010507,1,6502,Normal/FoodItem,bowl of fish soup
2017,1036005,3020001,1,650,Normal/PotionItem,potion
2017,1036006,3020406,1,413,Normal/CmnRemoveStatusItem,bottle of blood drops
2018,1037001,4020001,1,636,Normal/StandardItem,pair of weathered hora
2018,1037002,4030010,1,600,Normal/StandardItem,weathered gladius
2018,1037003,5020001,1,696,Normal/StandardItem,weathered scepter
2018,1037004,10001006,1,72,Normal/StandardItem,chunk of copper ore
2018,1037005,10001007,1,450,Normal/StandardItem,chunk of yellow copper ore
2018,1037006,10001008,1,1008,Normal/StandardItem,chunk of zinc ore
2019,1038001,3011305,1,1688,Normal/FoodItem,head of midland cabbage
2019,1038002,3011456,1,898,Normal/FoodItem,sun lemon
2019,1038003,3011458,1,4526,Normal/FoodItem,rolanberry
2019,1038004,3011306,1,1566,Normal/FoodItem,wizard eggplant
2019,1038005,3011313,1,527,Normal/FoodItem,ramhorn zucchini
2019,1038006,3011310,1,675,Normal/FoodItem,ruby tomato
2019,1038007,3011304,1,2664,Normal/FoodItem,salt leek
2019,1038008,3011413,1,1546,Normal/FoodItem,pod of jade peas
2020,1039001,5030101,1,840,Normal/StandardItem,weathered cane
2020,1039002,10008003,1,1260,Normal/StandardItem,maple log
2020,1039003,10008004,1,4200,Normal/StandardItem,elm log
2020,1039004,10008005,1,2822,Normal/StandardItem,ash log
2020,1039005,10008007,1,6300,Normal/StandardItem,walnut log
2020,1039006,10008203,1,1350,Normal/StandardItem,length of maple lumber
2020,1039007,10008205,1,3024,Normal/StandardItem,length of ash lumber
2020,1039008,10008204,1,4500,Normal/StandardItem,length of elm lumber
2020,1039009,10008207,1,6750,Normal/StandardItem,length of walnut lumber
2021,1040001,4100006,1,23664,Normal/ShieldItem,sheepskin targe
2021,1040002,8030920,1,105000,Normal/StandardItem,leather jacket
2021,1040003,10007101,1,1200,Normal/StandardItem,circle of sheep leather
2021,1040004,10007104,1,2400,Normal/StandardItem,circle of dodo leather
2021,1040005,10007126,1,4000,Normal/StandardItem,circle of aldgoat leather
2021,1040006,10007113,1,6000,Normal/StandardItem,circle of toad leather
2021,1040007,10007507,1,240,Normal/StandardItem,piece of mole sinew
2021,1040008,10007504,1,720,Normal/StandardItem,piece of antelope sinew
2021,1040009,10007510,1,1987,Normal/StandardItem,piece of diremite sinew
2021,1040010,10009111,1,640,Normal/StandardItem,pinch of alumen
2022,1041001,8012009,1,360,Normal/StandardItem,weathered sun hat
2022,1041002,3011525,1,43,Normal/FoodItem,sheaf of rye
2022,1041003,3011523,1,43,Normal/FoodItem,sheaf of sunset wheat
2022,1041004,3011455,1,638,Normal/FoodItem,faerie apple
2022,1041005,10008112,1,5683,Normal/StandardItem,oak branch
2023,1065001,8040067,1,32760,Normal/StandardItem,pair of cotton undersleeves
2023,1065002,8040072,1,32760,Normal/StandardItem,cotton bodice
2023,1065003,8040087,1,32760,Normal/StandardItem,cotton halftop
2023,1065004,8060067,1,9828,Normal/StandardItem,pair of cotton braies
2023,1065005,8060072,1,9828,Normal/StandardItem,pair of cotton stockings
2023,1065006,8060087,1,9828,Normal/StandardItem,pair of cotton pantalettes
2024,1068001,3011305,1,1688,Normal/FoodItem,head of midland cabbage
2024,1068002,3011457,1,1310,Normal/FoodItem,bunch of blood currants
2024,1068003,3011455,1,638,Normal/FoodItem,faerie apple
2024,1068004,3010607,1,4590,Normal/FoodItem,bottle of apple juice
2024,1068005,10009610,1,1331,Normal/StandardItem,sprig of Tinolqa mistletoe
2024,1068006,10009611,1,8243,Normal/StandardItem,sprig of Matron's mistletoe
3001,1042001,4080201,1,840,Normal/StandardItem,weathered spear
3001,1042002,5020001,1,696,Normal/StandardItem,weathered scepter
3001,1042003,8050450,1,414,Normal/StandardItem,pair of weathered culottes (grey)
3001,1042004,8050728,1,280,Normal/StandardItem,weathered sarouel (brown)
3001,1042005,8051015,1,295,Normal/StandardItem,pair of weathered tights
3001,1042006,8010016,1,105000,Normal/StandardItem,dented celata
3001,1042007,10006001,1,216,Normal/StandardItem,bone chip
3001,1042008,10006003,1,900,Normal/StandardItem,soiled femur
3002,1043001,4020001,1,636,Normal/StandardItem,pair of weathered hora
3002,1043002,4020108,1,43776,Normal/StandardItem,pair of dodoskin cesti
3002,1043003,4030010,1,600,Normal/StandardItem,weathered gladius
3002,1043004,4030004,1,23400,Normal/StandardItem,bronze spatha
3002,1043005,4070205,1,32760,Normal/StandardItem,wrapped maple longbow
3002,1043006,4100307,1,96600,Normal/ShieldItem,iron scutum
3002,1043007,3920016,1,2,Normal/StandardItem,warped arrow
3002,1043008,3910101,1,81,Normal/StandardItem,bronze chakram
3003,1044001,9030021,1,6552,Normal/StandardItem,pair of copper earrings
3003,1044002,9030022,1,29172,Normal/StandardItem,pair of brass earrings
3003,1044003,9040027,1,8568,Normal/StandardItem,copper choker
3003,1044004,9040028,1,31008,Normal/StandardItem,brass choker
3003,1044005,9050027,1,5376,Normal/StandardItem,copper ring
3003,1044006,9050028,1,23936,Normal/StandardItem,brass ring
3003,1044007,9010026,1,5280,Normal/StandardItem,pair of copper wristlets
3003,1044008,9010027,1,26880,Normal/StandardItem,pair of brass wristlets
3004,1045001,3010001,1,1125,Normal/FoodItem,meat miq'abob
3004,1045002,3010118,1,5392,Normal/FoodItem,serving of mugwort carp
3004,1045003,3010201,1,97,Normal/FoodItem,piece of flatbread
3004,1045004,3010403,1,1638,Normal/FoodItem,handful of dried prunes
3004,1045005,3010502,1,2029,Normal/FoodItem,bowl of stone soup
3004,1045006,3010404,1,84,Normal/FoodItem,handful of raisins
3004,1045007,3010610,1,1775,Normal/FoodItem,cup of chamomile tea
3004,1045008,3010609,1,60,Normal/FoodItem,bottle of mineral water
3005,1046001,3011318,1,1229,Normal/FoodItem,aloe leaf
3005,1046002,3011319,1,806,Normal/FoodItem,pair of nopales
3005,1046003,3011454,1,4526,Normal/FoodItem,prickly pineapple
3005,1046004,3011459,1,2218,Normal/FoodItem,alligator pear
3005,1046005,3011521,1,3881,Normal/FoodItem,basket of Thanalan tea leaves
3005,1046006,3011314,1,675,Normal/FoodItem,pinch of paprika
3005,1046007,3011534,1,983,Normal/FoodItem,pot of Ala Mhigan mustard
3005,1046008,3011302,1,284,Normal/FoodItem,ogre pumpkin
3005,1046009,3011410,1,720,Normal/FoodItem,gil bun
3005,1046010,3011316,1,2511,Normal/FoodItem,maiden artichoke
3006,1047001,8040017,1,360,Normal/StandardItem,hempen undershirt
3006,1047002,8040021,1,360,Normal/StandardItem,hempen breastcloth
3006,1047003,8040037,1,360,Normal/StandardItem,hempen camise
3006,1047004,8040041,1,360,Normal/StandardItem,hempen camisole
3006,1047005,8060017,1,108,Normal/StandardItem,pair of hempen halftights
3006,1047006,8060021,1,108,Normal/StandardItem,hempen pagne
3006,1047007,8060037,1,108,Normal/StandardItem,pair of hempen shorts
3006,1047008,8060041,1,108,Normal/StandardItem,pair of hempen drawers
3007,1048001,3011008,1,1964,Normal/FoodItem,chicken breast
3007,1048002,3011005,1,662,Normal/FoodItem,cut of mutton loin
3007,1048003,3011014,1,788,Normal/FoodItem,piece of mole meat
3007,1048004,3011003,1,1575,Normal/FoodItem,piece of dodo tenderloin
3007,1048005,3011001,1,3938,Normal/FoodItem,cut of aldgoat chuck
3007,1048006,3011002,1,9902,Normal/FoodItem,cut of buffalo sirloin
3008,1049001,3920016,1,2,Normal/StandardItem,warped arrow
3008,1049002,3940002,1,2,Normal/StandardItem,lugworm
3008,1049003,3940003,1,2,Normal/StandardItem,moth pupa
3008,1049004,3010609,1,60,Normal/FoodItem,bottle of mineral water
3008,1049005,3020401,1,1463,Normal/CmnRemoveStatusItem,bottle of eye drops
3008,1049006,3020402,1,7400,Normal/CmnRemoveStatusItem,bottle of throat drops
3008,1049007,3020403,1,2850,Normal/CmnRemoveStatusItem,bottle of dawn drops
3008,1049008,3020406,1,413,Normal/CmnRemoveStatusItem,bottle of blood drops
3008,1049009,3010006,1,216,Normal/FoodItem,marmot steak
3008,1049010,3010003,1,112,Normal/FoodItem,boiled egg
3008,1049011,3020001,1,650,Normal/PotionItem,potion
3008,1049012,10013001,1,50,Normal/StandardItem,fragment of grade 1 dark matter
3008,1049013,10013002,1,300,Normal/StandardItem,fragment of grade 2 dark matter
3008,1049014,10013003,1,700,Normal/StandardItem,fragment of grade 3 dark matter
3008,1049015,10013004,1,1500,Normal/StandardItem,fragment of grade 4 dark matter
3008,1049016,10013005,1,3500,Normal/StandardItem,fragment of grade 5 dark matter
3009,1050001,6080001,1,624,Normal/ToolItem,weathered skillet
3009,1050002,6081004,1,13728,Normal/ToolItem,bronze culinary knife
3009,1050003,3011015,1,32,Normal/FoodItem,chicken egg
3009,1050004,3010609,1,60,Normal/FoodItem,bottle of mineral water
3009,1050005,3010602,1,678,Normal/FoodItem,bottle of sour red
3009,1050006,3011529,1,11,Normal/FoodItem,pinch of table salt
3009,1050007,3010603,1,108,Normal/FoodItem,can of aldgoat milk
3009,1050008,3010604,1,252,Normal/FoodItem,can of buffalo milk
3009,1050009,3011507,1,479,Normal/FoodItem,pinch of black pepper
3009,1050010,3011509,1,25,Normal/FoodItem,stick of cinnamon
3009,1050011,3011411,1,120,Normal/FoodItem,chanterelle
3009,1050012,3011407,1,158,Normal/FoodItem,shriekshroom
3009,1050013,3011416,1,202,Normal/FoodItem,kukuru bean
3010,1051001,6030001,1,624,Normal/ToolItem,weathered doming hammer
3010,1051002,6031004,1,14080,Normal/ToolItem,pair of bronze pliers
3010,1051003,10002021,1,3300,Normal/StandardItem,sheet of bronze plate
3010,1051004,10002022,1,11000,Normal/StandardItem,sheet of iron plate
3010,1051005,10002023,1,23100,Normal/StandardItem,sheet of steel plate
3010,1051006,10002051,1,1200,Normal/StandardItem,handful of bronze rings
3010,1051007,10002052,1,4000,Normal/StandardItem,handful of iron rings
3010,1051008,10002053,1,8400,Normal/StandardItem,handful of steel rings
3011,1052001,6050003,1,588,Normal/ToolItem,weathered head knife
3011,1052002,6051004,1,15840,Normal/ToolItem,bronze awl
3011,1052003,10007101,1,1200,Normal/StandardItem,circle of sheep leather
3011,1052004,10007104,1,2400,Normal/StandardItem,circle of dodo leather
3011,1052005,10007126,1,4000,Normal/StandardItem,circle of aldgoat leather
3011,1052006,10007113,1,6000,Normal/StandardItem,circle of toad leather
3011,1052007,10007507,1,240,Normal/StandardItem,piece of mole sinew
3011,1052008,10007504,1,720,Normal/StandardItem,piece of antelope sinew
3011,1052009,10007510,1,1987,Normal/StandardItem,piece of diremite sinew
3012,1053001,6020001,1,600,Normal/ToolItem,weathered cross-pein hammer
3012,1053002,6021003,1,13376,Normal/ToolItem,bronze file
3012,1053003,10002011,1,1500,Normal/StandardItem,bronze ingot
3012,1053004,10002012,1,5000,Normal/StandardItem,iron ingot
3012,1053005,10002013,1,10500,Normal/StandardItem,steel ingot
3012,1053006,10002071,1,600,Normal/StandardItem,handful of bronze rivets
3012,1053007,10002072,1,2000,Normal/StandardItem,handful of iron rivets
3012,1053008,10002073,1,4200,Normal/StandardItem,handful of steel rivets
3012,1053009,10001119,1,612,Normal/StandardItem,ragstone whetstone
3012,1053010,10001118,1,1368,Normal/StandardItem,mudstone whetstone
3013,1054001,6010001,1,660,Normal/ToolItem,weathered saw
3013,1054002,6011004,1,14784,Normal/ToolItem,bronze claw hammer
3013,1054003,10008203,1,1350,Normal/StandardItem,length of maple lumber
3013,1054004,10008205,1,3024,Normal/StandardItem,length of ash lumber
3013,1054005,10008204,1,4500,Normal/StandardItem,length of elm lumber
3013,1054006,10008207,1,6750,Normal/StandardItem,length of walnut lumber
3014,1055001,7030002,1,660,Normal/ToolItem,weathered fishing rod
3014,1055002,7030104,1,13728,Normal/ToolItem,bronze gig
3014,1055003,7020002,1,636,Normal/ToolItem,weathered hatchet
3014,1055004,7020104,1,14784,Normal/ToolItem,bronze scythe
3014,1055005,3940003,1,2,Normal/StandardItem,moth pupa
3014,1055006,3940002,1,2,Normal/StandardItem,lugworm
3014,1055007,3940004,1,31,Normal/StandardItem,pill bug
3014,1055008,10009204,1,76,Normal/StandardItem,bottle of muddy water
3014,1055009,10013001,1,50,Normal/StandardItem,fragment of grade 1 dark matter
3014,1055010,10013002,1,300,Normal/StandardItem,fragment of grade 2 dark matter
3014,1055011,10013003,1,700,Normal/StandardItem,fragment of grade 3 dark matter
3014,1055012,10013004,1,1500,Normal/StandardItem,fragment of grade 4 dark matter
3014,1055013,10013005,1,3500,Normal/StandardItem,fragment of grade 5 dark matter
3015,1056001,10009108,1,210,Normal/StandardItem,pinch of minium
3015,1056002,10009306,1,58,Normal/StandardItem,pot of latex
3015,1056003,3011507,1,479,Normal/FoodItem,pinch of black pepper
3015,1056004,3011512,1,2009,Normal/FoodItem,dragon pepper
3015,1056005,3011453,1,806,Normal/FoodItem,branch of pixie plums
3016,1057001,3011526,1,43,Normal/FoodItem,sack of rye flour
3016,1057002,3011417,1,638,Normal/FoodItem,box of sticky rice
3016,1057003,3011527,1,983,Normal/FoodItem,sack of cornmeal
3016,1057004,3011412,1,490,Normal/FoodItem,handful of buffalo beans
3016,1057005,3011413,1,1546,Normal/FoodItem,pod of jade peas
3016,1057006,3011414,1,360,Normal/FoodItem,pod of Lalafellin lentils
3016,1057007,3011528,1,2009,Normal/FoodItem,handful of almonds
3016,1057008,3011405,1,58,Normal/FoodItem,handful of sunflower seeds
3017,1058001,5030101,1,840,Normal/StandardItem,weathered cane
3017,1058002,4070001,1,816,Normal/StandardItem,weathered shortbow
3017,1058003,3920004,1,6,Normal/StandardItem,bronze arrow
3017,1058004,10009301,1,307,Normal/StandardItem,beehive chip
3017,1058005,10005201,1,320,Normal/StandardItem,bundle of straw
3017,1058006,3011303,1,396,Normal/FoodItem,alpine parsnip
3017,1058007,10005202,1,145,Normal/StandardItem,clump of moko grass
3017,1058008,10009404,1,7603,Normal/StandardItem,sprig of chamomile
3017,1058009,3011520,1,540,Normal/FoodItem,sprig of galago mint
3017,1058010,3020001,1,650,Normal/PotionItem,potion
3017,1058011,3020406,1,413,Normal/CmnRemoveStatusItem,bottle of blood drops
3018,1059001,4040001,1,840,Normal/StandardItem,weathered war axe
3018,1059002,4100106,1,18000,Normal/ShieldItem,round shield
3018,1059003,3010102,1,84,Normal/FoodItem,salt cod
3018,1059004,3010507,1,6502,Normal/FoodItem,bowl of fish soup
3018,1059005,3011451,1,120,Normal/FoodItem,La Noscean orange
3018,1059006,3011452,1,34,Normal/FoodItem,bunch of lowland grapes
3018,1059007,3011514,1,2009,Normal/FoodItem,bunch of thyme leaves
3019,1060001,10001006,1,72,Normal/StandardItem,chunk of copper ore
3019,1060002,10001008,1,1008,Normal/StandardItem,chunk of zinc ore
3019,1060003,10001009,1,1500,Normal/StandardItem,chunk of silver ore
3019,1060004,10003011,1,500,Normal/StandardItem,copper ingot
3019,1060005,10003012,1,3000,Normal/StandardItem,brass ingot
3019,1060006,10003013,1,7500,Normal/StandardItem,silver ingot
3019,1060007,10003051,1,400,Normal/StandardItem,handful of copper rings
3019,1060008,10003052,1,2400,Normal/StandardItem,handful of brass rings
3019,1060009,10003053,1,6000,Normal/StandardItem,handful of silver rings
3019,1060010,10004201,1,3780,Normal/StandardItem,marbled eye
3019,1060011,10004125,1,37620,Normal/StandardItem,pearl
3020,1061001,10009110,1,216,Normal/StandardItem,pinch of natron
3020,1061002,10009303,1,998,Normal/StandardItem,block of animal glue
3020,1061003,10009201,1,844,Normal/StandardItem,vial of quicksilver
3020,1061004,10009104,1,210,Normal/StandardItem,chunk of rock salt
3020,1061005,10005204,1,2287,Normal/StandardItem,clump of flax
3020,1061006,3011518,1,479,Normal/FoodItem,sprig of cloves
3020,1061007,3011404,1,422,Normal/FoodItem,Cinderfoot olive
3020,1061008,10009405,1,2253,Normal/StandardItem,sprig of lavender
3020,1061009,3011510,1,3395,Normal/FoodItem,sprig of Sagolii sage
3020,1061010,10009206,1,998,Normal/StandardItem,bottle of growth formula alpha
3020,1061011,10009102,1,1331,Normal/StandardItem,pinch of silex
3020,1061012,10009205,1,179,Normal/StandardItem,bottle of effervescent water
3020,1061013,10009307,1,58,Normal/StandardItem,lump of rubber
3020,1061014,10009407,1,461,Normal/StandardItem,yellow ginseng root
3021,1062001,10005202,1,145,Normal/StandardItem,clump of moko grass
3021,1062002,10005203,1,579,Normal/StandardItem,cotton boll
3021,1062003,10005306,1,1050,Normal/StandardItem,diremite web
3021,1062004,10005001,1,960,Normal/StandardItem,bolt of undyed hempen cloth
3021,1062005,10005005,1,3200,Normal/StandardItem,bolt of undyed cotton cloth
3021,1062006,10005015,1,6720,Normal/StandardItem,bolt of undyed velveteen
3021,1062007,10005301,1,312,Normal/StandardItem,spindle of hempen yarn
3021,1062008,10005302,1,1242,Normal/StandardItem,spindle of cotton yarn
3021,1062009,10005307,1,2772,Normal/StandardItem,spindle of dew thread
3021,1062010,10005401,1,115,Normal/StandardItem,cock feather
3021,1062011,10005403,1,604,Normal/StandardItem,crow feather
3021,1062012,10005402,1,316,Normal/StandardItem,dodo feather
3021,1062013,10005404,1,979,Normal/StandardItem,wildfowl feather
3021,1062014,10005410,1,6364,Normal/StandardItem,chocobo feather
3021,1062015,10005006,1,3200,Normal/StandardItem,bolt of mesa-red cotton cloth
3021,1062016,10005016,1,6720,Normal/StandardItem,bolt of raven-black velveteen
3022,1063001,8010545,1,546,Normal/StandardItem,weathered coif (grey)
3022,1063002,10009108,1,210,Normal/StandardItem,pinch of minium
3022,1063003,10001102,1,612,Normal/StandardItem,chunk of obsidian
3022,1063004,10001115,1,1638,Normal/StandardItem,slab of mudstone
3023,1067001,8040052,1,32760,Normal/StandardItem,cotton undershirt
3023,1067002,8040057,1,32760,Normal/StandardItem,cotton breastcloth
3023,1067003,8040077,1,32760,Normal/StandardItem,cotton camise
3023,1067004,8040082,1,32760,Normal/StandardItem,cotton camisole
3023,1067005,8060052,1,9828,Normal/StandardItem,pair of cotton halftights
3023,1067006,8060057,1,9828,Normal/StandardItem,cotton pagne
3023,1067007,8060077,1,9828,Normal/StandardItem,pair of cotton shorts
3023,1067008,8060082,1,9828,Normal/StandardItem,pair of cotton drawers
3024,1070001,3011313,1,527,Normal/FoodItem,ramhorn zucchini
3024,1070002,3011458,1,4526,Normal/FoodItem,rolanberry
3024,1070003,3011521,1,3881,Normal/FoodItem,basket of Thanalan tea leaves
3024,1070004,3010610,1,1775,Normal/FoodItem,cup of chamomile tea
4001,1064001,3920016,1,2,Normal/StandardItem,warped arrow
4001,1064002,3940003,1,2,Normal/StandardItem,moth pupa
4001,1064003,3940002,1,2,Normal/StandardItem,lugworm
4001,1064004,3010609,1,60,Normal/FoodItem,bottle of mineral water
4001,1064005,3010208,1,4411,Normal/FoodItem,loaf of knight's bread
4001,1064006,3010016,1,2227,Normal/FoodItem,serving of mustard eggs
4001,1064007,10013001,1,50,Normal/StandardItem,fragment of grade 1 dark matter
4001,1064008,10013002,1,300,Normal/StandardItem,fragment of grade 2 dark matter
4001,1064009,10013003,1,700,Normal/StandardItem,fragment of grade 3 dark matter
4001,1064010,10013004,1,1500,Normal/StandardItem,fragment of grade 4 dark matter
4001,1064011,10013005,1,3500,Normal/StandardItem,fragment of grade 5 dark matter
4002,1064001,3920016,1,2,Normal/StandardItem,warped arrow
4002,1064002,3940003,1,2,Normal/StandardItem,moth pupa
4002,1064003,3940002,1,2,Normal/StandardItem,lugworm
4002,1064004,3010609,1,60,Normal/FoodItem,bottle of mineral water
4002,1064005,3010208,1,4411,Normal/FoodItem,loaf of knight's bread
4002,1064006,3010016,1,2227,Normal/FoodItem,serving of mustard eggs
4002,1064007,10013001,1,50,Normal/StandardItem,fragment of grade 1 dark matter
4002,1064008,10013002,1,300,Normal/StandardItem,fragment of grade 2 dark matter
4002,1064009,10013003,1,700,Normal/StandardItem,fragment of grade 3 dark matter
4002,1064010,10013004,1,1500,Normal/StandardItem,fragment of grade 4 dark matter
4002,1064011,10013005,1,3500,Normal/StandardItem,fragment of grade 5 dark matter
5001,2001001,4030010,1,600,Normal/StandardItem,weathered gladius
5001,2001002,4030110,1,2700,Normal/StandardItem,bronze dagger
5001,2001003,4030004,1,7956,Normal/StandardItem,bronze spatha
5001,2001004,4020001,1,636,Normal/StandardItem,pair of weathered hora
5001,2001005,4020005,1,3180,Normal/StandardItem,pair of bone hora
5001,2001006,4020206,1,8665,Normal/StandardItem,pair of bronze knuckles
5001,2001007,4040001,1,840,Normal/StandardItem,weathered war axe
5001,2001008,4040004,1,4200,Normal/StandardItem,bronze war axe
5001,2001009,4040103,1,11456,Normal/StandardItem,bronze labrys
5001,2001010,4070001,1,816,Normal/StandardItem,weathered shortbow
5001,2001011,4070006,1,4080,Normal/StandardItem,maple shortbow
5001,2001012,4070205,1,11138,Normal/StandardItem,wrapped maple longbow
5001,2001013,3920016,1,2,Normal/StandardItem,warped arrow
5001,2001014,4080201,1,840,Normal/StandardItem,weathered spear
5001,2001015,4080005,1,4080,Normal/StandardItem,bone harpoon
5001,2001016,4080206,1,13641,Normal/StandardItem,iron spear
5001,2001017,4100604,1,3300,Normal/ShieldItem,square maple shield
5001,2001018,4100504,1,11916,Normal/ShieldItem,bronze buckler
5002,2002001,5030101,1,840,Normal/StandardItem,weathered cane
5002,2002002,5030003,1,2940,Normal/StandardItem,maple wand
5002,2002003,5030006,1,6554,Normal/StandardItem,budding maple wand
5002,2002004,5020001,1,696,Normal/StandardItem,weathered scepter
5002,2002005,5020106,1,4260,Normal/StandardItem,bone staff
5002,2002006,5020306,1,9900,Normal/StandardItem,brass cudgel
5003,2003001,8011515,1,6027,Normal/StandardItem,dodoskin pot helm
5003,2003002,8011517,1,14397,Normal/StandardItem,leather pot helm
5003,2003003,8030819,1,8611,Normal/StandardItem,hempen acton
5003,2003004,8031514,1,16156,Normal/StandardItem,dodoskin harness
5003,2003005,8031121,1,15590,Normal/StandardItem,cotton tabard
5003,2003006,8030821,1,20567,Normal/StandardItem,cotton acton
5003,2003007,8030920,1,26250,Normal/StandardItem,leather jacket
5003,2003008,8070606,1,5654,Normal/StandardItem,pair of bronze mitt gauntlets
5003,2003009,8070911,1,9187,Normal/StandardItem,pair of leather armguards
5003,2003010,8080819,1,7862,Normal/StandardItem,pair of iron-plated jackboots
5004,2004001,8010520,1,546,Normal/StandardItem,hempen coif
5004,2004002,8012011,1,3600,Normal/StandardItem,straw hat
5004,2004003,8011815,1,4455,Normal/StandardItem,cotton scarf
5004,2004004,8013101,1,7539,Normal/StandardItem,dodoskin skullcap
5004,2004005,8030420,1,780,Normal/StandardItem,hempen dalmatica
5004,2004006,8031315,1,780,Normal/StandardItem,hempen tunic
5004,2004007,8032501,1,780,Normal/StandardItem,hempen kurta
5004,2004008,8031224,1,11016,Normal/StandardItem,hempen doublet vest
5004,2004009,8031915,1,13613,Normal/StandardItem,cotton shepherd's tunic
5005,2005001,8070320,1,315,Normal/StandardItem,pair of hempen halfgloves
5005,2005002,8071013,1,168,Normal/StandardItem,pair of sheepskin wristguards
5005,2005003,8070416,1,2922,Normal/StandardItem,pair of hempen work gloves
5005,2005004,8070807,1,3013,Normal/StandardItem,pair of sheepskin mitts
5005,2005005,8071015,1,1872,Normal/StandardItem,pair of dodoskin wristguards
5005,2005006,8070322,1,4725,Normal/StandardItem,pair of cotton halfgloves
5005,2005007,8071201,1,5592,Normal/StandardItem,pair of dodoskin ringbands
5005,2005008,8070809,1,7198,Normal/StandardItem,pair of leather mitts
5005,2005009,8091401,1,192,Normal/StandardItem,merchant's purse
5005,2005010,8090503,1,4039,Normal/StandardItem,dodoskin hunting belt
5006,2006001,8050220,1,234,Normal/StandardItem,pair of hempen breeches
5006,2006002,8051115,1,288,Normal/StandardItem,pair of hempen shepherd's slops
5006,2006003,8050609,1,2611,Normal/StandardItem,pair of hempen kecks
5006,2006004,8050503,1,4847,Normal/StandardItem,dodoskin subligar
5006,2006005,8051118,1,5026,Normal/StandardItem,pair of cotton shepherd's slops
5006,2006006,8080220,1,312,Normal/StandardItem,pair of sheepskin duckbills
5006,2006007,8080615,1,192,Normal/StandardItem,pair of sheepskin shoes
5006,2006008,8081118,1,3444,Normal/StandardItem,pair of sheepskin leggings
5006,2006009,8080617,1,2140,Normal/StandardItem,pair of dodoskin shoes
5006,2006010,8081016,1,6462,Normal/StandardItem,pair of dodoskin caligae
5006,2006011,8081311,1,5864,Normal/StandardItem,pair of dodoskin espadrilles
5006,2006012,8081120,1,8226,Normal/StandardItem,pair of leather leggings
5007,2007001,7010005,1,600,Normal/ToolItem,weathered pickaxe
5007,2007002,7010007,1,8512,Normal/ToolItem,plumed bronze pickaxe
5007,2007003,7010108,1,480,Normal/ToolItem,weathered sledgehammer
5007,2007004,7020002,1,636,Normal/ToolItem,weathered hatchet
5007,2007005,7020010,1,9540,Normal/ToolItem,iron hatchet
5007,2007006,7020108,1,504,Normal/ToolItem,weathered scythe
5007,2007007,7030002,1,660,Normal/ToolItem,weathered fishing rod
5007,2007008,7030010,1,9900,Normal/ToolItem,elm fishing rod
5007,2007009,7030108,1,468,Normal/ToolItem,weathered gig
5007,2007010,3940001,1,3,Normal/StandardItem,bloodworm
5008,2008001,6010001,1,660,Normal/ToolItem,weathered saw
5008,2008002,6010010,1,9744,Normal/ToolItem,chocobotail saw
5008,2008003,6020001,1,600,Normal/ToolItem,weathered cross-pein hammer
5008,2008004,6020005,1,8512,Normal/ToolItem,birdsbeak hammer
5008,2008005,6030001,1,624,Normal/ToolItem,weathered doming hammer
5008,2008006,6030010,1,8512,Normal/ToolItem,bronze raising hammer
5008,2008007,6040001,1,636,Normal/ToolItem,weathered chaser hammer
5008,2008008,6040010,1,8512,Normal/ToolItem,bronze ornamental hammer
5008,2008009,6050003,1,588,Normal/ToolItem,weathered head knife
5008,2008010,6050010,1,8341,Normal/ToolItem,brass head knife
5008,2008011,6060006,1,432,Normal/ToolItem,rusty needle
5008,2008012,6060009,1,6236,Normal/ToolItem,bat fang needle
5008,2008013,6070001,1,612,Normal/ToolItem,weathered alembic
5008,2008014,6070010,1,9180,Normal/ToolItem,brass alembic
5008,2008015,6080001,1,624,Normal/ToolItem,weathered skillet
5008,2008016,6080010,1,9360,Normal/ToolItem,iron skillet
5009,2009001,4030010,1,600,Normal/StandardItem,weathered gladius
5009,2009002,4030004,1,23400,Normal/StandardItem,bronze spatha
5009,2009003,4030203,1,56784,Normal/StandardItem,iron shortsword
5009,2009004,4030304,1,122760,Normal/StandardItem,steel falchion
5009,2009005,4100604,1,5500,Normal/ShieldItem,square maple shield
5009,2009006,4100504,1,37240,Normal/ShieldItem,bronze buckler
5009,2009007,4100307,1,96600,Normal/ShieldItem,iron scutum
5010,2009101,8011515,1,13395,Normal/StandardItem,dodoskin pot helm
5010,2009102,8011106,1,31416,Normal/StandardItem,bronze barbut
5010,2009103,8011404,1,99792,Normal/StandardItem,iron elmo
5010,2009104,8010005,1,360360,Normal/StandardItem,steel celata
5011,2009201,8031315,1,780,Normal/StandardItem,hempen tunic
5011,2009202,8031121,1,53760,Normal/StandardItem,cotton tabard
5011,2009203,8031609,1,142560,Normal/StandardItem,suit of iron scale mail
5011,2009204,8030109,1,514800,Normal/StandardItem,steel cuirass
5012,2009301,8050220,1,234,Normal/StandardItem,pair of hempen breeches
5012,2009302,8050503,1,13464,Normal/StandardItem,dodoskin subligar
5012,2009303,8050611,1,35935,Normal/StandardItem,pair of cotton kecks
5012,2009304,8050120,1,119340,Normal/StandardItem,pair of velveteen trousers
5013,2009401,8070807,1,6697,Normal/StandardItem,pair of sheepskin mitts
5013,2009402,8070606,1,15708,Normal/StandardItem,pair of bronze mitt gauntlets
5013,2009403,8070218,1,33264,Normal/StandardItem,pair of iron vambraces
5013,2009404,8070109,1,180180,Normal/StandardItem,pair of steel gauntlets
5014,2009501,8080615,1,192,Normal/StandardItem,pair of sheepskin shoes
5014,2009502,8081120,1,30470,Normal/StandardItem,pair of leather leggings
5014,2009503,8080819,1,31449,Normal/StandardItem,pair of iron-plated jackboots
5014,2009504,8080109,1,205920,Normal/StandardItem,pair of steel sabatons
5015,2010001,4040001,1,840,Normal/StandardItem,weathered war axe
5015,2010002,4040103,1,33696,Normal/StandardItem,bronze labrys
5015,2010003,4040405,1,100464,Normal/StandardItem,iron bill
5015,2010004,4040205,1,198900,Normal/StandardItem,steel bhuj
5016,2010101,8011515,1,13395,Normal/StandardItem,dodoskin pot helm
5016,2010102,8011106,1,31416,Normal/StandardItem,bronze barbut
5016,2010103,8011404,1,99792,Normal/StandardItem,iron elmo
5016,2010104,8011108,1,239316,Normal/StandardItem,steel barbut
5017,2010201,8031315,1,780,Normal/StandardItem,hempen tunic
5017,2010202,8031514,1,44880,Normal/StandardItem,dodoskin harness
5017,2010203,8031609,1,142560,Normal/StandardItem,suit of iron scale mail
5017,2010204,8031516,1,341880,Normal/StandardItem,boarskin harness
5018,2010301,8050220,1,234,Normal/StandardItem,pair of hempen breeches
5018,2010302,8050503,1,13464,Normal/StandardItem,dodoskin subligar
5018,2010303,8050611,1,35935,Normal/StandardItem,pair of cotton kecks
5018,2010304,8050509,1,102564,Normal/StandardItem,boarskin subligar
5019,2010401,8070807,1,6697,Normal/StandardItem,pair of sheepskin mitts
5019,2010402,8070606,1,15708,Normal/StandardItem,pair of bronze mitt gauntlets
5019,2010403,8070218,1,33264,Normal/StandardItem,pair of iron vambraces
5019,2010404,8070608,1,119658,Normal/StandardItem,pair of steel mitt gauntlets
5020,2010501,8080615,1,192,Normal/StandardItem,pair of sheepskin shoes
5020,2010502,8081016,1,17952,Normal/StandardItem,pair of dodoskin caligae
5020,2010503,8080819,1,31449,Normal/StandardItem,pair of iron-plated jackboots
5020,2010504,8081018,1,136752,Normal/StandardItem,pair of steel-plated caligae
5021,2011001,4080201,1,840,Normal/StandardItem,weathered spear
5021,2011002,4080008,1,27744,Normal/StandardItem,feathered harpoon
5021,2011003,4080406,1,95312,Normal/StandardItem,iron guisarme
5021,2011004,4080105,1,201552,Normal/StandardItem,heavy steel lance
5022,2011101,8011515,1,13395,Normal/StandardItem,dodoskin pot helm
5022,2011102,8011106,1,31416,Normal/StandardItem,bronze barbut
5022,2011103,8011404,1,99792,Normal/StandardItem,iron elmo
5022,2011104,8011108,1,239316,Normal/StandardItem,steel barbut
5023,2011201,8031315,1,780,Normal/StandardItem,hempen tunic
5023,2011202,8030821,1,76176,Normal/StandardItem,cotton acton
5023,2011203,8031609,1,142560,Normal/StandardItem,suit of iron scale mail
5023,2011204,8030320,1,189440,Normal/StandardItem,suit of steel chainmail
5024,2011301,8050220,1,234,Normal/StandardItem,pair of hempen breeches
5024,2011302,8050503,1,13464,Normal/StandardItem,dodoskin subligar
5024,2011303,8050611,1,35935,Normal/StandardItem,pair of cotton kecks
5024,2011304,8050120,1,119340,Normal/StandardItem,pair of velveteen trousers
5025,2011401,8070807,1,6697,Normal/StandardItem,pair of sheepskin mitts
5025,2011402,8070606,1,15708,Normal/StandardItem,pair of bronze mitt gauntlets
5025,2011403,8070218,1,33264,Normal/StandardItem,pair of iron vambraces
5025,2011404,8070220,1,66304,Normal/StandardItem,pair of steel vambraces
5026,2011501,8080615,1,192,Normal/StandardItem,pair of sheepskin shoes
5026,2011502,8081120,1,30470,Normal/StandardItem,pair of leather leggings
5026,2011503,8080819,1,31449,Normal/StandardItem,pair of iron-plated jackboots
5026,2011504,8080821,1,64281,Normal/StandardItem,pair of steel-plated jackboots
5027,2012001,4070001,1,816,Normal/StandardItem,weathered shortbow
5027,2012002,4070205,1,32760,Normal/StandardItem,wrapped maple longbow
5027,2012003,4070011,1,74256,Normal/StandardItem,elm velocity bow
5027,2012004,4070104,1,175232,Normal/StandardItem,ash cavalry bow
5027,2012005,3920016,1,2,Normal/StandardItem,warped arrow
5027,2012006,3920006,1,24,Normal/StandardItem,iron arrow
5027,2012007,3920007,1,98,Normal/StandardItem,mythril arrow
5028,2012101,8011515,1,13395,Normal/StandardItem,dodoskin pot helm
5028,2012102,8011517,1,53323,Normal/StandardItem,leather pot helm
5028,2012103,8011315,1,40950,Normal/StandardItem,velveteen turban
5028,2012104,8011318,1,76440,Normal/StandardItem,linen turban
5029,2012201,8031315,1,780,Normal/StandardItem,hempen tunic
5029,2012202,8030821,1,76176,Normal/StandardItem,cotton acton
5029,2012203,8030717,1,117000,Normal/StandardItem,velveteen shirt
5029,2012204,8030720,1,218400,Normal/StandardItem,linen shirt
5030,2012301,8050220,1,234,Normal/StandardItem,pair of hempen breeches
5030,2012302,8050503,1,13464,Normal/StandardItem,dodoskin subligar
5030,2012303,8050712,1,35100,Normal/StandardItem,velveteen sarouel
5030,2012304,8050716,1,65520,Normal/StandardItem,linen sarouel
5031,2012401,8070807,1,6697,Normal/StandardItem,pair of sheepskin mitts
5031,2012402,8070809,1,26661,Normal/StandardItem,pair of leather mitts
5031,2012403,8070514,1,40950,Normal/StandardItem,pair of fingerless leather gloves
5031,2012404,8070517,1,76440,Normal/StandardItem,pair of fingerless boarskin gloves
5032,2012501,8080615,1,192,Normal/StandardItem,pair of sheepskin shoes
5032,2012502,8081120,1,30470,Normal/StandardItem,pair of leather leggings
5032,2012503,8080513,1,46800,Normal/StandardItem,pair of leather crakows
5032,2012504,8080517,1,87360,Normal/StandardItem,pair of boarskin crakows
5033,2013001,4020001,1,636,Normal/StandardItem,pair of weathered hora
5033,2013002,4020206,1,24072,Normal/StandardItem,pair of bronze knuckles
5033,2013003,4020208,1,75992,Normal/StandardItem,pair of spiked knuckles
5033,2013004,4020110,1,134400,Normal/StandardItem,pair of boarskin himantes
5034,2013101,8011515,1,13395,Normal/StandardItem,dodoskin pot helm
5034,2013102,8011517,1,53323,Normal/StandardItem,leather pot helm
5034,2013103,8011315,1,40950,Normal/StandardItem,velveteen turban
5034,2013104,8011318,1,76440,Normal/StandardItem,linen turban
5035,2013201,8031315,1,780,Normal/StandardItem,hempen tunic
5035,2013202,8031514,1,44880,Normal/StandardItem,dodoskin harness
5035,2013203,8030717,1,117000,Normal/StandardItem,velveteen shirt
5035,2013204,8031516,1,341880,Normal/StandardItem,boarskin harness
5036,2013301,8050220,1,234,Normal/StandardItem,pair of hempen breeches
5036,2013302,8050503,1,13464,Normal/StandardItem,dodoskin subligar
5036,2013303,8050712,1,35100,Normal/StandardItem,velveteen sarouel
5036,2013304,8050509,1,102564,Normal/StandardItem,boarskin subligar
5037,2013401,8070807,1,6697,Normal/StandardItem,pair of sheepskin mitts
5037,2013402,8070809,1,26661,Normal/StandardItem,pair of leather mitts
5037,2013403,8070514,1,40950,Normal/StandardItem,pair of fingerless leather gloves
5037,2013404,8070517,1,76440,Normal/StandardItem,pair of fingerless boarskin gloves
5038,2013501,8080615,1,192,Normal/StandardItem,pair of sheepskin shoes
5038,2013502,8081016,1,17952,Normal/StandardItem,pair of dodoskin caligae
5038,2013503,8080513,1,46800,Normal/StandardItem,pair of leather crakows
5038,2013504,8080517,1,87360,Normal/StandardItem,pair of boarskin crakows
5039,2014001,5020001,1,696,Normal/StandardItem,weathered scepter
5039,2014002,5020306,1,33000,Normal/StandardItem,brass cudgel
5039,2014003,5020210,1,56784,Normal/StandardItem,wind brand
5039,2014004,5020011,1,145464,Normal/StandardItem,decorated silver scepter
5039,2014005,4100604,1,5500,Normal/ShieldItem,square maple shield
5039,2014006,4100504,1,37240,Normal/ShieldItem,bronze buckler
5039,2014007,4100007,1,107184,Normal/ShieldItem,leather targe
5040,2014101,8010520,1,546,Normal/StandardItem,hempen coif
5040,2014102,8010703,1,11760,Normal/StandardItem,ash mask
5040,2014103,8010523,1,49686,Normal/StandardItem,cotton coif
5040,2014104,8010125,1,169444,Normal/StandardItem,linen hat
5041,2014201,8030420,1,780,Normal/StandardItem,hempen dalmatica
5041,2014202,8030821,1,76176,Normal/StandardItem,cotton acton
5041,2014203,8030423,1,70980,Normal/StandardItem,cotton dalmatica
5041,2014204,8030220,1,242064,Normal/StandardItem,linen robe
5042,2014301,8050220,1,234,Normal/StandardItem,pair of hempen breeches
5042,2014302,8051118,1,17952,Normal/StandardItem,pair of cotton shepherd's slops
5042,2014303,8051018,1,39655,Normal/StandardItem,pair of velveteen tights
5042,2014304,8051020,1,72619,Normal/StandardItem,pair of linen tights
5043,2014401,8071013,1,168,Normal/StandardItem,pair of sheepskin wristguards
5043,2014402,8071201,1,19286,Normal/StandardItem,pair of dodoskin ringbands
5043,2014403,8071202,1,46264,Normal/StandardItem,pair of leather ringbands
5043,2014404,8071204,1,84722,Normal/StandardItem,pair of boarskin ringbands
5044,2014501,8080220,1,312,Normal/StandardItem,pair of sheepskin duckbills
5044,2014502,8080617,1,5632,Normal/StandardItem,pair of dodoskin shoes
5044,2014503,8080224,1,28392,Normal/StandardItem,pair of padded sheepskin duckbills
5044,2014504,8080517,1,87360,Normal/StandardItem,pair of boarskin crakows
5045,2015001,5030101,1,840,Normal/StandardItem,weathered cane
5045,2015002,5030107,1,52360,Normal/StandardItem,elm cane
5045,2015003,5030207,1,102000,Normal/StandardItem,yew crook
5045,2015004,5030029,1,137200,Normal/StandardItem,budding yew wand
5045,2015005,4100604,1,5500,Normal/ShieldItem,square maple shield
5045,2015006,4100106,1,18000,Normal/ShieldItem,round shield
5045,2015007,4100007,1,107184,Normal/ShieldItem,leather targe
5046,2015101,8010520,1,546,Normal/StandardItem,hempen coif
5046,2015102,8010422,1,51336,Normal/StandardItem,brass circlet (malachite)
5046,2015103,8010910,1,73180,Normal/StandardItem,cotton sugarloaf hat
5046,2015104,8010914,1,145868,Normal/StandardItem,velveteen sugarloaf hat
5047,2015201,8030420,1,780,Normal/StandardItem,hempen dalmatica
5047,2015202,8030821,1,76176,Normal/StandardItem,cotton acton
5047,2015203,8031417,1,97440,Normal/StandardItem,cotton halfrobe
5047,2015204,8031822,1,372960,Normal/StandardItem,linen cowl
5048,2015301,8050220,1,234,Normal/StandardItem,pair of hempen breeches
5048,2015302,8051118,1,17952,Normal/StandardItem,pair of cotton shepherd's slops
5048,2015303,8051018,1,39655,Normal/StandardItem,pair of velveteen tights
5048,2015304,8051020,1,72619,Normal/StandardItem,pair of linen tights
5049,2015401,8071013,1,168,Normal/StandardItem,pair of sheepskin wristguards
5049,2015402,8071201,1,19286,Normal/StandardItem,pair of dodoskin ringbands
5049,2015403,8071202,1,46264,Normal/StandardItem,pair of leather ringbands
5049,2015404,8071204,1,84722,Normal/StandardItem,pair of boarskin ringbands
5050,2015501,8080220,1,312,Normal/StandardItem,pair of sheepskin duckbills
5050,2015502,8080617,1,5632,Normal/StandardItem,pair of dodoskin shoes
5050,2015503,8080513,1,46800,Normal/StandardItem,pair of leather crakows
5050,2015504,8080517,1,87360,Normal/StandardItem,pair of boarskin crakows
5051,2016001,6010001,1,660,Normal/ToolItem,weathered saw
5051,2016002,6010010,1,33600,Normal/ToolItem,chocobotail saw
5051,2016003,6010011,1,70840,Normal/ToolItem,bas-relief iron saw
5051,2016004,6010014,1,188760,Normal/ToolItem,mythril saw
5051,2016005,6011004,1,14784,Normal/ToolItem,bronze claw hammer
5051,2016006,6011006,1,93744,Normal/ToolItem,steel claw hammer
5052,2016101,8012410,1,432,Normal/StandardItem,sheepskin calot
5052,2016102,8013101,1,26928,Normal/StandardItem,dodoskin skullcap
5052,2016103,8011016,1,50778,Normal/StandardItem,velveteen bandana
5052,2016104,8010210,1,112492,Normal/StandardItem,pair of steel goggles
5053,2016201,8032501,1,780,Normal/StandardItem,hempen kurta
5053,2016202,8031224,1,30600,Normal/StandardItem,hempen doublet vest
5053,2016203,8031227,1,89100,Normal/StandardItem,cotton doublet vest
5053,2016204,8031230,1,177600,Normal/StandardItem,velveteen doublet vest
5054,2016301,8051115,1,288,Normal/StandardItem,pair of hempen shepherd's slops
5054,2016302,8051118,1,17952,Normal/StandardItem,pair of cotton shepherd's slops
5054,2016303,8050611,1,35935,Normal/StandardItem,pair of cotton kecks
5054,2016304,8050716,1,65520,Normal/StandardItem,linen sarouel
5055,2016401,8071013,1,168,Normal/StandardItem,pair of sheepskin wristguards
5055,2016402,8071015,1,4928,Normal/StandardItem,pair of dodoskin wristguards
5055,2016403,8071116,1,36960,Normal/StandardItem,pair of velveteen shortgloves
5055,2016404,8071119,1,65360,Normal/StandardItem,pair of linen shortgloves
5056,2016501,8081404,1,252,Normal/StandardItem,pair of maple clogs
5056,2016502,8081311,1,20944,Normal/StandardItem,pair of dodoskin espadrilles
5056,2016503,8081616,1,48048,Normal/StandardItem,pair of velveteen gaiters
5056,2016504,8081619,1,84968,Normal/StandardItem,pair of linen gaiters
5057,2017001,6020001,1,600,Normal/ToolItem,weathered cross-pein hammer
5057,2017002,6020005,1,26600,Normal/ToolItem,birdsbeak hammer
5057,2017003,6020009,1,69600,Normal/ToolItem,crowsbeak hammer
5057,2017004,6020012,1,163400,Normal/ToolItem,steel cross-pein hammer
5057,2017005,6021003,1,13376,Normal/ToolItem,bronze file
5057,2017006,6021005,1,95304,Normal/ToolItem,steel file
5058,2017101,8012410,1,432,Normal/StandardItem,sheepskin calot
5058,2017102,8013101,1,26928,Normal/StandardItem,dodoskin skullcap
5058,2017103,8012716,1,59136,Normal/StandardItem,velveteen wedge cap
5058,2017104,8012719,1,104576,Normal/StandardItem,linen wedge cap
5059,2017201,8032501,1,780,Normal/StandardItem,hempen kurta
5059,2017202,8031514,1,44880,Normal/StandardItem,dodoskin harness
5059,2017203,8032221,1,110880,Normal/StandardItem,velveteen coatee
5059,2017204,8032224,1,196080,Normal/StandardItem,linen coatee
5060,2017301,8051115,1,288,Normal/StandardItem,pair of hempen shepherd's slops
5060,2017302,8050503,1,13464,Normal/StandardItem,dodoskin subligar
5060,2017303,8051216,1,40656,Normal/StandardItem,velveteen bottom
5060,2017304,8051219,1,71896,Normal/StandardItem,linen bottom
5061,2017401,8071013,1,168,Normal/StandardItem,pair of sheepskin wristguards
5061,2017402,8071015,1,4928,Normal/StandardItem,pair of dodoskin wristguards
5061,2017403,8071116,1,36960,Normal/StandardItem,pair of velveteen shortgloves
5061,2017404,8071119,1,65360,Normal/StandardItem,pair of linen shortgloves
5062,2017501,8080220,1,312,Normal/StandardItem,pair of sheepskin duckbills
5062,2017502,8081311,1,20944,Normal/StandardItem,pair of dodoskin espadrilles
5062,2017503,8081616,1,48048,Normal/StandardItem,pair of velveteen gaiters
5062,2017504,8081619,1,84968,Normal/StandardItem,pair of linen gaiters
5063,2018001,6030001,1,624,Normal/ToolItem,weathered doming hammer
5063,2018002,6030010,1,26600,Normal/ToolItem,bronze raising hammer
5063,2018003,6030012,1,69600,Normal/ToolItem,iron raising hammer
5063,2018004,6030014,1,169936,Normal/ToolItem,steel doming hammer
5063,2018005,6031004,1,14080,Normal/ToolItem,pair of bronze pliers
5063,2018006,6031006,1,100320,Normal/ToolItem,pair of steel pliers
5064,2018101,8010520,1,546,Normal/StandardItem,hempen coif
5064,2018102,8011815,1,13104,Normal/StandardItem,cotton scarf
5064,2018103,8011016,1,50778,Normal/StandardItem,velveteen bandana
5064,2018104,8010210,1,112492,Normal/StandardItem,pair of steel goggles
5065,2018201,8030420,1,780,Normal/StandardItem,hempen dalmatica
5065,2018202,8031224,1,30600,Normal/StandardItem,hempen doublet vest
5065,2018203,8031227,1,89100,Normal/StandardItem,cotton doublet vest
5065,2018204,8031230,1,177600,Normal/StandardItem,velveteen doublet vest
5066,2018301,8050220,1,234,Normal/StandardItem,pair of hempen breeches
5066,2018302,8051118,1,17952,Normal/StandardItem,pair of cotton shepherd's slops
5066,2018303,8050223,1,21294,Normal/StandardItem,pair of cotton breeches
5066,2018304,8050716,1,65520,Normal/StandardItem,linen sarouel
5067,2018401,8070320,1,315,Normal/StandardItem,pair of hempen halfgloves
5067,2018402,8070322,1,15750,Normal/StandardItem,pair of cotton halfgloves
5067,2018403,8070514,1,40950,Normal/StandardItem,pair of fingerless leather gloves
5067,2018404,8070517,1,76440,Normal/StandardItem,pair of fingerless boarskin gloves
5068,2018501,8080615,1,192,Normal/StandardItem,pair of sheepskin shoes
5068,2018502,8080617,1,5632,Normal/StandardItem,pair of dodoskin shoes
5068,2018503,8080224,1,28392,Normal/StandardItem,pair of padded sheepskin duckbills
5068,2018504,8080517,1,87360,Normal/StandardItem,pair of boarskin crakows
5069,2019001,6040001,1,636,Normal/ToolItem,weathered chaser hammer
5069,2019002,6040010,1,26600,Normal/ToolItem,bronze ornamental hammer
5069,2019003,6040012,1,69600,Normal/ToolItem,iron ornamental hammer
5069,2019004,6040014,1,163400,Normal/ToolItem,mythril ornamental hammer
5069,2019005,6041004,1,17248,Normal/ToolItem,ragstone grinding wheel
5069,2019006,6041006,1,122892,Normal/ToolItem,siltstone grinding wheel
5070,2019101,8010520,1,546,Normal/StandardItem,hempen coif
5070,2019102,8010423,1,51336,Normal/StandardItem,brass circlet (fluorite)
5070,2019103,8010442,1,114576,Normal/StandardItem,silver circlet (goshenite)
5070,2019104,8010810,1,137200,Normal/StandardItem,pair of mythril spectacles
5071,2019201,8030420,1,780,Normal/StandardItem,hempen dalmatica
5071,2019202,8031915,1,48620,Normal/StandardItem,cotton shepherd's tunic
5071,2019203,8030423,1,70980,Normal/StandardItem,cotton dalmatica
5071,2019204,8030720,1,218400,Normal/StandardItem,linen shirt
5072,2019301,8050220,1,234,Normal/StandardItem,pair of hempen breeches
5072,2019302,8051118,1,17952,Normal/StandardItem,pair of cotton shepherd's slops
5072,2019303,8050223,1,21294,Normal/StandardItem,pair of cotton breeches
5072,2019304,8050716,1,65520,Normal/StandardItem,linen sarouel
5073,2019401,8070320,1,315,Normal/StandardItem,pair of hempen halfgloves
5073,2019402,8070322,1,15750,Normal/StandardItem,pair of cotton halfgloves
5073,2019403,8070514,1,40950,Normal/StandardItem,pair of fingerless leather gloves
5073,2019404,8070517,1,76440,Normal/StandardItem,pair of fingerless boarskin gloves
5074,2019501,8080615,1,192,Normal/StandardItem,pair of sheepskin shoes
5074,2019502,8080617,1,5632,Normal/StandardItem,pair of dodoskin shoes
5074,2019503,8080224,1,28392,Normal/StandardItem,pair of padded sheepskin duckbills
5074,2019504,8080517,1,87360,Normal/StandardItem,pair of boarskin crakows
5075,2020001,6050003,1,588,Normal/ToolItem,weathered head knife
5075,2020002,6050010,1,26068,Normal/ToolItem,brass head knife
5075,2020003,6050011,1,64400,Normal/ToolItem,iron round knife
5075,2020004,6050014,1,160132,Normal/ToolItem,mythril head knife
5075,2020005,6051004,1,15840,Normal/ToolItem,bronze awl
5075,2020006,6051006,1,100440,Normal/ToolItem,steel awl
5076,2020101,8012410,1,432,Normal/StandardItem,sheepskin calot
5076,2020102,8013101,1,26928,Normal/StandardItem,dodoskin skullcap
5076,2020103,8012716,1,59136,Normal/StandardItem,velveteen wedge cap
5076,2020104,8012719,1,104576,Normal/StandardItem,linen wedge cap
5077,2020201,8032501,1,780,Normal/StandardItem,hempen kurta
5077,2020202,8031915,1,48620,Normal/StandardItem,cotton shepherd's tunic
5077,2020203,8032221,1,110880,Normal/StandardItem,velveteen coatee
5077,2020204,8032224,1,196080,Normal/StandardItem,linen coatee
5078,2020301,8051115,1,288,Normal/StandardItem,pair of hempen shepherd's slops
5078,2020302,8051118,1,17952,Normal/StandardItem,pair of cotton shepherd's slops
5078,2020303,8051216,1,40656,Normal/StandardItem,velveteen bottom
5078,2020304,8051219,1,71896,Normal/StandardItem,linen bottom
5079,2020401,8071013,1,168,Normal/StandardItem,pair of sheepskin wristguards
5079,2020402,8071015,1,4928,Normal/StandardItem,pair of dodoskin wristguards
5079,2020403,8070514,1,40950,Normal/StandardItem,pair of fingerless leather gloves
5079,2020404,8070517,1,76440,Normal/StandardItem,pair of fingerless boarskin gloves
5080,2020501,8080220,1,312,Normal/StandardItem,pair of sheepskin duckbills
5080,2020502,8080617,1,5632,Normal/StandardItem,pair of dodoskin shoes
5080,2020503,8080224,1,28392,Normal/StandardItem,pair of padded sheepskin duckbills
5080,2020504,8080517,1,87360,Normal/StandardItem,pair of boarskin crakows
5081,2021001,6060006,1,432,Normal/ToolItem,rusty needle
5081,2021002,6060009,1,21504,Normal/ToolItem,bat fang needle
5081,2021003,6060011,1,66528,Normal/ToolItem,silver needle
5081,2021004,6060012,1,111888,Normal/ToolItem,mythril needle
5081,2021005,6061005,1,16896,Normal/ToolItem,maple spinning wheel
5081,2021006,6061007,1,113664,Normal/ToolItem,walnut spinning wheel
5082,2021101,8010520,1,546,Normal/StandardItem,hempen coif
5082,2021102,8011815,1,13104,Normal/StandardItem,cotton scarf
5082,2021103,8012716,1,59136,Normal/StandardItem,velveteen wedge cap
5082,2021104,8012719,1,104576,Normal/StandardItem,linen wedge cap
5083,2021201,8030420,1,780,Normal/StandardItem,hempen dalmatica
5083,2021202,8031915,1,48620,Normal/StandardItem,cotton shepherd's tunic
5083,2021203,8032221,1,110880,Normal/StandardItem,velveteen coatee
5083,2021204,8032224,1,196080,Normal/StandardItem,linen coatee
5084,2021301,8050220,1,234,Normal/StandardItem,pair of hempen breeches
5084,2021302,8051118,1,17952,Normal/StandardItem,pair of cotton shepherd's slops
5084,2021303,8051216,1,40656,Normal/StandardItem,velveteen bottom
5084,2021304,8051219,1,71896,Normal/StandardItem,linen bottom
5085,2021401,8070320,1,315,Normal/StandardItem,pair of hempen halfgloves
5085,2021402,8070322,1,15750,Normal/StandardItem,pair of cotton halfgloves
5085,2021403,8071116,1,36960,Normal/StandardItem,pair of velveteen shortgloves
5085,2021404,8071119,1,65360,Normal/StandardItem,pair of linen shortgloves
5086,2021501,8080615,1,192,Normal/StandardItem,pair of sheepskin shoes
5086,2021502,8080617,1,5632,Normal/StandardItem,pair of dodoskin shoes
5086,2021503,8081616,1,48048,Normal/StandardItem,pair of velveteen gaiters
5086,2021504,8081619,1,84968,Normal/StandardItem,pair of linen gaiters
5087,2022001,6070001,1,612,Normal/ToolItem,weathered alembic
5087,2022002,6070010,1,30600,Normal/ToolItem,brass alembic
5087,2022003,6070011,1,65688,Normal/ToolItem,iron alembic
5087,2022004,6070014,1,175032,Normal/ToolItem,mythril alembic
5087,2022005,6071004,1,14784,Normal/ToolItem,bronze mortar
5087,2022006,6071006,1,93744,Normal/ToolItem,steel mortar
5088,2022101,8010520,1,546,Normal/StandardItem,hempen coif
5088,2022102,8011815,1,13104,Normal/StandardItem,cotton scarf
5088,2022103,8010910,1,73180,Normal/StandardItem,cotton sugarloaf hat
5088,2022104,8010914,1,145868,Normal/StandardItem,velveteen sugarloaf hat
5089,2022201,8030420,1,780,Normal/StandardItem,hempen dalmatica
5089,2022202,8031915,1,48620,Normal/StandardItem,cotton shepherd's tunic
5089,2022203,8031417,1,97440,Normal/StandardItem,cotton halfrobe
5089,2022204,8031419,1,156240,Normal/StandardItem,velveteen robe
5090,2022301,8050220,1,234,Normal/StandardItem,pair of hempen breeches
5090,2022302,8051118,1,17952,Normal/StandardItem,pair of cotton shepherd's slops
5090,2022303,8050712,1,35100,Normal/StandardItem,velveteen sarouel
5090,2022304,8050716,1,65520,Normal/StandardItem,linen sarouel
5091,2022401,8070320,1,315,Normal/StandardItem,pair of hempen halfgloves
5091,2022402,8070322,1,15750,Normal/StandardItem,pair of cotton halfgloves
5091,2022403,8070514,1,40950,Normal/StandardItem,pair of fingerless leather gloves
5091,2022404,8070517,1,76440,Normal/StandardItem,pair of fingerless boarskin gloves
5092,2022501,8080615,1,192,Normal/StandardItem,pair of sheepskin shoes
5092,2022502,8080617,1,5632,Normal/StandardItem,pair of dodoskin shoes
5092,2022503,8080513,1,46800,Normal/StandardItem,pair of leather crakows
5092,2022504,8080517,1,87360,Normal/StandardItem,pair of boarskin crakows
5093,2023001,6080001,1,624,Normal/ToolItem,weathered skillet
5093,2023002,6080010,1,31200,Normal/ToolItem,iron skillet
5093,2023003,6080011,1,64400,Normal/ToolItem,iron frypan
5093,2023004,6080014,1,171600,Normal/ToolItem,steel frypan
5093,2023005,6081004,1,13728,Normal/ToolItem,bronze culinary knife
5093,2023006,6081006,1,87048,Normal/ToolItem,steel culinary knife
5094,2023101,8012410,1,432,Normal/StandardItem,sheepskin calot
5094,2023102,8011815,1,13104,Normal/StandardItem,cotton scarf
5094,2023103,8010910,1,73180,Normal/StandardItem,cotton sugarloaf hat
5094,2023104,8010914,1,145868,Normal/StandardItem,velveteen sugarloaf hat
5095,2023201,8030420,1,780,Normal/StandardItem,hempen dalmatica
5095,2023202,8031915,1,48620,Normal/StandardItem,cotton shepherd's tunic
5095,2023203,8031417,1,97440,Normal/StandardItem,cotton halfrobe
5095,2023204,8031419,1,156240,Normal/StandardItem,velveteen robe
5096,2023301,8050220,1,234,Normal/StandardItem,pair of hempen breeches
5096,2023302,8051118,1,17952,Normal/StandardItem,pair of cotton shepherd's slops
5096,2023303,8050712,1,35100,Normal/StandardItem,velveteen sarouel
5096,2023304,8050716,1,65520,Normal/StandardItem,linen sarouel
5097,2023401,8070320,1,315,Normal/StandardItem,pair of hempen halfgloves
5097,2023402,8070322,1,15750,Normal/StandardItem,pair of cotton halfgloves
5097,2023403,8070514,1,40950,Normal/StandardItem,pair of fingerless leather gloves
5097,2023404,8070517,1,76440,Normal/StandardItem,pair of fingerless boarskin gloves
5098,2023501,8081404,1,252,Normal/StandardItem,pair of maple clogs
5098,2023502,8081311,1,20944,Normal/StandardItem,pair of dodoskin espadrilles
5098,2023503,8080513,1,46800,Normal/StandardItem,pair of leather crakows
5098,2023504,8080517,1,87360,Normal/StandardItem,pair of boarskin crakows
5099,2024001,7010005,1,600,Normal/ToolItem,weathered pickaxe
5099,2024002,7010007,1,26600,Normal/ToolItem,plumed bronze pickaxe
5099,2024003,7010010,1,76500,Normal/ToolItem,iron dolabra
5099,2024004,7010012,1,163400,Normal/ToolItem,plumed mythril pickaxe
5099,2024005,7010108,1,480,Normal/ToolItem,weathered sledgehammer
5099,2024006,7010104,1,47520,Normal/ToolItem,iron sledgehammer
5100,2024101,8010520,1,546,Normal/StandardItem,hempen coif
5100,2024102,8011815,1,13104,Normal/StandardItem,cotton scarf
5100,2024103,8010523,1,49686,Normal/StandardItem,cotton coif
5100,2024104,8010526,1,163800,Normal/StandardItem,woolen coif
5101,2024201,8032501,1,780,Normal/StandardItem,hempen kurta
5101,2024202,8031224,1,30600,Normal/StandardItem,hempen doublet vest
5101,2024203,8031227,1,89100,Normal/StandardItem,cotton doublet vest
5101,2024204,8031230,1,177600,Normal/StandardItem,velveteen doublet vest
5102,2024301,8051115,1,288,Normal/StandardItem,pair of hempen shepherd's slops
5102,2024302,8051118,1,17952,Normal/StandardItem,pair of cotton shepherd's slops
5102,2024303,8050712,1,35100,Normal/StandardItem,velveteen sarouel
5102,2024304,8050716,1,65520,Normal/StandardItem,linen sarouel
5103,2024401,8070416,1,5313,Normal/StandardItem,pair of hempen work gloves
5103,2024402,8071015,1,4928,Normal/StandardItem,pair of dodoskin wristguards
5103,2024403,8070418,1,43953,Normal/StandardItem,pair of cotton work gloves
5103,2024404,8070517,1,76440,Normal/StandardItem,pair of fingerless boarskin gloves
5104,2024501,8080615,1,192,Normal/StandardItem,pair of sheepskin shoes
5104,2024502,8080617,1,5632,Normal/StandardItem,pair of dodoskin shoes
5104,2024503,8080513,1,46800,Normal/StandardItem,pair of leather crakows
5104,2024504,8080517,1,87360,Normal/StandardItem,pair of boarskin crakows
5105,2025001,7020002,1,636,Normal/ToolItem,weathered hatchet
5105,2025002,7020010,1,31800,Normal/ToolItem,iron hatchet
5105,2025003,7020012,1,92400,Normal/ToolItem,plumed iron hatchet
5105,2025004,7020014,1,181896,Normal/ToolItem,mythril hatchet
5105,2025005,7020108,1,504,Normal/ToolItem,weathered scythe
5105,2025006,7020105,1,42000,Normal/ToolItem,iron scythe
5106,2025101,8012410,1,432,Normal/StandardItem,sheepskin calot
5106,2025102,8013101,1,26928,Normal/StandardItem,dodoskin skullcap
5106,2025103,8011016,1,50778,Normal/StandardItem,velveteen bandana
5106,2025104,8010210,1,112492,Normal/StandardItem,pair of steel goggles
5107,2025201,8032501,1,780,Normal/StandardItem,hempen kurta
5107,2025202,8031915,1,48620,Normal/StandardItem,cotton shepherd's tunic
5107,2025203,8031227,1,89100,Normal/StandardItem,cotton doublet vest
5107,2025204,8031230,1,177600,Normal/StandardItem,velveteen doublet vest
5108,2025301,8051115,1,288,Normal/StandardItem,pair of hempen shepherd's slops
5108,2025302,8051118,1,17952,Normal/StandardItem,pair of cotton shepherd's slops
5108,2025303,8050611,1,35935,Normal/StandardItem,pair of cotton kecks
5108,2025304,8050716,1,65520,Normal/StandardItem,linen sarouel
5109,2025401,8071013,1,168,Normal/StandardItem,pair of sheepskin wristguards
5109,2025402,8071015,1,4928,Normal/StandardItem,pair of dodoskin wristguards
5109,2025403,8070514,1,40950,Normal/StandardItem,pair of fingerless leather gloves
5109,2025404,8070517,1,76440,Normal/StandardItem,pair of fingerless boarskin gloves
5110,2025501,8081404,1,252,Normal/StandardItem,pair of maple clogs
5110,2025502,8081311,1,20944,Normal/StandardItem,pair of dodoskin espadrilles
5110,2025503,8080224,1,28392,Normal/StandardItem,pair of padded sheepskin duckbills
5110,2025504,8080517,1,87360,Normal/StandardItem,pair of boarskin crakows
5111,2026001,7030002,1,660,Normal/ToolItem,weathered fishing rod
5111,2026002,7030010,1,33000,Normal/ToolItem,elm fishing rod
5111,2026003,7030011,1,82500,Normal/ToolItem,yew fishing rod
5111,2026004,7030013,1,155400,Normal/ToolItem,horn fishing rod
5111,2026005,7030108,1,468,Normal/ToolItem,weathered gig
5111,2026006,7030105,1,39000,Normal/ToolItem,iron gig
5112,2026101,8012011,1,9000,Normal/StandardItem,straw hat
5112,2026102,8011815,1,13104,Normal/StandardItem,cotton scarf
5112,2026103,8012716,1,59136,Normal/StandardItem,velveteen wedge cap
5112,2026104,8012014,1,88560,Normal/StandardItem,angler's hat
5113,2026201,8032501,1,780,Normal/StandardItem,hempen kurta
5113,2026202,8031224,1,30600,Normal/StandardItem,hempen doublet vest
5113,2026203,8032221,1,110880,Normal/StandardItem,velveteen coatee
5113,2026204,8031230,1,177600,Normal/StandardItem,velveteen doublet vest
5114,2026301,8051115,1,288,Normal/StandardItem,pair of hempen shepherd's slops
5114,2026302,8051118,1,17952,Normal/StandardItem,pair of cotton shepherd's slops
5114,2026303,8051216,1,40656,Normal/StandardItem,velveteen bottom
5114,2026304,8050716,1,65520,Normal/StandardItem,linen sarouel
5115,2026401,8070416,1,5313,Normal/StandardItem,pair of hempen work gloves
5115,2026402,8071015,1,4928,Normal/StandardItem,pair of dodoskin wristguards
5115,2026403,8071116,1,36960,Normal/StandardItem,pair of velveteen shortgloves
5115,2026404,8070517,1,76440,Normal/StandardItem,pair of fingerless boarskin gloves
5116,2026501,8080220,1,312,Normal/StandardItem,pair of sheepskin duckbills
5116,2026502,8080617,1,5632,Normal/StandardItem,pair of dodoskin shoes
5116,2026503,8081616,1,48048,Normal/StandardItem,pair of velveteen gaiters
5116,2026504,8080517,1,87360,Normal/StandardItem,pair of boarskin crakows
5117,2026601,1000018,1,31500,Money/MoneyStandard,earth cluster
5117,2026602,1000016,1,31500,Money/MoneyStandard,ice cluster
5117,2026603,1000017,1,31500,Money/MoneyStandard,wind cluster
5117,2026604,1000020,1,31500,Money/MoneyStandard,water cluster
5117,2026605,1000015,1,31500,Money/MoneyStandard,fire cluster
5117,2026606,1000019,1,31500,Money/MoneyStandard,lightning cluster
5118,2026701,1000018,1,26250,Money/MoneyStandard,earth cluster
5118,2026702,1000016,1,26250,Money/MoneyStandard,ice cluster
5118,2026703,1000017,1,26250,Money/MoneyStandard,wind cluster
5118,2026704,1000020,1,26250,Money/MoneyStandard,water cluster
5118,2026705,1000015,1,26250,Money/MoneyStandard,fire cluster
5118,2026706,1000019,1,26250,Money/MoneyStandard,lightning cluster
5118,2026707,10009617,1,100000,Normal/StandardItem,chunk of coke
5118,2026708,10009618,1,100000,Normal/StandardItem,chunk of peacock ore
5119,2026801,1000018,1,21000,Money/MoneyStandard,earth cluster
5119,2026802,1000016,1,21000,Money/MoneyStandard,ice cluster
5119,2026803,1000017,1,21000,Money/MoneyStandard,wind cluster
5119,2026804,1000020,1,21000,Money/MoneyStandard,water cluster
5119,2026805,1000015,1,21000,Money/MoneyStandard,fire cluster
5119,2026806,1000019,1,21000,Money/MoneyStandard,lightning cluster
5119,2026807,10009617,1,50000,Normal/StandardItem,chunk of coke
5119,2026808,10009618,1,50000,Normal/StandardItem,chunk of peacock ore
5120,2026901,1000018,1,26250,Money/MoneyStandard,earth cluster
5120,2026902,1000016,1,26250,Money/MoneyStandard,ice cluster
5120,2026903,1000017,1,26250,Money/MoneyStandard,wind cluster
5120,2026904,1000020,1,26250,Money/MoneyStandard,water cluster
5120,2026905,1000015,1,26250,Money/MoneyStandard,fire cluster
5120,2026906,1000019,1,26250,Money/MoneyStandard,lightning cluster
5120,2026907,10009620,1,100000,Normal/StandardItem,bottle of potash
5120,2026908,10009622,1,100000,Normal/StandardItem,aqueous whetstone
5121,2027001,1000018,1,21000,Money/MoneyStandard,earth cluster
5121,2027002,1000016,1,21000,Money/MoneyStandard,ice cluster
5121,2027003,1000017,1,21000,Money/MoneyStandard,wind cluster
5121,2027004,1000020,1,21000,Money/MoneyStandard,water cluster
5121,2027005,1000015,1,21000,Money/MoneyStandard,fire cluster
5121,2027006,1000019,1,21000,Money/MoneyStandard,lightning cluster
5121,2027007,10009620,1,50000,Normal/StandardItem,bottle of potash
5121,2027008,10009622,1,50000,Normal/StandardItem,aqueous whetstone
5122,2027101,1000018,1,26250,Money/MoneyStandard,earth cluster
5122,2027102,1000016,1,26250,Money/MoneyStandard,ice cluster
5122,2027103,1000017,1,26250,Money/MoneyStandard,wind cluster
5122,2027104,1000020,1,26250,Money/MoneyStandard,water cluster
5122,2027105,1000015,1,26250,Money/MoneyStandard,fire cluster
5122,2027106,1000019,1,26250,Money/MoneyStandard,lightning cluster
5122,2027107,10009619,1,100000,Normal/StandardItem,lump of animal fat
5122,2027108,10009623,1,100000,Normal/StandardItem,lump of hardened sap
5122,2027109,10009621,1,100000,Normal/StandardItem,bottle of lime sulfur
5122,2027110,10007210,1,27000,Normal/StandardItem,coeurl skin
5123,2027201,1000018,1,21000,Money/MoneyStandard,earth cluster
5123,2027202,1000016,1,21000,Money/MoneyStandard,ice cluster
5123,2027203,1000017,1,21000,Money/MoneyStandard,wind cluster
5123,2027204,1000020,1,21000,Money/MoneyStandard,water cluster
5123,2027205,1000015,1,21000,Money/MoneyStandard,fire cluster
5123,2027206,1000019,1,21000,Money/MoneyStandard,lightning cluster
5123,2027207,10009619,1,50000,Normal/StandardItem,lump of animal fat
5123,2027208,10009623,1,50000,Normal/StandardItem,lump of hardened sap
5123,2027209,10009621,1,50000,Normal/StandardItem,bottle of lime sulfur
5123,2027210,10007210,1,18000,Normal/StandardItem,coeurl skin
5123,2027211,10007210,2,180000,Normal/StandardItem,coeurl skin
